NAME,year,month,fire_count,avg_frp,next_month_fire,label_next_month,fire_last_1,fire_last_2,frp_last_1,month_sin,month_cos,fire_rolling_3,wfr_xgb_prob_1,wfr_xgb_pred
Alameda,2019,1,7,2.5271428571428567,4.0,0,3.0,10.0,0.43,0.4999999999999999,0.8660254037844387,6.666666666666667,0.010030209,0
Alameda,2019,2,4,0.4775,6.0,0,7.0,3.0,2.5271428571428567,0.8660254037844386,0.5000000000000001,4.666666666666667,0.004900541,0
Alameda,2019,3,6,0.5216666666666666,10.0,0,4.0,7.0,0.4775,1.0,6.123233995736766e-17,5.666666666666667,0.0016704903,0
Alameda,2019,4,10,0.641,6.0,0,6.0,4.0,0.5216666666666666,0.8660254037844387,-0.4999999999999998,6.666666666666667,0.003643116,0
Alameda,2019,5,6,0.3816666666666666,17.0,0,10.0,6.0,0.641,0.4999999999999999,-0.8660254037844387,7.333333333333333,0.013138361,0
Alameda,2019,6,17,3.385294117647059,20.0,0,6.0,10.0,0.3816666666666666,1.2246467991473532e-16,-1.0,11.0,0.12199669,0
Alameda,2019,7,20,3.5375,19.0,0,17.0,6.0,3.385294117647059,-0.4999999999999998,-0.8660254037844388,14.333333333333334,0.23748457,0
Alameda,2019,8,19,24.968421052631577,21.0,0,20.0,17.0,3.5375,-0.8660254037844384,-0.5000000000000004,18.666666666666668,0.119824655,0
Alameda,2019,9,21,0.7028571428571428,21.0,0,19.0,20.0,24.968421052631577,-1.0,-1.8369701987210294e-16,20.0,0.11837768,0
Alameda,2019,10,21,1.7014285714285713,3.0,0,21.0,19.0,0.7028571428571428,-0.8660254037844386,0.5000000000000001,20.333333333333332,0.1258146,0
Alameda,2019,11,3,0.4033333333333333,3.0,0,21.0,21.0,1.7014285714285713,-0.5000000000000004,0.8660254037844384,15.0,0.018435203,0
Alameda,2020,1,3,0.6133333333333333,5.0,0,3.0,21.0,0.4033333333333333,0.4999999999999999,0.8660254037844387,9.0,0.004460244,0
Alameda,2020,2,5,0.532,3.0,0,3.0,3.0,0.6133333333333333,0.8660254037844386,0.5000000000000001,3.6666666666666665,0.0043305806,0
Alameda,2020,3,3,0.6966666666666667,10.0,0,5.0,3.0,0.532,1.0,6.123233995736766e-17,3.6666666666666665,0.005791273,0
Alameda,2020,4,10,15.771999999999997,8.0,0,3.0,5.0,0.6966666666666667,0.8660254037844387,-0.4999999999999998,6.0,0.029476672,0
Alameda,2020,5,8,0.50875,11.0,0,10.0,3.0,15.771999999999997,0.4999999999999999,-0.8660254037844387,7.0,0.029765904,0
Alameda,2020,6,11,1.1581818181818182,19.0,0,8.0,10.0,0.50875,1.2246467991473532e-16,-1.0,9.666666666666666,0.03843379,0
Alameda,2020,7,19,3.347368421052632,981.0,1,11.0,8.0,1.1581818181818182,-0.4999999999999998,-0.8660254037844388,12.666666666666666,0.13176027,0
Alameda,2020,8,981,14.061926605504588,13.0,0,19.0,11.0,3.347368421052632,-0.8660254037844384,-0.5000000000000004,337.0,0.8321727,1
Alameda,2020,9,13,16.959230769230768,13.0,0,981.0,19.0,14.061926605504588,-1.0,-1.8369701987210294e-16,337.6666666666667,0.7772123,1
Alameda,2020,10,13,0.4769230769230769,12.0,0,13.0,981.0,16.959230769230768,-0.8660254037844386,0.5000000000000001,335.6666666666667,0.06519746,0
Alameda,2020,11,12,0.8291666666666666,3.0,0,13.0,13.0,0.4769230769230769,-0.5000000000000004,0.8660254037844384,12.666666666666666,0.0078563355,0
Alpine,2019,6,6,4.19,10.0,0,2.0,33.0,0.845,1.2246467991473532e-16,-1.0,13.666666666666666,0.1079747,0
Alpine,2019,7,10,13.732,1.0,0,6.0,2.0,4.19,-0.4999999999999998,-0.8660254037844388,6.0,0.2879166,0
Alpine,2019,8,1,0.55,9.0,0,10.0,6.0,13.732,-0.8660254037844384,-0.5000000000000004,5.666666666666667,0.017255655,0
Alpine,2019,9,9,6.1066666666666665,2.0,0,1.0,10.0,0.55,-1.0,-1.8369701987210294e-16,6.666666666666667,0.16242993,0
Alpine,2020,7,2,1.325,54.0,1,9.0,1.0,6.1066666666666665,-0.4999999999999998,-0.8660254037844388,4.0,0.4463494,1
Alpine,2020,8,54,29.405,1283.0,1,2.0,9.0,1.325,-0.8660254037844384,-0.5000000000000004,21.666666666666668,0.1682969,0
Alpine,2020,9,1283,21.246071706936867,3.0,0,54.0,2.0,29.405,-1.0,-1.8369701987210294e-16,446.3333333333333,0.51107705,1
Amador,2019,1,12,6.324166666666667,2.0,0,8.0,1.0,4.275,0.4999999999999999,0.8660254037844387,7.0,0.05331266,0
Amador,2019,2,2,6.07,8.0,0,12.0,8.0,6.324166666666667,0.8660254037844386,0.5000000000000001,7.333333333333333,0.092466496,0
Amador,2019,3,8,5.9375,4.0,0,2.0,12.0,6.07,1.0,6.123233995736766e-17,7.333333333333333,0.057024866,0
Amador,2019,4,4,7.1,1.0,0,8.0,2.0,5.9375,0.8660254037844387,-0.4999999999999998,4.666666666666667,0.017439658,0
Amador,2019,5,1,4.29,2.0,0,4.0,8.0,7.1,0.4999999999999999,-0.8660254037844387,4.333333333333333,0.17513248,0
Amador,2019,7,2,4.0,1.0,0,1.0,4.0,4.29,-0.4999999999999998,-0.8660254037844388,2.3333333333333335,0.34249914,1
Amador,2019,9,1,1.73,4.0,0,2.0,1.0,4.0,-1.0,-1.8369701987210294e-16,1.3333333333333333,0.15102035,0
Amador,2019,11,4,9.5975,8.0,0,1.0,2.0,1.73,-0.5000000000000004,0.8660254037844384,2.3333333333333335,0.023849789,0
Amador,2019,12,8,5.05875,4.0,0,4.0,1.0,9.5975,-2.4492935982947064e-16,1.0,4.333333333333333,0.014064559,0
Amador,2020,1,4,3.8325,10.0,0,8.0,4.0,5.05875,0.4999999999999999,0.8660254037844387,5.333333333333333,0.034048487,0
Amador,2020,2,10,3.78,8.0,0,4.0,8.0,3.8325,0.8660254037844386,0.5000000000000001,7.333333333333333,0.025681753,0
Amador,2020,4,8,8.668750000000001,4.0,0,10.0,4.0,3.78,0.8660254037844387,-0.4999999999999998,7.333333333333333,0.066641815,0
Amador,2020,9,4,8.235,2.0,0,8.0,10.0,8.668750000000001,-1.0,-1.8369701987210294e-16,7.333333333333333,0.49130416,1
Amador,2020,10,2,13.765,3.0,0,4.0,8.0,8.235,-0.8660254037844386,0.5000000000000001,4.666666666666667,0.15330927,0
Butte,2019,1,14,4.892142857142857,12.0,0,13.0,4660.0,5.105384615384616,0.4999999999999999,0.8660254037844387,1562.3333333333333,0.5350024,1
Butte,2019,3,12,4.034166666666667,20.0,0,14.0,13.0,4.892142857142857,1.0,6.123233995736766e-17,13.0,0.040070355,0
Butte,2019,4,20,5.618,32.0,0,12.0,14.0,4.034166666666667,0.8660254037844387,-0.4999999999999998,15.333333333333334,0.1611686,0
Butte,2019,5,32,5.50625,59.0,1,20.0,12.0,5.618,0.4999999999999999,-0.8660254037844387,21.333333333333332,0.30535376,0
Butte,2019,6,59,8.212881355932204,35.0,0,32.0,20.0,5.50625,1.2246467991473532e-16,-1.0,37.0,0.4520851,1
Butte,2019,7,35,7.863714285714286,12.0,0,59.0,32.0,8.212881355932204,-0.4999999999999998,-0.8660254037844388,42.0,0.45699507,1
Butte,2019,8,12,5.409166666666667,56.0,1,35.0,59.0,7.863714285714286,-0.8660254037844384,-0.5000000000000004,35.333333333333336,0.19069786,0
Butte,2019,9,56,5.898392857142857,116.0,1,12.0,35.0,5.409166666666667,-1.0,-1.8369701987210294e-16,34.333333333333336,0.77661353,1
Butte,2019,10,116,11.182586206896552,75.0,1,56.0,12.0,5.898392857142857,-0.8660254037844386,0.5000000000000001,61.333333333333336,0.5369723,1
Butte,2019,11,75,7.768933333333333,30.0,0,116.0,56.0,11.182586206896552,-0.5000000000000004,0.8660254037844384,82.33333333333333,0.60466945,1
Butte,2019,12,30,5.206,5.0,0,75.0,116.0,7.768933333333333,-2.4492935982947064e-16,1.0,73.66666666666667,0.059910342,0
Butte,2020,1,5,2.962,53.0,1,30.0,75.0,5.206,0.4999999999999999,0.8660254037844387,36.666666666666664,0.13834627,0
Butte,2020,2,53,4.994716981132075,67.0,1,5.0,30.0,2.962,0.8660254037844386,0.5000000000000001,29.333333333333332,0.26636207,0
Butte,2020,3,67,7.110298507462686,48.0,1,53.0,5.0,4.994716981132075,1.0,6.123233995736766e-17,41.666666666666664,0.41257903,1
Butte,2020,4,48,3.56875,31.0,0,67.0,53.0,7.110298507462686,0.8660254037844387,-0.4999999999999998,56.0,0.48522383,1
Butte,2020,5,31,5.836451612903226,16.0,0,48.0,67.0,3.56875,0.4999999999999999,-0.8660254037844387,48.666666666666664,0.4684549,1
Butte,2020,6,16,5.950625,13.0,0,31.0,48.0,5.836451612903226,1.2246467991473532e-16,-1.0,31.666666666666668,0.2816908,0
Butte,2020,7,13,15.553076923076922,160.0,1,16.0,31.0,5.950625,-0.4999999999999998,-0.8660254037844388,20.0,0.26206163,0
Butte,2020,8,160,8.5085625,3993.0,1,13.0,16.0,15.553076923076922,-0.8660254037844384,-0.5000000000000004,63.0,0.57488686,1
Butte,2020,9,3993,11.22250438266967,73.0,1,160.0,13.0,8.5085625,-1.0,-1.8369701987210294e-16,1388.6666666666667,0.9316369,1
Butte,2020,10,73,7.643013698630138,89.0,1,3993.0,160.0,11.22250438266967,-0.8660254037844386,0.5000000000000001,1408.6666666666667,0.84477806,1
Butte,2020,11,89,7.15629213483146,42.0,0,73.0,3993.0,7.643013698630138,-0.5000000000000004,0.8660254037844384,1385.0,0.8213505,1
Calaveras,2019,1,21,6.874761904761905,1.0,0,23.0,1.0,3.152608695652174,0.4999999999999999,0.8660254037844387,15.0,0.12400625,0
Calaveras,2019,3,1,1.89,13.0,0,21.0,23.0,6.874761904761905,1.0,6.123233995736766e-17,15.0,0.0702443,0
Calaveras,2019,4,13,3.047692307692308,4.0,0,1.0,21.0,1.89,0.8660254037844387,-0.4999999999999998,11.666666666666666,0.09844626,0
Calaveras,2019,5,4,3.94,7.0,0,13.0,1.0,3.047692307692308,0.4999999999999999,-0.8660254037844387,6.0,0.066020265,0
Calaveras,2019,6,7,4.442857142857143,2.0,0,4.0,13.0,3.94,1.2246467991473532e-16,-1.0,8.0,0.29609522,0
Calaveras,2019,9,2,14.490000000000002,3.0,0,7.0,4.0,4.442857142857143,-1.0,-1.8369701987210294e-16,4.333333333333333,0.50561255,1
Calaveras,2019,10,3,3.3866666666666667,21.0,0,2.0,7.0,14.490000000000002,-0.8660254037844386,0.5000000000000001,4.0,0.04772183,0
Calaveras,2019,11,21,29.18047619047619,11.0,0,3.0,2.0,3.3866666666666667,-0.5000000000000004,0.8660254037844384,8.666666666666666,0.049881283,0
Calaveras,2019,12,11,3.411818181818182,14.0,0,21.0,3.0,29.18047619047619,-2.4492935982947064e-16,1.0,11.666666666666666,0.012715403,0
Calaveras,2020,1,14,6.688571428571429,29.0,0,11.0,21.0,3.411818181818182,0.4999999999999999,0.8660254037844387,15.333333333333334,0.41889387,1
Calaveras,2020,2,29,4.077241379310345,11.0,0,14.0,11.0,6.688571428571429,0.8660254037844386,0.5000000000000001,18.0,0.09336898,0
Calaveras,2020,3,11,5.0636363636363635,19.0,0,29.0,14.0,4.077241379310345,1.0,6.123233995736766e-17,18.0,0.049768858,0
Calaveras,2020,4,19,5.977368421052631,7.0,0,11.0,29.0,5.0636363636363635,0.8660254037844387,-0.4999999999999998,19.666666666666668,0.13688745,0
Calaveras,2020,5,7,4.908571428571428,65.0,1,19.0,11.0,5.977368421052631,0.4999999999999999,-0.8660254037844387,12.333333333333334,0.16558062,0
Calaveras,2020,6,65,5.525384615384616,5.0,0,7.0,19.0,4.908571428571428,1.2246467991473532e-16,-1.0,30.333333333333332,0.5480567,1
Calaveras,2020,7,5,9.066,41.0,0,65.0,7.0,5.525384615384616,-0.4999999999999998,-0.8660254037844388,25.666666666666668,0.16935617,0
Calaveras,2020,8,41,1.5743902439024389,2.0,0,5.0,65.0,9.066,-0.8660254037844384,-0.5000000000000004,37.0,0.36421528,1
Calaveras,2020,10,2,11.25,5.0,0,41.0,5.0,1.5743902439024389,-0.8660254037844386,0.5000000000000001,16.0,0.2076002,0
Calaveras,2020,11,5,2.604,16.0,0,2.0,41.0,11.25,-0.5000000000000004,0.8660254037844384,16.0,0.061930235,0
Colusa,2019,1,6,4.048333333333333,11.0,0,21.0,34.0,17.583333333333332,0.4999999999999999,0.8660254037844387,20.333333333333332,0.22159739,0
Colusa,2019,2,11,4.658181818181818,13.0,0,6.0,21.0,4.048333333333333,0.8660254037844386,0.5000000000000001,12.666666666666666,0.022464544,0
Colusa,2019,3,13,5.718461538461539,48.0,1,11.0,6.0,4.658181818181818,1.0,6.123233995736766e-17,10.0,0.09164561,0
Colusa,2019,4,48,8.233958333333334,18.0,0,13.0,11.0,5.718461538461539,0.8660254037844387,-0.4999999999999998,24.0,0.31990102,1
Colusa,2019,5,18,8.315,26.0,0,48.0,13.0,8.233958333333334,0.4999999999999999,-0.8660254037844387,26.333333333333332,0.28827283,0
Colusa,2019,6,26,9.08423076923077,22.0,0,18.0,48.0,8.315,1.2246467991473532e-16,-1.0,30.666666666666668,0.41576552,1
Colusa,2019,7,22,13.503181818181815,5.0,0,26.0,18.0,9.08423076923077,-0.4999999999999998,-0.8660254037844388,22.0,0.33231983,1
Colusa,2019,8,5,4.351999999999999,15.0,0,22.0,26.0,13.503181818181815,-0.8660254037844384,-0.5000000000000004,17.666666666666668,0.24859625,0
Colusa,2019,9,15,17.505999999999997,120.0,1,5.0,22.0,4.351999999999999,-1.0,-1.8369701987210294e-16,14.0,0.5059103,1
Colusa,2019,10,120,12.622416666666668,151.0,1,15.0,5.0,17.505999999999997,-0.8660254037844386,0.5000000000000001,46.666666666666664,0.34184945,1
Colusa,2019,11,151,13.750993377483445,3.0,0,120.0,15.0,12.622416666666668,-0.5000000000000004,0.8660254037844384,95.33333333333331,0.639703,1
Colusa,2019,12,3,2.2466666666666666,15.0,0,151.0,120.0,13.750993377483445,-2.4492935982947064e-16,1.0,91.33333333333331,0.0398799,0
Colusa,2020,1,15,4.554666666666666,110.0,1,3.0,151.0,2.2466666666666666,0.4999999999999999,0.8660254037844387,56.333333333333336,0.19427165,0
Colusa,2020,2,110,11.026545454545456,47.0,1,15.0,3.0,4.554666666666666,0.8660254037844386,0.5000000000000001,42.666666666666664,0.46982768,1
Colusa,2020,3,47,6.990851063829787,38.0,0,110.0,15.0,11.026545454545456,1.0,6.123233995736766e-17,57.333333333333336,0.43492997,1
Colusa,2020,4,38,6.793157894736842,3.0,0,47.0,110.0,6.990851063829787,0.8660254037844387,-0.4999999999999998,65.0,0.8193602,1
Colusa,2020,5,3,5.576666666666667,16.0,0,38.0,47.0,6.793157894736842,0.4999999999999999,-0.8660254037844387,29.333333333333332,0.2707715,0
Colusa,2020,6,16,10.009375,21.0,0,3.0,38.0,5.576666666666667,1.2246467991473532e-16,-1.0,19.0,0.5218638,1
Colusa,2020,7,21,8.375238095238094,48.0,1,16.0,3.0,10.009375,-0.4999999999999998,-0.8660254037844388,13.333333333333334,0.58523095,1
Colusa,2020,8,48,8.893541666666666,75.0,1,21.0,16.0,8.375238095238094,-0.8660254037844384,-0.5000000000000004,28.333333333333332,0.5448643,1
Colusa,2020,10,75,8.544266666666667,225.0,1,48.0,21.0,8.893541666666666,-0.8660254037844386,0.5000000000000001,48.0,0.65928835,1
Colusa,2020,11,225,11.837155555555556,121.0,1,75.0,48.0,8.544266666666667,-0.5000000000000004,0.8660254037844384,116.0,0.9459013,1
Contra Costa,2019,1,38,1.170263157894737,17.0,0,47.0,104.0,1.1795744680851064,0.4999999999999999,0.8660254037844387,63.0,0.8823828,1
Contra Costa,2019,2,17,0.8311764705882352,76.0,1,38.0,47.0,1.170263157894737,0.8660254037844386,0.5000000000000001,34.0,0.3236926,1
Contra Costa,2019,3,76,1.075657894736842,88.0,1,17.0,38.0,0.8311764705882352,1.0,6.123233995736766e-17,43.666666666666664,0.61714166,1
Contra Costa,2019,4,88,1.0721590909090908,59.0,1,76.0,17.0,1.075657894736842,0.8660254037844387,-0.4999999999999998,60.333333333333336,0.9716049,1
Contra Costa,2019,5,59,1.0535593220338983,78.0,1,88.0,76.0,1.0721590909090908,0.4999999999999999,-0.8660254037844387,74.33333333333333,0.94384557,1
Contra Costa,2019,6,78,3.55525641025641,95.0,1,59.0,88.0,1.0535593220338983,1.2246467991473532e-16,-1.0,75.0,0.9497616,1
Contra Costa,2019,7,95,0.9802105263157896,82.0,1,78.0,59.0,3.55525641025641,-0.4999999999999998,-0.8660254037844388,77.33333333333333,0.9838832,1
Contra Costa,2019,8,82,1.737560975609756,113.0,1,95.0,78.0,0.9802105263157896,-0.8660254037844384,-0.5000000000000004,85.0,0.97192603,1
Contra Costa,2019,9,113,1.7038938053097343,193.0,1,82.0,95.0,1.737560975609756,-1.0,-1.8369701987210294e-16,96.66666666666669,0.9946578,1
Contra Costa,2019,10,193,2.3537305699481865,124.0,1,113.0,82.0,1.7038938053097343,-0.8660254037844386,0.5000000000000001,129.33333333333334,0.9899346,1
Contra Costa,2019,11,124,1.5763709677419355,30.0,0,193.0,113.0,2.3537305699481865,-0.5000000000000004,0.8660254037844384,143.33333333333334,0.9933703,1
Contra Costa,2019,12,30,1.0533333333333337,44.0,0,124.0,193.0,1.5763709677419355,-2.4492935982947064e-16,1.0,115.66666666666669,0.48789772,1
Contra Costa,2020,1,44,1.0884090909090909,86.0,1,30.0,124.0,1.0533333333333337,0.4999999999999999,0.8660254037844387,66.0,0.6512593,1
Contra Costa,2020,2,86,1.2987209302325582,98.0,1,44.0,30.0,1.0884090909090909,0.8660254037844386,0.5000000000000001,53.333333333333336,0.9480153,1
Contra Costa,2020,3,98,1.1820408163265306,106.0,1,86.0,44.0,1.2987209302325582,1.0,6.123233995736766e-17,76.0,0.9956285,1
Contra Costa,2020,4,106,1.11,84.0,1,98.0,86.0,1.1820408163265306,0.8660254037844387,-0.4999999999999998,96.66666666666669,0.99665195,1
Contra Costa,2020,5,84,1.0083333333333333,98.0,1,106.0,98.0,1.11,0.4999999999999999,-0.8660254037844387,96.0,0.99501085,1
Contra Costa,2020,6,98,1.105408163265306,97.0,1,84.0,106.0,1.0083333333333333,1.2246467991473532e-16,-1.0,96.0,0.9978605,1
Contra Costa,2020,7,97,10.90556701030928,196.0,1,98.0,84.0,1.105408163265306,-0.4999999999999998,-0.8660254037844388,93.0,0.9428326,1
Contra Costa,2020,8,196,9.284132653061224,81.0,1,97.0,98.0,10.90556701030928,-0.8660254037844384,-0.5000000000000004,130.33333333333334,0.9491014,1
Contra Costa,2020,9,81,1.689506172839506,86.0,1,196.0,97.0,9.284132653061224,-1.0,-1.8369701987210294e-16,124.66666666666669,0.96158326,1
Contra Costa,2020,10,86,0.9501162790697674,60.0,1,81.0,196.0,1.689506172839506,-0.8660254037844386,0.5000000000000001,121.0,0.97829586,1
Contra Costa,2020,11,60,1.2568333333333332,48.0,1,86.0,81.0,0.9501162790697674,-0.5000000000000004,0.8660254037844384,75.66666666666667,0.63400865,1
Del Norte,2019,10,1,4.12,1696.0,1,3.0,2.0,4.43,-0.8660254037844386,0.5000000000000001,2.0,0.07679161,0
Del Norte,2020,9,1696,14.224451650943395,36.0,0,1.0,3.0,4.12,-1.0,-1.8369701987210294e-16,566.6666666666666,0.6409314,1
Del Norte,2020,10,36,6.46,6.0,0,1696.0,1.0,14.224451650943395,-0.8660254037844386,0.5000000000000001,577.6666666666666,0.36044332,1
El Dorado,2019,1,38,5.897368421052631,1.0,0,107.0,13.0,3.2695327102803735,0.4999999999999999,0.8660254037844387,52.666666666666664,0.24915256,0
El Dorado,2019,2,1,1.29,15.0,0,38.0,107.0,5.897368421052631,0.8660254037844386,0.5000000000000001,48.666666666666664,0.13212436,0
El Dorado,2019,3,15,3.3333333333333335,16.0,0,1.0,38.0,1.29,1.0,6.123233995736766e-17,18.0,0.15014802,0
El Dorado,2019,4,16,5.880625,11.0,0,15.0,1.0,3.3333333333333335,0.8660254037844387,-0.4999999999999998,10.666666666666666,0.03479081,0
El Dorado,2019,5,11,7.807272727272727,6.0,0,16.0,15.0,5.880625,0.4999999999999999,-0.8660254037844387,14.0,0.27692246,0
El Dorado,2019,6,6,13.635,8.0,0,11.0,16.0,7.807272727272727,1.2246467991473532e-16,-1.0,11.0,0.5122839,1
El Dorado,2019,7,8,4.44125,3.0,0,6.0,11.0,13.635,-0.4999999999999998,-0.8660254037844388,8.333333333333334,0.15808015,0
El Dorado,2019,8,3,10.546666666666669,13.0,0,8.0,6.0,4.44125,-0.8660254037844384,-0.5000000000000004,5.666666666666667,0.30105674,0
El Dorado,2019,9,13,24.694615384615386,425.0,1,3.0,8.0,10.546666666666669,-1.0,-1.8369701987210294e-16,8.0,0.35009292,1
El Dorado,2019,10,425,12.3744,1.0,0,13.0,3.0,24.694615384615386,-0.8660254037844386,0.5000000000000001,147.0,0.5931157,1
El Dorado,2019,11,1,2.9,59.0,1,425.0,13.0,12.3744,-0.5000000000000004,0.8660254037844384,146.33333333333334,0.03342682,0
El Dorado,2019,12,59,4.671525423728814,30.0,0,1.0,425.0,2.9,-2.4492935982947064e-16,1.0,161.66666666666666,0.11109216,0
El Dorado,2020,1,30,10.198666666666666,89.0,1,59.0,1.0,4.671525423728814,0.4999999999999999,0.8660254037844387,30.0,0.27933076,0
El Dorado,2020,2,89,13.17550561797753,44.0,0,30.0,59.0,10.198666666666666,0.8660254037844386,0.5000000000000001,59.333333333333336,0.80833393,1
El Dorado,2020,3,44,13.158636363636363,1.0,0,89.0,30.0,13.17550561797753,1.0,6.123233995736766e-17,54.333333333333336,0.61008185,1
El Dorado,2020,4,1,2.24,3.0,0,44.0,89.0,13.158636363636363,0.8660254037844387,-0.4999999999999998,44.666666666666664,0.12060637,0
El Dorado,2020,5,3,3.773333333333333,1.0,0,1.0,44.0,2.24,0.4999999999999999,-0.8660254037844387,16.0,0.14508721,0
El Dorado,2020,6,1,6.43,6.0,0,3.0,1.0,3.773333333333333,1.2246467991473532e-16,-1.0,1.6666666666666667,0.39044884,1
El Dorado,2020,7,6,8.21,4.0,0,1.0,3.0,6.43,-0.4999999999999998,-0.8660254037844388,3.3333333333333335,0.31614673,1
El Dorado,2020,8,4,1.99,159.0,1,6.0,1.0,8.21,-0.8660254037844384,-0.5000000000000004,3.6666666666666665,0.05576196,0
El Dorado,2020,9,159,16.71805031446541,8.0,0,4.0,6.0,1.99,-1.0,-1.8369701987210294e-16,56.333333333333336,0.18222146,0
El Dorado,2020,10,8,1.9675,6.0,0,159.0,4.0,16.71805031446541,-0.8660254037844386,0.5000000000000001,57.0,0.074103035,0
El Dorado,2020,11,6,3.5866666666666664,67.0,1,8.0,159.0,1.9675,-0.5000000000000004,0.8660254037844384,57.666666666666664,0.15242524,0
Fresno,2019,1,79,7.875696202531645,41.0,0,41.0,127.0,4.438780487804879,0.4999999999999999,0.8660254037844387,82.33333333333333,0.79335433,1
Fresno,2019,2,41,6.66170731707317,59.0,1,79.0,41.0,7.875696202531645,0.8660254037844386,0.5000000000000001,53.666666666666664,0.6444487,1
Fresno,2019,3,59,5.121016949152542,58.0,1,41.0,79.0,6.66170731707317,1.0,6.123233995736766e-17,59.666666666666664,0.36831066,1
Fresno,2019,4,58,5.468275862068966,56.0,1,59.0,41.0,5.121016949152542,0.8660254037844387,-0.4999999999999998,52.666666666666664,0.39965367,1
Fresno,2019,5,56,6.283214285714286,74.0,1,58.0,59.0,5.468275862068966,0.4999999999999999,-0.8660254037844387,57.666666666666664,0.66083604,1
Fresno,2019,6,74,7.399054054054053,41.0,0,56.0,58.0,6.283214285714286,1.2246467991473532e-16,-1.0,62.666666666666664,0.7660534,1
Fresno,2019,7,41,6.460243902439024,41.0,0,74.0,56.0,7.399054054054053,-0.4999999999999998,-0.8660254037844388,57.0,0.6092051,1
Fresno,2019,8,41,8.255365853658537,79.0,1,41.0,74.0,6.460243902439024,-0.8660254037844384,-0.5000000000000004,52.0,0.5963259,1
Fresno,2019,9,79,5.062658227848101,81.0,1,41.0,41.0,8.255365853658537,-1.0,-1.8369701987210294e-16,53.666666666666664,0.7075316,1
Fresno,2019,10,81,6.674444444444444,60.0,1,79.0,41.0,5.062658227848101,-0.8660254037844386,0.5000000000000001,67.0,0.62385505,1
Fresno,2019,11,60,3.779333333333333,58.0,1,81.0,79.0,6.674444444444444,-0.5000000000000004,0.8660254037844384,73.33333333333333,0.22988337,0
Fresno,2019,12,58,5.574310344827587,73.0,1,60.0,81.0,3.779333333333333,-2.4492935982947064e-16,1.0,66.33333333333333,0.02947818,0
Fresno,2020,1,73,9.271506849315069,345.0,1,58.0,60.0,5.574310344827587,0.4999999999999999,0.8660254037844387,63.666666666666664,0.64874905,1
Fresno,2020,2,345,11.950028985507249,250.0,1,73.0,58.0,9.271506849315069,0.8660254037844386,0.5000000000000001,158.66666666666666,0.95847404,1
Fresno,2020,3,250,7.69056,91.0,1,345.0,73.0,11.950028985507249,1.0,6.123233995736766e-17,222.66666666666663,0.9602994,1
Fresno,2020,4,91,6.008791208791208,71.0,1,250.0,345.0,7.69056,0.8660254037844387,-0.4999999999999998,228.66666666666663,0.9485195,1
Fresno,2020,5,71,6.206901408450705,58.0,1,91.0,250.0,6.008791208791208,0.4999999999999999,-0.8660254037844387,137.33333333333334,0.82153344,1
Fresno,2020,6,58,4.552241379310344,600.0,1,71.0,91.0,6.206901408450705,1.2246467991473532e-16,-1.0,73.33333333333333,0.62927604,1
Fresno,2020,7,600,21.874116666666666,99.0,1,58.0,71.0,4.552241379310344,-0.4999999999999998,-0.8660254037844388,243.0,0.94867194,1
Fresno,2020,8,99,14.410909090909092,14505.0,1,600.0,58.0,21.874116666666666,-0.8660254037844384,-0.5000000000000004,252.33333333333337,0.8905453,1
Fresno,2020,9,14505,18.73233505687694,6631.0,1,99.0,600.0,14.410909090909092,-1.0,-1.8369701987210294e-16,5068.0,0.94536835,1
Fresno,2020,10,6631,14.632797466445483,307.0,1,14505.0,99.0,18.73233505687694,-0.8660254037844386,0.5000000000000001,7078.333333333333,0.9669688,1
Fresno,2020,11,307,3.809934853420195,32.0,0,6631.0,14505.0,14.632797466445483,-0.5000000000000004,0.8660254037844384,7147.666666666667,0.7175555,1
Glenn,2019,1,12,3.964166666666667,4.0,0,46.0,44.0,7.1041304347826095,0.4999999999999999,0.8660254037844387,34.0,0.6749576,1
Glenn,2019,2,4,3.78,16.0,0,12.0,46.0,3.964166666666667,0.8660254037844386,0.5000000000000001,20.666666666666668,0.040196136,0
Glenn,2019,3,16,4.65625,99.0,1,4.0,12.0,3.78,1.0,6.123233995736766e-17,10.666666666666666,0.047491275,0
Glenn,2019,4,99,7.050909090909091,134.0,1,16.0,4.0,4.65625,0.8660254037844387,-0.4999999999999998,39.666666666666664,0.311337,1
Glenn,2019,5,134,13.161492537313434,78.0,1,99.0,16.0,7.050909090909091,0.4999999999999999,-0.8660254037844387,83.0,0.79159856,1
Glenn,2019,6,78,14.185641025641026,34.0,0,134.0,99.0,13.161492537313434,1.2246467991473532e-16,-1.0,103.66666666666669,0.9017796,1
Glenn,2019,7,34,9.605882352941178,14.0,0,78.0,134.0,14.185641025641026,-0.4999999999999998,-0.8660254037844388,82.0,0.55828065,1
Glenn,2019,8,14,5.678571428571429,47.0,1,34.0,78.0,9.605882352941178,-0.8660254037844384,-0.5000000000000004,42.0,0.21778347,0
Glenn,2019,9,47,10.856808510638295,67.0,1,14.0,34.0,5.678571428571429,-1.0,-1.8369701987210294e-16,31.666666666666668,0.7605113,1
Glenn,2019,10,67,8.482089552238806,120.0,1,47.0,14.0,10.856808510638295,-0.8660254037844386,0.5000000000000001,42.666666666666664,0.5352258,1
Glenn,2019,11,120,17.90125,11.0,0,67.0,47.0,8.482089552238806,-0.5000000000000004,0.8660254037844384,78.0,0.82645106,1
Glenn,2019,12,11,6.352727272727273,24.0,0,120.0,67.0,17.90125,-2.4492935982947064e-16,1.0,66.0,0.0058081136,0
Glenn,2020,1,24,7.095416666666666,224.0,1,11.0,120.0,6.352727272727273,0.4999999999999999,0.8660254037844387,51.666666666666664,0.2808766,0
Glenn,2020,2,224,7.846964285714286,179.0,1,24.0,11.0,7.095416666666666,0.8660254037844386,0.5000000000000001,86.33333333333333,0.72350466,1
Glenn,2020,3,179,14.58659217877095,85.0,1,224.0,24.0,7.846964285714286,1.0,6.123233995736766e-17,142.33333333333334,0.8643878,1
Glenn,2020,4,85,11.010823529411764,19.0,0,179.0,224.0,14.58659217877095,0.8660254037844387,-0.4999999999999998,162.66666666666666,0.95811397,1
Glenn,2020,5,19,4.458947368421053,16.0,0,85.0,179.0,11.010823529411764,0.4999999999999999,-0.8660254037844387,94.33333333333331,0.48640135,1
Glenn,2020,6,16,6.8374999999999995,13.0,0,19.0,85.0,4.458947368421053,1.2246467991473532e-16,-1.0,40.0,0.20450799,0
Glenn,2020,7,13,3.379230769230769,6523.0,1,16.0,19.0,6.8374999999999995,-0.4999999999999998,-0.8660254037844388,16.0,0.16486825,0
Glenn,2020,8,6523,23.76526291583627,3205.0,1,13.0,16.0,3.379230769230769,-0.8660254037844384,-0.5000000000000004,2184.0,0.8505475,1
Glenn,2020,9,3205,28.2842496099844,62.0,1,6523.0,13.0,23.76526291583627,-1.0,-1.8369701987210294e-16,3247.0,0.404463,1
Glenn,2020,10,62,11.49016129032258,157.0,1,3205.0,6523.0,28.2842496099844,-0.8660254037844386,0.5000000000000001,3263.3333333333335,0.09026586,0
Glenn,2020,11,157,20.18343949044586,164.0,1,62.0,3205.0,11.49016129032258,-0.5000000000000004,0.8660254037844384,1141.3333333333333,0.8974526,1
Humboldt,2019,1,9,3.83,3.0,0,14.0,18.0,5.445714285714286,0.4999999999999999,0.8660254037844387,13.666666666666666,0.15115838,0
Humboldt,2019,3,3,5.33,8.0,0,9.0,14.0,3.83,1.0,6.123233995736766e-17,8.666666666666666,0.022623964,0
Humboldt,2019,4,8,5.4675,2.0,0,3.0,9.0,5.33,0.8660254037844387,-0.4999999999999998,6.666666666666667,0.026773643,0
Humboldt,2019,5,2,6.8149999999999995,2.0,0,8.0,3.0,5.4675,0.4999999999999999,-0.8660254037844387,4.333333333333333,0.29339167,0
Humboldt,2019,7,2,1.815,1.0,0,2.0,8.0,6.8149999999999995,-0.4999999999999998,-0.8660254037844388,4.0,0.28916946,0
Humboldt,2019,8,1,0.29,3.0,0,2.0,2.0,1.815,-0.8660254037844384,-0.5000000000000004,1.6666666666666667,0.29234445,0
Humboldt,2019,9,3,1.59,12.0,0,1.0,2.0,0.29,-1.0,-1.8369701987210294e-16,2.0,0.38338402,1
Humboldt,2019,10,12,9.538333333333332,7.0,0,3.0,1.0,1.59,-0.8660254037844386,0.5000000000000001,5.333333333333333,0.07332465,0
Humboldt,2019,11,7,12.152857142857142,22.0,0,12.0,3.0,9.538333333333332,-0.5000000000000004,0.8660254037844384,7.333333333333333,0.26957193,0
Humboldt,2019,12,22,4.917727272727273,3.0,0,7.0,12.0,12.152857142857142,-2.4492935982947064e-16,1.0,13.666666666666666,0.019877568,0
Humboldt,2020,1,3,0.6733333333333333,8.0,0,22.0,7.0,4.917727272727273,0.4999999999999999,0.8660254037844387,10.666666666666666,0.14042293,0
Humboldt,2020,2,8,5.203749999999999,9.0,0,3.0,22.0,0.6733333333333333,0.8660254037844386,0.5000000000000001,11.0,0.016434113,0
Humboldt,2020,3,9,3.695555555555555,2.0,0,8.0,3.0,5.203749999999999,1.0,6.123233995736766e-17,6.666666666666667,0.020608468,0
Humboldt,2020,4,2,1.76,7.0,0,9.0,8.0,3.695555555555555,0.8660254037844387,-0.4999999999999998,6.333333333333333,0.053889573,0
Humboldt,2020,5,7,3.237142857142857,65.0,1,2.0,9.0,1.76,0.4999999999999999,-0.8660254037844387,6.0,0.06272184,0
Humboldt,2020,7,65,9.764,1266.0,1,7.0,2.0,3.237142857142857,-0.4999999999999998,-0.8660254037844388,24.666666666666668,0.46459776,1
Humboldt,2020,8,1266,9.909770932069511,4106.0,1,65.0,7.0,9.764,-0.8660254037844384,-0.5000000000000004,446.0,0.82175875,1
Humboldt,2020,9,4106,18.2523161227472,148.0,1,1266.0,65.0,9.909770932069511,-1.0,-1.8369701987210294e-16,1812.3333333333333,0.920082,1
Humboldt,2020,10,148,4.581824324324325,70.0,1,4106.0,1266.0,18.2523161227472,-0.8660254037844386,0.5000000000000001,1840.0,0.9105052,1
Humboldt,2020,11,70,5.41,71.0,1,148.0,4106.0,4.581824324324325,-0.5000000000000004,0.8660254037844384,1441.3333333333333,0.8209909,1
Imperial,2019,1,64,27.7984375,27.0,0,3.0,2.0,5.896666666666666,0.4999999999999999,0.8660254037844387,23.0,0.28079984,0
Imperial,2019,2,27,17.860370370370372,11.0,0,64.0,3.0,27.7984375,0.8660254037844386,0.5000000000000001,31.333333333333332,0.23171946,0
Imperial,2019,3,11,28.317272727272726,6.0,0,27.0,64.0,17.860370370370372,1.0,6.123233995736766e-17,34.0,0.08973823,0
Imperial,2019,4,6,3.5033333333333334,27.0,0,11.0,27.0,28.317272727272726,0.8660254037844387,-0.4999999999999998,14.666666666666666,0.066824414,0
Imperial,2019,5,27,7.278888888888889,47.0,1,6.0,11.0,3.5033333333333334,0.4999999999999999,-0.8660254037844387,14.666666666666666,0.2717645,0
Imperial,2019,6,47,7.933404255319149,38.0,0,27.0,6.0,7.278888888888889,1.2246467991473532e-16,-1.0,26.666666666666668,0.5724873,1
Imperial,2019,7,38,12.176842105263155,30.0,0,47.0,27.0,7.933404255319149,-0.4999999999999998,-0.8660254037844388,37.333333333333336,0.38589433,1
Imperial,2019,8,30,12.631666666666666,10.0,0,38.0,47.0,12.176842105263155,-0.8660254037844384,-0.5000000000000004,38.333333333333336,0.6982224,1
Imperial,2019,9,10,5.1739999999999995,23.0,0,30.0,38.0,12.631666666666666,-1.0,-1.8369701987210294e-16,26.0,0.28346175,0
Imperial,2019,10,23,11.675217391304349,15.0,0,10.0,30.0,5.1739999999999995,-0.8660254037844386,0.5000000000000001,21.0,0.51017797,1
Imperial,2019,11,15,12.591333333333331,2.0,0,23.0,10.0,11.675217391304349,-0.5000000000000004,0.8660254037844384,16.0,0.3154186,1
Imperial,2019,12,2,0.6,47.0,1,15.0,23.0,12.591333333333331,-2.4492935982947064e-16,1.0,13.333333333333334,0.043981485,0
Imperial,2020,1,47,11.18872340425532,13.0,0,2.0,15.0,0.6,0.4999999999999999,0.8660254037844387,21.333333333333332,0.19901276,0
Imperial,2020,2,13,8.680769230769231,6.0,0,47.0,2.0,11.18872340425532,0.8660254037844386,0.5000000000000001,20.666666666666668,0.25231326,0
Imperial,2020,3,6,3.5700000000000003,33.0,0,13.0,47.0,8.680769230769231,1.0,6.123233995736766e-17,22.0,0.039802212,0
Imperial,2020,4,33,10.97060606060606,16.0,0,6.0,13.0,3.5700000000000003,0.8660254037844387,-0.4999999999999998,17.333333333333332,0.21123265,0
Imperial,2020,5,16,6.86125,32.0,0,33.0,6.0,10.97060606060606,0.4999999999999999,-0.8660254037844387,18.333333333333332,0.24518722,0
Imperial,2020,6,32,18.976875,28.0,0,16.0,33.0,6.86125,1.2246467991473532e-16,-1.0,27.0,0.18583968,0
Imperial,2020,7,28,13.633571428571427,10.0,0,32.0,16.0,18.976875,-0.4999999999999998,-0.8660254037844388,25.333333333333332,0.3855784,1
Imperial,2020,8,10,9.577000000000002,30.0,0,28.0,32.0,13.633571428571427,-0.8660254037844384,-0.5000000000000004,23.333333333333332,0.26043263,0
Imperial,2020,9,30,12.238,50.0,1,10.0,28.0,9.577000000000002,-1.0,-1.8369701987210294e-16,22.666666666666668,0.8488571,1
Imperial,2020,10,50,17.1674,43.0,0,30.0,10.0,12.238,-0.8660254037844386,0.5000000000000001,30.0,0.23021881,0
Imperial,2020,11,43,19.474883720930233,20.0,0,50.0,30.0,17.1674,-0.5000000000000004,0.8660254037844384,41.0,0.21805747,0
Inyo,2019,1,2,3.1799999999999997,7.0,0,49.0,19.0,4.130408163265306,0.4999999999999999,0.8660254037844387,23.333333333333332,0.20991586,0
Inyo,2019,2,7,73.83142857142857,2.0,0,2.0,49.0,3.1799999999999997,0.8660254037844386,0.5000000000000001,19.333333333333332,0.09814416,0
Inyo,2019,7,2,2.57,418.0,1,7.0,2.0,73.83142857142857,-0.4999999999999998,-0.8660254037844388,3.6666666666666665,0.53394014,1
Inyo,2019,9,418,35.63571770334928,27.0,0,2.0,7.0,2.57,-1.0,-1.8369701987210294e-16,142.33333333333334,0.25298795,0
Inyo,2019,10,27,8.176296296296297,3.0,0,418.0,2.0,35.63571770334928,-0.8660254037844386,0.5000000000000001,149.0,0.064437136,0
Inyo,2019,12,3,6.109999999999999,3.0,0,27.0,418.0,8.176296296296297,-2.4492935982947064e-16,1.0,149.33333333333334,0.044810347,0
Inyo,2020,2,3,9.02,2.0,0,3.0,27.0,6.109999999999999,0.8660254037844386,0.5000000000000001,11.0,0.104269624,0
Inyo,2020,6,2,1.88,93.0,1,3.0,3.0,9.02,1.2246467991473532e-16,-1.0,2.6666666666666665,0.330543,1
Inyo,2020,7,93,15.763333333333334,289.0,1,2.0,3.0,1.88,-0.4999999999999998,-0.8660254037844388,32.666666666666664,0.72141385,1
Kern,2019,1,47,6.132127659574468,40.0,0,53.0,21.0,11.843018867924528,0.4999999999999999,0.8660254037844387,40.333333333333336,0.42828843,1
Kern,2019,2,40,5.42975,69.0,1,47.0,53.0,6.132127659574468,0.8660254037844386,0.5000000000000001,46.666666666666664,0.69774437,1
Kern,2019,3,69,5.316521739130434,43.0,0,40.0,47.0,5.42975,1.0,6.123233995736766e-17,52.0,0.5630472,1
Kern,2019,4,43,5.743488372093023,37.0,0,69.0,40.0,5.316521739130434,0.8660254037844387,-0.4999999999999998,50.666666666666664,0.4795319,1
Kern,2019,5,37,5.925675675675675,53.0,1,43.0,69.0,5.743488372093023,0.4999999999999999,-0.8660254037844387,49.666666666666664,0.5536156,1
Kern,2019,6,53,5.891320754716982,55.0,1,37.0,43.0,5.925675675675675,1.2246467991473532e-16,-1.0,44.333333333333336,0.674773,1
Kern,2019,7,55,7.186,54.0,1,53.0,37.0,5.891320754716982,-0.4999999999999998,-0.8660254037844388,48.333333333333336,0.47710916,1
Kern,2019,8,54,7.925925925925926,24.0,0,55.0,53.0,7.186,-0.8660254037844384,-0.5000000000000004,54.0,0.72566444,1
Kern,2019,9,24,6.946666666666666,42.0,0,54.0,55.0,7.925925925925926,-1.0,-1.8369701987210294e-16,44.333333333333336,0.53806823,1
Kern,2019,10,42,4.6033333333333335,41.0,0,24.0,54.0,6.946666666666666,-0.8660254037844386,0.5000000000000001,40.0,0.49910706,1
Kern,2019,11,41,4.591463414634147,23.0,0,42.0,24.0,4.6033333333333335,-0.5000000000000004,0.8660254037844384,35.666666666666664,0.30616194,0
Kern,2019,12,23,12.79,8.0,0,41.0,42.0,4.591463414634147,-2.4492935982947064e-16,1.0,35.333333333333336,0.027580507,0
Kern,2020,1,8,1.7425,55.0,1,23.0,41.0,12.79,0.4999999999999999,0.8660254037844387,24.0,0.2919898,0
Kern,2020,2,55,6.274545454545455,220.0,1,8.0,23.0,1.7425,0.8660254037844386,0.5000000000000001,28.666666666666668,0.18335325,0
Kern,2020,3,220,9.28640909090909,78.0,1,55.0,8.0,6.274545454545455,1.0,6.123233995736766e-17,94.33333333333331,0.9004244,1
Kern,2020,4,78,6.215641025641026,52.0,1,220.0,55.0,9.28640909090909,0.8660254037844387,-0.4999999999999998,117.66666666666669,0.8917526,1
Kern,2020,5,52,5.391538461538461,48.0,1,78.0,220.0,6.215641025641026,0.4999999999999999,-0.8660254037844387,116.66666666666669,0.45914286,1
Kern,2020,6,48,9.021875,35.0,0,52.0,78.0,5.391538461538461,1.2246467991473532e-16,-1.0,59.333333333333336,0.57713413,1
Kern,2020,7,35,4.467142857142857,331.0,1,48.0,52.0,9.021875,-0.4999999999999998,-0.8660254037844388,45.0,0.6868661,1
Kern,2020,8,331,16.08915407854985,15.0,0,35.0,48.0,4.467142857142857,-0.8660254037844384,-0.5000000000000004,138.0,0.93934286,1
Kern,2020,9,15,0.7473333333333333,25.0,0,331.0,35.0,16.08915407854985,-1.0,-1.8369701987210294e-16,127.0,0.1812838,0
Kern,2020,10,25,2.1252,8.0,0,15.0,331.0,0.7473333333333333,-0.8660254037844386,0.5000000000000001,123.66666666666669,0.04169251,0
Kern,2020,11,8,1.45125,15.0,0,25.0,15.0,2.1252,-0.5000000000000004,0.8660254037844384,16.0,0.107266985,0
Kings,2019,1,4,5.0625,3.0,0,3.0,3.0,3.1966666666666668,0.4999999999999999,0.8660254037844387,3.3333333333333335,0.0132831335,0
Kings,2019,2,3,1.0266666666666666,6.0,0,4.0,3.0,5.0625,0.8660254037844386,0.5000000000000001,3.3333333333333335,0.103952035,0
Kings,2019,3,6,2.7733333333333334,2.0,0,3.0,4.0,1.0266666666666666,1.0,6.123233995736766e-17,4.333333333333333,0.11279129,0
Kings,2019,4,2,7.42,9.0,0,6.0,3.0,2.7733333333333334,0.8660254037844387,-0.4999999999999998,3.6666666666666665,0.059236843,0
Kings,2019,5,9,16.124444444444446,11.0,0,2.0,6.0,7.42,0.4999999999999999,-0.8660254037844387,5.666666666666667,0.104161285,0
Kings,2019,6,11,14.46,3.0,0,9.0,2.0,16.124444444444446,1.2246467991473532e-16,-1.0,7.333333333333333,0.61304694,1
Kings,2019,7,3,0.52,7.0,0,11.0,9.0,14.46,-0.4999999999999998,-0.8660254037844388,7.666666666666667,0.040106777,0
Kings,2019,8,7,6.8428571428571425,16.0,0,3.0,11.0,0.52,-0.8660254037844384,-0.5000000000000004,7.0,0.09562179,0
Kings,2019,9,16,4.1975,13.0,0,7.0,3.0,6.8428571428571425,-1.0,-1.8369701987210294e-16,8.666666666666666,0.2791346,0
Kings,2019,10,13,7.761538461538462,20.0,0,16.0,7.0,4.1975,-0.8660254037844386,0.5000000000000001,12.0,0.24879509,0
Kings,2019,11,20,7.637,4.0,0,13.0,16.0,7.761538461538462,-0.5000000000000004,0.8660254037844384,16.333333333333332,0.23271684,0
Kings,2019,12,4,3.955,7.0,0,20.0,13.0,7.637,-2.4492935982947064e-16,1.0,12.333333333333334,0.02467306,0
Kings,2020,1,7,2.185714285714286,3.0,0,4.0,20.0,3.955,0.4999999999999999,0.8660254037844387,10.333333333333334,0.16402918,0
Kings,2020,2,3,2.903333333333333,28.0,0,7.0,4.0,2.185714285714286,0.8660254037844386,0.5000000000000001,4.666666666666667,0.025914814,0
Kings,2020,3,28,7.479285714285714,2.0,0,3.0,7.0,2.903333333333333,1.0,6.123233995736766e-17,12.666666666666666,0.17033526,0
Kings,2020,4,2,1.81,11.0,0,28.0,3.0,7.479285714285714,0.8660254037844387,-0.4999999999999998,11.0,0.039151505,0
Kings,2020,5,11,2.887272727272727,3.0,0,2.0,28.0,1.81,0.4999999999999999,-0.8660254037844387,13.666666666666666,0.16986038,0
Kings,2020,6,3,0.79,8.0,0,11.0,2.0,2.887272727272727,1.2246467991473532e-16,-1.0,5.333333333333333,0.121347584,0
Kings,2020,7,8,2.8875,6.0,0,3.0,11.0,0.79,-0.4999999999999998,-0.8660254037844388,7.333333333333333,0.10119427,0
Kings,2020,8,6,4.691666666666666,3.0,0,8.0,3.0,2.8875,-0.8660254037844384,-0.5000000000000004,5.666666666666667,0.20669593,0
Kings,2020,9,3,0.36,4.0,0,6.0,8.0,4.691666666666666,-1.0,-1.8369701987210294e-16,5.666666666666667,0.040836114,0
Kings,2020,10,4,0.9875,1.0,0,3.0,6.0,0.36,-0.8660254037844386,0.5000000000000001,4.333333333333333,0.009634262,0
Kings,2020,11,1,0.58,12.0,0,4.0,3.0,0.9875,-0.5000000000000004,0.8660254037844384,2.6666666666666665,0.005921706,0
Lake,2019,1,9,4.866666666666666,4.0,0,27.0,1.0,3.9140740740740743,0.4999999999999999,0.8660254037844387,12.333333333333334,0.031021865,0
Lake,2019,3,4,2.49,24.0,0,9.0,27.0,4.866666666666666,1.0,6.123233995736766e-17,13.333333333333334,0.017985653,0
Lake,2019,4,24,4.67375,2.0,0,4.0,9.0,2.49,0.8660254037844387,-0.4999999999999998,12.333333333333334,0.07427611,0
Lake,2019,5,2,3.3099999999999996,1.0,0,24.0,4.0,4.67375,0.4999999999999999,-0.8660254037844387,10.0,0.32739404,1
Lake,2019,6,1,1.68,2.0,0,2.0,24.0,3.3099999999999996,1.2246467991473532e-16,-1.0,9.0,0.11403197,0
Lake,2019,7,2,2.385,1.0,0,1.0,2.0,1.68,-0.4999999999999998,-0.8660254037844388,1.6666666666666667,0.45761994,1
Lake,2019,8,1,0.67,3.0,0,2.0,1.0,2.385,-0.8660254037844384,-0.5000000000000004,1.3333333333333333,0.0985874,0
Lake,2019,9,3,138.23,47.0,1,1.0,2.0,0.67,-1.0,-1.8369701987210294e-16,2.0,0.32331628,1
Lake,2019,10,47,7.52,4.0,0,3.0,1.0,138.23,-0.8660254037844386,0.5000000000000001,17.0,0.32317525,1
Lake,2019,11,4,9.3975,5.0,0,47.0,3.0,7.52,-0.5000000000000004,0.8660254037844384,18.0,0.14900091,0
Lake,2019,12,5,4.864,12.0,0,4.0,47.0,9.3975,-2.4492935982947064e-16,1.0,18.666666666666668,0.05253187,0
Lake,2020,1,12,3.986666666666667,47.0,1,5.0,4.0,4.864,0.4999999999999999,0.8660254037844387,7.0,0.06202077,0
Lake,2020,2,47,9.42,47.0,1,12.0,5.0,3.986666666666667,0.8660254037844386,0.5000000000000001,21.333333333333332,0.32441393,1
Lake,2020,3,47,9.95531914893617,40.0,0,47.0,12.0,9.42,1.0,6.123233995736766e-17,35.333333333333336,0.47902992,1
Lake,2020,4,40,10.228,14.0,0,47.0,47.0,9.95531914893617,0.8660254037844387,-0.4999999999999998,44.666666666666664,0.8178816,1
Lake,2020,5,14,5.530714285714287,2.0,0,40.0,47.0,10.228,0.4999999999999999,-0.8660254037844387,33.666666666666664,0.5192562,1
Lake,2020,6,2,5.455,2.0,0,14.0,40.0,5.530714285714287,1.2246467991473532e-16,-1.0,18.666666666666668,0.1202856,0
Lake,2020,7,2,12.83,2629.0,1,2.0,14.0,5.455,-0.4999999999999998,-0.8660254037844388,6.0,0.27623665,0
Lake,2020,8,2629,15.150464054773678,1317.0,1,2.0,2.0,12.83,-0.8660254037844384,-0.5000000000000004,877.6666666666666,0.86742437,1
Lake,2020,9,1317,16.01721336370539,22.0,0,2629.0,2.0,15.150464054773678,-1.0,-1.8369701987210294e-16,1316.0,0.9190197,1
Lake,2020,10,22,6.635,12.0,0,1317.0,2629.0,16.01721336370539,-0.8660254037844386,0.5000000000000001,1322.6666666666667,0.69869167,1
Lassen,2019,5,10,26.775,5.0,0,9.0,6.0,5.302222222222222,0.4999999999999999,-0.8660254037844387,8.333333333333334,0.11456544,0
Lassen,2019,6,5,5.322000000000001,12.0,0,10.0,9.0,26.775,1.2246467991473532e-16,-1.0,8.0,0.3001506,0
Lassen,2019,7,12,79.25666666666666,32.0,0,5.0,10.0,5.322000000000001,-0.4999999999999998,-0.8660254037844388,9.0,0.33783907,1
Lassen,2019,8,32,57.9665625,18.0,0,12.0,5.0,79.25666666666666,-0.8660254037844384,-0.5000000000000004,16.333333333333332,0.48387355,1
Lassen,2019,9,18,27.270555555555557,40.0,0,32.0,12.0,57.9665625,-1.0,-1.8369701987210294e-16,20.666666666666668,0.13171628,0
Lassen,2019,10,40,18.43875,16.0,0,18.0,32.0,27.270555555555557,-0.8660254037844386,0.5000000000000001,30.0,0.1357,0
Lassen,2019,11,16,12.7275,3.0,0,40.0,18.0,18.43875,-0.5000000000000004,0.8660254037844384,24.666666666666668,0.30980873,0
Lassen,2019,12,3,3.5399999999999996,3.0,0,16.0,40.0,12.7275,-2.4492935982947064e-16,1.0,19.666666666666668,0.03848953,0
Lassen,2020,1,3,5.816666666666666,10.0,0,3.0,16.0,3.5399999999999996,0.4999999999999999,0.8660254037844387,7.333333333333333,0.25181693,0
Lassen,2020,2,10,7.455,4.0,0,3.0,3.0,5.816666666666666,0.8660254037844386,0.5000000000000001,5.333333333333333,0.06636752,0
Lassen,2020,3,4,5.6175,7.0,0,10.0,3.0,7.455,1.0,6.123233995736766e-17,5.666666666666667,0.015013486,0
Lassen,2020,4,7,15.704285714285716,7.0,0,4.0,10.0,5.6175,0.8660254037844387,-0.4999999999999998,7.0,0.079772756,0
Lassen,2020,6,7,7.807142857142857,1116.0,1,7.0,4.0,15.704285714285716,1.2246467991473532e-16,-1.0,6.0,0.21773198,0
Lassen,2020,7,1116,16.277598566308242,2995.0,1,7.0,7.0,7.807142857142857,-0.4999999999999998,-0.8660254037844388,376.6666666666667,0.7250813,1
Lassen,2020,8,2995,33.496597662771286,89.0,1,1116.0,7.0,16.277598566308242,-0.8660254037844384,-0.5000000000000004,1372.6666666666667,0.9067823,1
Lassen,2020,9,89,17.011685393258425,2.0,0,2995.0,1116.0,33.496597662771286,-1.0,-1.8369701987210294e-16,1400.0,0.69583327,1
Lassen,2020,10,2,1.495,7.0,0,89.0,2995.0,17.011685393258425,-0.8660254037844386,0.5000000000000001,1028.6666666666667,0.03171413,0
Lassen,2020,11,7,41.64,1.0,0,2.0,89.0,1.495,-0.5000000000000004,0.8660254037844384,32.666666666666664,0.1054218,0
Los Angeles,2019,1,163,0.9755828220858896,118.0,1,210.0,1270.0,1.0122380952380952,0.4999999999999999,0.8660254037844387,547.6666666666666,0.99060285,1
Los Angeles,2019,2,118,1.0958474576271189,195.0,1,163.0,210.0,0.9755828220858896,0.8660254037844386,0.5000000000000001,163.66666666666666,0.9984297,1
Los Angeles,2019,3,195,1.2850256410256409,177.0,1,118.0,163.0,1.0958474576271189,1.0,6.123233995736766e-17,158.66666666666666,0.99759525,1
Los Angeles,2019,4,177,1.1248587570621469,163.0,1,195.0,118.0,1.2850256410256409,0.8660254037844387,-0.4999999999999998,163.33333333333334,0.9988356,1
Los Angeles,2019,5,163,1.22,120.0,1,177.0,195.0,1.1248587570621469,0.4999999999999999,-0.8660254037844387,178.33333333333334,0.9988803,1
Los Angeles,2019,6,120,1.6658333333333333,182.0,1,163.0,177.0,1.22,1.2246467991473532e-16,-1.0,153.33333333333334,0.99859387,1
Los Angeles,2019,7,182,1.116428571428571,234.0,1,120.0,163.0,1.6658333333333333,-0.4999999999999998,-0.8660254037844388,155.0,0.99685186,1
Los Angeles,2019,8,234,1.7857264957264958,233.0,1,182.0,120.0,1.116428571428571,-0.8660254037844384,-0.5000000000000004,178.66666666666666,0.9964624,1
Los Angeles,2019,9,233,1.5487124463519315,674.0,1,234.0,182.0,1.7857264957264958,-1.0,-1.8369701987210294e-16,216.33333333333337,0.9976525,1
Los Angeles,2019,10,674,14.238842729970326,261.0,1,233.0,234.0,1.5487124463519315,-0.8660254037844386,0.5000000000000001,380.3333333333333,0.96253806,1
Los Angeles,2019,11,261,16.872413793103448,139.0,1,674.0,233.0,14.238842729970326,-0.5000000000000004,0.8660254037844384,389.3333333333333,0.9431538,1
Los Angeles,2019,12,139,1.1207913669064749,257.0,1,261.0,674.0,16.872413793103448,-2.4492935982947064e-16,1.0,358.0,0.97570735,1
Los Angeles,2020,1,257,1.079610894941634,207.0,1,139.0,261.0,1.1207913669064749,0.4999999999999999,0.8660254037844387,219.0,0.99685514,1
Los Angeles,2020,2,207,1.1108695652173914,140.0,1,257.0,139.0,1.079610894941634,0.8660254037844386,0.5000000000000001,201.0,0.9983436,1
Los Angeles,2020,3,140,1.0984285714285715,126.0,1,207.0,257.0,1.1108695652173914,1.0,6.123233995736766e-17,201.33333333333337,0.99861586,1
Los Angeles,2020,4,126,1.0458730158730158,241.0,1,140.0,207.0,1.0984285714285715,0.8660254037844387,-0.4999999999999998,157.66666666666666,0.9983259,1
Los Angeles,2020,5,241,0.9856846473029046,188.0,1,126.0,140.0,1.0458730158730158,0.4999999999999999,-0.8660254037844387,169.0,0.9987923,1
Los Angeles,2020,6,188,2.0589361702127658,259.0,1,241.0,126.0,0.9856846473029046,1.2246467991473532e-16,-1.0,185.0,0.9984066,1
Los Angeles,2020,7,259,6.006911196911196,1208.0,1,188.0,241.0,2.0589361702127658,-0.4999999999999998,-0.8660254037844388,229.33333333333337,0.9925696,1
Los Angeles,2020,8,1208,31.478096026490068,6426.0,1,259.0,188.0,6.006911196911196,-0.8660254037844384,-0.5000000000000004,551.6666666666666,0.842545,1
Los Angeles,2020,9,6426,24.118793962029255,323.0,1,1208.0,259.0,31.478096026490068,-1.0,-1.8369701987210294e-16,2631.0,0.84154147,1
Los Angeles,2020,10,323,6.508452012383901,267.0,1,6426.0,1208.0,24.118793962029255,-0.8660254037844386,0.5000000000000001,2652.3333333333335,0.8663822,1
Los Angeles,2020,11,267,3.9052808988764047,241.0,1,323.0,6426.0,6.508452012383901,-0.5000000000000004,0.8660254037844384,2338.6666666666665,0.6348784,1
Madera,2019,1,17,4.711764705882352,26.0,0,61.0,32.0,8.57344262295082,0.4999999999999999,0.8660254037844387,36.666666666666664,0.45729306,1
Madera,2019,2,26,4.440384615384615,41.0,0,17.0,61.0,4.711764705882352,0.8660254037844386,0.5000000000000001,34.666666666666664,0.10489397,0
Madera,2019,3,41,4.360487804878049,32.0,0,26.0,17.0,4.440384615384615,1.0,6.123233995736766e-17,28.0,0.12395289,0
Madera,2019,4,32,6.1421874999999995,13.0,0,41.0,26.0,4.360487804878049,0.8660254037844387,-0.4999999999999998,33.0,0.20531449,0
Madera,2019,5,13,7.5976923076923075,25.0,0,32.0,41.0,6.1421874999999995,0.4999999999999999,-0.8660254037844387,28.666666666666668,0.26208666,0
Madera,2019,6,25,3.7612,35.0,0,13.0,32.0,7.5976923076923075,1.2246467991473532e-16,-1.0,23.333333333333332,0.19313088,0
Madera,2019,7,35,4.816,24.0,0,25.0,13.0,3.7612,-0.4999999999999998,-0.8660254037844388,24.333333333333332,0.23027204,0
Madera,2019,8,24,4.814166666666666,13.0,0,35.0,25.0,4.816,-0.8660254037844384,-0.5000000000000004,28.0,0.2178479,0
Madera,2019,9,13,4.147692307692308,26.0,0,24.0,35.0,4.814166666666666,-1.0,-1.8369701987210294e-16,24.0,0.42684,1
Madera,2019,10,26,11.615384615384617,65.0,1,13.0,24.0,4.147692307692308,-0.8660254037844386,0.5000000000000001,21.0,0.41089416,1
Madera,2019,11,65,14.036461538461538,31.0,0,26.0,13.0,11.615384615384617,-0.5000000000000004,0.8660254037844384,34.666666666666664,0.29521036,0
Madera,2019,12,31,4.812258064516129,38.0,0,65.0,26.0,14.036461538461538,-2.4492935982947064e-16,1.0,40.666666666666664,0.022882055,0
Madera,2020,1,38,13.409736842105264,57.0,1,31.0,65.0,4.812258064516129,0.4999999999999999,0.8660254037844387,44.666666666666664,0.40605772,1
Madera,2020,2,57,8.321754385964912,110.0,1,38.0,31.0,13.409736842105264,0.8660254037844386,0.5000000000000001,42.0,0.34942144,1
Madera,2020,3,110,9.655636363636363,42.0,0,57.0,38.0,8.321754385964912,1.0,6.123233995736766e-17,68.33333333333333,0.8493803,1
Madera,2020,4,42,6.479047619047619,24.0,0,110.0,57.0,9.655636363636363,0.8660254037844387,-0.4999999999999998,69.66666666666667,0.64245343,1
Madera,2020,5,24,3.995833333333333,38.0,0,42.0,110.0,6.479047619047619,0.4999999999999999,-0.8660254037844387,58.666666666666664,0.3587886,1
Madera,2020,6,38,6.149736842105263,16.0,0,24.0,42.0,3.995833333333333,1.2246467991473532e-16,-1.0,34.666666666666664,0.6894755,1
Madera,2020,7,16,4.488125,10.0,0,38.0,24.0,6.149736842105263,-0.4999999999999998,-0.8660254037844388,26.0,0.21240273,0
Madera,2020,8,10,1.362,13418.0,1,16.0,38.0,4.488125,-0.8660254037844384,-0.5000000000000004,21.333333333333332,0.07103231,0
Madera,2020,9,13418,16.962782829035625,4669.0,1,10.0,16.0,1.362,-1.0,-1.8369701987210294e-16,4481.333333333333,0.429345,1
Madera,2020,10,4669,15.032690083529666,246.0,1,13418.0,10.0,16.962782829035625,-0.8660254037844386,0.5000000000000001,6032.333333333333,0.9070717,1
Madera,2020,11,246,8.251869918699187,34.0,0,4669.0,13418.0,15.032690083529666,-0.5000000000000004,0.8660254037844384,6111.0,0.7936284,1
Marin,2019,2,1,0.49,1.0,0,1.0,5.0,0.2,0.8660254037844386,0.5000000000000001,2.3333333333333335,0.0046240613,0
Marin,2019,3,1,0.39,3.0,0,1.0,1.0,0.49,1.0,6.123233995736766e-17,1.0,0.023307772,0
Marin,2019,4,3,0.5,1.0,0,1.0,1.0,0.39,0.8660254037844387,-0.4999999999999998,1.6666666666666667,0.030430172,0
Marin,2019,5,1,0.53,6.0,0,3.0,1.0,0.5,0.4999999999999999,-0.8660254037844387,1.6666666666666667,0.12833913,0
Marin,2019,6,6,0.8783333333333333,7.0,0,1.0,3.0,0.53,1.2246467991473532e-16,-1.0,3.3333333333333335,0.17016172,0
Marin,2019,7,7,0.4571428571428571,7.0,0,6.0,1.0,0.8783333333333333,-0.4999999999999998,-0.8660254037844388,4.666666666666667,0.020301318,0
Marin,2019,8,7,0.5185714285714286,11.0,0,7.0,6.0,0.4571428571428571,-0.8660254037844384,-0.5000000000000004,6.666666666666667,0.0038553379,0
Marin,2019,9,11,2.2736363636363635,1.0,0,7.0,7.0,0.5185714285714286,-1.0,-1.8369701987210294e-16,8.333333333333334,0.040889174,0
Marin,2019,10,1,3.93,1.0,0,11.0,7.0,2.2736363636363635,-0.8660254037844386,0.5000000000000001,6.333333333333333,0.1027016,0
Marin,2019,11,1,0.43,1.0,0,1.0,11.0,3.93,-0.5000000000000004,0.8660254037844384,4.333333333333333,0.02849729,0
Marin,2020,4,1,0.38,1.0,0,1.0,1.0,0.43,0.8660254037844387,-0.4999999999999998,1.0,0.057560313,0
Marin,2020,5,1,0.4,2.0,0,1.0,1.0,0.38,0.4999999999999999,-0.8660254037844387,1.0,0.29793584,0
Marin,2020,6,2,0.455,3.0,0,1.0,1.0,0.4,1.2246467991473532e-16,-1.0,1.3333333333333333,0.4802927,1
Marin,2020,7,3,2.37,183.0,1,2.0,1.0,0.455,-0.4999999999999998,-0.8660254037844388,2.0,0.28059864,0
Marin,2020,8,183,10.395300546448087,20.0,0,3.0,2.0,2.37,-0.8660254037844384,-0.5000000000000004,62.666666666666664,0.79500514,1
Marin,2020,9,20,4.9295,4.0,0,183.0,3.0,10.395300546448087,-1.0,-1.8369701987210294e-16,68.66666666666667,0.44283757,1
Mariposa,2019,2,1,0.51,9.0,0,9.0,62.0,3.701111111111111,0.8660254037844386,0.5000000000000001,24.0,0.019031875,0
Mariposa,2019,3,9,8.262222222222222,15.0,0,1.0,9.0,0.51,1.0,6.123233995736766e-17,6.333333333333333,0.02386353,0
Mariposa,2019,4,15,3.205333333333334,2.0,0,9.0,1.0,8.262222222222222,0.8660254037844387,-0.4999999999999998,8.333333333333334,0.012779031,0
Mariposa,2019,5,2,4.09,5.0,0,15.0,9.0,3.205333333333334,0.4999999999999999,-0.8660254037844387,8.666666666666666,0.30719176,0
Mariposa,2019,6,5,4.748,16.0,0,2.0,15.0,4.09,1.2246467991473532e-16,-1.0,7.333333333333333,0.24537776,0
Mariposa,2019,7,16,14.013125,10.0,0,5.0,2.0,4.748,-0.4999999999999998,-0.8660254037844388,7.666666666666667,0.49227938,1
Mariposa,2019,8,10,58.597,1.0,0,16.0,5.0,14.013125,-0.8660254037844384,-0.5000000000000004,10.333333333333334,0.49592635,1
Mariposa,2019,9,1,3.36,422.0,1,10.0,16.0,58.597,-1.0,-1.8369701987210294e-16,9.0,0.1374478,0
Mariposa,2019,10,422,37.13663507109005,9.0,0,1.0,10.0,3.36,-0.8660254037844386,0.5000000000000001,144.33333333333334,0.33022332,1
Mariposa,2019,12,9,6.7988888888888885,13.0,0,422.0,1.0,37.13663507109005,-2.4492935982947064e-16,1.0,144.0,0.0038010099,0
Mariposa,2020,1,13,2.8153846153846156,47.0,1,9.0,422.0,6.7988888888888885,0.4999999999999999,0.8660254037844387,148.0,0.08782127,0
Mariposa,2020,2,47,6.0238297872340425,14.0,0,13.0,9.0,2.8153846153846156,0.8660254037844386,0.5000000000000001,23.0,0.30780542,0
Mariposa,2020,3,14,3.337142857142857,9.0,0,47.0,13.0,6.0238297872340425,1.0,6.123233995736766e-17,24.666666666666668,0.15897682,0
Mariposa,2020,4,9,5.050000000000001,1.0,0,14.0,47.0,3.337142857142857,0.8660254037844387,-0.4999999999999998,23.333333333333332,0.019860463,0
Mariposa,2020,5,1,3.65,10.0,0,9.0,14.0,5.050000000000001,0.4999999999999999,-0.8660254037844387,8.0,0.23966499,0
Mariposa,2020,6,10,3.4810000000000003,5.0,0,1.0,9.0,3.65,1.2246467991473532e-16,-1.0,6.666666666666667,0.22468251,0
Mariposa,2020,7,5,2.062,88.0,1,10.0,1.0,3.4810000000000003,-0.4999999999999998,-0.8660254037844388,5.333333333333333,0.23495822,0
Mariposa,2020,8,88,3.3625,965.0,1,5.0,10.0,2.062,-0.8660254037844384,-0.5000000000000004,34.333333333333336,0.57355475,1
Mariposa,2020,9,965,11.672290155440416,283.0,1,88.0,5.0,3.3625,-1.0,-1.8369701987210294e-16,352.6666666666667,0.78086334,1
Mariposa,2020,10,283,7.399010600706714,16.0,0,965.0,88.0,11.672290155440416,-0.8660254037844386,0.5000000000000001,445.3333333333333,0.94664097,1
Mariposa,2020,11,16,1.528125,4.0,0,283.0,965.0,7.399010600706714,-0.5000000000000004,0.8660254037844384,421.3333333333333,0.17776376,0
Mendocino,2019,1,9,3.8655555555555554,2.0,0,15.0,3.0,5.401333333333333,0.4999999999999999,0.8660254037844387,9.0,0.050886776,0
Mendocino,2019,2,2,2.24,8.0,0,9.0,15.0,3.8655555555555554,0.8660254037844386,0.5000000000000001,8.666666666666666,0.057903934,0
Mendocino,2019,3,8,4.14875,48.0,1,2.0,9.0,2.24,1.0,6.123233995736766e-17,6.333333333333333,0.025600448,0
Mendocino,2019,4,48,11.008333333333333,30.0,0,8.0,2.0,4.14875,0.8660254037844387,-0.4999999999999998,19.333333333333332,0.22725461,0
Mendocino,2019,5,30,17.043333333333333,14.0,0,48.0,8.0,11.008333333333333,0.4999999999999999,-0.8660254037844387,28.666666666666668,0.2088937,0
Mendocino,2019,7,14,3.0014285714285713,6.0,0,30.0,48.0,17.043333333333333,-0.4999999999999998,-0.8660254037844388,30.666666666666668,0.5906502,1
Mendocino,2019,8,6,1.2133333333333334,11.0,0,14.0,30.0,3.0014285714285713,-0.8660254037844384,-0.5000000000000004,16.666666666666668,0.09182428,0
Mendocino,2019,10,11,12.780909090909091,1.0,0,6.0,14.0,1.2133333333333334,-0.8660254037844386,0.5000000000000001,10.333333333333334,0.29829288,0
Mendocino,2019,11,1,2.95,1.0,0,11.0,6.0,12.780909090909091,-0.5000000000000004,0.8660254037844384,6.0,0.043227486,0
Mendocino,2019,12,1,11.3,2.0,0,1.0,11.0,2.95,-2.4492935982947064e-16,1.0,4.333333333333333,0.12150196,0
Mendocino,2020,1,2,1.7000000000000002,64.0,1,1.0,1.0,11.3,0.4999999999999999,0.8660254037844387,1.3333333333333333,0.03163456,0
Mendocino,2020,2,64,8.6990625,72.0,1,2.0,1.0,1.7000000000000002,0.8660254037844386,0.5000000000000001,22.333333333333332,0.09716744,0
Mendocino,2020,3,72,15.188472222222222,42.0,0,64.0,2.0,8.6990625,1.0,6.123233995736766e-17,46.0,0.75517666,1
Mendocino,2020,4,42,7.672380952380952,10.0,0,72.0,64.0,15.188472222222222,0.8660254037844387,-0.4999999999999998,59.333333333333336,0.71223015,1
Mendocino,2020,5,10,9.638,8.0,0,42.0,72.0,7.672380952380952,0.4999999999999999,-0.8660254037844387,41.333333333333336,0.15280028,0
Mendocino,2020,6,8,17.42625,525.0,1,10.0,42.0,9.638,1.2246467991473532e-16,-1.0,20.0,0.2547395,0
Mendocino,2020,8,525,15.833542857142858,9750.0,1,8.0,10.0,17.42625,-0.8660254037844384,-0.5000000000000004,181.0,0.612421,1
Mendocino,2020,9,9750,18.62293435897436,1115.0,1,525.0,8.0,15.833542857142858,-1.0,-1.8369701987210294e-16,3427.6666666666665,0.84737873,1
Mendocino,2020,10,1115,19.43077130044843,8.0,0,9750.0,525.0,18.62293435897436,-0.8660254037844386,0.5000000000000001,3796.6666666666665,0.8913631,1
Mendocino,2020,11,8,4.9712499999999995,6.0,0,1115.0,9750.0,19.43077130044843,-0.5000000000000004,0.8660254037844384,3624.3333333333335,0.04541236,0
Merced,2019,1,11,3.316363636363636,8.0,0,21.0,14.0,5.298095238095239,0.4999999999999999,0.8660254037844387,15.333333333333334,0.3152354,1
Merced,2019,2,8,5.39625,33.0,0,11.0,21.0,3.316363636363636,0.8660254037844386,0.5000000000000001,13.333333333333334,0.0384735,0
Merced,2019,3,33,3.453030303030303,22.0,0,8.0,11.0,5.39625,1.0,6.123233995736766e-17,17.333333333333332,0.11602716,0
Merced,2019,4,22,4.330909090909091,23.0,0,33.0,8.0,3.453030303030303,0.8660254037844387,-0.4999999999999998,21.0,0.18507606,0
Merced,2019,5,23,10.10608695652174,31.0,0,22.0,33.0,4.330909090909091,0.4999999999999999,-0.8660254037844387,26.0,0.34189275,1
Merced,2019,6,31,25.716451612903228,20.0,0,23.0,22.0,10.10608695652174,1.2246467991473532e-16,-1.0,25.333333333333332,0.29497257,0
Merced,2019,7,20,4.872,10.0,0,31.0,23.0,25.716451612903228,-0.4999999999999998,-0.8660254037844388,24.666666666666668,0.63087237,1
Merced,2019,8,10,2.143,14.0,0,20.0,31.0,4.872,-0.8660254037844384,-0.5000000000000004,20.333333333333332,0.06890894,0
Merced,2019,9,14,3.837142857142857,35.0,0,10.0,20.0,2.143,-1.0,-1.8369701987210294e-16,14.666666666666666,0.5021914,1
Merced,2019,10,35,9.713142857142856,62.0,1,14.0,10.0,3.837142857142857,-0.8660254037844386,0.5000000000000001,19.666666666666668,0.20969214,0
Merced,2019,11,62,4.761774193548387,13.0,0,35.0,14.0,9.713142857142856,-0.5000000000000004,0.8660254037844384,37.0,0.20486875,0
Merced,2019,12,13,5.443076923076924,24.0,0,62.0,35.0,4.761774193548387,-2.4492935982947064e-16,1.0,36.666666666666664,0.012649271,0
Merced,2020,1,24,17.021666666666665,70.0,1,13.0,62.0,5.443076923076924,0.4999999999999999,0.8660254037844387,33.0,0.1822204,0
Merced,2020,2,70,5.251428571428572,33.0,0,24.0,13.0,17.021666666666665,0.8660254037844386,0.5000000000000001,35.666666666666664,0.17004767,0
Merced,2020,3,33,6.716060606060606,20.0,0,70.0,24.0,5.251428571428572,1.0,6.123233995736766e-17,42.333333333333336,0.47810256,1
Merced,2020,4,20,2.7515,37.0,0,33.0,70.0,6.716060606060606,0.8660254037844387,-0.4999999999999998,41.0,0.088669896,0
Merced,2020,5,37,7.367837837837838,64.0,1,20.0,33.0,2.7515,0.4999999999999999,-0.8660254037844387,30.0,0.4427278,1
Merced,2020,6,64,11.83375,21.0,0,37.0,20.0,7.367837837837838,1.2246467991473532e-16,-1.0,40.333333333333336,0.47082314,1
Merced,2020,7,21,3.2138095238095237,99.0,1,64.0,37.0,11.83375,-0.4999999999999998,-0.8660254037844388,40.666666666666664,0.50014544,1
Merced,2020,8,99,13.054040404040403,12.0,0,21.0,64.0,3.2138095238095237,-0.8660254037844384,-0.5000000000000004,61.333333333333336,0.6757196,1
Merced,2020,9,12,2.8441666666666667,6.0,0,99.0,21.0,13.054040404040403,-1.0,-1.8369701987210294e-16,44.0,0.35683593,1
Merced,2020,10,6,0.615,18.0,0,12.0,99.0,2.8441666666666667,-0.8660254037844386,0.5000000000000001,39.0,0.17322348,0
Merced,2020,11,18,2.9705555555555554,24.0,0,6.0,12.0,0.615,-0.5000000000000004,0.8660254037844384,12.0,0.03440162,0
Modoc,2019,1,5,6.1579999999999995,8.0,0,11.0,19.0,26.296363636363637,0.4999999999999999,0.8660254037844387,11.666666666666666,0.21984348,0
Modoc,2019,3,8,11.32125,28.0,0,5.0,11.0,6.1579999999999995,1.0,6.123233995736766e-17,8.0,0.12289494,0
Modoc,2019,4,28,21.970714285714287,19.0,0,8.0,5.0,11.32125,0.8660254037844387,-0.4999999999999998,13.666666666666666,0.0968872,0
Modoc,2019,5,19,7.843157894736841,2.0,0,28.0,8.0,21.970714285714287,0.4999999999999999,-0.8660254037844387,18.333333333333332,0.39375547,1
Modoc,2019,6,2,5.935,158.0,1,19.0,28.0,7.843157894736841,1.2246467991473532e-16,-1.0,16.333333333333332,0.15434977,0
Modoc,2019,7,158,20.299810126582276,1.0,0,2.0,19.0,5.935,-0.4999999999999998,-0.8660254037844388,59.666666666666664,0.64481795,1
Modoc,2019,8,1,34.87,78.0,1,158.0,2.0,20.299810126582276,-0.8660254037844384,-0.5000000000000004,53.666666666666664,0.5527851,1
Modoc,2019,9,78,5.513333333333334,2.0,0,1.0,158.0,34.87,-1.0,-1.8369701987210294e-16,79.0,0.12013877,0
Modoc,2019,10,2,2.6399999999999997,4.0,0,78.0,1.0,5.513333333333334,-0.8660254037844386,0.5000000000000001,27.0,0.12700137,0
Modoc,2019,11,4,4.8225,7.0,0,2.0,78.0,2.6399999999999997,-0.5000000000000004,0.8660254037844384,28.0,0.07653228,0
Modoc,2019,12,7,6.718571428571429,43.0,0,4.0,2.0,4.8225,-2.4492935982947064e-16,1.0,4.333333333333333,0.0558798,0
Modoc,2020,2,43,14.451627906976745,19.0,0,7.0,4.0,6.718571428571429,0.8660254037844386,0.5000000000000001,18.0,0.19305518,0
Modoc,2020,3,19,7.362105263157894,33.0,0,43.0,7.0,14.451627906976745,1.0,6.123233995736766e-17,23.0,0.27200884,0
Modoc,2020,4,33,45.14,1.0,0,19.0,43.0,7.362105263157894,0.8660254037844387,-0.4999999999999998,31.666666666666668,0.29008797,0
Modoc,2020,6,1,9.34,463.0,1,33.0,19.0,45.14,1.2246467991473532e-16,-1.0,17.666666666666668,0.23552248,0
Modoc,2020,7,463,20.087537796976243,117.0,1,1.0,33.0,9.34,-0.4999999999999998,-0.8660254037844388,165.66666666666666,0.93537307,1
Modoc,2020,8,117,7.956495726495726,4.0,0,463.0,1.0,20.087537796976243,-0.8660254037844384,-0.5000000000000004,193.66666666666663,0.7218287,1
Modoc,2020,9,4,5.785,3.0,0,117.0,463.0,7.956495726495726,-1.0,-1.8369701987210294e-16,194.66666666666663,0.13620068,0
Modoc,2020,10,3,11.633333333333333,2.0,0,4.0,117.0,5.785,-0.8660254037844386,0.5000000000000001,41.333333333333336,0.1982882,0
Modoc,2020,11,2,6.105,19.0,0,3.0,4.0,11.633333333333333,-0.5000000000000004,0.8660254037844384,3.0,0.036425795,0
Mono,2019,5,34,16.45,14.0,0,6.0,6.0,5.265,0.4999999999999999,-0.8660254037844387,15.333333333333334,0.25005054,0
Mono,2019,6,14,10.625,479.0,1,34.0,6.0,16.45,1.2246467991473532e-16,-1.0,18.0,0.5972679,1
Mono,2019,8,479,10.519540709812109,49.0,1,14.0,34.0,10.625,-0.8660254037844384,-0.5000000000000004,175.66666666666666,0.8957244,1
Mono,2019,9,49,13.948571428571428,2.0,0,479.0,14.0,10.519540709812109,-1.0,-1.8369701987210294e-16,180.66666666666663,0.76102346,1
Mono,2020,1,2,5.96,13.0,0,49.0,479.0,13.948571428571428,0.4999999999999999,0.8660254037844387,176.66666666666666,0.18557616,0
Mono,2020,2,13,19.89076923076923,1.0,0,2.0,49.0,5.96,0.8660254037844386,0.5000000000000001,21.333333333333332,0.274089,0
Mono,2020,3,1,4.47,2.0,0,13.0,2.0,19.89076923076923,1.0,6.123233995736766e-17,5.333333333333333,0.015919698,0
Mono,2020,5,2,10.739999999999998,23.0,0,1.0,13.0,4.47,0.4999999999999999,-0.8660254037844387,5.333333333333333,0.13491365,0
Mono,2020,6,23,36.00739130434783,3.0,0,2.0,1.0,10.739999999999998,1.2246467991473532e-16,-1.0,8.666666666666666,0.35295683,1
Mono,2020,7,3,18.546666666666667,221.0,1,23.0,2.0,36.00739130434783,-0.4999999999999998,-0.8660254037844388,9.333333333333334,0.33549348,1
Mono,2020,8,221,29.616199095022623,391.0,1,3.0,23.0,18.546666666666667,-0.8660254037844384,-0.5000000000000004,82.33333333333333,0.38234755,1
Mono,2020,9,391,18.43959079283887,54.0,1,221.0,3.0,29.616199095022623,-1.0,-1.8369701987210294e-16,205.0,0.47462577,1
Monterey,2019,1,8,2.36875,3.0,0,9.0,26.0,5.282222222222222,0.4999999999999999,0.8660254037844387,14.333333333333334,0.16572918,0
Monterey,2019,2,3,8.07,21.0,0,8.0,9.0,2.36875,0.8660254037844386,0.5000000000000001,6.666666666666667,0.020328335,0
Monterey,2019,3,21,5.5252380952380955,8.0,0,3.0,8.0,8.07,1.0,6.123233995736766e-17,10.666666666666666,0.08309954,0
Monterey,2019,4,8,4.6225000000000005,28.0,0,21.0,3.0,5.5252380952380955,0.8660254037844387,-0.4999999999999998,10.666666666666666,0.024090625,0
Monterey,2019,5,28,12.580714285714285,24.0,0,8.0,21.0,4.6225000000000005,0.4999999999999999,-0.8660254037844387,19.0,0.31111363,1
Monterey,2019,6,24,7.93125,45.0,0,28.0,8.0,12.580714285714285,1.2246467991473532e-16,-1.0,20.0,0.5335196,1
Monterey,2019,7,45,10.53111111111111,12.0,0,24.0,28.0,7.93125,-0.4999999999999998,-0.8660254037844388,32.333333333333336,0.53610295,1
Monterey,2019,8,12,14.005,9.0,0,45.0,24.0,10.53111111111111,-0.8660254037844384,-0.5000000000000004,27.0,0.4257861,1
Monterey,2019,9,9,10.073333333333332,3.0,0,12.0,45.0,14.005,-1.0,-1.8369701987210294e-16,22.0,0.6574713,1
Monterey,2019,10,3,1.09,2.0,0,9.0,12.0,10.073333333333332,-0.8660254037844386,0.5000000000000001,8.0,0.07209493,0
Monterey,2019,11,2,4.63,10.0,0,3.0,9.0,1.09,-0.5000000000000004,0.8660254037844384,4.666666666666667,0.051088784,0
Monterey,2019,12,10,6.935,16.0,0,2.0,3.0,4.63,-2.4492935982947064e-16,1.0,5.0,0.090160266,0
Monterey,2020,1,16,3.580625,22.0,0,10.0,2.0,6.935,0.4999999999999999,0.8660254037844387,9.333333333333334,0.068977654,0
Monterey,2020,2,22,8.943636363636363,17.0,0,16.0,10.0,3.580625,0.8660254037844386,0.5000000000000001,16.0,0.24548428,0
Monterey,2020,3,17,7.284705882352942,22.0,0,22.0,16.0,8.943636363636363,1.0,6.123233995736766e-17,18.333333333333332,0.21007238,0
Monterey,2020,4,22,5.522272727272727,10.0,0,17.0,22.0,7.284705882352942,0.8660254037844387,-0.4999999999999998,20.333333333333332,0.1042071,0
Monterey,2020,5,10,7.018000000000001,99.0,1,22.0,17.0,5.522272727272727,0.4999999999999999,-0.8660254037844387,16.333333333333332,0.21570338,0
Monterey,2020,6,99,29.06858585858586,101.0,1,10.0,22.0,7.018000000000001,1.2246467991473532e-16,-1.0,43.666666666666664,0.59908485,1
Monterey,2020,7,101,26.024851485148517,3475.0,1,99.0,10.0,29.06858585858586,-0.4999999999999998,-0.8660254037844388,70.0,0.12898244,0
Monterey,2020,8,3475,19.463398561151077,3511.0,1,101.0,99.0,26.024851485148517,-0.8660254037844384,-0.5000000000000004,1225.0,0.9831199,1
Monterey,2020,9,3511,20.456243235545426,35.0,0,3475.0,101.0,19.463398561151077,-1.0,-1.8369701987210294e-16,2362.3333333333335,0.78567207,1
Monterey,2020,10,35,31.416285714285713,2.0,0,3511.0,3475.0,20.456243235545426,-0.8660254037844386,0.5000000000000001,2340.3333333333335,0.42261514,1
Monterey,2020,11,2,3.755,2.0,0,35.0,3511.0,31.416285714285713,-0.5000000000000004,0.8660254037844384,1182.6666666666667,0.17310157,0
Napa,2019,1,7,3.661428571428572,1.0,0,6.0,76.0,2.885,0.4999999999999999,0.8660254037844387,29.666666666666668,0.2686817,0
Napa,2019,2,1,6.27,17.0,0,7.0,6.0,3.661428571428572,0.8660254037844386,0.5000000000000001,4.666666666666667,0.017880455,0
Napa,2019,3,17,5.0729411764705885,22.0,0,1.0,7.0,6.27,1.0,6.123233995736766e-17,8.333333333333334,0.043122347,0
Napa,2019,4,22,3.380454545454546,2.0,0,17.0,1.0,5.0729411764705885,0.8660254037844387,-0.4999999999999998,13.333333333333334,0.048700567,0
Napa,2019,6,2,19.63,2.0,0,22.0,17.0,3.380454545454546,1.2246467991473532e-16,-1.0,13.666666666666666,0.64039516,1
Napa,2019,7,2,128.845,5.0,0,2.0,22.0,19.63,-0.4999999999999998,-0.8660254037844388,8.666666666666666,0.4455939,1
Napa,2020,1,5,3.082,31.0,0,2.0,2.0,128.845,0.4999999999999999,0.8660254037844387,3.0,0.0864937,0
Napa,2020,2,31,4.089354838709677,8.0,0,5.0,2.0,3.082,0.8660254037844386,0.5000000000000001,12.666666666666666,0.19511145,0
Napa,2020,3,8,5.4225,9.0,0,31.0,5.0,4.089354838709677,1.0,6.123233995736766e-17,14.666666666666666,0.026734661,0
Napa,2020,4,9,4.963333333333334,2.0,0,8.0,31.0,5.4225,0.8660254037844387,-0.4999999999999998,16.0,0.029014336,0
Napa,2020,5,2,2.395,4111.0,1,9.0,8.0,4.963333333333334,0.4999999999999999,-0.8660254037844387,6.333333333333333,0.2845127,0
Napa,2020,8,4111,32.75016540987594,1236.0,1,2.0,9.0,2.395,-0.8660254037844384,-0.5000000000000004,1374.0,0.8370411,1
Napa,2020,9,1236,21.326715210355985,474.0,1,4111.0,2.0,32.75016540987594,-1.0,-1.8369701987210294e-16,1783.0,0.6564174,1
Napa,2020,10,474,11.341666666666669,1.0,0,1236.0,4111.0,21.326715210355985,-0.8660254037844386,0.5000000000000001,1940.3333333333333,0.7136992,1
Napa,2020,11,1,8.03,5.0,0,474.0,1236.0,11.341666666666669,-0.5000000000000004,0.8660254037844384,570.3333333333334,0.08141635,0
Nevada,2019,2,2,2.075,3.0,0,15.0,6.0,5.787333333333334,0.8660254037844386,0.5000000000000001,7.666666666666667,0.04267997,0
Nevada,2019,3,3,2.6166666666666667,4.0,0,2.0,15.0,2.075,1.0,6.123233995736766e-17,6.666666666666667,0.025289496,0
Nevada,2019,5,4,4.9675,2.0,0,3.0,2.0,2.6166666666666667,0.4999999999999999,-0.8660254037844387,3.0,0.07215695,0
Nevada,2019,6,2,3.21,2.0,0,4.0,3.0,4.9675,1.2246467991473532e-16,-1.0,3.0,0.380686,1
Nevada,2019,8,2,7.470000000000001,9.0,0,2.0,4.0,3.21,-0.8660254037844384,-0.5000000000000004,2.6666666666666665,0.23113832,0
Nevada,2019,9,9,13.77111111111111,14.0,0,2.0,2.0,7.470000000000001,-1.0,-1.8369701987210294e-16,4.333333333333333,0.31286812,1
Nevada,2019,10,14,10.240714285714288,11.0,0,9.0,2.0,13.77111111111111,-0.8660254037844386,0.5000000000000001,8.333333333333334,0.58112717,1
Nevada,2019,12,11,4.100909090909091,12.0,0,14.0,9.0,10.240714285714288,-2.4492935982947064e-16,1.0,11.333333333333334,0.01561995,0
Nevada,2020,1,12,3.5050000000000003,4.0,0,11.0,14.0,4.100909090909091,0.4999999999999999,0.8660254037844387,12.333333333333334,0.138302,0
Nevada,2020,2,4,2.41,2.0,0,12.0,11.0,3.5050000000000003,0.8660254037844386,0.5000000000000001,9.0,0.020962024,0
Nevada,2020,3,2,2.285,1.0,0,4.0,12.0,2.41,1.0,6.123233995736766e-17,6.0,0.02805923,0
Nevada,2020,7,1,0.44,30.0,0,2.0,4.0,2.285,-0.4999999999999998,-0.8660254037844388,2.3333333333333335,0.06249343,0
Nevada,2020,8,30,7.0953333333333335,1.0,0,1.0,2.0,0.44,-0.8660254037844384,-0.5000000000000004,11.0,0.7798839,1
Nevada,2020,9,1,4.31,2.0,0,30.0,1.0,7.0953333333333335,-1.0,-1.8369701987210294e-16,10.666666666666666,0.13567707,0
Nevada,2020,10,2,0.8099999999999999,1.0,0,1.0,30.0,4.31,-0.8660254037844386,0.5000000000000001,11.0,0.027940242,0
Nevada,2020,11,1,9.48,4.0,0,2.0,1.0,0.8099999999999999,-0.5000000000000004,0.8660254037844384,1.3333333333333333,0.020707669,0
Orange,2019,1,32,0.735625,17.0,0,34.0,44.0,0.7323529411764705,0.4999999999999999,0.8660254037844387,36.666666666666664,0.12096191,0
Orange,2019,2,17,0.6688235294117648,23.0,0,32.0,34.0,0.735625,0.8660254037844386,0.5000000000000001,27.666666666666668,0.07043227,0
Orange,2019,3,23,0.802608695652174,26.0,0,17.0,32.0,0.6688235294117648,1.0,6.123233995736766e-17,24.0,0.1155398,0
Orange,2019,4,26,0.7684615384615385,10.0,0,23.0,17.0,0.802608695652174,0.8660254037844387,-0.4999999999999998,22.0,0.06931997,0
Orange,2019,5,10,0.709,10.0,0,26.0,23.0,0.7684615384615385,0.4999999999999999,-0.8660254037844387,19.666666666666668,0.0360879,0
Orange,2019,6,10,0.7050000000000001,20.0,0,10.0,26.0,0.709,1.2246467991473532e-16,-1.0,15.333333333333334,0.029329324,0
Orange,2019,7,20,1.894,33.0,0,10.0,10.0,0.7050000000000001,-0.4999999999999998,-0.8660254037844388,13.333333333333334,0.18221505,0
Orange,2019,8,33,0.7151515151515152,41.0,0,20.0,10.0,1.894,-0.8660254037844384,-0.5000000000000004,21.0,0.07097114,0
Orange,2019,9,41,0.7660975609756098,54.0,1,33.0,20.0,0.7151515151515152,-1.0,-1.8369701987210294e-16,31.333333333333332,0.45150787,1
Orange,2019,10,54,0.702037037037037,39.0,0,41.0,33.0,0.7660975609756098,-0.8660254037844386,0.5000000000000001,42.666666666666664,0.2130654,0
Orange,2019,11,39,1.3433333333333333,12.0,0,54.0,41.0,0.702037037037037,-0.5000000000000004,0.8660254037844384,44.666666666666664,0.28330833,0
Orange,2019,12,12,0.6608333333333334,34.0,0,39.0,54.0,1.3433333333333333,-2.4492935982947064e-16,1.0,35.0,0.04605143,0
Orange,2020,1,34,0.68,39.0,0,12.0,39.0,0.6608333333333334,0.4999999999999999,0.8660254037844387,28.333333333333332,0.029689563,0
Orange,2020,2,39,0.6576923076923077,21.0,0,34.0,12.0,0.68,0.8660254037844386,0.5000000000000001,28.333333333333332,0.108440384,0
Orange,2020,3,21,0.6457142857142857,31.0,0,39.0,34.0,0.6576923076923077,1.0,6.123233995736766e-17,31.333333333333332,0.070014864,0
Orange,2020,4,31,0.8432258064516129,53.0,1,21.0,39.0,0.6457142857142857,0.8660254037844387,-0.4999999999999998,30.333333333333332,0.24855748,0
Orange,2020,5,53,0.7807547169811321,21.0,0,31.0,21.0,0.8432258064516129,0.4999999999999999,-0.8660254037844387,35.0,0.7908669,1
Orange,2020,6,21,0.7561904761904762,41.0,0,53.0,31.0,0.7807547169811321,1.2246467991473532e-16,-1.0,35.0,0.13673733,0
Orange,2020,7,41,0.6446341463414634,53.0,1,21.0,53.0,0.7561904761904762,-0.4999999999999998,-0.8660254037844388,38.333333333333336,0.42203888,1
Orange,2020,8,53,1.07,51.0,1,41.0,21.0,0.6446341463414634,-0.8660254037844384,-0.5000000000000004,38.333333333333336,0.85590196,1
Orange,2020,9,51,0.855686274509804,301.0,1,53.0,41.0,1.07,-1.0,-1.8369701987210294e-16,48.333333333333336,0.7098082,1
Orange,2020,10,301,17.453023255813953,31.0,0,51.0,53.0,0.855686274509804,-0.8660254037844386,0.5000000000000001,135.0,0.69960433,1
Orange,2020,11,31,0.7558064516129032,209.0,1,301.0,51.0,17.453023255813953,-0.5000000000000004,0.8660254037844384,127.66666666666669,0.18418236,0
Placer,2019,1,4,1.905,19.0,0,18.0,8.0,5.145,0.4999999999999999,0.8660254037844387,10.0,0.093257144,0
Placer,2019,5,19,10.428421052631576,7.0,0,4.0,18.0,1.905,0.4999999999999999,-0.8660254037844387,13.666666666666666,0.2727451,0
Placer,2019,6,7,9.93142857142857,1.0,0,19.0,4.0,10.428421052631576,1.2246467991473532e-16,-1.0,10.0,0.3875851,1
Placer,2019,7,1,3.72,1.0,0,7.0,19.0,9.93142857142857,-0.4999999999999998,-0.8660254037844388,9.0,0.09100598,0
Placer,2019,8,1,1.8,11.0,0,1.0,7.0,3.72,-0.8660254037844384,-0.5000000000000004,3.0,0.09466268,0
Placer,2019,9,11,8.114545454545455,19.0,0,1.0,1.0,1.8,-1.0,-1.8369701987210294e-16,4.333333333333333,0.19639058,0
Placer,2019,10,19,6.527894736842105,2.0,0,11.0,1.0,8.114545454545455,-0.8660254037844386,0.5000000000000001,10.333333333333334,0.21172956,0
Placer,2019,11,2,2.535,3.0,0,19.0,11.0,6.527894736842105,-0.5000000000000004,0.8660254037844384,10.666666666666666,0.18549703,0
Placer,2019,12,3,5.126666666666667,37.0,0,2.0,19.0,2.535,-2.4492935982947064e-16,1.0,8.0,0.039707456,0
Placer,2020,2,37,8.819459459459459,24.0,0,3.0,2.0,5.126666666666667,0.8660254037844386,0.5000000000000001,14.0,0.34589577,1
Placer,2020,3,24,7.8495833333333325,24.0,0,37.0,3.0,8.819459459459459,1.0,6.123233995736766e-17,21.333333333333332,0.29042125,0
Placer,2020,4,24,8.036666666666667,1.0,0,24.0,37.0,7.8495833333333325,0.8660254037844387,-0.4999999999999998,28.333333333333332,0.11401707,0
Placer,2020,5,1,0.45,2.0,0,24.0,24.0,8.036666666666667,0.4999999999999999,-0.8660254037844387,16.333333333333332,0.03319615,0
Placer,2020,6,2,22.865,1.0,0,1.0,24.0,0.45,1.2246467991473532e-16,-1.0,9.0,0.19449899,0
Placer,2020,7,1,3.66,2.0,0,2.0,1.0,22.865,-0.4999999999999998,-0.8660254037844388,1.3333333333333333,0.24337871,0
Placer,2020,8,2,2.71,1.0,0,1.0,2.0,3.66,-0.8660254037844384,-0.5000000000000004,1.6666666666666667,0.30581924,0
Placer,2020,9,1,10.37,46.0,1,2.0,1.0,2.71,-1.0,-1.8369701987210294e-16,1.3333333333333333,0.096505165,0
Placer,2020,10,46,18.078260869565216,3.0,0,1.0,2.0,10.37,-0.8660254037844386,0.5000000000000001,16.333333333333332,0.36248952,1
Placer,2020,11,3,1.7033333333333331,1.0,0,46.0,1.0,18.078260869565216,-0.5000000000000004,0.8660254037844384,16.666666666666668,0.12081883,0
Plumas,2019,1,7,8.754285714285714,5.0,0,8.0,60.0,5.2275,0.4999999999999999,0.8660254037844387,25.0,0.3121352,1
Plumas,2019,3,5,4.244,25.0,0,7.0,8.0,8.754285714285714,1.0,6.123233995736766e-17,6.666666666666667,0.016027298,0
Plumas,2019,4,25,24.3996,3.0,0,5.0,7.0,4.244,0.8660254037844387,-0.4999999999999998,12.333333333333334,0.060696777,0
Plumas,2019,5,3,5.14,8.0,0,25.0,5.0,24.3996,0.4999999999999999,-0.8660254037844387,11.0,0.18753482,0
Plumas,2019,6,8,4.9425,1.0,0,3.0,25.0,5.14,1.2246467991473532e-16,-1.0,12.0,0.18138604,0
Plumas,2019,7,1,33.27,3244.0,1,8.0,3.0,4.9425,-0.4999999999999998,-0.8660254037844388,4.0,0.4058373,1
Plumas,2019,9,3244,24.907638717632555,27.0,0,1.0,8.0,33.27,-1.0,-1.8369701987210294e-16,1084.3333333333333,0.06506167,0
Plumas,2019,10,27,4.440740740740741,15.0,0,3244.0,1.0,24.907638717632555,-0.8660254037844386,0.5000000000000001,1090.6666666666667,0.26024646,0
Plumas,2019,11,15,5.685333333333333,2.0,0,27.0,3244.0,4.440740740740741,-0.5000000000000004,0.8660254037844384,1095.3333333333333,0.6671368,1
Plumas,2019,12,2,15.75,8.0,0,15.0,27.0,5.685333333333333,-2.4492935982947064e-16,1.0,14.666666666666666,0.19408084,0
Plumas,2020,1,8,5.505,8.0,0,2.0,15.0,15.75,0.4999999999999999,0.8660254037844387,8.333333333333334,0.046982292,0
Plumas,2020,2,8,12.63,1.0,0,8.0,2.0,5.505,0.8660254037844386,0.5000000000000001,6.0,0.05116569,0
Plumas,2020,3,1,37.24,2.0,0,8.0,8.0,12.63,1.0,6.123233995736766e-17,5.666666666666667,0.1353582,0
Plumas,2020,6,2,2.29,3064.0,1,1.0,8.0,37.24,1.2246467991473532e-16,-1.0,3.6666666666666665,0.13770448,0
Plumas,2020,8,3064,18.069830287206265,9774.0,1,2.0,1.0,2.29,-0.8660254037844384,-0.5000000000000004,1022.3333333333334,0.62449116,1
Plumas,2020,9,9774,20.326381215469613,497.0,1,3064.0,2.0,18.069830287206265,-1.0,-1.8369701987210294e-16,4280.0,0.9362222,1
Plumas,2020,10,497,8.282334004024145,5.0,0,9774.0,3064.0,20.326381215469613,-0.8660254037844386,0.5000000000000001,4445.0,0.6640751,1
Plumas,2020,11,5,4.38,4.0,0,497.0,9774.0,8.282334004024145,-0.5000000000000004,0.8660254037844384,3425.3333333333335,0.030573428,0
Riverside,2019,1,12,2.8575,19.0,0,41.0,28.0,2.406829268292683,0.4999999999999999,0.8660254037844387,27.0,0.35917443,1
Riverside,2019,2,19,2.556842105263158,46.0,1,12.0,41.0,2.8575,0.8660254037844386,0.5000000000000001,24.0,0.15483813,0
Riverside,2019,3,46,22.306304347826085,10.0,0,19.0,12.0,2.556842105263158,1.0,6.123233995736766e-17,25.666666666666668,0.2952062,0
Riverside,2019,4,10,0.697,35.0,0,46.0,19.0,22.306304347826085,0.8660254037844387,-0.4999999999999998,25.0,0.11467304,0
Riverside,2019,5,35,11.800571428571429,37.0,0,10.0,46.0,0.697,0.4999999999999999,-0.8660254037844387,30.333333333333332,0.5077481,1
Riverside,2019,6,37,15.859459459459458,47.0,1,35.0,10.0,11.800571428571429,1.2246467991473532e-16,-1.0,27.333333333333332,0.38269973,1
Riverside,2019,7,47,8.755531914893616,18.0,0,37.0,35.0,15.859459459459458,-0.4999999999999998,-0.8660254037844388,39.666666666666664,0.37791476,1
Riverside,2019,8,18,3.187777777777778,55.0,1,47.0,37.0,8.755531914893616,-0.8660254037844384,-0.5000000000000004,34.0,0.3501679,1
Riverside,2019,9,55,37.77763636363636,95.0,1,18.0,47.0,3.187777777777778,-1.0,-1.8369701987210294e-16,40.0,0.49196082,1
Riverside,2019,10,95,19.49978947368421,89.0,1,55.0,18.0,37.77763636363636,-0.8660254037844386,0.5000000000000001,56.0,0.0830675,0
Riverside,2019,11,89,2.4487640449438204,22.0,0,95.0,55.0,19.49978947368421,-0.5000000000000004,0.8660254037844384,79.66666666666667,0.88500476,1
Riverside,2019,12,22,3.0109090909090908,25.0,0,89.0,95.0,2.4487640449438204,-2.4492935982947064e-16,1.0,68.66666666666667,0.045037694,0
Riverside,2020,1,25,4.7576,32.0,0,22.0,89.0,3.0109090909090908,0.4999999999999999,0.8660254037844387,45.333333333333336,0.28925046,0
Riverside,2020,2,32,10.4465625,20.0,0,25.0,22.0,4.7576,0.8660254037844386,0.5000000000000001,26.333333333333332,0.17754355,0
Riverside,2020,3,20,33.560500000000005,10.0,0,32.0,25.0,10.4465625,1.0,6.123233995736766e-17,25.666666666666668,0.13837886,0
Riverside,2020,4,10,1.399,41.0,0,20.0,32.0,33.560500000000005,0.8660254037844387,-0.4999999999999998,20.666666666666668,0.031162973,0
Riverside,2020,5,41,3.908780487804878,67.0,1,10.0,20.0,1.399,0.4999999999999999,-0.8660254037844387,23.666666666666668,0.41124296,1
Riverside,2020,6,67,5.0244776119402985,82.0,1,41.0,10.0,3.908780487804878,1.2246467991473532e-16,-1.0,39.333333333333336,0.34969935,1
Riverside,2020,7,82,11.477926829268291,433.0,1,67.0,41.0,5.0244776119402985,-0.4999999999999998,-0.8660254037844388,63.333333333333336,0.5398094,1
Riverside,2020,8,433,32.350715935334875,100.0,1,82.0,67.0,11.477926829268291,-0.8660254037844384,-0.5000000000000004,194.0,0.8264956,1
Riverside,2020,9,100,19.3686,33.0,0,433.0,82.0,32.350715935334875,-1.0,-1.8369701987210294e-16,205.0,0.2887628,0
Riverside,2020,10,33,8.355454545454545,69.0,1,100.0,433.0,19.3686,-0.8660254037844386,0.5000000000000001,188.66666666666663,0.37578782,1
Riverside,2020,11,69,5.311159420289855,72.0,1,33.0,100.0,8.355454545454545,-0.5000000000000004,0.8660254037844384,67.33333333333333,0.17315723,0
Sacramento,2019,1,2,2.415,7.0,0,2.0,10.0,5.51,0.4999999999999999,0.8660254037844387,4.666666666666667,0.082400255,0
Sacramento,2019,3,7,4.147142857142858,14.0,0,2.0,2.0,2.415,1.0,6.123233995736766e-17,3.6666666666666665,0.020753538,0
Sacramento,2019,4,14,7.177142857142857,8.0,0,7.0,2.0,4.147142857142858,0.8660254037844387,-0.4999999999999998,7.666666666666667,0.08275795,0
Sacramento,2019,5,8,6.705,17.0,0,14.0,7.0,7.177142857142857,0.4999999999999999,-0.8660254037844387,9.666666666666666,0.25384438,0
Sacramento,2019,6,17,9.744117647058824,17.0,0,8.0,14.0,6.705,1.2246467991473532e-16,-1.0,13.0,0.40224582,1
Sacramento,2019,7,17,17.44235294117647,6.0,0,17.0,8.0,9.744117647058824,-0.4999999999999998,-0.8660254037844388,14.0,0.2943134,0
Sacramento,2019,8,6,8.071666666666667,16.0,0,17.0,17.0,17.44235294117647,-0.8660254037844384,-0.5000000000000004,13.333333333333334,0.47034222,1
Sacramento,2019,9,16,1.505,34.0,0,6.0,17.0,8.071666666666667,-1.0,-1.8369701987210294e-16,13.0,0.30454004,0
Sacramento,2019,10,34,4.836176470588235,18.0,0,16.0,6.0,1.505,-0.8660254037844386,0.5000000000000001,18.666666666666668,0.09326094,0
Sacramento,2019,11,18,4.004444444444444,1.0,0,34.0,16.0,4.836176470588235,-0.5000000000000004,0.8660254037844384,22.666666666666668,0.21559618,0
Sacramento,2019,12,1,3.84,3.0,0,18.0,34.0,4.004444444444444,-2.4492935982947064e-16,1.0,17.666666666666668,0.035222672,0
Sacramento,2020,1,3,2.8033333333333332,32.0,0,1.0,18.0,3.84,0.4999999999999999,0.8660254037844387,7.333333333333333,0.051099658,0
Sacramento,2020,2,32,8.388125,8.0,0,3.0,1.0,2.8033333333333332,0.8660254037844386,0.5000000000000001,12.0,0.0845739,0
Sacramento,2020,3,8,3.4212499999999997,6.0,0,32.0,3.0,8.388125,1.0,6.123233995736766e-17,14.333333333333334,0.03499184,0
Sacramento,2020,4,6,4.715,19.0,0,8.0,32.0,3.4212499999999997,0.8660254037844387,-0.4999999999999998,15.333333333333334,0.027189378,0
Sacramento,2020,5,19,7.01421052631579,47.0,1,6.0,8.0,4.715,0.4999999999999999,-0.8660254037844387,11.0,0.31954408,1
Sacramento,2020,6,47,33.058297872340425,5.0,0,19.0,6.0,7.01421052631579,1.2246467991473532e-16,-1.0,24.0,0.362549,1
Sacramento,2020,7,5,6.497999999999999,12.0,0,47.0,19.0,33.058297872340425,-0.4999999999999998,-0.8660254037844388,23.666666666666668,0.08715406,0
Sacramento,2020,8,12,2.39,27.0,0,5.0,47.0,6.497999999999999,-0.8660254037844384,-0.5000000000000004,21.333333333333332,0.13760015,0
Sacramento,2020,9,27,15.082962962962965,9.0,0,12.0,5.0,2.39,-1.0,-1.8369701987210294e-16,14.666666666666666,0.50326073,1
Sacramento,2020,10,9,4.751111111111111,26.0,0,27.0,12.0,15.082962962962965,-0.8660254037844386,0.5000000000000001,16.0,0.1085807,0
Sacramento,2020,11,26,7.038461538461538,7.0,0,9.0,27.0,4.751111111111111,-0.5000000000000004,0.8660254037844384,20.666666666666668,0.23642477,0
San Benito,2019,3,6,3.3800000000000003,6.0,0,11.0,89.0,4.594545454545455,1.0,6.123233995736766e-17,35.333333333333336,0.036360044,0
San Benito,2019,7,6,18.42,2.0,0,6.0,11.0,3.3800000000000003,-0.4999999999999998,-0.8660254037844388,7.666666666666667,0.19041632,0
San Benito,2019,8,2,24.36,7.0,0,6.0,6.0,18.42,-0.8660254037844384,-0.5000000000000004,4.666666666666667,0.13166718,0
San Benito,2019,9,7,28.03857142857143,89.0,1,2.0,6.0,24.36,-1.0,-1.8369701987210294e-16,5.0,0.17002021,0
San Benito,2019,11,89,6.660898876404495,1.0,0,7.0,2.0,28.03857142857143,-0.5000000000000004,0.8660254037844384,32.666666666666664,0.18677126,0
San Benito,2019,12,1,3.58,7.0,0,89.0,7.0,6.660898876404495,-2.4492935982947064e-16,1.0,32.333333333333336,0.014420291,0
San Benito,2020,2,7,4.2542857142857144,2.0,0,1.0,89.0,3.58,0.8660254037844386,0.5000000000000001,32.333333333333336,0.09725798,0
San Benito,2020,3,2,3.49,3.0,0,7.0,1.0,4.2542857142857144,1.0,6.123233995736766e-17,3.3333333333333335,0.04708655,0
San Benito,2020,4,3,8.74,1.0,0,2.0,7.0,3.49,0.8660254037844387,-0.4999999999999998,4.0,0.038463105,0
San Benito,2020,5,1,4.98,17.0,0,3.0,2.0,8.74,0.4999999999999999,-0.8660254037844387,2.0,0.1366212,0
San Benito,2020,6,17,85.01058823529412,6.0,0,1.0,3.0,4.98,1.2246467991473532e-16,-1.0,7.0,0.4634919,1
San Benito,2020,7,6,23.713333333333335,1.0,0,17.0,1.0,85.01058823529412,-0.4999999999999998,-0.8660254037844388,8.0,0.69151384,1
San Benito,2020,10,1,2.5,11.0,0,6.0,17.0,23.713333333333335,-0.8660254037844386,0.5000000000000001,8.0,0.031125212,0
San Benito,2020,11,11,45.21,4.0,0,1.0,6.0,2.5,-0.5000000000000004,0.8660254037844384,6.0,0.08870376,0
San Bernardino,2019,1,102,2.0777450980392156,82.0,1,107.0,156.0,1.8957943925233645,0.4999999999999999,0.8660254037844387,121.66666666666669,0.978827,1
San Bernardino,2019,2,82,2.113048780487805,87.0,1,102.0,107.0,2.0777450980392156,0.8660254037844386,0.5000000000000001,97.0,0.98016435,1
San Bernardino,2019,3,87,1.832183908045977,139.0,1,82.0,102.0,2.113048780487805,1.0,6.123233995736766e-17,90.33333333333331,0.9927817,1
San Bernardino,2019,4,139,1.5942446043165468,114.0,1,87.0,82.0,1.832183908045977,0.8660254037844387,-0.4999999999999998,102.66666666666669,0.9952378,1
San Bernardino,2019,5,114,1.4809649122807018,157.0,1,139.0,87.0,1.5942446043165468,0.4999999999999999,-0.8660254037844387,113.33333333333331,0.9971859,1
San Bernardino,2019,6,157,1.7698089171974525,148.0,1,114.0,139.0,1.4809649122807018,1.2246467991473532e-16,-1.0,136.66666666666666,0.9954253,1
San Bernardino,2019,7,148,3.2698648648648647,167.0,1,157.0,114.0,1.7698089171974525,-0.4999999999999998,-0.8660254037844388,139.66666666666666,0.99336123,1
San Bernardino,2019,8,167,2.182754491017964,152.0,1,148.0,157.0,3.2698648648648647,-0.8660254037844384,-0.5000000000000004,157.33333333333334,0.99366707,1
San Bernardino,2019,9,152,1.5233552631578948,199.0,1,167.0,148.0,2.182754491017964,-1.0,-1.8369701987210294e-16,155.66666666666666,0.9975822,1
San Bernardino,2019,10,199,4.796984924623116,112.0,1,152.0,167.0,1.5233552631578948,-0.8660254037844386,0.5000000000000001,172.66666666666666,0.98582214,1
San Bernardino,2019,11,112,1.760982142857143,42.0,0,199.0,152.0,4.796984924623116,-0.5000000000000004,0.8660254037844384,154.33333333333334,0.98584867,1
San Bernardino,2019,12,42,1.7111904761904764,89.0,1,112.0,199.0,1.760982142857143,-2.4492935982947064e-16,1.0,117.66666666666669,0.3013701,0
San Bernardino,2020,1,89,1.5898876404494382,85.0,1,42.0,112.0,1.7111904761904764,0.4999999999999999,0.8660254037844387,81.0,0.97081864,1
San Bernardino,2020,2,85,1.8011764705882352,78.0,1,89.0,42.0,1.5898876404494382,0.8660254037844386,0.5000000000000001,72.0,0.97910506,1
San Bernardino,2020,3,78,2.0911538461538464,89.0,1,85.0,89.0,1.8011764705882352,1.0,6.123233995736766e-17,84.0,0.9775583,1
San Bernardino,2020,4,89,1.3917977528089889,162.0,1,78.0,85.0,2.0911538461538464,0.8660254037844387,-0.4999999999999998,84.0,0.99088705,1
San Bernardino,2020,5,162,3.431666666666666,104.0,1,89.0,78.0,1.3917977528089889,0.4999999999999999,-0.8660254037844387,109.66666666666669,0.9904226,1
San Bernardino,2020,6,104,2.788557692307692,163.0,1,162.0,89.0,3.431666666666666,1.2246467991473532e-16,-1.0,118.33333333333331,0.98983485,1
San Bernardino,2020,7,163,7.334049079754601,912.0,1,104.0,162.0,2.788557692307692,-0.4999999999999998,-0.8660254037844388,143.0,0.98427594,1
San Bernardino,2020,8,912,18.707620614035086,1629.0,1,163.0,104.0,7.334049079754601,-0.8660254037844384,-0.5000000000000004,393.0,0.93909365,1
San Bernardino,2020,9,1629,28.890705954573356,325.0,1,912.0,163.0,18.707620614035086,-1.0,-1.8369701987210294e-16,901.3333333333334,0.6662043,1
San Bernardino,2020,10,325,10.912184615384616,153.0,1,1629.0,912.0,28.890705954573356,-0.8660254037844386,0.5000000000000001,955.3333333333334,0.5526394,1
San Bernardino,2020,11,153,2.071764705882353,108.0,1,325.0,1629.0,10.912184615384616,-0.5000000000000004,0.8660254037844384,702.3333333333334,0.8334731,1
San Diego,2019,1,17,8.025882352941176,13.0,0,19.0,16.0,4.298421052631579,0.4999999999999999,0.8660254037844387,17.333333333333332,0.38158467,1
San Diego,2019,2,13,3.5453846153846156,13.0,0,17.0,19.0,8.025882352941176,0.8660254037844386,0.5000000000000001,16.333333333333332,0.05791684,0
San Diego,2019,3,13,3.983076923076923,11.0,0,13.0,17.0,3.5453846153846156,1.0,6.123233995736766e-17,14.333333333333334,0.14456372,0
San Diego,2019,4,11,6.7763636363636355,13.0,0,13.0,13.0,3.983076923076923,0.8660254037844387,-0.4999999999999998,12.333333333333334,0.063178025,0
San Diego,2019,5,13,4.552307692307692,27.0,0,11.0,13.0,6.7763636363636355,0.4999999999999999,-0.8660254037844387,12.333333333333334,0.19192472,0
San Diego,2019,6,27,6.782592592592592,30.0,0,13.0,11.0,4.552307692307692,1.2246467991473532e-16,-1.0,17.0,0.4032552,1
San Diego,2019,7,30,4.949333333333333,43.0,0,27.0,13.0,6.782592592592592,-0.4999999999999998,-0.8660254037844388,23.333333333333332,0.22034176,0
San Diego,2019,8,43,11.073488372093022,17.0,0,30.0,27.0,4.949333333333333,-0.8660254037844384,-0.5000000000000004,33.333333333333336,0.5891261,1
San Diego,2019,9,17,2.3458823529411768,42.0,0,43.0,30.0,11.073488372093022,-1.0,-1.8369701987210294e-16,30.0,0.6139539,1
San Diego,2019,10,42,5.916428571428572,12.0,0,17.0,43.0,2.3458823529411768,-0.8660254037844386,0.5000000000000001,34.0,0.661614,1
San Diego,2019,11,12,0.7391666666666666,13.0,0,42.0,17.0,5.916428571428572,-0.5000000000000004,0.8660254037844384,23.666666666666668,0.27909377,0
San Diego,2019,12,13,2.3861538461538463,21.0,0,12.0,42.0,0.7391666666666666,-2.4492935982947064e-16,1.0,22.333333333333332,0.0057731452,0
San Diego,2020,1,21,4.387142857142857,36.0,0,13.0,12.0,2.3861538461538463,0.4999999999999999,0.8660254037844387,15.333333333333334,0.1164999,0
San Diego,2020,2,36,6.049444444444444,20.0,0,21.0,13.0,4.387142857142857,0.8660254037844386,0.5000000000000001,23.333333333333332,0.1620819,0
San Diego,2020,3,20,7.848999999999999,13.0,0,36.0,21.0,6.049444444444444,1.0,6.123233995736766e-17,25.666666666666668,0.3484837,1
San Diego,2020,4,13,0.3346153846153846,35.0,0,20.0,36.0,7.848999999999999,0.8660254037844387,-0.4999999999999998,23.0,0.007308304,0
San Diego,2020,5,35,13.853714285714286,174.0,1,13.0,20.0,0.3346153846153846,0.4999999999999999,-0.8660254037844387,22.666666666666668,0.4350351,1
San Diego,2020,6,174,10.765459770114942,24.0,0,35.0,13.0,13.853714285714286,1.2246467991473532e-16,-1.0,74.0,0.75720495,1
San Diego,2020,7,24,2.36875,22.0,0,174.0,35.0,10.765459770114942,-0.4999999999999998,-0.8660254037844388,77.66666666666667,0.30072215,0
San Diego,2020,8,22,8.756818181818183,204.0,1,24.0,174.0,2.36875,-0.8660254037844384,-0.5000000000000004,73.33333333333333,0.3841808,1
San Diego,2020,9,204,16.697598039215688,17.0,0,22.0,24.0,8.756818181818183,-1.0,-1.8369701987210294e-16,83.33333333333333,0.50686544,1
San Diego,2020,10,17,0.8094117647058824,13.0,0,204.0,22.0,16.697598039215688,-0.8660254037844386,0.5000000000000001,81.0,0.19453573,0
San Diego,2020,11,13,0.4499999999999999,43.0,0,17.0,204.0,0.8094117647058824,-0.5000000000000004,0.8660254037844384,78.0,0.028591035,0
San Joaquin,2019,1,16,3.2993750000000004,13.0,0,23.0,16.0,2.2778260869565217,0.4999999999999999,0.8660254037844387,18.333333333333332,0.2838433,0
San Joaquin,2019,2,13,5.1184615384615375,40.0,0,16.0,23.0,3.2993750000000004,0.8660254037844386,0.5000000000000001,17.333333333333332,0.072278105,0
San Joaquin,2019,3,40,2.7947499999999996,33.0,0,13.0,16.0,5.1184615384615375,1.0,6.123233995736766e-17,23.0,0.15766697,0
San Joaquin,2019,4,33,3.0336363636363637,34.0,0,40.0,13.0,2.7947499999999996,0.8660254037844387,-0.4999999999999998,28.666666666666668,0.1756727,0
San Joaquin,2019,5,34,2.333235294117647,40.0,0,33.0,40.0,3.0336363636363637,0.4999999999999999,-0.8660254037844387,35.666666666666664,0.37615368,1
San Joaquin,2019,6,40,3.65925,43.0,0,34.0,33.0,2.333235294117647,1.2246467991473532e-16,-1.0,35.666666666666664,0.48264802,1
San Joaquin,2019,7,43,4.703720930232558,59.0,1,40.0,34.0,3.65925,-0.4999999999999998,-0.8660254037844388,39.0,0.3650226,1
San Joaquin,2019,8,59,7.922033898305085,35.0,0,43.0,40.0,4.703720930232558,-0.8660254037844384,-0.5000000000000004,47.333333333333336,0.50041485,1
San Joaquin,2019,9,35,6.658,54.0,1,59.0,43.0,7.922033898305085,-1.0,-1.8369701987210294e-16,45.666666666666664,0.8446128,1
San Joaquin,2019,10,54,3.2081481481481484,81.0,1,35.0,59.0,6.658,-0.8660254037844386,0.5000000000000001,49.333333333333336,0.5101693,1
San Joaquin,2019,11,81,4.467407407407408,15.0,0,54.0,35.0,3.2081481481481484,-0.5000000000000004,0.8660254037844384,56.666666666666664,0.20780015,0
San Joaquin,2019,12,15,2.9299999999999997,7.0,0,81.0,54.0,4.467407407407408,-2.4492935982947064e-16,1.0,50.0,0.028879335,0
San Joaquin,2020,1,7,1.9385714285714288,71.0,1,15.0,81.0,2.9299999999999997,0.4999999999999999,0.8660254037844387,34.333333333333336,0.18819462,0
San Joaquin,2020,2,71,3.244225352112676,67.0,1,7.0,15.0,1.9385714285714288,0.8660254037844386,0.5000000000000001,31.0,0.31669632,1
San Joaquin,2020,3,67,4.520746268656716,54.0,1,71.0,7.0,3.244225352112676,1.0,6.123233995736766e-17,48.333333333333336,0.36096588,1
San Joaquin,2020,4,54,3.7,26.0,0,67.0,71.0,4.520746268656716,0.8660254037844387,-0.4999999999999998,64.0,0.40447807,1
San Joaquin,2020,5,26,2.590384615384615,37.0,0,54.0,67.0,3.7,0.4999999999999999,-0.8660254037844387,49.0,0.28301597,0
San Joaquin,2020,6,37,2.6524324324324327,33.0,0,26.0,54.0,2.590384615384615,1.2246467991473532e-16,-1.0,39.0,0.70206755,1
San Joaquin,2020,7,33,2.7515151515151515,778.0,1,37.0,26.0,2.6524324324324327,-0.4999999999999998,-0.8660254037844388,32.0,0.39877483,1
San Joaquin,2020,8,778,21.5260411311054,22.0,0,33.0,37.0,2.7515151515151515,-0.8660254037844384,-0.5000000000000004,282.6666666666667,0.8119315,1
San Joaquin,2020,9,22,1.4745454545454544,31.0,0,778.0,33.0,21.5260411311054,-1.0,-1.8369701987210294e-16,277.6666666666667,0.5045718,1
San Joaquin,2020,10,31,0.9532258064516128,77.0,1,22.0,778.0,1.4745454545454544,-0.8660254037844386,0.5000000000000001,277.0,0.45844713,1
San Joaquin,2020,11,77,2.647142857142857,32.0,0,31.0,22.0,0.9532258064516128,-0.5000000000000004,0.8660254037844384,43.333333333333336,0.489538,1
San Luis Obispo,2019,1,7,5.799999999999999,3.0,0,3.0,91.0,6.136666666666667,0.4999999999999999,0.8660254037844387,33.666666666666664,0.38992283,1
San Luis Obispo,2019,3,3,1.9733333333333336,16.0,0,7.0,3.0,5.799999999999999,1.0,6.123233995736766e-17,4.333333333333333,0.047365453,0
San Luis Obispo,2019,4,16,6.20125,2.0,0,3.0,7.0,1.9733333333333336,0.8660254037844387,-0.4999999999999998,8.666666666666666,0.043417748,0
San Luis Obispo,2019,5,2,3.545,20.0,0,16.0,3.0,6.20125,0.4999999999999999,-0.8660254037844387,7.0,0.22690405,0
San Luis Obispo,2019,6,20,54.705499999999994,1.0,0,2.0,16.0,3.545,1.2246467991473532e-16,-1.0,12.666666666666666,0.4620039,1
San Luis Obispo,2019,7,1,1.86,2.0,0,20.0,2.0,54.705499999999994,-0.4999999999999998,-0.8660254037844388,7.666666666666667,0.4069164,1
San Luis Obispo,2019,8,2,6.1899999999999995,3.0,0,1.0,20.0,1.86,-0.8660254037844384,-0.5000000000000004,7.666666666666667,0.07981391,0
San Luis Obispo,2019,9,3,0.6433333333333334,7.0,0,2.0,1.0,6.1899999999999995,-1.0,-1.8369701987210294e-16,2.0,0.10498778,0
San Luis Obispo,2019,10,7,1.804285714285714,51.0,1,3.0,2.0,0.6433333333333334,-0.8660254037844386,0.5000000000000001,4.0,0.20935641,0
San Luis Obispo,2019,11,51,11.256078431372549,14.0,0,7.0,3.0,1.804285714285714,-0.5000000000000004,0.8660254037844384,20.333333333333332,0.2610951,0
San Luis Obispo,2019,12,14,5.239285714285714,44.0,0,51.0,7.0,11.256078431372549,-2.4492935982947064e-16,1.0,24.0,0.02246734,0
San Luis Obispo,2020,1,44,5.357954545454546,21.0,0,14.0,51.0,5.239285714285714,0.4999999999999999,0.8660254037844387,36.333333333333336,0.32579425,1
San Luis Obispo,2020,2,21,6.483333333333333,24.0,0,44.0,14.0,5.357954545454546,0.8660254037844386,0.5000000000000001,26.333333333333332,0.3938138,1
San Luis Obispo,2020,3,24,9.71625,12.0,0,21.0,44.0,6.483333333333333,1.0,6.123233995736766e-17,29.666666666666668,0.31930172,1
San Luis Obispo,2020,4,12,2.9891666666666663,5.0,0,24.0,21.0,9.71625,0.8660254037844387,-0.4999999999999998,19.0,0.08625823,0
San Luis Obispo,2020,5,5,3.258,58.0,1,12.0,24.0,2.9891666666666663,0.4999999999999999,-0.8660254037844387,13.666666666666666,0.2426053,0
San Luis Obispo,2020,6,58,22.97396551724138,21.0,0,5.0,12.0,3.258,1.2246467991473532e-16,-1.0,25.0,0.4404414,1
San Luis Obispo,2020,7,21,25.789047619047626,55.0,1,58.0,5.0,22.97396551724138,-0.4999999999999998,-0.8660254037844388,28.0,0.31876674,1
San Luis Obispo,2020,8,55,3.831636363636364,2.0,0,21.0,58.0,25.789047619047626,-0.8660254037844384,-0.5000000000000004,44.666666666666664,0.5200417,1
San Luis Obispo,2020,9,2,12.5,72.0,1,55.0,21.0,3.831636363636364,-1.0,-1.8369701987210294e-16,26.0,0.4402145,1
San Luis Obispo,2020,11,72,158.92347222222222,4.0,0,2.0,55.0,12.5,-0.5000000000000004,0.8660254037844384,43.0,0.14951764,0
San Mateo,2019,9,2,1.825,1.0,0,2.0,3.0,0.3,-1.0,-1.8369701987210294e-16,2.3333333333333335,0.1646,0
San Mateo,2019,10,1,0.55,1.0,0,2.0,2.0,1.825,-0.8660254037844386,0.5000000000000001,1.6666666666666667,0.12486821,0
San Mateo,2020,2,1,0.49,827.0,1,1.0,2.0,0.55,0.8660254037844386,0.5000000000000001,1.3333333333333333,0.018220715,0
San Mateo,2020,8,827,13.211753325272069,3.0,0,1.0,1.0,0.49,-0.8660254037844384,-0.5000000000000004,276.3333333333333,0.6938289,1
San Mateo,2020,9,3,2.5933333333333333,3.0,0,827.0,1.0,13.211753325272069,-1.0,-1.8369701987210294e-16,277.0,0.11323683,0
San Mateo,2020,10,3,2.9933333333333336,2.0,0,3.0,827.0,2.5933333333333333,-0.8660254037844386,0.5000000000000001,277.6666666666667,0.13345724,0
Santa Barbara,2019,1,6,2.885,3.0,0,4.0,14.0,5.4825,0.4999999999999999,0.8660254037844387,8.0,0.1309514,0
Santa Barbara,2019,2,3,2.6833333333333336,2.0,0,6.0,4.0,2.885,0.8660254037844386,0.5000000000000001,4.333333333333333,0.02048554,0
Santa Barbara,2019,4,2,2.94,10.0,0,3.0,6.0,2.6833333333333336,0.8660254037844387,-0.4999999999999998,3.6666666666666665,0.030079478,0
Santa Barbara,2019,6,10,15.339,19.0,0,2.0,3.0,2.94,1.2246467991473532e-16,-1.0,5.0,0.16517322,0
Santa Barbara,2019,7,19,12.687894736842106,4.0,0,10.0,2.0,15.339,-0.4999999999999998,-0.8660254037844388,10.333333333333334,0.7139913,1
Santa Barbara,2019,9,4,2.5125,1.0,0,19.0,10.0,12.687894736842106,-1.0,-1.8369701987210294e-16,11.0,0.20447081,0
Santa Barbara,2019,10,1,0.6,130.0,1,4.0,19.0,2.5125,-0.8660254037844386,0.5000000000000001,8.0,0.011299373,0
Santa Barbara,2019,11,130,22.265384615384615,2.0,0,1.0,4.0,0.6,-0.5000000000000004,0.8660254037844384,45.0,0.15503377,0
Santa Barbara,2019,12,2,4.51,11.0,0,130.0,1.0,22.265384615384615,-2.4492935982947064e-16,1.0,44.333333333333336,0.0056896876,0
Santa Barbara,2020,1,11,3.2018181818181817,8.0,0,2.0,130.0,4.51,0.4999999999999999,0.8660254037844387,47.666666666666664,0.07536281,0
Santa Barbara,2020,2,8,4.26625,2.0,0,11.0,2.0,3.2018181818181817,0.8660254037844386,0.5000000000000001,7.0,0.023058303,0
Santa Barbara,2020,3,2,1.845,1.0,0,8.0,11.0,4.26625,1.0,6.123233995736766e-17,7.0,0.041429415,0
Santa Barbara,2020,4,1,3.08,6.0,0,2.0,8.0,1.845,0.8660254037844387,-0.4999999999999998,3.6666666666666665,0.020648615,0
Santa Barbara,2020,5,6,11.886666666666663,21.0,0,1.0,2.0,3.08,0.4999999999999999,-0.8660254037844387,3.0,0.12234792,0
Santa Barbara,2020,6,21,35.98095238095238,12.0,0,6.0,1.0,11.886666666666663,1.2246467991473532e-16,-1.0,9.333333333333334,0.32825345,1
Santa Barbara,2020,7,12,20.8175,6.0,0,21.0,6.0,35.98095238095238,-0.4999999999999998,-0.8660254037844388,13.0,0.28752077,0
Santa Barbara,2020,8,6,7.315,3.0,0,12.0,21.0,20.8175,-0.8660254037844384,-0.5000000000000004,13.0,0.48679167,1
Santa Barbara,2020,9,3,17.49,3.0,0,6.0,12.0,7.315,-1.0,-1.8369701987210294e-16,7.0,0.3878086,1
Santa Barbara,2020,10,3,13.073333333333332,18.0,0,3.0,6.0,17.49,-0.8660254037844386,0.5000000000000001,4.0,0.08339427,0
Santa Clara,2019,1,11,1.3318181818181818,6.0,0,16.0,31.0,0.899375,0.4999999999999999,0.8660254037844387,19.333333333333332,0.054787345,0
Santa Clara,2019,2,6,0.5916666666666667,23.0,0,11.0,16.0,1.3318181818181818,0.8660254037844386,0.5000000000000001,11.0,0.009958415,0
Santa Clara,2019,3,23,0.8873913043478261,24.0,0,6.0,11.0,0.5916666666666667,1.0,6.123233995736766e-17,13.333333333333334,0.044779636,0
Santa Clara,2019,4,24,0.5691666666666667,20.0,0,23.0,6.0,0.8873913043478261,0.8660254037844387,-0.4999999999999998,17.666666666666668,0.019019345,0
Santa Clara,2019,5,20,0.7855000000000001,37.0,0,24.0,23.0,0.5691666666666667,0.4999999999999999,-0.8660254037844387,22.333333333333332,0.052849982,0
Santa Clara,2019,6,37,0.7664864864864864,67.0,1,20.0,24.0,0.7855000000000001,1.2246467991473532e-16,-1.0,27.0,0.45292306,1
Santa Clara,2019,7,67,1.3782089552238803,55.0,1,37.0,20.0,0.7664864864864864,-0.4999999999999998,-0.8660254037844388,41.333333333333336,0.86987364,1
Santa Clara,2019,8,55,0.836,55.0,1,67.0,37.0,1.3782089552238803,-0.8660254037844384,-0.5000000000000004,53.0,0.5845492,1
Santa Clara,2019,9,55,0.8674545454545455,50.0,1,55.0,67.0,0.836,-1.0,-1.8369701987210294e-16,59.0,0.7756401,1
Santa Clara,2019,10,50,0.6372,31.0,0,55.0,55.0,0.8674545454545455,-0.8660254037844386,0.5000000000000001,53.333333333333336,0.5010744,1
Santa Clara,2019,11,31,0.6648387096774193,6.0,0,50.0,55.0,0.6372,-0.5000000000000004,0.8660254037844384,45.333333333333336,0.20983565,0
Santa Clara,2019,12,6,0.725,12.0,0,31.0,50.0,0.6648387096774193,-2.4492935982947064e-16,1.0,29.0,0.014857827,0
Santa Clara,2020,1,12,0.7016666666666667,30.0,0,6.0,31.0,0.725,0.4999999999999999,0.8660254037844387,16.333333333333332,0.016140677,0
Santa Clara,2020,2,30,0.7186666666666667,24.0,0,12.0,6.0,0.7016666666666667,0.8660254037844386,0.5000000000000001,16.0,0.038036514,0
Santa Clara,2020,3,24,0.7179166666666666,33.0,0,30.0,12.0,0.7186666666666667,1.0,6.123233995736766e-17,22.0,0.06336283,0
Santa Clara,2020,4,33,0.6318181818181818,37.0,0,24.0,30.0,0.7179166666666666,0.8660254037844387,-0.4999999999999998,29.0,0.04617513,0
Santa Clara,2020,5,37,1.0497297297297297,38.0,0,33.0,24.0,0.6318181818181818,0.4999999999999999,-0.8660254037844387,31.333333333333332,0.8024731,1
Santa Clara,2020,6,38,0.7963157894736842,180.0,1,37.0,33.0,1.0497297297297297,1.2246467991473532e-16,-1.0,36.0,0.6085477,1
Santa Clara,2020,7,180,3.899277777777778,4810.0,1,38.0,37.0,0.7963157894736842,-0.4999999999999998,-0.8660254037844388,85.0,0.8700653,1
Santa Clara,2020,8,4810,25.19150311850312,57.0,1,180.0,38.0,3.899277777777778,-0.8660254037844384,-0.5000000000000004,1676.0,0.9044571,1
Santa Clara,2020,9,57,2.773684210526316,33.0,0,4810.0,180.0,25.19150311850312,-1.0,-1.8369701987210294e-16,1682.3333333333333,0.69514126,1
Santa Clara,2020,10,33,0.5812121212121212,31.0,0,57.0,4810.0,2.773684210526316,-0.8660254037844386,0.5000000000000001,1633.3333333333333,0.654708,1
Santa Clara,2020,11,31,0.7051612903225807,22.0,0,33.0,57.0,0.5812121212121212,-0.5000000000000004,0.8660254037844384,40.333333333333336,0.06508243,0
Santa Cruz,2019,5,1,4.38,1.0,0,5.0,1.0,8.434000000000001,0.4999999999999999,-0.8660254037844387,2.3333333333333335,0.11637218,0
Santa Cruz,2019,6,1,1.84,7.0,0,1.0,5.0,4.38,1.2246467991473532e-16,-1.0,2.3333333333333335,0.27032593,0
Santa Cruz,2019,7,7,5.681428571428571,7.0,0,1.0,1.0,1.84,-0.4999999999999998,-0.8660254037844388,3.0,0.2623865,0
Santa Cruz,2019,8,7,11.7,1.0,0,7.0,1.0,5.681428571428571,-0.8660254037844384,-0.5000000000000004,5.0,0.4078426,1
Santa Cruz,2019,10,1,3.47,9.0,0,7.0,7.0,11.7,-0.8660254037844386,0.5000000000000001,5.0,0.040723175,0
Santa Cruz,2020,2,9,26.348888888888887,3.0,0,1.0,7.0,3.47,0.8660254037844386,0.5000000000000001,5.666666666666667,0.023463449,0
Santa Cruz,2020,4,3,4.183333333333333,2118.0,1,9.0,1.0,26.348888888888887,0.8660254037844387,-0.4999999999999998,4.333333333333333,0.03283589,0
Santa Cruz,2020,8,2118,27.87199716713881,4.0,0,3.0,9.0,4.183333333333333,-0.8660254037844384,-0.5000000000000004,710.0,0.645666,1
Santa Cruz,2020,9,4,1.2425,1.0,0,2118.0,3.0,27.87199716713881,-1.0,-1.8369701987210294e-16,708.3333333333334,0.061865605,0
Santa Cruz,2020,10,1,3.63,4.0,0,4.0,2118.0,1.2425,-0.8660254037844386,0.5000000000000001,707.6666666666666,0.08643547,0
Santa Cruz,2020,11,4,7.5575,1.0,0,1.0,4.0,3.63,-0.5000000000000004,0.8660254037844384,3.0,0.04784983,0
Shasta,2019,1,16,7.89375,2.0,0,84.0,6.0,3.891190476190476,0.4999999999999999,0.8660254037844387,35.333333333333336,0.33449167,1
Shasta,2019,2,2,2.615,11.0,0,16.0,84.0,7.89375,0.8660254037844386,0.5000000000000001,34.0,0.018748395,0
Shasta,2019,3,11,4.3999999999999995,9.0,0,2.0,16.0,2.615,1.0,6.123233995736766e-17,9.666666666666666,0.044422008,0
Shasta,2019,4,9,8.248888888888889,15.0,0,11.0,2.0,4.3999999999999995,0.8660254037844387,-0.4999999999999998,7.333333333333333,0.04257915,0
Shasta,2019,5,15,8.787333333333333,2.0,0,9.0,11.0,8.248888888888889,0.4999999999999999,-0.8660254037844387,11.666666666666666,0.25669384,0
Shasta,2019,6,2,1.1,12.0,0,15.0,9.0,8.787333333333333,1.2246467991473532e-16,-1.0,8.666666666666666,0.27211246,0
Shasta,2019,7,12,5.305833333333333,39.0,0,2.0,15.0,1.1,-0.4999999999999998,-0.8660254037844388,9.666666666666666,0.16756439,0
Shasta,2019,8,39,11.380512820512822,11.0,0,12.0,2.0,5.305833333333333,-0.8660254037844384,-0.5000000000000004,17.666666666666668,0.7832149,1
Shasta,2019,9,11,1.7763636363636364,8.0,0,39.0,12.0,11.380512820512822,-1.0,-1.8369701987210294e-16,20.666666666666668,0.3502415,1
Shasta,2019,10,8,17.44,25.0,0,11.0,39.0,1.7763636363636364,-0.8660254037844386,0.5000000000000001,19.333333333333332,0.09758634,0
Shasta,2019,11,25,16.9404,40.0,0,8.0,11.0,17.44,-0.5000000000000004,0.8660254037844384,14.666666666666666,0.12473256,0
Shasta,2019,12,40,4.571,56.0,1,25.0,8.0,16.9404,-2.4492935982947064e-16,1.0,24.333333333333332,0.019369688,0
Shasta,2020,1,56,6.449464285714286,46.0,1,40.0,25.0,4.571,0.4999999999999999,0.8660254037844387,40.333333333333336,0.47502452,1
Shasta,2020,2,46,7.009347826086957,56.0,1,56.0,40.0,6.449464285714286,0.8660254037844386,0.5000000000000001,47.333333333333336,0.6557141,1
Shasta,2020,3,56,6.345178571428571,18.0,0,46.0,56.0,7.009347826086957,1.0,6.123233995736766e-17,52.666666666666664,0.7203975,1
Shasta,2020,4,18,14.885,5.0,0,56.0,46.0,6.345178571428571,0.8660254037844387,-0.4999999999999998,40.0,0.21326463,0
Shasta,2020,5,5,1.45,9.0,0,18.0,56.0,14.885,0.4999999999999999,-0.8660254037844387,26.333333333333332,0.26718703,0
Shasta,2020,6,9,11.237777777777778,18.0,0,5.0,18.0,1.45,1.2246467991473532e-16,-1.0,10.666666666666666,0.23519506,0
Shasta,2020,7,18,2.7466666666666666,10.0,0,9.0,5.0,11.237777777777778,-0.4999999999999998,-0.8660254037844388,10.666666666666666,0.21231942,0
Shasta,2020,8,10,1.687,1399.0,1,18.0,9.0,2.7466666666666666,-0.8660254037844384,-0.5000000000000004,12.333333333333334,0.15510283,0
Shasta,2020,9,1399,15.688041458184417,186.0,1,10.0,18.0,1.687,-1.0,-1.8369701987210294e-16,475.6666666666667,0.3319426,1
Shasta,2020,10,186,6.132634408602151,123.0,1,1399.0,10.0,15.688041458184417,-0.8660254037844386,0.5000000000000001,531.6666666666666,0.8124903,1
Shasta,2020,11,123,9.386422764227644,92.0,1,186.0,1399.0,6.132634408602151,-0.5000000000000004,0.8660254037844384,569.3333333333334,0.7061332,1
Sierra,2019,10,15,9.303333333333336,12.0,0,6.0,9.0,2.4766666666666666,-0.8660254037844386,0.5000000000000001,10.0,0.15769193,0
Sierra,2019,11,12,6.1275,3.0,0,15.0,6.0,9.303333333333336,-0.5000000000000004,0.8660254037844384,11.0,0.09543532,0
Sierra,2019,12,3,1.65,5.0,0,12.0,15.0,6.1275,-2.4492935982947064e-16,1.0,10.0,0.09594609,0
Sierra,2020,1,5,5.2299999999999995,3.0,0,3.0,12.0,1.65,0.4999999999999999,0.8660254037844387,6.666666666666667,0.013995518,0
Sierra,2020,2,3,17.529999999999998,543.0,1,5.0,3.0,5.2299999999999995,0.8660254037844386,0.5000000000000001,3.6666666666666665,0.020402053,0
Sierra,2020,8,543,60.67681399631676,9.0,0,3.0,5.0,17.529999999999998,-0.8660254037844384,-0.5000000000000004,183.66666666666663,0.6189001,1
Sierra,2020,9,9,16.943333333333335,11.0,0,543.0,3.0,60.67681399631676,-1.0,-1.8369701987210294e-16,185.0,0.45229316,1
Siskiyou,2019,1,12,4.060833333333334,2.0,0,52.0,77.0,4.862115384615385,0.4999999999999999,0.8660254037844387,47.0,0.30935344,0
Siskiyou,2019,2,2,1.535,16.0,0,12.0,52.0,4.060833333333334,0.8660254037844386,0.5000000000000001,22.0,0.03317493,0
Siskiyou,2019,3,16,10.731875,23.0,0,2.0,12.0,1.535,1.0,6.123233995736766e-17,10.0,0.046952244,0
Siskiyou,2019,4,23,13.935652173913043,37.0,0,16.0,2.0,10.731875,0.8660254037844387,-0.4999999999999998,13.666666666666666,0.22698219,0
Siskiyou,2019,5,37,12.606486486486489,15.0,0,23.0,16.0,13.935652173913043,0.4999999999999999,-0.8660254037844387,25.333333333333332,0.51727116,1
Siskiyou,2019,6,15,7.709333333333333,4.0,0,37.0,23.0,12.606486486486489,1.2246467991473532e-16,-1.0,25.0,0.49782524,1
Siskiyou,2019,7,4,5.2875,1.0,0,15.0,37.0,7.709333333333333,-0.4999999999999998,-0.8660254037844388,18.666666666666668,0.05160554,0
Siskiyou,2019,8,1,2.98,223.0,1,4.0,15.0,5.2875,-0.8660254037844384,-0.5000000000000004,6.666666666666667,0.1154177,0
Siskiyou,2019,9,223,11.952286995515696,130.0,1,1.0,4.0,2.98,-1.0,-1.8369701987210294e-16,76.0,0.66571593,1
Siskiyou,2019,10,130,8.881384615384615,63.0,1,223.0,1.0,11.952286995515696,-0.8660254037844386,0.5000000000000001,118.0,0.8765014,1
Siskiyou,2019,11,63,5.426507936507937,65.0,1,130.0,223.0,8.881384615384615,-0.5000000000000004,0.8660254037844384,138.66666666666666,0.44966492,1
Siskiyou,2019,12,65,4.3632307692307695,1.0,0,63.0,130.0,5.426507936507937,-2.4492935982947064e-16,1.0,86.0,0.08599054,0
Siskiyou,2020,1,1,2.93,57.0,1,65.0,63.0,4.3632307692307695,0.4999999999999999,0.8660254037844387,43.0,0.16044822,0
Siskiyou,2020,2,57,14.138070175438596,8.0,0,1.0,65.0,2.93,0.8660254037844386,0.5000000000000001,41.0,0.55693585,1
Siskiyou,2020,3,8,2.90875,41.0,0,57.0,1.0,14.138070175438596,1.0,6.123233995736766e-17,22.0,0.057798654,0
Siskiyou,2020,4,41,15.614878048780488,3.0,0,8.0,57.0,2.90875,0.8660254037844387,-0.4999999999999998,35.333333333333336,0.6743604,1
Siskiyou,2020,5,3,2.5766666666666667,2.0,0,41.0,8.0,15.614878048780488,0.4999999999999999,-0.8660254037844387,17.333333333333332,0.60009277,1
Siskiyou,2020,6,2,4.4399999999999995,959.0,1,3.0,41.0,2.5766666666666667,1.2246467991473532e-16,-1.0,15.333333333333334,0.19870776,0
Siskiyou,2020,7,959,23.30424400417101,415.0,1,2.0,3.0,4.4399999999999995,-0.4999999999999998,-0.8660254037844388,321.3333333333333,0.93349427,1
Siskiyou,2020,8,415,6.771180722891566,6138.0,1,959.0,2.0,23.30424400417101,-0.8660254037844384,-0.5000000000000004,458.6666666666667,0.9056511,1
Siskiyou,2020,9,6138,17.960940045617466,1247.0,1,415.0,959.0,6.771180722891566,-1.0,-1.8369701987210294e-16,2504.0,0.8233898,1
Siskiyou,2020,10,1247,4.385412991178829,122.0,1,6138.0,415.0,17.960940045617466,-0.8660254037844386,0.5000000000000001,2600.0,0.8362195,1
Siskiyou,2020,11,122,3.460655737704918,19.0,0,1247.0,6138.0,4.385412991178829,-0.5000000000000004,0.8660254037844384,2502.3333333333335,0.7006613,1
Solano,2019,1,16,2.73,5.0,0,30.0,37.0,2.8920000000000003,0.4999999999999999,0.8660254037844387,27.666666666666668,0.42615616,1
Solano,2019,2,5,2.086,16.0,0,16.0,30.0,2.73,0.8660254037844386,0.5000000000000001,17.0,0.058320038,0
Solano,2019,3,16,1.679375,5.0,0,5.0,16.0,2.086,1.0,6.123233995736766e-17,12.333333333333334,0.07944605,0
Solano,2019,4,5,5.6819999999999995,9.0,0,16.0,5.0,1.679375,0.8660254037844387,-0.4999999999999998,8.666666666666666,0.021364784,0
Solano,2019,5,9,1.5577777777777777,21.0,0,5.0,16.0,5.6819999999999995,0.4999999999999999,-0.8660254037844387,10.0,0.26452994,0
Solano,2019,6,21,3.017142857142857,27.0,0,9.0,5.0,1.5577777777777777,1.2246467991473532e-16,-1.0,11.666666666666666,0.23553105,0
Solano,2019,7,27,1.6933333333333334,27.0,0,21.0,9.0,3.017142857142857,-0.4999999999999998,-0.8660254037844388,19.0,0.25289273,0
Solano,2019,8,27,1.444074074074074,35.0,0,27.0,21.0,1.6933333333333334,-0.8660254037844384,-0.5000000000000004,25.0,0.19327429,0
Solano,2019,9,35,2.112285714285714,108.0,1,27.0,27.0,1.444074074074074,-1.0,-1.8369701987210294e-16,29.666666666666668,0.60813546,1
Solano,2019,10,108,4.332592592592593,43.0,0,35.0,27.0,2.112285714285714,-0.8660254037844386,0.5000000000000001,56.666666666666664,0.5403666,1
Solano,2019,11,43,1.7216279069767442,11.0,0,108.0,35.0,4.332592592592593,-0.5000000000000004,0.8660254037844384,62.0,0.34872606,1
Solano,2019,12,11,1.39,15.0,0,43.0,108.0,1.7216279069767442,-2.4492935982947064e-16,1.0,54.0,0.04434446,0
Solano,2020,1,15,1.5826666666666669,43.0,0,11.0,43.0,1.39,0.4999999999999999,0.8660254037844387,23.0,0.096892536,0
Solano,2020,2,43,2.768372093023256,39.0,0,15.0,11.0,1.5826666666666669,0.8660254037844386,0.5000000000000001,23.0,0.09739901,0
Solano,2020,3,39,3.025897435897436,35.0,0,43.0,15.0,2.768372093023256,1.0,6.123233995736766e-17,32.333333333333336,0.49288136,1
Solano,2020,4,35,2.1714285714285713,19.0,0,39.0,43.0,3.025897435897436,0.8660254037844387,-0.4999999999999998,39.0,0.48014894,1
Solano,2020,5,19,1.315263157894737,70.0,1,35.0,39.0,2.1714285714285713,0.4999999999999999,-0.8660254037844387,31.0,0.19843553,0
Solano,2020,6,70,2.198571428571429,25.0,0,19.0,35.0,1.315263157894737,1.2246467991473532e-16,-1.0,41.333333333333336,0.8054438,1
Solano,2020,7,25,2.696,912.0,1,70.0,19.0,2.198571428571429,-0.4999999999999998,-0.8660254037844388,38.0,0.20625652,0
Solano,2020,8,912,28.92309210526316,19.0,0,25.0,70.0,2.696,-0.8660254037844384,-0.5000000000000004,335.6666666666667,0.86537147,1
Solano,2020,9,19,1.426842105263158,46.0,1,912.0,25.0,28.92309210526316,-1.0,-1.8369701987210294e-16,318.6666666666667,0.22284925,0
Solano,2020,10,46,11.14782608695652,59.0,1,19.0,912.0,1.426842105263158,-0.8660254037844386,0.5000000000000001,325.6666666666667,0.51090693,1
Solano,2020,11,59,2.889661016949153,37.0,0,46.0,19.0,11.14782608695652,-0.5000000000000004,0.8660254037844384,41.333333333333336,0.35986477,1
Sonoma,2019,1,6,8.755,5.0,0,4.0,3.0,5.215,0.4999999999999999,0.8660254037844387,4.333333333333333,0.11210482,0
Sonoma,2019,2,5,7.196000000000001,9.0,0,6.0,4.0,8.755,0.8660254037844386,0.5000000000000001,5.0,0.012981025,0
Sonoma,2019,3,9,7.635555555555555,9.0,0,5.0,6.0,7.196000000000001,1.0,6.123233995736766e-17,6.666666666666667,0.020096121,0
Sonoma,2019,4,9,3.0966666666666667,4.0,0,9.0,5.0,7.635555555555555,0.8660254037844387,-0.4999999999999998,7.666666666666667,0.013668409,0
Sonoma,2019,5,4,2.04,13.0,0,9.0,9.0,3.0966666666666667,0.4999999999999999,-0.8660254037844387,7.333333333333333,0.13171443,0
Sonoma,2019,6,13,4.506153846153846,3.0,0,4.0,9.0,2.04,1.2246467991473532e-16,-1.0,8.666666666666666,0.18141784,0
Sonoma,2019,7,3,0.8733333333333334,8.0,0,13.0,4.0,4.506153846153846,-0.4999999999999998,-0.8660254037844388,6.666666666666667,0.18206517,0
Sonoma,2019,8,8,1.3825,4.0,0,3.0,13.0,0.8733333333333334,-0.8660254037844384,-0.5000000000000004,8.0,0.058304165,0
Sonoma,2019,9,4,1.95,1763.0,1,8.0,3.0,1.3825,-1.0,-1.8369701987210294e-16,5.0,0.3239304,1
Sonoma,2019,10,1763,26.27334089619966,2.0,0,4.0,8.0,1.95,-0.8660254037844386,0.5000000000000001,591.6666666666666,0.10808242,0
Sonoma,2019,11,2,1.03,1.0,0,1763.0,4.0,26.27334089619966,-0.5000000000000004,0.8660254037844384,589.6666666666666,0.05584113,0
Sonoma,2020,1,1,1.75,28.0,0,2.0,1763.0,1.03,0.4999999999999999,0.8660254037844387,588.6666666666666,0.051905796,0
Sonoma,2020,2,28,4.8289285714285715,16.0,0,1.0,2.0,1.75,0.8660254037844386,0.5000000000000001,10.333333333333334,0.11569531,0
Sonoma,2020,3,16,6.864999999999999,5.0,0,28.0,1.0,4.8289285714285715,1.0,6.123233995736766e-17,15.0,0.05216537,0
Sonoma,2020,4,5,4.484,6.0,0,16.0,28.0,6.864999999999999,0.8660254037844387,-0.4999999999999998,16.333333333333332,0.023935702,0
Sonoma,2020,5,6,3.709999999999999,2.0,0,5.0,16.0,4.484,0.4999999999999999,-0.8660254037844387,9.0,0.1797369,0
Sonoma,2020,6,2,0.63,1.0,0,6.0,5.0,3.709999999999999,1.2246467991473532e-16,-1.0,4.333333333333333,0.09278495,0
Sonoma,2020,7,1,3.89,1591.0,1,2.0,6.0,0.63,-0.4999999999999998,-0.8660254037844388,3.0,0.24887283,0
Sonoma,2020,8,1591,11.615160276555626,727.0,1,1.0,2.0,3.89,-0.8660254037844384,-0.5000000000000004,531.3333333333334,0.9533583,1
Sonoma,2020,9,727,19.413892709766163,12.0,0,1591.0,1.0,11.615160276555626,-1.0,-1.8369701987210294e-16,773.0,0.7778984,1
Sonoma,2020,10,12,1.2983333333333331,18.0,0,727.0,1591.0,19.413892709766163,-0.8660254037844386,0.5000000000000001,776.6666666666666,0.07815465,0
Sonoma,2020,11,18,4.684444444444445,13.0,0,12.0,727.0,1.2983333333333331,-0.5000000000000004,0.8660254037844384,252.33333333333337,0.25687838,0
Stanislaus,2019,1,13,3.2515384615384617,5.0,0,46.0,22.0,6.47804347826087,0.4999999999999999,0.8660254037844387,27.0,0.49071786,1
Stanislaus,2019,2,5,3.656,28.0,0,13.0,46.0,3.2515384615384617,0.8660254037844386,0.5000000000000001,21.333333333333332,0.05028954,0
Stanislaus,2019,3,28,3.942142857142857,22.0,0,5.0,13.0,3.656,1.0,6.123233995736766e-17,15.333333333333334,0.07115591,0
Stanislaus,2019,4,22,3.223181818181818,25.0,0,28.0,5.0,3.942142857142857,0.8660254037844387,-0.4999999999999998,18.333333333333332,0.072072014,0
Stanislaus,2019,5,25,5.756799999999999,59.0,1,22.0,28.0,3.223181818181818,0.4999999999999999,-0.8660254037844387,25.0,0.30168524,0
Stanislaus,2019,6,59,3.856101694915254,32.0,0,25.0,22.0,5.756799999999999,1.2246467991473532e-16,-1.0,35.333333333333336,0.51806694,1
Stanislaus,2019,7,32,6.6721875,17.0,0,59.0,25.0,3.856101694915254,-0.4999999999999998,-0.8660254037844388,38.666666666666664,0.3407381,1
Stanislaus,2019,8,17,2.206470588235294,16.0,0,32.0,59.0,6.6721875,-0.8660254037844384,-0.5000000000000004,36.0,0.27052888,0
Stanislaus,2019,9,16,3.620625,20.0,0,17.0,32.0,2.206470588235294,-1.0,-1.8369701987210294e-16,21.666666666666668,0.46851617,1
Stanislaus,2019,10,20,9.001999999999999,42.0,0,16.0,17.0,3.620625,-0.8660254037844386,0.5000000000000001,17.666666666666668,0.21722898,0
Stanislaus,2019,11,42,5.087142857142857,19.0,0,20.0,16.0,9.001999999999999,-0.5000000000000004,0.8660254037844384,26.0,0.2634803,0
Stanislaus,2019,12,19,3.5536842105263156,14.0,0,42.0,20.0,5.087142857142857,-2.4492935982947064e-16,1.0,27.0,0.027407715,0
Stanislaus,2020,1,14,4.0685714285714285,49.0,1,19.0,42.0,3.5536842105263156,0.4999999999999999,0.8660254037844387,25.0,0.27970213,0
Stanislaus,2020,2,49,4.035306122448979,40.0,0,14.0,19.0,4.0685714285714285,0.8660254037844386,0.5000000000000001,27.333333333333332,0.1089426,0
Stanislaus,2020,3,40,9.03425,27.0,0,49.0,14.0,4.035306122448979,1.0,6.123233995736766e-17,34.333333333333336,0.4016397,1
Stanislaus,2020,4,27,6.058518518518518,23.0,0,40.0,49.0,9.03425,0.8660254037844387,-0.4999999999999998,38.666666666666664,0.2557566,0
Stanislaus,2020,5,23,3.316086956521739,36.0,0,27.0,40.0,6.058518518518518,0.4999999999999999,-0.8660254037844387,30.0,0.23332833,0
Stanislaus,2020,6,36,3.4883333333333333,22.0,0,23.0,27.0,3.316086956521739,1.2246467991473532e-16,-1.0,28.666666666666668,0.4322792,1
Stanislaus,2020,7,22,3.0995454545454546,3036.0,1,36.0,23.0,3.4883333333333333,-0.4999999999999998,-0.8660254037844388,27.0,0.3176529,1
Stanislaus,2020,8,3036,24.40202239789196,25.0,0,22.0,36.0,3.0995454545454546,-0.8660254037844384,-0.5000000000000004,1031.3333333333333,0.42173272,1
Stanislaus,2020,9,25,2.7512,10.0,0,3036.0,22.0,24.40202239789196,-1.0,-1.8369701987210294e-16,1027.6666666666667,0.5378122,1
Stanislaus,2020,10,10,4.326,39.0,0,25.0,3036.0,2.7512,-0.8660254037844386,0.5000000000000001,1023.6666666666666,0.17461097,0
Stanislaus,2020,11,39,3.148461538461538,17.0,0,10.0,25.0,4.326,-0.5000000000000004,0.8660254037844384,24.666666666666668,0.2099614,0
Sutter,2019,1,3,6.766666666666667,20.0,0,21.0,25.0,6.350952380952381,0.4999999999999999,0.8660254037844387,16.333333333333332,0.40659958,1
Sutter,2019,2,20,7.948,7.0,0,3.0,21.0,6.766666666666667,0.8660254037844386,0.5000000000000001,14.666666666666666,0.21808764,0
Sutter,2019,3,7,5.28,25.0,0,20.0,3.0,7.948,1.0,6.123233995736766e-17,10.0,0.022690874,0
Sutter,2019,4,25,5.1732000000000005,21.0,0,7.0,20.0,5.28,0.8660254037844387,-0.4999999999999998,17.333333333333332,0.064476,0
Sutter,2019,5,21,3.9785714285714286,33.0,0,25.0,7.0,5.1732000000000005,0.4999999999999999,-0.8660254037844387,17.666666666666668,0.18824027,0
Sutter,2019,6,33,6.9757575757575765,35.0,0,21.0,25.0,3.9785714285714286,1.2246467991473532e-16,-1.0,26.333333333333332,0.50320214,1
Sutter,2019,7,35,8.08657142857143,14.0,0,33.0,21.0,6.9757575757575765,-0.4999999999999998,-0.8660254037844388,29.666666666666668,0.44982132,1
Sutter,2019,8,14,7.352142857142858,63.0,1,35.0,33.0,8.08657142857143,-0.8660254037844384,-0.5000000000000004,27.333333333333332,0.29109937,0
Sutter,2019,9,63,6.648412698412699,112.0,1,14.0,35.0,7.352142857142858,-1.0,-1.8369701987210294e-16,37.333333333333336,0.6217491,1
Sutter,2019,10,112,5.955892857142857,98.0,1,63.0,14.0,6.648412698412699,-0.8660254037844386,0.5000000000000001,63.0,0.5871647,1
Sutter,2019,11,98,8.82204081632653,1.0,0,112.0,63.0,5.955892857142857,-0.5000000000000004,0.8660254037844384,91.0,0.7715864,1
Sutter,2019,12,1,2.23,11.0,0,98.0,112.0,8.82204081632653,-2.4492935982947064e-16,1.0,70.33333333333333,0.0100298915,0
Sutter,2020,1,11,3.421818181818182,128.0,1,1.0,98.0,2.23,0.4999999999999999,0.8660254037844387,36.666666666666664,0.32487032,1
Sutter,2020,2,128,10.224140625,42.0,0,11.0,1.0,3.421818181818182,0.8660254037844386,0.5000000000000001,46.666666666666664,0.43661368,1
Sutter,2020,3,42,6.515238095238095,42.0,0,128.0,11.0,10.224140625,1.0,6.123233995736766e-17,60.333333333333336,0.53407407,1
Sutter,2020,4,42,10.771904761904764,13.0,0,42.0,128.0,6.515238095238095,0.8660254037844387,-0.4999999999999998,70.66666666666667,0.59795636,1
Sutter,2020,5,13,5.06923076923077,41.0,0,42.0,42.0,10.771904761904764,0.4999999999999999,-0.8660254037844387,32.333333333333336,0.45312506,1
Sutter,2020,6,41,8.057560975609757,31.0,0,13.0,42.0,5.06923076923077,1.2246467991473532e-16,-1.0,32.0,0.7178188,1
Sutter,2020,7,31,8.410645161290324,11.0,0,41.0,13.0,8.057560975609757,-0.4999999999999998,-0.8660254037844388,28.333333333333332,0.27492586,0
Sutter,2020,8,11,7.288181818181818,2.0,0,31.0,41.0,8.410645161290324,-0.8660254037844384,-0.5000000000000004,27.666666666666668,0.18578237,0
Sutter,2020,9,2,6.71,91.0,1,11.0,31.0,7.288181818181818,-1.0,-1.8369701987210294e-16,14.666666666666666,0.5022233,1
Sutter,2020,10,91,9.028241758241755,102.0,1,2.0,11.0,6.71,-0.8660254037844386,0.5000000000000001,34.666666666666664,0.55770594,1
Sutter,2020,11,102,8.759803921568627,60.0,1,91.0,2.0,9.028241758241755,-0.5000000000000004,0.8660254037844384,65.0,0.7883983,1
Tehama,2019,1,3,2.6999999999999997,1.0,0,14.0,2.0,4.514285714285714,0.4999999999999999,0.8660254037844387,6.333333333333333,0.030472988,0
Tehama,2019,2,1,1.61,12.0,0,3.0,14.0,2.6999999999999997,0.8660254037844386,0.5000000000000001,6.0,0.027601313,0
Tehama,2019,3,12,2.705,78.0,1,1.0,3.0,1.61,1.0,6.123233995736766e-17,5.333333333333333,0.19823477,0
Tehama,2019,4,78,12.89653846153846,69.0,1,12.0,1.0,2.705,0.8660254037844387,-0.4999999999999998,30.333333333333332,0.34385315,1
Tehama,2019,5,69,9.205797101449276,55.0,1,78.0,12.0,12.89653846153846,0.4999999999999999,-0.8660254037844387,53.0,0.39419544,1
Tehama,2019,6,55,6.652909090909091,59.0,1,69.0,78.0,9.205797101449276,1.2246467991473532e-16,-1.0,67.33333333333333,0.51202726,1
Tehama,2019,7,59,20.185593220338983,1.0,0,55.0,69.0,6.652909090909091,-0.4999999999999998,-0.8660254037844388,61.0,0.29787362,0
Tehama,2019,8,1,2.82,610.0,1,59.0,55.0,20.185593220338983,-0.8660254037844384,-0.5000000000000004,38.333333333333336,0.1470313,0
Tehama,2019,9,610,25.689901639344264,11.0,0,1.0,59.0,2.82,-1.0,-1.8369701987210294e-16,223.33333333333337,0.69654775,1
Tehama,2019,10,11,3.309090909090909,143.0,1,610.0,1.0,25.689901639344264,-0.8660254037844386,0.5000000000000001,207.33333333333337,0.074599974,0
Tehama,2019,11,143,21.18503496503497,2.0,0,11.0,610.0,3.309090909090909,-0.5000000000000004,0.8660254037844384,254.66666666666663,0.712219,1
Tehama,2019,12,2,8.57,17.0,0,143.0,11.0,21.18503496503497,-2.4492935982947064e-16,1.0,52.0,0.029321283,0
Tehama,2020,1,17,3.1252941176470586,85.0,1,2.0,143.0,8.57,0.4999999999999999,0.8660254037844387,54.0,0.1397157,0
Tehama,2020,2,85,7.284588235294117,24.0,0,17.0,2.0,3.1252941176470586,0.8660254037844386,0.5000000000000001,34.666666666666664,0.5964146,1
Tehama,2020,3,24,4.148333333333333,30.0,0,85.0,17.0,7.284588235294117,1.0,6.123233995736766e-17,42.0,0.22147048,0
Tehama,2020,4,30,4.631666666666666,7.0,0,24.0,85.0,4.148333333333333,0.8660254037844387,-0.4999999999999998,46.333333333333336,0.09352482,0
Tehama,2020,5,7,11.068571428571428,6.0,0,30.0,24.0,4.631666666666666,0.4999999999999999,-0.8660254037844387,20.333333333333332,0.324054,1
Tehama,2020,6,6,4.803333333333334,5.0,0,7.0,30.0,11.068571428571428,1.2246467991473532e-16,-1.0,14.333333333333334,0.14529766,0
Tehama,2020,7,5,6.792,6674.0,1,6.0,7.0,4.803333333333334,-0.4999999999999998,-0.8660254037844388,6.0,0.3438453,1
Tehama,2020,8,6674,14.9836290080911,9369.0,1,5.0,6.0,6.792,-0.8660254037844384,-0.5000000000000004,2228.3333333333335,0.8942262,1
Tehama,2020,9,9369,18.40386060411997,613.0,1,6674.0,5.0,14.9836290080911,-1.0,-1.8369701987210294e-16,5349.333333333333,0.8751808,1
Tehama,2020,10,613,6.053393148450245,41.0,0,9369.0,6674.0,18.40386060411997,-0.8660254037844386,0.5000000000000001,5552.0,0.76090515,1
Tehama,2020,11,41,7.476341463414635,26.0,0,613.0,9369.0,6.053393148450245,-0.5000000000000004,0.8660254037844384,3341.0,0.33697003,1
Trinity,2019,1,16,6.4375,2.0,0,16.0,4.0,3.70875,0.4999999999999999,0.8660254037844387,12.0,0.16182171,0
Trinity,2019,4,2,4.615,1.0,0,16.0,16.0,6.4375,0.8660254037844387,-0.4999999999999998,11.333333333333334,0.06823454,0
Trinity,2019,5,1,1.93,102.0,1,2.0,16.0,4.615,0.4999999999999999,-0.8660254037844387,6.333333333333333,0.19766584,0
Trinity,2019,6,102,15.942549019607842,2.0,0,1.0,2.0,1.93,1.2246467991473532e-16,-1.0,35.0,0.7957314,1
Trinity,2019,7,2,2.97,1.0,0,102.0,1.0,15.942549019607842,-0.4999999999999998,-0.8660254037844388,35.0,0.18495975,0
Trinity,2019,8,1,0.75,158.0,1,2.0,102.0,2.97,-0.8660254037844384,-0.5000000000000004,35.0,0.08525845,0
Trinity,2019,9,158,23.021708860759492,10.0,0,1.0,2.0,0.75,-1.0,-1.8369701987210294e-16,53.666666666666664,0.20745881,0
Trinity,2019,10,10,5.517,4.0,0,158.0,1.0,23.021708860759492,-0.8660254037844386,0.5000000000000001,56.333333333333336,0.04649361,0
Trinity,2019,12,4,3.7375,15.0,0,10.0,158.0,5.517,-2.4492935982947064e-16,1.0,57.333333333333336,0.01337807,0
Trinity,2020,1,15,2.572,14.0,0,4.0,10.0,3.7375,0.4999999999999999,0.8660254037844387,9.666666666666666,0.09560748,0
Trinity,2020,2,14,5.4,6.0,0,15.0,4.0,2.572,0.8660254037844386,0.5000000000000001,11.0,0.057551302,0
Trinity,2020,3,6,4.945,16.0,0,14.0,15.0,5.4,1.0,6.123233995736766e-17,11.666666666666666,0.027250605,0
Trinity,2020,4,16,39.276875,2.0,0,6.0,14.0,4.945,0.8660254037844387,-0.4999999999999998,12.0,0.12104167,0
Trinity,2020,5,2,0.8899999999999999,120.0,1,16.0,6.0,39.276875,0.4999999999999999,-0.8660254037844387,8.0,0.33384305,1
Trinity,2020,7,120,10.9835,1054.0,1,2.0,16.0,0.8899999999999999,-0.4999999999999998,-0.8660254037844388,46.0,0.41651127,1
Trinity,2020,8,1054,8.473159392789375,22082.0,1,120.0,2.0,10.9835,-0.8660254037844384,-0.5000000000000004,392.0,0.9177671,1
Trinity,2020,9,22082,20.145309754551217,5166.0,1,1054.0,120.0,8.473159392789375,-1.0,-1.8369701987210294e-16,7752.0,0.9110066,1
Trinity,2020,10,5166,7.168637243515293,95.0,1,22082.0,1054.0,20.145309754551217,-0.8660254037844386,0.5000000000000001,9434.0,0.946406,1
Trinity,2020,11,95,7.5256842105263155,16.0,0,5166.0,22082.0,7.168637243515293,-0.5000000000000004,0.8660254037844384,9114.333333333334,0.60710025,1
Tulare,2019,1,13,4.5515384615384615,25.0,0,12.0,982.0,8.900833333333333,0.4999999999999999,0.8660254037844387,335.6666666666667,0.14466749,0
Tulare,2019,2,25,4.1512,69.0,1,13.0,12.0,4.5515384615384615,0.8660254037844386,0.5000000000000001,16.666666666666668,0.10998164,0
Tulare,2019,3,69,7.609420289855072,32.0,0,25.0,13.0,4.1512,1.0,6.123233995736766e-17,35.666666666666664,0.22786412,0
Tulare,2019,4,32,5.5121875,32.0,0,69.0,25.0,7.609420289855072,0.8660254037844387,-0.4999999999999998,42.0,0.17798877,0
Tulare,2019,5,32,6.9859374999999995,183.0,1,32.0,69.0,5.5121875,0.4999999999999999,-0.8660254037844387,44.333333333333336,0.3847568,1
Tulare,2019,6,183,9.042622950819672,87.0,1,32.0,32.0,6.9859374999999995,1.2246467991473532e-16,-1.0,82.33333333333333,0.89813596,1
Tulare,2019,7,87,4.934022988505747,274.0,1,183.0,32.0,9.042622950819672,-0.4999999999999998,-0.8660254037844388,100.66666666666669,0.7862786,1
Tulare,2019,8,274,8.867043795620438,399.0,1,87.0,183.0,4.934022988505747,-0.8660254037844384,-0.5000000000000004,181.33333333333337,0.9408761,1
Tulare,2019,9,399,8.450426065162906,102.0,1,274.0,87.0,8.867043795620438,-1.0,-1.8369701987210294e-16,253.33333333333337,0.9129345,1
Tulare,2019,10,102,6.559901960784313,108.0,1,399.0,274.0,8.450426065162906,-0.8660254037844386,0.5000000000000001,258.3333333333333,0.9304366,1
Tulare,2019,11,108,8.550370370370372,29.0,0,102.0,399.0,6.559901960784313,-0.5000000000000004,0.8660254037844384,203.0,0.8063451,1
Tulare,2019,12,29,16.05,41.0,0,108.0,102.0,8.550370370370372,-2.4492935982947064e-16,1.0,79.66666666666667,0.06822594,0
Tulare,2020,1,41,7.408780487804877,39.0,0,29.0,108.0,16.05,0.4999999999999999,0.8660254037844387,59.333333333333336,0.6251517,1
Tulare,2020,2,39,4.425128205128205,84.0,1,41.0,29.0,7.408780487804877,0.8660254037844386,0.5000000000000001,36.333333333333336,0.34769484,1
Tulare,2020,3,84,6.3480952380952385,50.0,1,39.0,41.0,4.425128205128205,1.0,6.123233995736766e-17,54.666666666666664,0.8083726,1
Tulare,2020,4,50,5.7341999999999995,75.0,1,84.0,39.0,6.3480952380952385,0.8660254037844387,-0.4999999999999998,57.666666666666664,0.51988596,1
Tulare,2020,5,75,5.323333333333333,74.0,1,50.0,84.0,5.7341999999999995,0.4999999999999999,-0.8660254037844387,69.66666666666667,0.51443887,1
Tulare,2020,6,74,9.605675675675675,42.0,0,75.0,50.0,5.323333333333333,1.2246467991473532e-16,-1.0,66.33333333333333,0.60532105,1
Tulare,2020,7,42,6.660714285714286,3452.0,1,74.0,75.0,9.605675675675675,-0.4999999999999998,-0.8660254037844388,63.666666666666664,0.5767277,1
Tulare,2020,8,3452,30.814910196987256,13098.0,1,42.0,74.0,6.660714285714286,-0.8660254037844384,-0.5000000000000004,1189.3333333333333,0.82704556,1
Tulare,2020,9,13098,22.67446251336082,3368.0,1,3452.0,42.0,30.814910196987256,-1.0,-1.8369701987210294e-16,5530.666666666667,0.7528111,1
Tulare,2020,10,3368,12.85666864608076,259.0,1,13098.0,3452.0,22.67446251336082,-0.8660254037844386,0.5000000000000001,6639.333333333333,0.685384,1
Tulare,2020,11,259,7.700463320463321,54.0,1,3368.0,13098.0,12.85666864608076,-0.5000000000000004,0.8660254037844384,5575.0,0.8754669,1
Tuolumne,2019,1,26,7.641923076923077,5.0,0,9.0,28.0,1.9366666666666663,0.4999999999999999,0.8660254037844387,21.0,0.22449885,0
Tuolumne,2019,4,5,2.774,7.0,0,26.0,9.0,7.641923076923077,0.8660254037844387,-0.4999999999999998,13.333333333333334,0.016528068,0
Tuolumne,2019,5,7,4.734285714285714,2.0,0,5.0,26.0,2.774,0.4999999999999999,-0.8660254037844387,12.666666666666666,0.2002475,0
Tuolumne,2019,6,2,5.68,6.0,0,7.0,5.0,4.734285714285714,1.2246467991473532e-16,-1.0,4.666666666666667,0.37991148,1
Tuolumne,2019,7,6,16.686666666666664,10.0,0,2.0,7.0,5.68,-0.4999999999999998,-0.8660254037844388,5.0,0.17307453,0
Tuolumne,2019,8,10,1.837,92.0,1,6.0,2.0,16.686666666666664,-0.8660254037844384,-0.5000000000000004,6.0,0.25556716,0
Tuolumne,2019,9,92,6.2177173913043475,31.0,0,10.0,6.0,1.837,-1.0,-1.8369701987210294e-16,36.0,0.5803284,1
Tuolumne,2019,10,31,6.59741935483871,19.0,0,92.0,10.0,6.2177173913043475,-0.8660254037844386,0.5000000000000001,44.333333333333336,0.4386715,1
Tuolumne,2019,11,19,5.656315789473684,34.0,0,31.0,92.0,6.59741935483871,-0.5000000000000004,0.8660254037844384,47.333333333333336,0.2639532,0
Tuolumne,2019,12,34,14.418823529411766,232.0,1,19.0,31.0,5.656315789473684,-2.4492935982947064e-16,1.0,28.0,0.06608293,0
Tuolumne,2020,1,232,31.075258620689656,26.0,0,34.0,19.0,14.418823529411766,0.4999999999999999,0.8660254037844387,95.0,0.37626815,1
Tuolumne,2020,2,26,4.370384615384615,28.0,0,232.0,34.0,31.075258620689656,0.8660254037844386,0.5000000000000001,97.33333333333331,0.092750914,0
Tuolumne,2020,3,28,9.732857142857144,1.0,0,26.0,232.0,4.370384615384615,1.0,6.123233995736766e-17,95.33333333333331,0.21008877,0
Tuolumne,2020,5,1,2.87,7.0,0,28.0,26.0,9.732857142857144,0.4999999999999999,-0.8660254037844387,18.333333333333332,0.17385124,0
Tuolumne,2020,7,7,6.452857142857143,256.0,1,1.0,28.0,2.87,-0.4999999999999998,-0.8660254037844388,12.0,0.2482948,0
Tuolumne,2020,8,256,6.0220703125,347.0,1,7.0,1.0,6.452857142857143,-0.8660254037844384,-0.5000000000000004,88.0,0.66943866,1
Tuolumne,2020,9,347,2.7270028818443803,209.0,1,256.0,7.0,6.0220703125,-1.0,-1.8369701987210294e-16,203.33333333333337,0.9344583,1
Tuolumne,2020,10,209,3.1685645933014355,23.0,0,347.0,256.0,2.7270028818443803,-0.8660254037844386,0.5000000000000001,270.6666666666667,0.99283934,1
Tuolumne,2020,11,23,1.2917391304347827,18.0,0,209.0,347.0,3.1685645933014355,-0.5000000000000004,0.8660254037844384,193.0,0.34333467,1
Ventura,2019,1,36,4.0025,9.0,0,34.0,766.0,4.330588235294118,0.4999999999999999,0.8660254037844387,278.6666666666667,0.3267913,1
Ventura,2019,2,9,2.9244444444444446,16.0,0,36.0,34.0,4.0025,0.8660254037844386,0.5000000000000001,26.333333333333332,0.10702345,0
Ventura,2019,3,16,2.425,16.0,0,9.0,36.0,2.9244444444444446,1.0,6.123233995736766e-17,20.333333333333332,0.19410437,0
Ventura,2019,4,16,1.134375,18.0,0,16.0,9.0,2.425,0.8660254037844387,-0.4999999999999998,13.666666666666666,0.084243566,0
Ventura,2019,5,18,20.46277777777778,8.0,0,16.0,16.0,1.134375,0.4999999999999999,-0.8660254037844387,16.666666666666668,0.17521586,0
Ventura,2019,6,8,0.4325,30.0,0,18.0,16.0,20.46277777777778,1.2246467991473532e-16,-1.0,14.0,0.10175483,0
Ventura,2019,7,30,4.698999999999999,31.0,0,8.0,18.0,0.4325,-0.4999999999999998,-0.8660254037844388,18.666666666666668,0.054954734,0
Ventura,2019,8,31,1.3612903225806452,23.0,0,30.0,8.0,4.698999999999999,-0.8660254037844384,-0.5000000000000004,23.0,0.5080958,1
Ventura,2019,9,23,1.1143478260869564,47.0,1,31.0,30.0,1.3612903225806452,-1.0,-1.8369701987210294e-16,28.0,0.5727616,1
Ventura,2019,10,47,4.567021276595745,157.0,1,23.0,31.0,1.1143478260869564,-0.8660254037844386,0.5000000000000001,33.666666666666664,0.4693896,1
Ventura,2019,11,157,9.526433121019108,14.0,0,47.0,23.0,4.567021276595745,-0.5000000000000004,0.8660254037844384,75.66666666666667,0.768198,1
Ventura,2019,12,14,4.298571428571429,31.0,0,157.0,47.0,9.526433121019108,-2.4492935982947064e-16,1.0,72.66666666666667,0.06257855,0
Ventura,2020,1,31,4.188709677419355,27.0,0,14.0,157.0,4.298571428571429,0.4999999999999999,0.8660254037844387,67.33333333333333,0.12025553,0
Ventura,2020,2,27,4.583333333333333,17.0,0,31.0,14.0,4.188709677419355,0.8660254037844386,0.5000000000000001,24.0,0.16389622,0
Ventura,2020,3,17,2.0811764705882356,14.0,0,27.0,31.0,4.583333333333333,1.0,6.123233995736766e-17,25.0,0.1810159,0
Ventura,2020,4,14,2.3792857142857144,37.0,0,17.0,27.0,2.0811764705882356,0.8660254037844387,-0.4999999999999998,19.333333333333332,0.100855336,0
Ventura,2020,5,37,5.081621621621621,36.0,0,14.0,17.0,2.3792857142857144,0.4999999999999999,-0.8660254037844387,22.666666666666668,0.18354459,0
Ventura,2020,6,36,2.318888888888889,38.0,0,37.0,14.0,5.081621621621621,1.2246467991473532e-16,-1.0,29.0,0.3658643,1
Ventura,2020,7,38,3.1276315789473688,43.0,0,36.0,37.0,2.318888888888889,-0.4999999999999998,-0.8660254037844388,37.0,0.49705863,1
Ventura,2020,8,43,3.127441860465116,34.0,0,38.0,36.0,3.1276315789473688,-0.8660254037844384,-0.5000000000000004,39.0,0.5327741,1
Ventura,2020,9,34,0.7020588235294118,24.0,0,43.0,38.0,3.127441860465116,-1.0,-1.8369701987210294e-16,38.333333333333336,0.33043912,1
Ventura,2020,10,24,1.025,43.0,0,34.0,43.0,0.7020588235294118,-0.8660254037844386,0.5000000000000001,33.666666666666664,0.18387167,0
Ventura,2020,11,43,2.701395348837209,39.0,0,24.0,34.0,1.025,-0.5000000000000004,0.8660254037844384,33.666666666666664,0.42069754,1
Yolo,2019,1,5,4.686,8.0,0,14.0,8.0,4.481428571428571,0.4999999999999999,0.8660254037844387,9.0,0.06355053,0
Yolo,2019,2,8,4.78375,6.0,0,5.0,14.0,4.686,0.8660254037844386,0.5000000000000001,9.0,0.024614673,0
Yolo,2019,3,6,3.581666666666667,31.0,0,8.0,5.0,4.78375,1.0,6.123233995736766e-17,6.333333333333333,0.015538417,0
Yolo,2019,4,31,6.674838709677419,13.0,0,6.0,8.0,3.581666666666667,0.8660254037844387,-0.4999999999999998,15.0,0.16600975,0
Yolo,2019,5,13,3.5615384615384613,40.0,0,31.0,6.0,6.674838709677419,0.4999999999999999,-0.8660254037844387,16.666666666666668,0.13722225,0
Yolo,2019,6,40,7.29825,16.0,0,13.0,31.0,3.5615384615384613,1.2246467991473532e-16,-1.0,28.0,0.7252872,1
Yolo,2019,7,16,7.235,5.0,0,40.0,13.0,7.29825,-0.4999999999999998,-0.8660254037844388,23.0,0.28120905,0
Yolo,2019,8,5,3.656,12.0,0,16.0,40.0,7.235,-0.8660254037844384,-0.5000000000000004,20.333333333333332,0.0956079,0
Yolo,2019,9,12,6.232499999999999,19.0,0,5.0,16.0,3.656,-1.0,-1.8369701987210294e-16,11.0,0.3811516,1
Yolo,2019,10,19,5.091578947368421,57.0,1,12.0,5.0,6.232499999999999,-0.8660254037844386,0.5000000000000001,12.0,0.14981492,0
Yolo,2019,11,57,10.151754385964912,2.0,0,19.0,12.0,5.091578947368421,-0.5000000000000004,0.8660254037844384,29.333333333333332,0.3918171,1
Yolo,2019,12,2,2.77,14.0,0,57.0,19.0,10.151754385964912,-2.4492935982947064e-16,1.0,26.0,0.05585635,0
Yolo,2020,1,14,4.345714285714286,71.0,1,2.0,57.0,2.77,0.4999999999999999,0.8660254037844387,24.333333333333332,0.24675445,0
Yolo,2020,2,71,4.942112676056338,37.0,0,14.0,2.0,4.345714285714286,0.8660254037844386,0.5000000000000001,29.0,0.09589111,0
Yolo,2020,3,37,3.5256756756756755,24.0,0,71.0,14.0,4.942112676056338,1.0,6.123233995736766e-17,40.666666666666664,0.41647094,1
Yolo,2020,4,24,4.6554166666666665,6.0,0,37.0,71.0,3.5256756756756755,0.8660254037844387,-0.4999999999999998,44.0,0.1200776,0
Yolo,2020,5,6,5.838333333333334,10.0,0,24.0,37.0,4.6554166666666665,0.4999999999999999,-0.8660254037844387,22.333333333333332,0.16735381,0
Yolo,2020,6,10,10.02,33.0,0,6.0,24.0,5.838333333333334,1.2246467991473532e-16,-1.0,13.333333333333334,0.378176,1
Yolo,2020,7,33,8.341212121212122,1683.0,1,10.0,6.0,10.02,-0.4999999999999998,-0.8660254037844388,16.333333333333332,0.47861552,1
Yolo,2020,8,1683,17.705531788472964,15.0,0,33.0,10.0,8.341212121212122,-0.8660254037844384,-0.5000000000000004,575.3333333333334,0.7309821,1
Yolo,2020,10,15,17.86,85.0,1,1683.0,33.0,17.705531788472964,-0.8660254037844386,0.5000000000000001,577.0,0.46061364,1
Yolo,2020,11,85,6.341176470588235,45.0,0,15.0,1683.0,17.86,-0.5000000000000004,0.8660254037844384,594.3333333333334,0.22009492,0
Yuba,2019,1,2,1.525,1.0,0,10.0,8.0,4.215999999999999,0.4999999999999999,0.8660254037844387,6.666666666666667,0.12619436,0
Yuba,2019,2,1,4.68,21.0,0,2.0,10.0,1.525,0.8660254037844386,0.5000000000000001,4.333333333333333,0.0067544873,0
Yuba,2019,3,21,6.292380952380953,46.0,1,1.0,2.0,4.68,1.0,6.123233995736766e-17,8.0,0.13076988,0
Yuba,2019,4,46,4.092391304347826,12.0,0,21.0,1.0,6.292380952380953,0.8660254037844387,-0.4999999999999998,22.666666666666668,0.07715619,0
Yuba,2019,5,12,4.161666666666666,10.0,0,46.0,21.0,4.092391304347826,0.4999999999999999,-0.8660254037844387,26.333333333333332,0.25492907,0
Yuba,2019,6,10,20.05,1.0,0,12.0,46.0,4.161666666666666,1.2246467991473532e-16,-1.0,22.666666666666668,0.34332287,1
Yuba,2019,7,1,2.53,16.0,0,10.0,12.0,20.05,-0.4999999999999998,-0.8660254037844388,7.666666666666667,0.10161636,0
Yuba,2019,8,16,8.065625,18.0,0,1.0,10.0,2.53,-0.8660254037844384,-0.5000000000000004,9.0,0.36128217,1
Yuba,2019,9,18,6.318333333333333,41.0,0,16.0,1.0,8.065625,-1.0,-1.8369701987210294e-16,11.666666666666666,0.20454815,0
Yuba,2019,10,41,5.078048780487805,30.0,0,18.0,16.0,6.318333333333333,-0.8660254037844386,0.5000000000000001,25.0,0.3342019,1
Yuba,2019,11,30,6.957666666666666,13.0,0,41.0,18.0,5.078048780487805,-0.5000000000000004,0.8660254037844384,29.666666666666668,0.30471805,0
Yuba,2019,12,13,4.883846153846154,3.0,0,30.0,41.0,6.957666666666666,-2.4492935982947064e-16,1.0,28.0,0.02512391,0
Yuba,2020,1,3,4.57,35.0,0,13.0,30.0,4.883846153846154,0.4999999999999999,0.8660254037844387,15.333333333333334,0.17241308,0
Yuba,2020,2,35,5.376571428571428,49.0,1,3.0,13.0,4.57,0.8660254037844386,0.5000000000000001,17.0,0.09425842,0
Yuba,2020,3,49,6.307346938775511,34.0,0,35.0,3.0,5.376571428571428,1.0,6.123233995736766e-17,29.0,0.2704921,0
Yuba,2020,4,34,6.882941176470588,28.0,0,49.0,35.0,6.307346938775511,0.8660254037844387,-0.4999999999999998,39.333333333333336,0.25932962,0
Yuba,2020,5,28,9.55642857142857,15.0,0,34.0,49.0,6.882941176470588,0.4999999999999999,-0.8660254037844387,37.0,0.21530305,0
Yuba,2020,6,15,8.426,12.0,0,28.0,34.0,9.55642857142857,1.2246467991473532e-16,-1.0,25.666666666666668,0.37782404,1
Yuba,2020,7,12,5.645833333333333,5.0,0,15.0,28.0,8.426,-0.4999999999999998,-0.8660254037844388,18.333333333333332,0.23061797,0
Yuba,2020,8,5,4.192,56.0,1,12.0,15.0,5.645833333333333,-0.8660254037844384,-0.5000000000000004,10.666666666666666,0.29865578,0
Yuba,2020,9,56,11.696071428571427,44.0,0,5.0,12.0,4.192,-1.0,-1.8369701987210294e-16,24.333333333333332,0.62355185,1
Yuba,2020,10,44,9.207045454545456,52.0,1,56.0,5.0,11.696071428571427,-0.8660254037844386,0.5000000000000001,35.0,0.6706467,1
Yuba,2020,11,52,9.647884615384616,11.0,0,44.0,56.0,9.207045454545456,-0.5000000000000004,0.8660254037844384,50.666666666666664,0.52935123,1
