NAME,year,month,avg_pm25,max_pm25,std_pm25,days_above_35,obs_count,pm25_lag1,pm25_lag2,pm25_rolling3,days_above_lag1,month_sin,month_cos,next_month_pm25,label_next_month_pm25
Alameda,2015,2,10.360743771300449,26.708333,5.384689613247045,0,223,19.21207196370968,,19.21207196370968,8.0,0.8660254037844386,0.5000000000000001,8.980110459227468,0
Alameda,2015,3,8.980110459227468,20.26087,3.2775808754422004,0,233,10.360743771300449,19.21207196370968,14.786407867505064,0.0,1.0,6.123233995736766e-17,7.926694165919282,0
Alameda,2015,4,7.926694165919282,16.916667,3.477618567459905,0,223,8.980110459227468,10.360743771300449,12.8509753980792,0.0,0.8660254037844387,-0.49999999999999983,7.39500616532258,0
Alameda,2015,5,7.39500616532258,15.26087,3.1220733818256545,0,248,7.926694165919282,8.980110459227468,9.089182798815733,0.0,0.49999999999999994,-0.8660254037844387,9.257430561403508,0
Alameda,2015,6,9.257430561403508,18.375,3.83373021474969,0,228,7.39500616532258,7.926694165919282,8.100603596823111,0.0,1.2246467991473532e-16,-1.0,5.991522789473684,0
Alameda,2015,7,5.991522789473684,16.478261,2.6219779983921545,0,247,9.257430561403508,7.39500616532258,8.19304363088179,0.0,-0.4999999999999998,-0.8660254037844388,9.99693338271605,0
Alameda,2015,8,9.99693338271605,44.791667,7.933150199054571,2,243,5.991522789473684,9.257430561403508,7.5479865053999236,0.0,-0.8660254037844384,-0.5000000000000004,7.9411944,0
Alameda,2015,9,7.9411944,15.583333,2.7462315835047866,0,240,9.99693338271605,5.991522789473684,8.415295577864415,2.0,-1.0,-1.8369701987210297e-16,7.80623233467742,0
Alameda,2015,10,7.80623233467742,14.875,3.2969738458348163,0,248,7.9411944,9.99693338271605,7.976550190729911,0.0,-0.8660254037844386,0.5000000000000001,8.451312213043478,0
Alameda,2015,11,8.451312213043478,23.875,4.466136647663343,0,230,7.80623233467742,7.9411944,8.58145337246449,0.0,-0.5000000000000004,0.8660254037844384,8.238377489878543,0
Alameda,2015,12,8.238377489878543,21.125,4.053787817355898,0,247,8.451312213043478,7.80623233467742,8.066246315906966,0.0,-2.4492935982947064e-16,1.0,7.957035359649123,0
Alameda,2016,1,7.957035359649123,22.375,4.086733980477744,0,228,8.238377489878543,8.451312213043478,8.165307345866479,0.0,0.49999999999999994,0.8660254037844387,9.464466193965515,0
Alameda,2016,2,9.464466193965515,21.956522,4.372386404652159,0,232,7.957035359649123,8.238377489878543,8.215575020857047,0.0,0.8660254037844386,0.5000000000000001,5.827590286290323,0
Alameda,2016,3,5.827590286290323,12.375,2.5154680685860535,0,248,9.464466193965515,7.957035359649123,8.553293014497727,0.0,1.0,6.123233995736766e-17,7.090990829166667,0
Alameda,2016,4,7.090990829166667,16.916667,3.041621707744812,0,240,5.827590286290323,9.464466193965515,7.749697279968321,0.0,0.8660254037844387,-0.49999999999999983,7.895722630081301,0
Alameda,2016,5,7.895722630081301,19.0,4.033713420083752,0,246,7.090990829166667,5.827590286290323,7.4610157698075,0.0,0.49999999999999994,-0.8660254037844387,8.465073433333334,0
Alameda,2016,6,8.465073433333334,18.26087,3.8988560860851504,0,240,7.895722630081301,7.090990829166667,6.938101248512763,0.0,1.2246467991473532e-16,-1.0,6.8502323441558435,0
Alameda,2016,7,6.8502323441558435,17.478261,3.642713936365138,0,308,8.465073433333334,7.895722630081301,7.8172622975271,0.0,-0.4999999999999998,-0.8660254037844388,6.658694235099338,0
Alameda,2016,8,6.658694235099338,13.608696,2.3871857595192307,0,302,6.8502323441558435,8.465073433333334,7.737009469190158,0.0,-0.8660254037844384,-0.5000000000000004,10.156837110204082,0
Alameda,2016,9,10.156837110204082,19.666667,2.836533220402797,0,245,6.658694235099338,6.8502323441558435,7.324666670862839,0.0,-1.0,-1.8369701987210297e-16,5.508600321192053,0
Alameda,2016,10,5.508600321192053,10.208333,2.052491305892803,0,302,10.156837110204082,6.658694235099338,7.8885878964864204,0.0,-0.8660254037844386,0.5000000000000001,7.88770343,0
Alameda,2016,11,7.88770343,16.458333,3.361070323215959,0,300,5.508600321192053,10.156837110204082,7.441377222165158,0.0,-0.5000000000000004,0.8660254037844384,9.195122407942238,0
Alameda,2016,12,9.195122407942238,23.916667,4.576851236511453,0,277,7.88770343,5.508600321192053,7.851046953798711,0.0,-2.4492935982947064e-16,1.0,9.08034599661017,0
Alameda,2017,1,9.08034599661017,28.291667,6.1931978243176475,0,295,9.195122407942238,7.88770343,7.5304753863780975,0.0,0.49999999999999994,0.8660254037844387,6.285680423357664,0
Alameda,2017,2,6.285680423357664,29.043478,4.819758998519576,0,274,9.08034599661017,9.195122407942238,8.721057278184135,0.0,0.8660254037844386,0.5000000000000001,6.697648781758957,0
Alameda,2017,3,6.697648781758957,15.833333,2.8181656964731148,0,307,6.285680423357664,9.08034599661017,8.187049609303356,0.0,1.0,6.123233995736766e-17,6.78465239261745,0
Alameda,2017,4,6.78465239261745,15.625,2.9920495366702213,0,298,6.697648781758957,6.285680423357664,7.3545584005755975,0.0,0.8660254037844387,-0.49999999999999983,8.053697503311257,0
Alameda,2017,5,8.053697503311257,22.8,4.071632726459768,0,302,6.78465239261745,6.697648781758957,6.58932719924469,0.0,0.49999999999999994,-0.8660254037844387,8.220448066666666,0
Alameda,2017,6,8.220448066666666,20.208333,4.343041750337604,0,300,8.053697503311257,6.78465239261745,7.178666225895888,0.0,1.2246467991473532e-16,-1.0,9.424833686468649,0
Alameda,2017,7,9.424833686468649,19.916667,3.7131084777086634,0,303,8.220448066666666,8.053697503311257,7.686265987531791,0.0,-0.4999999999999998,-0.8660254037844388,10.995213326797384,0
Alameda,2017,8,10.995213326797384,25.833333,4.319490090230147,0,306,9.424833686468649,8.220448066666666,8.566326418815525,0.0,-0.8660254037844384,-0.5000000000000004,14.347013166666663,1
Alameda,2017,9,14.347013166666663,56.083333,12.121316057816257,28,300,10.995213326797384,9.424833686468649,9.5468316933109,0.0,-1.0,-1.8369701987210297e-16,16.198726055194804,1
Alameda,2017,10,16.198726055194804,70.875,13.272832177650924,24,308,14.347013166666663,10.995213326797384,11.589020059977566,28.0,-0.8660254037844386,0.5000000000000001,9.26921058,0
Alameda,2017,11,9.26921058,24.208333,4.747799707622812,0,300,16.198726055194804,14.347013166666663,13.846984182886283,24.0,-0.5000000000000004,0.8660254037844384,18.01576432686084,1
Alameda,2017,12,18.01576432686084,44.208333,8.752324395201983,11,309,9.26921058,16.198726055194804,13.271649933953823,0.0,-2.4492935982947064e-16,1.0,14.03310618446602,1
Alameda,2018,1,14.03310618446602,39.086957,7.785696926208567,6,309,18.01576432686084,9.26921058,14.494566987351881,11.0,0.49999999999999994,0.8660254037844387,9.355391356115108,0
Alameda,2018,2,9.355391356115108,32.833333,5.204251946466151,0,278,14.03310618446602,18.01576432686084,13.772693697108954,6.0,0.8660254037844386,0.5000000000000001,7.716583762987012,0
Alameda,2018,3,7.716583762987012,18.541667,3.741040414913248,0,308,9.355391356115108,14.03310618446602,13.801420622480656,0.0,1.0,6.123233995736766e-17,9.13077345480226,0
Alameda,2018,4,9.13077345480226,19.625,4.080650316281647,0,354,7.716583762987012,9.355391356115108,10.368360434522714,0.0,0.8660254037844387,-0.49999999999999983,8.147555862903227,0
Alameda,2018,5,8.147555862903227,22.521739,4.088336270366858,0,372,9.13077345480226,7.716583762987012,8.734249524634793,0.0,0.49999999999999994,-0.8660254037844387,10.487333353932584,0
Alameda,2018,6,10.487333353932584,28.35,3.708197367544344,0,356,8.147555862903227,9.13077345480226,8.331637693564167,0.0,1.2246467991473532e-16,-1.0,8.361539460916442,0
Alameda,2018,7,8.361539460916442,21.208333,3.127067970928178,0,371,10.487333353932584,8.147555862903227,9.255220890546022,0.0,-0.4999999999999998,-0.8660254037844388,14.326300564864864,1
Alameda,2018,8,14.326300564864864,48.416667,8.59545613038088,12,370,8.361539460916442,10.487333353932584,8.99880955925075,0.0,-0.8660254037844384,-0.5000000000000004,11.480326605555554,1
Alameda,2018,9,11.480326605555554,23.916667,4.785436407237046,0,360,14.326300564864864,8.361539460916442,11.058391126571296,12.0,-1.0,-1.8369701987210297e-16,8.742718505747126,0
Alameda,2018,10,8.742718505747126,21.291667,4.231213821965403,0,348,11.480326605555554,14.326300564864864,11.389388877112287,0.0,-0.8660254037844386,0.5000000000000001,44.02833272413793,1
Alameda,2018,11,44.02833272413793,172.666667,47.63716527793236,144,348,8.742718505747126,11.480326605555554,11.516448558722516,0.0,-0.5000000000000004,0.8660254037844384,8.919109695652173,0
Alameda,2018,12,8.919109695652173,25.625,5.250099254868993,0,368,44.02833272413793,8.742718505747126,21.417125945146875,144.0,-2.4492935982947064e-16,1.0,9.089432983870967,0
Alameda,2019,1,9.089432983870967,29.333333,5.609311274432413,0,372,8.919109695652173,44.02833272413793,20.56338697517908,0.0,0.49999999999999994,0.8660254037844387,4.2776680625,0
Alameda,2019,2,4.2776680625,9.875,2.011016583248359,0,336,9.089432983870967,8.919109695652173,20.678958467887025,0.0,0.8660254037844386,0.5000000000000001,5.280086203252033,0
Alameda,2019,3,5.280086203252033,15.130435,2.7179253339939926,0,369,4.2776680625,9.089432983870967,7.428736914007714,0.0,1.0,6.123233995736766e-17,7.271800854651163,0
Alameda,2019,4,7.271800854651163,18.583333,4.413728013292405,0,344,5.280086203252033,4.2776680625,6.215729083207667,0.0,0.8660254037844387,-0.49999999999999983,6.348074232432433,0
Alameda,2019,5,6.348074232432433,15.5,3.131030680042395,0,370,7.271800854651163,5.280086203252033,5.609851706801066,0.0,0.49999999999999994,-0.8660254037844387,8.180202761111111,0
Alameda,2019,6,8.180202761111111,18.958333,3.649232369043347,0,360,6.348074232432433,7.271800854651163,6.299987096778543,0.0,1.2246467991473532e-16,-1.0,7.773801350404312,0
Alameda,2019,7,7.773801350404312,19.458333,2.9875848684603072,0,371,8.180202761111111,6.348074232432433,7.266692616064902,0.0,-0.4999999999999998,-0.8660254037844388,6.7756915164835165,0
Alameda,2019,8,6.7756915164835165,19.416667,3.360576169473247,0,364,7.773801350404312,8.180202761111111,7.434026114649285,0.0,-0.8660254037844384,-0.5000000000000004,6.27983048502994,0
Alameda,2019,9,6.27983048502994,13.909091,2.7956539742354147,0,334,6.7756915164835165,7.773801350404312,7.57656520933298,0.0,-1.0,-1.8369701987210297e-16,8.711593153424658,0
Alameda,2019,10,8.711593153424658,28.791667,3.9127082506995583,0,365,6.27983048502994,6.7756915164835165,6.943107783972589,0.0,-0.8660254037844386,0.5000000000000001,11.461391538888888,1
Alameda,2019,11,11.461391538888888,26.083333,5.064916842942943,0,360,8.711593153424658,6.27983048502994,7.255705051646038,0.0,-0.5000000000000004,0.8660254037844384,6.485112193820225,0
Alameda,2019,12,6.485112193820225,18.045455,3.2921689591600027,0,356,11.461391538888888,8.711593153424658,8.817605059114497,0.0,-2.4492935982947064e-16,1.0,7.3567974623655905,0
Alameda,2020,1,7.3567974623655905,23.181818,3.394294041114649,0,372,6.485112193820225,11.461391538888888,8.886032295377923,0.0,0.49999999999999994,0.8660254037844387,8.690519349854227,0
Alameda,2020,2,8.690519349854227,19.083333,3.8582155247895966,0,343,7.3567974623655905,6.485112193820225,8.434433731691568,0.0,0.8660254037844386,0.5000000000000001,5.131800807692308,0
Alameda,2020,3,5.131800807692308,14.208333,2.957323898961938,0,364,8.690519349854227,7.3567974623655905,7.510809668680014,0.0,1.0,6.123233995736766e-17,5.309871283333333,0
Alameda,2020,4,5.309871283333333,13.26087,2.562190351086395,0,360,5.131800807692308,8.690519349854227,7.0597058733040425,0.0,0.8660254037844387,-0.49999999999999983,5.88927785326087,0
Alameda,2020,5,5.88927785326087,15.041667,3.1908514538722357,0,368,5.309871283333333,5.131800807692308,6.377397146959955,0.0,0.49999999999999994,-0.8660254037844387,6.815876627777778,0
Alameda,2020,6,6.815876627777778,18.043478,3.4473083326916987,0,360,5.88927785326087,5.309871283333333,5.443649981428837,0.0,1.2246467991473532e-16,-1.0,7.6024357388888895,0
Alameda,2020,7,7.6024357388888895,41.125,4.988606875792665,2,360,6.815876627777778,5.88927785326087,6.005008588123992,0.0,-0.4999999999999998,-0.8660254037844388,16.74372567385445,1
Alameda,2020,8,16.74372567385445,99.916667,16.102017846706474,36,371,7.6024357388888895,6.815876627777778,6.769196739975844,2.0,-0.8660254037844384,-0.5000000000000004,32.005523815126054,1
Alameda,2020,9,32.005523815126054,167.708333,38.97013722114544,72,357,16.74372567385445,7.6024357388888895,10.387346013507036,36.0,-1.0,-1.8369701987210297e-16,14.731446566395665,1
Alameda,2020,10,14.731446566395665,103.958333,14.489455100916196,25,369,32.005523815126054,16.74372567385445,18.783895075956462,72.0,-0.8660254037844386,0.5000000000000001,9.5610453796034,0
Alameda,2020,11,9.5610453796034,27.583333,4.738834080659866,0,353,14.731446566395665,32.005523815126054,21.160232018458718,25.0,-0.5000000000000004,0.8660254037844384,12.1213254077135,1
Butte,2015,2,8.75925925925926,24.6,5.622705293256514,0,27,23.786956521739132,,23.786956521739132,2.0,0.8660254037844386,0.5000000000000001,5.709677419354839,0
Butte,2015,3,5.709677419354839,12.8,2.4218938648242037,0,31,8.75925925925926,23.786956521739132,16.273107890499197,0.0,1.0,6.123233995736766e-17,5.1,0
Butte,2015,4,5.1,9.7,2.6267851073127395,0,27,5.709677419354839,8.75925925925926,12.751964400117743,0.0,0.8660254037844387,-0.49999999999999983,6.338461538461539,0
Butte,2015,5,6.338461538461539,10.0,1.9508104824563404,0,26,5.1,5.709677419354839,6.5229788928713655,0.0,0.49999999999999994,-0.8660254037844387,7.461538461538462,0
Butte,2015,6,7.461538461538462,14.6,2.97739173412931,0,26,6.338461538461539,5.1,5.7160463192721265,0.0,1.2246467991473532e-16,-1.0,6.23103448275862,0
Butte,2015,7,6.23103448275862,11.0,1.8386919745677637,0,29,7.461538461538462,6.338461538461539,6.3,0.0,-0.4999999999999998,-0.8660254037844388,9.15925925925926,0
Butte,2015,8,9.15925925925926,16.8,4.355037689429712,0,27,6.23103448275862,7.461538461538462,6.6770114942528735,0.0,-0.8660254037844384,-0.5000000000000004,8.52962962962963,0
Butte,2015,9,8.52962962962963,22.6,4.676604193282428,0,27,9.15925925925926,6.23103448275862,7.617277401185447,0.0,-1.0,-1.8369701987210297e-16,7.453333333333333,0
Butte,2015,10,7.453333333333333,12.8,2.7167086238914986,0,30,8.52962962962963,9.15925925925926,7.973307790549171,0.0,-0.8660254037844386,0.5000000000000001,12.733333333333333,1
Butte,2015,11,12.733333333333333,25.7,7.039118936507526,0,30,7.453333333333333,8.52962962962963,8.380740740740741,0.0,-0.5000000000000004,0.8660254037844384,11.148275862068964,0
Butte,2015,12,11.148275862068964,22.7,5.395806618480634,0,29,12.733333333333333,7.453333333333333,9.572098765432099,0.0,-2.4492935982947064e-16,1.0,8.246666666666666,0
Butte,2016,1,8.246666666666666,26.8,5.9258483072822195,0,30,11.148275862068964,12.733333333333333,10.444980842911876,0.0,0.49999999999999994,0.8660254037844387,7.45,0
Butte,2016,2,7.45,18.3,3.821624630286813,0,28,8.246666666666666,11.148275862068964,10.70942528735632,0.0,0.8660254037844386,0.5000000000000001,3.5214285714285714,0
Butte,2016,3,3.5214285714285714,6.8,1.615975142561191,0,28,7.45,8.246666666666666,8.94831417624521,0.0,1.0,6.123233995736766e-17,4.319999999999999,0
Butte,2016,4,4.319999999999999,9.6,2.4569956422848818,0,30,3.5214285714285714,7.45,6.406031746031746,0.0,0.8660254037844387,-0.49999999999999983,4.469230769230769,0
Butte,2016,5,4.469230769230769,9.3,1.8362503600041544,0,26,4.319999999999999,3.5214285714285714,5.097142857142857,0.0,0.49999999999999994,-0.8660254037844387,5.825,0
Butte,2016,6,5.825,16.5,3.0300501157082707,0,28,4.469230769230769,4.319999999999999,4.103553113553113,0.0,1.2246467991473532e-16,-1.0,8.564,0
Butte,2016,7,8.564,20.9,5.130373605628866,0,25,5.825,4.469230769230769,4.871410256410257,0.0,-0.4999999999999998,-0.8660254037844388,9.555172413793104,0
Butte,2016,8,9.555172413793104,14.5,2.5214205473015956,0,29,8.564,5.825,6.286076923076923,0.0,-0.8660254037844384,-0.5000000000000004,11.242857142857144,1
Butte,2016,9,11.242857142857144,19.8,3.6299605723222057,0,28,9.555172413793104,8.564,7.981390804597702,0.0,-1.0,-1.8369701987210297e-16,5.493333333333334,0
Butte,2016,10,5.493333333333334,12.4,2.742001953435423,0,30,11.242857142857144,9.555172413793104,9.787343185550084,0.0,-0.8660254037844386,0.5000000000000001,8.033333333333333,0
Butte,2016,11,8.033333333333333,15.6,3.4128715633161915,0,27,5.493333333333334,11.242857142857144,8.763787629994527,0.0,-0.5000000000000004,0.8660254037844384,17.99473684210526,1
Butte,2016,12,17.99473684210526,37.2,7.399510020130503,1,19,8.033333333333333,5.493333333333334,8.256507936507937,0.0,-2.4492935982947064e-16,1.0,8.748148148148148,0
Butte,2017,1,8.748148148148148,30.9,7.691172280877023,0,27,17.99473684210526,8.033333333333333,10.507134502923975,1.0,0.49999999999999994,0.8660254037844387,4.7153846153846155,0
Butte,2017,2,4.7153846153846155,12.3,3.201086354060735,0,26,8.748148148148148,17.99473684210526,11.592072774528914,0.0,0.8660254037844386,0.5000000000000001,4.613793103448275,0
Butte,2017,3,4.613793103448275,9.6,1.9829134657891352,0,29,4.7153846153846155,8.748148148148148,10.486089868546008,0.0,1.0,6.123233995736766e-17,3.470833333333333,0
Butte,2017,4,3.470833333333333,6.1,1.1536253504822795,0,24,4.613793103448275,4.7153846153846155,6.025775288993678,0.0,0.8660254037844387,-0.49999999999999983,5.47741935483871,0
Butte,2017,5,5.47741935483871,9.5,2.260783002622374,0,31,3.470833333333333,4.613793103448275,4.266670350722073,0.0,0.49999999999999994,-0.8660254037844387,5.765,0
Butte,2017,6,5.765,10.2,2.7187990769920147,0,20,5.47741935483871,3.470833333333333,4.520681930540105,0.0,1.2246467991473532e-16,-1.0,8.0,0
Butte,2017,7,8.0,10.9,1.2459589853215265,0,30,5.765,5.47741935483871,4.904417562724014,0.0,-0.4999999999999998,-0.8660254037844388,12.75,1
Butte,2017,8,12.75,23.8,3.855875747191263,0,28,8.0,5.765,6.414139784946236,0.0,-0.8660254037844384,-0.5000000000000004,15.58846153846154,1
Butte,2017,9,15.58846153846154,45.2,10.268021305902202,1,26,12.75,8.0,8.838333333333333,0.0,-1.0,-1.8369701987210297e-16,7.7,0
Butte,2017,10,7.7,34.9,6.481612789100108,0,24,15.58846153846154,12.75,12.112820512820512,1.0,-0.8660254037844386,0.5000000000000001,10.045454545454543,0
Butte,2017,11,10.045454545454543,23.9,5.645624287275376,0,22,7.7,15.58846153846154,12.012820512820513,0.0,-0.5000000000000004,0.8660254037844384,19.85,1
Butte,2017,12,19.85,35.7,9.03226973422097,1,30,10.045454545454543,7.7,11.11130536130536,0.0,-2.4492935982947064e-16,1.0,12.203448275862067,1
Butte,2018,1,12.203448275862067,24.4,5.786590580114678,0,29,19.85,10.045454545454543,12.531818181818181,1.0,0.49999999999999994,0.8660254037844387,6.9222222222222225,0
Butte,2018,2,6.9222222222222225,15.1,3.516590714941142,0,27,12.203448275862067,19.85,14.032967607105535,0.0,0.8660254037844386,0.5000000000000001,3.767741935483871,0
Butte,2018,3,3.767741935483871,8.5,1.903398206152038,0,31,6.9222222222222225,12.203448275862067,12.991890166028098,0.0,1.0,6.123233995736766e-17,4.538461538461538,0
Butte,2018,4,4.538461538461538,9.2,2.081744830295379,0,26,3.767741935483871,6.9222222222222225,7.631137477856053,0.0,0.8660254037844387,-0.49999999999999983,5.516666666666667,0
Butte,2018,5,5.516666666666667,11.7,2.395697772276786,0,30,4.538461538461538,3.767741935483871,5.076141898722542,0.0,0.49999999999999994,-0.8660254037844387,6.5814814814814815,0
Butte,2018,6,6.5814814814814815,10.4,2.495694297883863,0,27,5.516666666666667,4.538461538461538,4.607623380204024,0.0,1.2246467991473532e-16,-1.0,11.936666666666667,1
Butte,2018,7,11.936666666666667,42.8,9.664384788145252,2,30,6.5814814814814815,5.516666666666667,5.545536562203227,0.0,-0.4999999999999998,-0.8660254037844388,26.24516129032258,1
Butte,2018,8,26.24516129032258,61.4,15.783680151972952,8,31,11.936666666666667,6.5814814814814815,8.011604938271605,2.0,-0.8660254037844384,-0.5000000000000004,11.366666666666667,1
Butte,2018,9,11.366666666666667,26.3,6.266293703746196,0,30,26.24516129032258,11.936666666666667,14.92110314615691,8.0,-1.0,-1.8369701987210297e-16,7.646666666666667,0
Butte,2018,10,7.646666666666667,15.6,4.339770638570926,0,30,11.366666666666667,26.24516129032258,16.516164874551972,0.0,-0.8660254037844386,0.5000000000000001,61.736,1
Butte,2018,11,61.736,411.7,106.81527621709046,8,25,7.646666666666667,11.366666666666667,15.08616487455197,0.0,-0.5000000000000004,0.8660254037844384,12.043333333333331,1
Butte,2018,12,12.043333333333331,29.0,6.575171865242099,0,30,61.736,7.646666666666667,26.91644444444444,8.0,-2.4492935982947064e-16,1.0,12.64074074074074,1
Butte,2019,1,12.64074074074074,34.6,9.473455192080303,0,27,12.043333333333331,61.736,27.142,0.0,0.49999999999999994,0.8660254037844387,4.673076923076923,0
Butte,2019,2,4.673076923076923,10.5,2.916238356829934,0,26,12.64074074074074,12.043333333333331,28.80669135802469,0.0,0.8660254037844386,0.5000000000000001,4.0344827586206895,0
Butte,2019,3,4.0344827586206895,8.5,1.6945871520118243,0,29,4.673076923076923,12.64074074074074,9.785716999050331,0.0,1.0,6.123233995736766e-17,4.632142857142857,0
Butte,2019,4,4.632142857142857,11.6,2.758697165857473,0,28,4.0344827586206895,4.673076923076923,7.116100140812786,0.0,0.8660254037844387,-0.49999999999999983,5.051612903225807,0
Butte,2019,5,5.051612903225807,9.2,2.276381773449837,0,31,4.632142857142857,4.0344827586206895,4.446567512946824,0.0,0.49999999999999994,-0.8660254037844387,6.32,0
Butte,2019,6,6.32,10.3,2.6470639146837867,0,20,5.051612903225807,4.632142857142857,4.5727461729964505,0.0,1.2246467991473532e-16,-1.0,7.7935011129032254,0
Butte,2019,7,7.7935011129032254,13.875,2.2094570197417807,0,62,6.32,5.051612903225807,5.334585253456221,0.0,-0.4999999999999998,-0.8660254037844388,7.1158090000000005,0
Butte,2019,8,7.1158090000000005,10.416667,1.711580530555457,0,53,7.7935011129032254,6.32,6.388371338709677,0.0,-0.8660254037844384,-0.5000000000000004,3.779594405405405,0
Butte,2019,9,3.779594405405405,7.1,2.209242684649632,0,37,7.1158090000000005,7.7935011129032254,7.076436704301076,0.0,-1.0,-1.8369701987210297e-16,5.5572378387096775,0
Butte,2019,10,5.5572378387096775,16.666667,3.692736221122419,0,62,3.779594405405405,7.1158090000000005,6.229634839436211,0.0,-0.8660254037844386,0.5000000000000001,10.616859933333334,0
Butte,2019,11,10.616859933333334,15.75,3.4830875382427187,0,60,5.5572378387096775,3.779594405405405,5.4842137480383615,0.0,-0.5000000000000004,0.8660254037844384,11.465024548387095,1
Butte,2019,12,11.465024548387095,23.291667,5.556428954275678,0,62,10.616859933333334,5.5572378387096775,6.651230725816139,0.0,-2.4492935982947064e-16,1.0,11.81385735483871,1
Butte,2020,1,11.81385735483871,23.5,6.557111948402105,0,62,11.465024548387095,10.616859933333334,9.2130407734767,0.0,0.49999999999999994,0.8660254037844387,10.032953448275862,0
Butte,2020,2,10.032953448275862,22.791667,5.357994403216988,0,58,11.81385735483871,11.465024548387095,11.29858061218638,0.0,0.8660254037844386,0.5000000000000001,4.684446737704919,0
Butte,2020,3,4.684446737704919,13.227273,2.6530178972940037,0,61,10.032953448275862,11.81385735483871,11.103945117167221,0.0,1.0,6.123233995736766e-17,4.163433266666667,0
Butte,2020,4,4.163433266666667,7.125,1.5355263048597592,0,60,4.684446737704919,10.032953448275862,8.843752513606498,0.0,0.8660254037844387,-0.49999999999999983,4.06885725,0
Butte,2020,5,4.06885725,8.291667,1.79602115918507,0,56,4.163433266666667,4.684446737704919,6.293611150882483,0.0,0.49999999999999994,-0.8660254037844387,5.628349283333334,0
Butte,2020,6,5.628349283333334,12.958333,3.3334405166733507,0,60,4.06885725,4.163433266666667,4.305579084790529,0.0,1.2246467991473532e-16,-1.0,8.35370093220339,0
Butte,2020,7,8.35370093220339,13.333333,2.0783349275048977,0,59,5.628349283333334,4.06885725,4.620213266666667,0.0,-0.4999999999999998,-0.8660254037844388,32.365408096774196,1
Butte,2020,8,32.365408096774196,134.375,35.74896897713587,22,62,8.35370093220339,5.628349283333334,6.016969155178908,0.0,-0.8660254037844384,-0.5000000000000004,60.74346453333333,1
Butte,2020,9,60.74346453333333,329.333333,70.71718836232095,32,60,32.365408096774196,8.35370093220339,15.449152770770306,22.0,-1.0,-1.8369701987210297e-16,19.136440903225807,1
Butte,2020,10,19.136440903225807,76.625,21.56976766806171,10,62,60.74346453333333,32.365408096774196,33.82085785410364,32.0,-0.8660254037844386,0.5000000000000001,12.74449775,1
Butte,2020,11,12.74449775,34.5,7.232217240662646,0,60,19.136440903225807,60.74346453333333,37.41510451111111,10.0,-0.5000000000000004,0.8660254037844384,17.158327483870966,1
Calaveras,2015,2,6.446933178571428,13.375,3.155801230458333,0,56,11.054230951612904,,11.054230951612904,0.0,0.8660254037844386,0.5000000000000001,5.10077085483871,0
Calaveras,2015,3,5.10077085483871,13.833333,2.334723443579391,0,62,6.446933178571428,11.054230951612904,8.750582065092166,0.0,1.0,6.123233995736766e-17,4.77530795,0
Calaveras,2015,4,4.77530795,10.5,1.9672654026031071,0,60,5.10077085483871,6.446933178571428,7.533978328341014,0.0,0.8660254037844387,-0.49999999999999983,5.301034403225806,0
Calaveras,2015,5,5.301034403225806,8.166667,1.3357104886911524,0,62,4.77530795,5.10077085483871,5.441003994470047,0.0,0.49999999999999994,-0.8660254037844387,5.3520657499999995,0
Calaveras,2015,6,5.3520657499999995,10.583333,2.5315856720772456,0,60,5.301034403225806,4.77530795,5.059037736021506,0.0,1.2246467991473532e-16,-1.0,4.865356032258064,0
Calaveras,2015,7,4.865356032258064,9.541667,1.6703962351163726,0,62,5.3520657499999995,5.301034403225806,5.142802701075269,0.0,-0.4999999999999998,-0.8660254037844388,6.969166177419355,0
Calaveras,2015,8,6.969166177419355,18.916667,4.147195473279315,0,62,4.865356032258064,5.3520657499999995,5.172818728494623,0.0,-0.8660254037844384,-0.5000000000000004,31.221286183333333,1
Calaveras,2015,9,31.221286183333333,270.166667,64.50549722041771,8,60,6.969166177419355,4.865356032258064,5.728862653225806,0.0,-1.0,-1.8369701987210297e-16,6.3178875,0
Calaveras,2015,10,6.3178875,12.086957,1.9356295410679971,0,62,31.221286183333333,6.969166177419355,14.351936131003583,8.0,-0.8660254037844386,0.5000000000000001,8.794725,0
Calaveras,2015,11,8.794725,23.0,4.2333210985188865,0,60,6.3178875,31.221286183333333,14.836113286917561,0.0,-0.5000000000000004,0.8660254037844384,8.779710112903226,0
Calaveras,2015,12,8.779710112903226,19.666667,4.28050446893493,0,62,8.794725,6.3178875,15.444632894444444,0.0,-2.4492935982947064e-16,1.0,7.831206193548387,0
Calaveras,2016,1,7.831206193548387,21.541667,5.058443241622995,0,62,8.779710112903226,8.794725,7.9641075376344075,0.0,0.49999999999999994,0.8660254037844387,9.395272810344828,0
Calaveras,2016,2,9.395272810344828,13.625,2.484939495914853,0,58,7.831206193548387,8.779710112903226,8.468547102150536,0.0,0.8660254037844386,0.5000000000000001,7.053837774193548,0
Calaveras,2016,3,7.053837774193548,11.083333,2.0528557977680473,0,62,9.395272810344828,7.831206193548387,8.668729705598812,0.0,1.0,6.123233995736766e-17,5.807530183333333,0
Calaveras,2016,4,5.807530183333333,9.833333,1.8856871349257256,0,60,7.053837774193548,9.395272810344828,8.093438926028918,0.0,0.8660254037844387,-0.49999999999999983,6.484479583333334,0
Calaveras,2016,5,6.484479583333334,10.666667,2.1514464025607447,0,60,5.807530183333333,7.053837774193548,7.418880255957235,0.0,0.49999999999999994,-0.8660254037844387,6.368060466666666,0
Calaveras,2016,6,6.368060466666666,10.375,2.2900862788462977,0,60,6.484479583333334,5.807530183333333,6.4486158469534045,0.0,1.2246467991473532e-16,-1.0,7.01985529032258,0
Calaveras,2016,7,7.01985529032258,11.916667,2.499610563856484,0,62,6.368060466666666,6.484479583333334,6.22002341111111,0.0,-0.4999999999999998,-0.8660254037844388,9.793200714285714,0
Calaveras,2016,8,9.793200714285714,19.583333,3.622106495764709,0,56,7.01985529032258,6.368060466666666,6.6241317801075255,0.0,-0.8660254037844384,-0.5000000000000004,9.59040455,0
Calaveras,2016,9,9.59040455,15.416667,2.5937295100941427,0,60,9.793200714285714,7.01985529032258,7.72703882375832,0.0,-1.0,-1.8369701987210297e-16,5.389760677419355,0
Calaveras,2016,10,5.389760677419355,8.458333,1.699480750816832,0,62,9.59040455,9.793200714285714,8.801153518202765,0.0,-0.8660254037844386,0.5000000000000001,7.929888162790697,0
Calaveras,2016,11,7.929888162790697,18.416667,3.4246143834509932,0,43,5.389760677419355,9.59040455,8.257788647235023,0.0,-0.5000000000000004,0.8660254037844384,14.487809694915253,1
Calaveras,2016,12,14.487809694915253,27.625,4.629277670049519,0,59,7.929888162790697,5.389760677419355,7.636684463403349,0.0,-2.4492935982947064e-16,1.0,12.085117654545456,1
Calaveras,2017,1,12.085117654545456,17.772727,3.280898996819007,0,55,14.487809694915253,7.929888162790697,9.269152845041766,0.0,0.49999999999999994,0.8660254037844387,9.966718589285716,0
Calaveras,2017,2,9.966718589285716,14.272727,2.077687586747385,0,56,12.085117654545456,14.487809694915253,11.5009385040838,0.0,0.8660254037844386,0.5000000000000001,9.350672857142856,0
Calaveras,2017,6,9.350672857142856,10.913043,1.319799622882129,0,7,9.966718589285716,12.085117654545456,12.17988197958214,0.0,1.2246467991473532e-16,-1.0,11.08146404,0
Calaveras,2017,7,11.08146404,14.25,1.738724219609849,0,50,9.350672857142856,9.966718589285716,10.467503033658007,0.0,-0.4999999999999998,-0.8660254037844388,14.637695016129031,1
Calaveras,2017,8,14.637695016129031,22.541667,3.0657905099380995,0,62,11.08146404,9.350672857142856,10.132951828809523,0.0,-0.8660254037844384,-0.5000000000000004,15.647121783333334,1
Calaveras,2017,9,15.647121783333334,39.666667,9.016700420173,6,60,14.637695016129031,11.08146404,11.689943971090628,0.0,-1.0,-1.8369701987210297e-16,15.223448177419357,1
Calaveras,2017,10,15.223448177419357,52.916667,8.701068963501797,2,62,15.647121783333334,14.637695016129031,13.788760279820787,6.0,-0.8660254037844386,0.5000000000000001,12.027273266666668,1
Calaveras,2017,11,12.027273266666668,20.625,2.99140652907896,0,60,15.223448177419357,15.647121783333334,15.169421658960573,2.0,-0.5000000000000004,0.8660254037844384,15.96211429032258,1
Calaveras,2017,12,15.96211429032258,21.958333,2.902543726651422,0,62,12.027273266666668,15.223448177419357,14.299281075806453,0.0,-2.4492935982947064e-16,1.0,13.61163514516129,1
Calaveras,2018,1,13.61163514516129,20.826087,3.3464525025470286,0,62,15.96211429032258,12.027273266666668,14.4042785781362,0.0,0.49999999999999994,0.8660254037844387,14.073827454545455,1
Calaveras,2018,2,14.073827454545455,19.166667,2.203764516602139,0,55,13.61163514516129,15.96211429032258,13.867007567383512,0.0,0.8660254037844386,0.5000000000000001,9.354062032258064,0
Calaveras,2018,3,9.354062032258064,13.75,2.115654199460934,0,62,14.073827454545455,13.61163514516129,14.54919229667644,0.0,1.0,6.123233995736766e-17,10.258283866666666,0
Calaveras,2018,4,10.258283866666666,15.181818,2.182967725183594,0,60,9.354062032258064,14.073827454545455,12.346508210654934,0.0,0.8660254037844387,-0.49999999999999983,11.43011922580645,1
Calaveras,2018,5,11.43011922580645,15.875,1.8186303894568616,0,62,10.258283866666666,9.354062032258064,11.228724451156728,0.0,0.49999999999999994,-0.8660254037844387,12.21871375,1
Calaveras,2018,6,12.21871375,15.25,1.497998366272871,0,60,11.43011922580645,10.258283866666666,10.347488374910391,0.0,1.2246467991473532e-16,-1.0,17.540323112903227,1
Calaveras,2018,7,17.540323112903227,49.958333,10.774269738554423,6,62,12.21871375,11.43011922580645,11.30237228082437,0.0,-0.4999999999999998,-0.8660254037844388,30.46731116129032,1
Calaveras,2018,8,30.46731116129032,67.75,16.265410821444526,22,62,17.540323112903227,12.21871375,13.729718696236558,6.0,-0.8660254037844384,-0.5000000000000004,12.913266916666666,1
Calaveras,2018,9,12.913266916666666,24.043478,4.383544003027306,0,60,30.46731116129032,17.540323112903227,20.075449341397846,22.0,-1.0,-1.8369701987210297e-16,9.909995803921568,0
Calaveras,2018,10,9.909995803921568,14.0,1.8074910267989497,0,51,12.913266916666666,30.46731116129032,20.306967063620068,0.0,-0.8660254037844386,0.5000000000000001,16.52649705,1
Calaveras,2018,11,16.52649705,37.333333,9.039120030284622,4,60,9.909995803921568,12.913266916666666,17.76352462729285,0.0,-0.5000000000000004,0.8660254037844384,16.618495822580645,1
Calaveras,2018,12,16.618495822580645,33.791667,5.246344111684029,0,62,16.52649705,9.909995803921568,13.116586590196079,4.0,-2.4492935982947064e-16,1.0,8.849624782608696,0
Calaveras,2019,1,8.849624782608696,24.875,5.861782844583545,0,46,16.618495822580645,16.52649705,14.351662892167404,0.0,0.49999999999999994,0.8660254037844387,4.252099218181818,0
Calaveras,2019,2,4.252099218181818,10.375,2.542041562055874,0,55,8.849624782608696,16.618495822580645,13.998205885063115,0.0,0.8660254037844386,0.5000000000000001,4.512349693548388,0
Calaveras,2019,3,4.512349693548388,8.666667,1.8380300676475911,0,62,4.252099218181818,8.849624782608696,9.90673994112372,0.0,1.0,6.123233995736766e-17,4.843788827586207,0
Calaveras,2019,4,4.843788827586207,8.5,1.9614822615268528,0,58,4.512349693548388,4.252099218181818,5.871357898112966,0.0,0.8660254037844387,-0.49999999999999983,4.93666435483871,0
Calaveras,2019,5,4.93666435483871,8.041667,1.840726432609772,0,62,4.843788827586207,4.512349693548388,4.536079246438803,0.0,0.49999999999999994,-0.8660254037844387,5.135335983333333,0
Calaveras,2019,6,5.135335983333333,7.869565,1.5636587168570166,0,60,4.93666435483871,4.843788827586207,4.764267625324433,0.0,1.2246467991473532e-16,-1.0,5.599926661290322,0
Calaveras,2019,7,5.599926661290322,9.708333,1.3635805504623764,0,62,5.135335983333333,4.93666435483871,4.971929721919415,0.0,-0.4999999999999998,-0.8660254037844388,5.598909838709678,0
Calaveras,2019,8,5.598909838709678,8.958333,1.4407799298371289,0,62,5.599926661290322,5.135335983333333,5.223975666487454,0.0,-0.8660254037844384,-0.5000000000000004,3.64493355,0
Calaveras,2019,9,3.64493355,6.125,1.2242819172336918,0,60,5.598909838709678,5.599926661290322,5.44472416111111,0.0,-1.0,-1.8369701987210297e-16,5.820843789473684,0
Calaveras,2019,10,5.820843789473684,10.75,2.340204710649932,0,57,3.64493355,5.598909838709678,4.947923349999999,0.0,-0.8660254037844386,0.5000000000000001,6.89636735,0
Calaveras,2019,11,6.89636735,10.291667,1.923634434275521,0,60,5.820843789473684,3.64493355,5.021562392727787,0.0,-0.5000000000000004,0.8660254037844384,7.269194409090909,0
Calaveras,2019,12,7.269194409090909,12.791667,3.35529908811546,0,44,6.89636735,5.820843789473684,5.4540482298245605,0.0,-2.4492935982947064e-16,1.0,9.821838467741935,0
Calaveras,2020,1,9.821838467741935,17.833333,3.3572199847272284,0,62,7.269194409090909,6.89636735,6.662135182854864,0.0,0.49999999999999994,0.8660254037844387,10.479668086206896,0
Calaveras,2020,2,10.479668086206896,18.25,3.0875404305543186,0,58,9.821838467741935,7.269194409090909,7.995800075610947,0.0,0.8660254037844386,0.5000000000000001,5.232000919354839,0
Calaveras,2020,3,5.232000919354839,10.130435,2.2124252662627235,0,62,10.479668086206896,9.821838467741935,9.19023365434658,0.0,1.0,6.123233995736766e-17,4.752859130434783,0
Calaveras,2020,4,4.752859130434783,7.958333,1.638310372413408,0,46,5.232000919354839,10.479668086206896,8.511169157767888,0.0,0.8660254037844387,-0.49999999999999983,4.380114967741936,0
Calaveras,2020,5,4.380114967741936,7.583333,1.1594571697842757,0,62,4.752859130434783,5.232000919354839,6.821509378665504,0.0,0.49999999999999994,-0.8660254037844387,6.078418813559322,0
Calaveras,2020,6,6.078418813559322,10.5,2.1970584223438663,0,59,4.380114967741936,4.752859130434783,4.788325005843851,0.0,1.2246467991473532e-16,-1.0,9.525264048387095,0
Calaveras,2020,7,9.525264048387095,21.043478,2.45127720117492,0,62,6.078418813559322,4.380114967741936,5.070464303912012,0.0,-0.4999999999999998,-0.8660254037844388,30.546820935483872,1
Calaveras,2020,8,30.546820935483872,134.291667,38.86052922577444,16,62,9.525264048387095,6.078418813559322,6.661265943229449,0.0,-0.8660254037844384,-0.5000000000000004,40.5175924,1
Calaveras,2020,9,40.5175924,110.541667,32.63817798260431,24,55,30.546820935483872,9.525264048387095,15.383501265810095,16.0,-1.0,-1.8369701987210297e-16,13.53770085483871,1
Calaveras,2020,10,13.53770085483871,50.25,11.887525781926223,6,62,40.5175924,30.546820935483872,26.863225794623656,24.0,-0.8660254037844386,0.5000000000000001,7.91039902,0
Calaveras,2020,11,7.91039902,14.791667,3.5011023659226717,0,50,13.53770085483871,40.5175924,28.20070473010752,6.0,-0.5000000000000004,0.8660254037844384,9.564767403225806,0
Colusa,2015,2,5.6079282,23.3,3.5539574046700593,0,60,8.176492029850747,,8.176492029850747,0.0,0.8660254037844386,0.5000000000000001,4.328519158730159,0
Colusa,2015,3,4.328519158730159,9.85,2.030223765339524,0,63,5.6079282,8.176492029850747,6.892210114925374,0.0,1.0,6.123233995736766e-17,4.523880184615384,0
Colusa,2015,4,4.523880184615384,9.4,1.9545802864144104,0,65,4.328519158730159,5.6079282,6.037646462860302,0.0,0.8660254037844387,-0.49999999999999983,6.2274240625,0
Colusa,2015,5,6.2274240625,10.608696,1.9017136743479208,0,64,4.523880184615384,4.328519158730159,4.820109181115181,0.0,0.49999999999999994,-0.8660254037844387,10.269780296875,0
Colusa,2015,6,10.269780296875,18.0,2.9161113789329636,0,64,6.2274240625,4.523880184615384,5.026607801948514,0.0,1.2246467991473532e-16,-1.0,8.79534946551724,0
Colusa,2015,7,8.79534946551724,24.608696,3.854090145457963,0,58,10.269780296875,6.2274240625,7.007028181330128,0.0,-0.4999999999999998,-0.8660254037844388,14.96998077419355,1
Colusa,2015,8,14.96998077419355,132.5,20.63534210855898,9,62,8.79534946551724,10.269780296875,8.430851274964079,0.0,-0.8660254037844384,-0.5000000000000004,4.6939538125,0
Colusa,2015,9,4.6939538125,10.4,2.0966872799180307,0,48,14.96998077419355,8.79534946551724,11.345036845528597,9.0,-1.0,-1.8369701987210297e-16,7.291665018181819,0
Colusa,2015,10,7.291665018181819,16.0,3.4690131329976657,0,55,4.6939538125,14.96998077419355,9.486428017403597,0.0,-0.8660254037844386,0.5000000000000001,4.8030156153846155,0
Colusa,2015,11,4.8030156153846155,23.6,3.5792787720070427,0,65,7.291665018181819,4.6939538125,8.98519986829179,0.0,-0.5000000000000004,0.8660254037844384,5.120438343283582,0
Colusa,2015,12,5.120438343283582,24.3,3.976178255066447,0,67,4.8030156153846155,7.291665018181819,5.596211482022145,0.0,-2.4492935982947064e-16,1.0,2.361529488888889,0
Colusa,2016,1,2.361529488888889,8.6,2.12393772662099,0,45,5.120438343283582,4.8030156153846155,5.738372992283338,0.0,0.49999999999999994,0.8660254037844387,3.240651596774194,0
Colusa,2016,2,3.240651596774194,13.0,2.6338554422890015,0,62,2.361529488888889,5.120438343283582,4.094994482519029,0.0,0.8660254037844386,0.5000000000000001,1.746501393939394,0
Colusa,2016,3,1.746501393939394,6.818182,1.8340126498185916,0,66,3.240651596774194,2.361529488888889,3.5742064763155548,0.0,1.0,6.123233995736766e-17,3.799663507692307,0
Colusa,2016,4,3.799663507692307,7.5,1.942438660639894,0,65,1.746501393939394,3.240651596774194,2.449560826534159,0.0,0.8660254037844387,-0.49999999999999983,2.9901206181818183,0
Colusa,2016,5,2.9901206181818183,8.6,2.33143813901627,0,55,3.799663507692307,1.746501393939394,2.9289388328019648,0.0,0.49999999999999994,-0.8660254037844387,4.580345630769231,0
Colusa,2016,6,4.580345630769231,11.708333,2.5556980380597136,0,65,2.9901206181818183,3.799663507692307,2.8454285066045064,0.0,1.2246467991473532e-16,-1.0,6.583621402985075,0
Colusa,2016,7,6.583621402985075,16.608696,2.909978934913921,0,67,4.580345630769231,2.9901206181818183,3.7900432522144514,0.0,-0.4999999999999998,-0.8660254037844388,8.487491646153845,0
Colusa,2016,8,8.487491646153845,14.8,2.699880968246976,0,65,6.583621402985075,4.580345630769231,4.718029217312041,0.0,-0.8660254037844384,-0.5000000000000004,9.401532907692308,0
Colusa,2016,9,9.401532907692308,31.0,6.050573899665854,0,65,8.487491646153845,6.583621402985075,6.550486226636051,0.0,-1.0,-1.8369701987210297e-16,3.196060223880597,0
Colusa,2016,10,3.196060223880597,9.217391,2.4934802150427853,0,67,9.401532907692308,8.487491646153845,8.157548652277077,0.0,-0.8660254037844386,0.5000000000000001,4.220884799999999,0
Colusa,2016,11,4.220884799999999,10.541667,2.706883330595171,0,65,3.196060223880597,9.401532907692308,7.028361592575583,0.0,-0.5000000000000004,0.8660254037844384,5.327388268656716,0
Colusa,2016,12,5.327388268656716,18.0,3.599998287486519,0,67,4.220884799999999,3.196060223880597,5.606159310524301,0.0,-2.4492935982947064e-16,1.0,4.861356838235294,0
Colusa,2017,1,4.861356838235294,15.636364,3.0240344803670225,0,68,5.327388268656716,4.220884799999999,4.248111097512438,0.0,0.49999999999999994,0.8660254037844387,2.444416627118644,0
Colusa,2017,2,2.444416627118644,8.347826,2.3221979765875416,0,59,4.861356838235294,5.327388268656716,4.803209968964004,0.0,0.8660254037844386,0.5000000000000001,1.1415853181818183,0
Colusa,2017,3,1.1415853181818183,6.8,2.9339203409456207,0,66,2.444416627118644,4.861356838235294,4.211053911336885,0.0,1.0,6.123233995736766e-17,1.2741912615384614,0
Colusa,2017,4,1.2741912615384614,5.130435,2.233682332951376,0,65,1.1415853181818183,2.444416627118644,2.8157862611785855,0.0,0.8660254037844387,-0.49999999999999983,4.48543653125,0
Colusa,2017,5,4.48543653125,10.565217,3.0084641968973633,0,64,1.2741912615384614,1.1415853181818183,1.620064402279641,0.0,0.49999999999999994,-0.8660254037844387,4.181025483870968,0
Colusa,2017,6,4.181025483870968,50.636364,8.88534843381568,2,62,4.48543653125,1.2741912615384614,2.300404370323427,0.0,1.2246467991473532e-16,-1.0,2.5341280769230767,0
Colusa,2017,7,2.5341280769230767,10.4,3.123318393165754,0,65,4.181025483870968,4.48543653125,3.3135510922198104,2.0,-0.4999999999999998,-0.8660254037844388,3.9828932833333335,0
Colusa,2017,8,3.9828932833333335,18.5,5.761795684812446,0,60,2.5341280769230767,4.181025483870968,3.7335300306813486,0.0,-0.8660254037844384,-0.5000000000000004,9.083005421875,0
Colusa,2017,9,9.083005421875,37.708333,10.528976930896745,3,64,3.9828932833333335,2.5341280769230767,3.5660156147091264,0.0,-1.0,-1.8369701987210297e-16,11.053494924242424,0
Colusa,2017,10,11.053494924242424,137.208333,24.197886747191255,5,66,9.083005421875,3.9828932833333335,5.200008927377137,3.0,-0.8660254037844386,0.5000000000000001,4.758508828125,0
Colusa,2017,11,4.758508828125,12.25,2.045446546315184,0,64,11.053494924242424,9.083005421875,8.039797876483586,5.0,-0.5000000000000004,0.8660254037844384,6.8071378125,0
Colusa,2017,12,6.8071378125,20.9,5.034241052254373,0,64,4.758508828125,11.053494924242424,8.298336391414141,0.0,-2.4492935982947064e-16,1.0,3.1371632575757573,0
Colusa,2018,1,3.1371632575757573,17.4,3.547008943156179,0,66,6.8071378125,4.758508828125,7.539713854955809,0.0,0.49999999999999994,0.8660254037844387,1.254571037037037,0
Colusa,2018,2,1.254571037037037,8.6,3.470141630628934,0,54,3.1371632575757573,6.8071378125,4.900936632733586,0.0,0.8660254037844386,0.5000000000000001,0.5530504032258065,0
Colusa,2018,3,0.5530504032258065,4.863636,2.6957457051342804,0,62,1.254571037037037,3.1371632575757573,3.732957369037599,0.0,1.0,6.123233995736766e-17,-1.221706904761905,0
Colusa,2018,4,-1.221706904761905,8.5,3.085710694768924,0,63,0.5530504032258065,1.254571037037037,1.6482615659462008,0.0,0.8660254037844387,-0.49999999999999983,4.264947061538462,0
Colusa,2018,5,4.264947061538462,8.791667,2.4965594248110916,0,65,-1.221706904761905,0.5530504032258065,0.1953048451669801,0.0,0.49999999999999994,-0.8660254037844387,6.3511036615384615,0
Colusa,2018,6,6.3511036615384615,13.208333,2.973727731077171,0,65,4.264947061538462,-1.221706904761905,1.1987635200007885,0.0,1.2246467991473532e-16,-1.0,16.766083328125,1
Colusa,2018,7,16.766083328125,64.875,17.818921332588534,10,64,6.3511036615384615,4.264947061538462,3.13144793943834,0.0,-0.4999999999999998,-0.8660254037844388,40.36940297014925,1
Colusa,2018,8,40.36940297014925,118.25,30.424795572401635,25,67,16.766083328125,6.3511036615384615,9.127378017067308,10.0,-0.8660254037844384,-0.5000000000000004,12.71564106153846,1
Colusa,2018,9,12.71564106153846,31.25,6.772178289247229,0,65,40.36940297014925,16.766083328125,21.162196653270907,25.0,-1.0,-1.8369701987210297e-16,7.599605785714286,0
Colusa,2018,10,7.599605785714286,16.9,3.3263815369088414,0,56,12.71564106153846,40.36940297014925,23.283709119937573,0.0,-0.8660254037844386,0.5000000000000001,22.250536153846156,1
Colusa,2018,11,22.250536153846156,113.2,26.738884939202865,16,65,7.599605785714286,12.71564106153846,20.228216605800668,0.0,-0.5000000000000004,0.8660254037844384,6.426442326923077,0
Colusa,2018,12,6.426442326923077,15.8,2.997812231786856,0,52,22.250536153846156,7.599605785714286,14.188594333699635,16.0,-2.4492935982947064e-16,1.0,6.790606365079365,0
Colusa,2019,1,6.790606365079365,26.5,4.5205046167319285,0,63,6.426442326923077,22.250536153846156,12.092194755494509,0.0,0.49999999999999994,0.8660254037844387,5.7006250000000005,0
Colusa,2019,2,5.7006250000000005,10.0,2.0529028747895333,0,40,6.790606365079365,6.426442326923077,11.822528281949536,0.0,0.8660254037844386,0.5000000000000001,4.941279555555556,0
Colusa,2019,3,4.941279555555556,8.545455,1.569096394045474,0,63,5.7006250000000005,6.790606365079365,6.305891230667483,0.0,1.0,6.123233995736766e-17,3.3243589692307696,0
Colusa,2019,4,3.3243589692307696,11.375,2.6156493681551742,0,65,4.941279555555556,5.7006250000000005,5.810836973544976,0.0,0.8660254037844387,-0.49999999999999983,4.574066940298508,0
Colusa,2019,5,4.574066940298508,7.8,1.8288924276730396,0,67,3.3243589692307696,4.941279555555556,4.655421174928777,0.0,0.49999999999999994,-0.8660254037844387,5.226004650793651,0
Colusa,2019,6,5.226004650793651,9.166667,1.8533826231467676,0,63,4.574066940298508,3.3243589692307696,4.2799018216949465,0.0,1.2246467991473532e-16,-1.0,8.327163104477613,0
Colusa,2019,7,8.327163104477613,17.75,2.672947247164387,0,67,5.226004650793651,4.574066940298508,4.374810186774312,0.0,-0.4999999999999998,-0.8660254037844388,8.306746047619049,0
Colusa,2019,8,8.306746047619049,13.2,1.98726953901874,0,63,8.327163104477613,5.226004650793651,6.042411565189926,0.0,-0.8660254037844384,-0.5000000000000004,6.195820827586207,0
Colusa,2019,9,6.195820827586207,13.0,2.3818276154351987,0,58,8.306746047619049,8.327163104477613,7.286637934296773,0.0,-1.0,-1.8369701987210297e-16,6.419099465517242,0
Colusa,2019,10,6.419099465517242,15.7,3.03611207256925,0,58,6.195820827586207,8.306746047619049,7.609909993227625,0.0,-0.8660254037844386,0.5000000000000001,8.904469590163934,0
Colusa,2019,11,8.904469590163934,19.6,4.5005996974806575,0,61,6.419099465517242,6.195820827586207,6.973888780240834,0.0,-0.5000000000000004,0.8660254037844384,6.569115,0
Colusa,2019,12,6.569115,24.2,4.780368570063879,0,36,8.904469590163934,6.419099465517242,7.17312996108913,0.0,-2.4492935982947064e-16,1.0,7.76,0
Colusa,2020,1,7.76,22.2,8.124838459932603,0,5,6.569115,8.904469590163934,7.2975613518937275,0.0,0.49999999999999994,0.8660254037844387,8.2,0
Colusa,2020,2,8.2,18.6,7.413838412050805,0,5,7.76,6.569115,7.744528196721315,0.0,0.8660254037844386,0.5000000000000001,5.7863636666666665,0
Colusa,2020,3,5.7863636666666665,9.5,3.2656375453379187,0,6,8.2,7.76,7.509705000000001,0.0,1.0,6.123233995736766e-17,3.411495384615385,0
Colusa,2020,4,3.411495384615385,6.4,1.5773909531972163,0,13,5.7863636666666665,8.2,7.2487878888888915,0.0,0.8660254037844387,-0.49999999999999983,4.64,0
Colusa,2020,5,4.64,7.6,1.9907285098676817,0,5,3.411495384615385,5.7863636666666665,5.799286350427352,0.0,0.49999999999999994,-0.8660254037844387,5.375,0
Colusa,2020,6,5.375,10.5,3.672760088362248,0,4,4.64,3.411495384615385,4.612619683760686,0.0,1.2246467991473532e-16,-1.0,8.64,0
Colusa,2020,7,8.64,12.2,2.438852189043034,0,5,5.375,4.64,4.475498461538463,0.0,-0.4999999999999998,-0.8660254037844388,33.93427001818182,1
Colusa,2020,8,33.93427001818182,95.541667,31.86648582779878,24,55,8.64,5.375,6.218333333333336,0.0,-0.8660254037844384,-0.5000000000000004,46.66462974,1
Colusa,2020,9,46.66462974,119.0,34.858287963458224,29,50,33.93427001818182,8.64,15.983090006060609,24.0,-1.0,-1.8369701987210297e-16,20.77698725757576,1
Colusa,2020,10,20.77698725757576,104.916667,27.135808583263255,10,66,46.66462974,33.93427001818182,29.746299919393945,29.0,-0.8660254037844386,0.5000000000000001,7.586683519230769,0
Colusa,2020,11,7.586683519230769,22.7,4.854965713351751,0,52,20.77698725757576,46.66462974,33.79196233858587,10.0,-0.5000000000000004,0.8660254037844384,11.061594974358972,0
Contra Costa,2015,2,10.30289170909091,26.217391,5.749812971335158,0,110,19.10655681451613,,19.10655681451613,0.0,0.8660254037844386,0.5000000000000001,6.822707362831858,0
Contra Costa,2015,3,6.822707362831858,18.222222,2.8801776392602165,0,113,10.30289170909091,19.10655681451613,14.70472426180352,0.0,1.0,6.123233995736766e-17,6.243777137931034,0
Contra Costa,2015,4,6.243777137931034,14.583333,3.12414995596774,0,116,6.822707362831858,10.30289170909091,12.077385295479631,0.0,0.8660254037844387,-0.49999999999999983,5.439841974358974,0
Contra Costa,2015,5,5.439841974358974,12.291667,4.110194870124448,0,117,6.243777137931034,6.822707362831858,7.789792069951267,0.0,0.49999999999999994,-0.8660254037844387,9.128776742857143,0
Contra Costa,2015,6,9.128776742857143,18.0,3.856696345937708,0,105,5.439841974358974,6.243777137931034,6.168775491707289,0.0,1.2246467991473532e-16,-1.0,6.136051008130082,0
Contra Costa,2015,7,6.136051008130082,17.529412,2.622137019449137,0,123,9.128776742857143,5.439841974358974,6.937465285049051,0.0,-0.4999999999999998,-0.8660254037844388,10.311871766129032,0
Contra Costa,2015,8,10.311871766129032,30.833333,7.21735371732547,0,124,6.136051008130082,9.128776742857143,6.9015565751154,0.0,-0.8660254037844384,-0.5000000000000004,7.350800008849557,0
Contra Costa,2015,9,7.350800008849557,13.5,2.1414531540919897,0,113,10.311871766129032,6.136051008130082,8.525566505705418,0.0,-1.0,-1.8369701987210297e-16,7.527083330645161,0
Contra Costa,2015,10,7.527083330645161,14.541667,2.903752441550143,0,124,7.350800008849557,10.311871766129032,7.932907594369556,0.0,-0.8660254037844386,0.5000000000000001,8.129515781818181,0
Contra Costa,2015,11,8.129515781818181,19.375,4.030508208128268,0,110,7.527083330645161,7.350800008849557,8.396585035207918,0.0,-0.5000000000000004,0.8660254037844384,9.368493848214284,0
Contra Costa,2015,12,9.368493848214284,17.916667,3.724535675946501,0,112,8.129515781818181,7.527083330645161,7.669133040437633,0.0,-2.4492935982947064e-16,1.0,7.92197222881356,0
Contra Costa,2016,1,7.92197222881356,18.833333,3.936486842381589,0,118,9.368493848214284,8.129515781818181,8.341697653559208,0.0,0.49999999999999994,0.8660254037844387,7.6178479351851855,0
Contra Costa,2016,2,7.6178479351851855,16.333333,3.690698154601802,0,108,7.92197222881356,9.368493848214284,8.473327286282009,0.0,0.8660254037844386,0.5000000000000001,4.869996870967742,0
Contra Costa,2016,3,4.869996870967742,10.625,2.1041353631186737,0,124,7.6178479351851855,7.92197222881356,8.302771337404343,0.0,1.0,6.123233995736766e-17,6.369370066666666,0
Contra Costa,2016,4,6.369370066666666,13.217391,2.705195365440908,0,120,4.869996870967742,7.6178479351851855,6.803272344988829,0.0,0.8660254037844387,-0.49999999999999983,6.911342943548387,0
Contra Costa,2016,5,6.911342943548387,19.5,4.395479841792159,0,124,6.369370066666666,4.869996870967742,6.2857382909398645,0.0,0.49999999999999994,-0.8660254037844387,6.262572466666667,0
Contra Costa,2016,6,6.262572466666667,18.0,4.204016103254032,0,120,6.911342943548387,6.369370066666666,6.050236627060932,0.0,1.2246467991473532e-16,-1.0,5.037985040322581,0
Contra Costa,2016,7,5.037985040322581,16.25,3.6236103800234822,0,124,6.262572466666667,6.911342943548387,6.514428492293907,0.0,-0.4999999999999998,-0.8660254037844388,4.395399423076923,0
Contra Costa,2016,8,4.395399423076923,10.625,2.5365235612743815,0,104,5.037985040322581,6.262572466666667,6.070633483512545,0.0,-0.8660254037844384,-0.5000000000000004,10.032202049382716,0
Contra Costa,2016,9,10.032202049382716,17.291667,3.089246269342633,0,81,4.395399423076923,5.037985040322581,5.23198564335539,0.0,-1.0,-1.8369701987210297e-16,7.004362923076923,0
Contra Costa,2016,10,7.004362923076923,11.75,1.818755525506939,0,117,10.032202049382716,4.395399423076923,6.488528837594074,0.0,-0.8660254037844386,0.5000000000000001,8.671278316666667,0
Contra Costa,2016,11,8.671278316666667,17.625,2.948552989613538,0,120,7.004362923076923,10.032202049382716,7.1439881318455205,0.0,-0.5000000000000004,0.8660254037844384,10.56180081147541,0
Contra Costa,2016,12,10.56180081147541,20.791667,3.818548823920103,0,122,8.671278316666667,7.004362923076923,8.569281096375436,0.0,-2.4492935982947064e-16,1.0,10.162897387096775,0
Contra Costa,2017,1,10.162897387096775,27.333333,6.048471891763933,0,124,10.56180081147541,8.671278316666667,8.745814017073,0.0,0.49999999999999994,0.8660254037844387,7.992293330357143,0
Contra Costa,2017,2,7.992293330357143,30.583333,4.626105388859889,0,112,10.162897387096775,10.56180081147541,9.798658838412951,0.0,0.8660254037844386,0.5000000000000001,7.224128272727272,0
Contra Costa,2017,3,7.224128272727272,15.25,1.933637694619707,0,121,7.992293330357143,10.162897387096775,9.572330509643109,0.0,1.0,6.123233995736766e-17,7.954597570175438,0
Contra Costa,2017,4,7.954597570175438,14.833333,2.3505275370392047,0,114,7.224128272727272,7.992293330357143,8.459772996727063,0.0,0.8660254037844387,-0.49999999999999983,9.17644679032258,0
Contra Costa,2017,5,9.17644679032258,19.25,3.041568602506427,0,124,7.954597570175438,7.224128272727272,7.723673057753285,0.0,0.49999999999999994,-0.8660254037844387,9.720080966666666,0
Contra Costa,2017,6,9.720080966666666,17.875,3.795990547259641,0,120,9.17644679032258,7.954597570175438,8.118390877741763,0.0,1.2246467991473532e-16,-1.0,10.17356672580645,0
Contra Costa,2017,7,10.17356672580645,17.041667,2.932603221615728,0,124,9.720080966666666,9.17644679032258,8.950375109054894,0.0,-0.4999999999999998,-0.8660254037844388,13.26412616935484,1
Contra Costa,2017,8,13.26412616935484,25.708333,3.8760885119233546,0,124,10.17356672580645,9.720080966666666,9.690031494265233,0.0,-0.8660254037844384,-0.5000000000000004,14.463673675,1
Contra Costa,2017,9,14.463673675,49.291667,10.360386378169796,10,120,13.26412616935484,10.17356672580645,11.052591287275986,0.0,-1.0,-1.8369701987210297e-16,19.324329166666665,1
Contra Costa,2017,10,19.324329166666665,89.416667,18.527915491032804,16,120,14.463673675,13.26412616935484,12.63378885672043,10.0,-0.8660254037844386,0.5000000000000001,9.898970116666668,0
Contra Costa,2017,11,9.898970116666668,25.0,3.950350140999273,0,120,19.324329166666665,14.463673675,15.684043003673835,16.0,-0.5000000000000004,0.8660254037844384,17.686211401639344,1
Contra Costa,2017,12,17.686211401639344,42.625,8.067149286230203,4,122,9.898970116666668,19.324329166666665,14.562324319444444,0.0,-2.4492935982947064e-16,1.0,14.69163429032258,1
Contra Costa,2018,1,14.69163429032258,53.375,9.971127658824692,6,124,17.686211401639344,9.898970116666668,15.636503561657557,4.0,0.49999999999999994,0.8660254037844387,9.685399303571428,0
Contra Costa,2018,2,9.685399303571428,26.375,4.3457644815437115,0,112,14.69163429032258,17.686211401639344,14.09227193620953,6.0,0.8660254037844386,0.5000000000000001,8.149778245614035,0
Contra Costa,2018,3,8.149778245614035,13.75,2.659259415957935,0,114,9.685399303571428,14.69163429032258,14.021081665177784,0.0,1.0,6.123233995736766e-17,10.071810521008404,0
Contra Costa,2018,4,10.071810521008404,19.083333,3.247128817480223,0,119,8.149778245614035,9.685399303571428,10.842270613169347,0.0,0.8660254037844387,-0.49999999999999983,9.237188163934428,0
Contra Costa,2018,5,9.237188163934428,20.958333,3.5564052634989727,0,122,10.071810521008404,8.149778245614035,9.302329356731288,0.0,0.49999999999999994,-0.8660254037844387,13.054005035714283,1
Contra Costa,2018,6,13.054005035714283,17.681818,3.2000328659636184,0,112,9.237188163934428,10.071810521008404,9.152925643518955,0.0,1.2246467991473532e-16,-1.0,10.62620966935484,0
Contra Costa,2018,7,10.62620966935484,17.958333,3.56273688954476,0,124,13.054005035714283,9.237188163934428,10.787667906885703,0.0,-0.4999999999999998,-0.8660254037844388,14.419799887931037,1
Contra Costa,2018,8,14.419799887931037,41.791667,7.981840716692811,4,116,10.62620966935484,13.054005035714283,10.972467623001185,0.0,-0.8660254037844384,-0.5000000000000004,9.79537355,0
Contra Costa,2018,9,9.79537355,18.416667,4.160407976038223,0,120,14.419799887931037,10.62620966935484,12.700004864333387,4.0,-1.0,-1.8369701987210297e-16,7.453556298387097,0
Contra Costa,2018,10,7.453556298387097,23.5,4.128912694863968,0,124,9.79537355,14.419799887931037,11.613794369095293,0.0,-0.8660254037844386,0.5000000000000001,41.791011931623935,1
Contra Costa,2018,11,41.791011931623935,195.416667,49.70420702258773,47,117,7.453556298387097,9.79537355,10.556243245439378,0.0,-0.5000000000000004,0.8660254037844384,9.139146870967744,0
Contra Costa,2018,12,9.139146870967744,26.0,5.272809466023528,0,124,41.791011931623935,7.453556298387097,19.67998059333701,47.0,-2.4492935982947064e-16,1.0,8.989619798387096,0
Contra Costa,2019,1,8.989619798387096,28.291667,5.7542356056529425,0,124,9.139146870967744,41.791011931623935,19.461238366992927,0.0,0.49999999999999994,0.8660254037844387,3.919879850877193,0
Contra Costa,2019,2,3.919879850877193,11.0,2.414010147996762,0,114,8.989619798387096,9.139146870967744,19.97325953365959,0.0,0.8660254037844386,0.5000000000000001,4.057384323308271,0
Contra Costa,2019,3,4.057384323308271,10.454545,2.2874412388319416,0,133,3.919879850877193,8.989619798387096,7.349548840077344,0.0,1.0,6.123233995736766e-17,7.3072346015625,0
Contra Costa,2019,4,7.3072346015625,15.166667,4.008234600599643,0,128,4.057384323308271,3.919879850877193,5.65562799085752,0.0,0.8660254037844387,-0.49999999999999983,6.568994907692308,0
Contra Costa,2019,5,6.568994907692308,13.291667,2.5689490209685357,0,130,7.3072346015625,4.057384323308271,5.094832925249321,0.0,0.49999999999999994,-0.8660254037844387,8.367922884615385,0
Contra Costa,2019,6,8.367922884615385,17.208333,3.187150069337291,0,130,6.568994907692308,7.3072346015625,5.977871277521026,0.0,1.2246467991473532e-16,-1.0,8.087955888059701,0
Contra Costa,2019,7,8.087955888059701,13.521739,2.3979733354374932,0,134,8.367922884615385,6.568994907692308,7.414717464623398,0.0,-0.4999999999999998,-0.8660254037844388,7.037018253846154,0
Contra Costa,2019,8,7.037018253846154,15.375,2.7613753406761123,0,130,8.087955888059701,8.367922884615385,7.674957893455798,0.0,-0.8660254037844384,-0.5000000000000004,6.018756620967742,0
Contra Costa,2019,9,6.018756620967742,10.875,1.9628074664942936,0,124,7.037018253846154,8.087955888059701,7.83096567550708,0.0,-1.0,-1.8369701987210297e-16,8.294490059701491,0
Contra Costa,2019,10,8.294490059701491,35.958333,5.2114182501428115,2,134,6.018756620967742,7.037018253846154,7.047910254291199,0.0,-0.8660254037844386,0.5000000000000001,10.270616661538462,0
Contra Costa,2019,11,10.270616661538462,17.416667,3.752704770069769,0,130,8.294490059701491,6.018756620967742,7.116754978171795,2.0,-0.5000000000000004,0.8660254037844384,7.882989390243902,0
Contra Costa,2019,12,7.882989390243902,25.5,3.780383027864017,0,123,10.270616661538462,8.294490059701491,8.194621114069232,0.0,-2.4492935982947064e-16,1.0,7.56230926119403,0
Contra Costa,2020,1,7.56230926119403,18.333333,3.242695137477346,0,134,7.882989390243902,10.270616661538462,8.816032037161285,0.0,0.49999999999999994,0.8660254037844387,8.336600105691057,0
Contra Costa,2020,2,8.336600105691057,17.0,3.479528318038476,0,123,7.56230926119403,7.882989390243902,8.57197177099213,0.0,0.8660254037844386,0.5000000000000001,6.230256045045045,0
Contra Costa,2020,3,6.230256045045045,16.541667,2.8489712364484334,0,111,8.336600105691057,7.56230926119403,7.927299585709663,0.0,1.0,6.123233995736766e-17,6.179984896825396,0
Contra Costa,2020,4,6.179984896825396,14.416667,2.5310733001810872,0,126,6.230256045045045,8.336600105691057,7.376388470643377,0.0,0.8660254037844387,-0.49999999999999983,6.850699748091603,0
Contra Costa,2020,5,6.850699748091603,15.958333,3.2308749005695288,0,131,6.179984896825396,6.230256045045045,6.915613682520498,0.0,0.49999999999999994,-0.8660254037844387,6.8045234959349585,0
Contra Costa,2020,6,6.8045234959349585,16.291667,3.235810243579659,0,123,6.850699748091603,6.179984896825396,6.420313563320682,0.0,1.2246467991473532e-16,-1.0,8.170657431818181,0
Contra Costa,2020,7,8.170657431818181,22.875,3.883144125717059,0,132,6.8045234959349585,6.850699748091603,6.611736046950653,0.0,-0.4999999999999998,-0.8660254037844388,17.047111772727273,1
Contra Costa,2020,8,17.047111772727273,80.916667,16.589948598048124,16,132,8.170657431818181,6.8045234959349585,7.275293558614915,0.0,-0.8660254037844384,-0.5000000000000004,31.184548682170544,1
Contra Costa,2020,9,31.184548682170544,145.5,35.44805764033551,29,129,17.047111772727273,8.170657431818181,10.674097566826804,16.0,-1.0,-1.8369701987210297e-16,15.060872353846152,1
Contra Costa,2020,10,15.060872353846152,96.333333,14.671386443160666,9,130,31.184548682170544,17.047111772727273,18.80077262890533,29.0,-0.8660254037844386,0.5000000000000001,8.12326469047619,0
Contra Costa,2020,11,8.12326469047619,21.375,3.680502933556301,0,126,15.060872353846152,31.184548682170544,21.09751093624799,9.0,-0.5000000000000004,0.8660254037844384,10.535172436090226,0
Del Norte,2016,11,5.74849335,11.641667,2.4766250158769947,0,60,4.997444822580645,,4.997444822580645,0.0,-0.5000000000000004,0.8660254037844384,9.284377779661016,0
Del Norte,2016,12,9.284377779661016,18.8375,3.209051977694202,0,59,5.74849335,4.997444822580645,5.372969086290323,0.0,-2.4492935982947064e-16,1.0,8.885426677419353,0
Del Norte,2017,1,8.885426677419353,15.575,3.1274167337658114,0,62,9.284377779661016,5.74849335,6.6767719840805535,0.0,0.49999999999999994,0.8660254037844387,5.7478422857142855,0
Del Norte,2017,2,5.7478422857142855,10.854167,2.4632936642607426,0,56,8.885426677419353,9.284377779661016,7.972765935693457,0.0,0.8660254037844386,0.5000000000000001,4.184139790322581,0
Del Norte,2017,3,4.184139790322581,9.4625,1.743876182391325,0,62,5.7478422857142855,8.885426677419353,7.972548914264885,0.0,1.0,6.123233995736766e-17,4.6525019,0
Del Norte,2017,4,4.6525019,10.190909,2.0490586472158476,0,40,4.184139790322581,5.7478422857142855,6.272469584485407,0.0,0.8660254037844387,-0.49999999999999983,2.787911606060606,0
Del Norte,2017,5,2.787911606060606,5.7125,1.344571931794673,0,33,4.6525019,4.184139790322581,4.861494658678955,0.0,0.49999999999999994,-0.8660254037844387,2.8080645483870965,0
Del Norte,2017,6,2.8080645483870965,5.420833,1.6742006583503033,0,31,2.787911606060606,4.6525019,3.874851098794395,0.0,1.2246467991473532e-16,-1.0,2.8520135409836067,0
Del Norte,2017,7,2.8520135409836067,5.5,1.1805580349907352,0,61,2.8080645483870965,2.787911606060606,3.4161593514825674,0.0,-0.4999999999999998,-0.8660254037844388,5.041627573770492,0
Del Norte,2017,8,5.041627573770492,24.269565,4.202343988869242,0,61,2.8520135409836067,2.8080645483870965,2.8159965651437697,0.0,-0.8660254037844384,-0.5000000000000004,21.459166666666665,1
Del Norte,2017,9,21.459166666666665,35.89,12.497544842221346,1,3,5.041627573770492,2.8520135409836067,3.5672352210470653,0.0,-1.0,-1.8369701987210297e-16,12.4616668,1
Del Norte,2017,10,12.4616668,16.004167,1.8590940491463732,0,15,21.459166666666665,5.041627573770492,9.784269260473588,1.0,-0.8660254037844386,0.5000000000000001,7.5083174,0
Del Norte,2017,11,7.5083174,17.345833,3.0520682229924923,0,60,12.4616668,21.459166666666665,12.987487013479052,0.0,-0.5000000000000004,0.8660254037844384,10.217831548387096,0
Del Norte,2017,12,10.217831548387096,33.479167,7.379634120239679,0,62,7.5083174,12.4616668,13.809716955555556,0.0,-2.4492935982947064e-16,1.0,10.04630379032258,0
Del Norte,2018,1,10.04630379032258,24.483333,4.84987313614954,0,62,10.217831548387096,7.5083174,10.062605249462363,0.0,0.49999999999999994,0.8660254037844387,8.85193850909091,0
Del Norte,2018,2,8.85193850909091,17.654167,3.4802858419962184,0,55,10.04630379032258,10.217831548387096,9.257484246236558,0.0,0.8660254037844386,0.5000000000000001,5.307603693548388,0
Del Norte,2018,3,5.307603693548388,11.058333,2.420395185804268,0,62,8.85193850909091,10.04630379032258,9.705357949266862,0.0,1.0,6.123233995736766e-17,7.139361039215687,0
Fresno,2015,2,16.66162182845188,41.0,9.212138066149253,8,239,31.787534610344828,,31.787534610344828,90.0,0.8660254037844386,0.5000000000000001,8.93676517301038,0
Fresno,2015,3,8.93676517301038,21.458333,3.7615381731629127,0,289,16.66162182845188,31.787534610344828,24.224578219398353,8.0,1.0,6.123233995736766e-17,7.757660342657342,0
Fresno,2015,4,7.757660342657342,15.275,3.1230435755723005,0,286,8.93676517301038,16.66162182845188,19.128640537269032,0.0,0.8660254037844387,-0.49999999999999983,7.654561345724907,0
Fresno,2015,5,7.654561345724907,12.291667,1.7968554100321603,0,269,7.757660342657342,8.93676517301038,11.118682448039868,0.0,0.49999999999999994,-0.8660254037844387,9.275332641638226,0
Fresno,2015,6,9.275332641638226,20.583333,3.4838931332440533,0,293,7.654561345724907,7.757660342657342,8.116328953797543,0.0,1.2246467991473532e-16,-1.0,9.27173796013289,0
Fresno,2015,7,9.27173796013289,20.791667,3.6553431354355457,0,301,9.275332641638226,7.654561345724907,8.229184776673492,0.0,-0.4999999999999998,-0.8660254037844388,11.390170661016947,1
Fresno,2015,8,11.390170661016947,32.041667,5.259087764291351,0,295,9.27173796013289,9.275332641638226,8.733877315832007,0.0,-0.8660254037844384,-0.5000000000000004,11.928712216783218,1
Fresno,2015,9,11.928712216783218,34.291667,6.091406665191362,0,286,11.390170661016947,9.27173796013289,9.979080420929355,0.0,-1.0,-1.8369701987210297e-16,11.631626614285713,1
Fresno,2015,10,11.631626614285713,24.708333,4.564275650487492,0,280,11.928712216783218,11.390170661016947,10.863540279311017,0.0,-0.8660254037844386,0.5000000000000001,18.381236653846155,1
Fresno,2015,11,18.381236653846155,43.0,9.723128874261404,14,260,11.631626614285713,11.928712216783218,11.650169830695292,0.0,-0.5000000000000004,0.8660254037844384,18.11371765333333,1
Fresno,2015,12,18.11371765333333,42.4,10.095431432689884,15,300,18.381236653846155,11.631626614285713,13.980525161638361,14.0,-2.4492935982947064e-16,1.0,15.694038655405404,1
Fresno,2016,1,15.694038655405404,48.6,10.78691894928182,22,296,18.11371765333333,18.381236653846155,16.0421936404884,15.0,0.49999999999999994,0.8660254037844387,16.564293961651916,1
Fresno,2016,2,16.564293961651916,45.208333,10.130122667474602,20,339,15.694038655405404,18.11371765333333,17.396330987528298,22.0,0.8660254037844386,0.5000000000000001,7.996194391812865,0
Fresno,2016,3,7.996194391812865,27.125,5.291833358134932,0,342,16.564293961651916,15.694038655405404,16.790683423463552,20.0,1.0,6.123233995736766e-17,7.1253637993421055,0
Fresno,2016,4,7.1253637993421055,25.630769,4.035822235742756,0,304,7.996194391812865,16.564293961651916,13.418175669623395,0.0,0.8660254037844387,-0.49999999999999983,6.174191290030211,0
Fresno,2016,5,6.174191290030211,12.634783,3.0360570856244644,0,331,7.1253637993421055,7.996194391812865,10.561950717602295,0.0,0.49999999999999994,-0.8660254037844387,6.943155492917847,0
Fresno,2016,6,6.943155492917847,14.133333,2.8257226246055036,0,353,6.174191290030211,7.1253637993421055,7.098583160395061,0.0,1.2246467991473532e-16,-1.0,8.78364983898305,0
Fresno,2016,7,8.78364983898305,24.0,4.615213499356859,0,354,6.943155492917847,6.174191290030211,6.747570194096721,0.0,-0.4999999999999998,-0.8660254037844388,12.137916692982456,1
Fresno,2016,8,12.137916692982456,33.708333,4.586203608523989,0,342,8.78364983898305,6.943155492917847,7.300332207310369,0.0,-0.8660254037844384,-0.5000000000000004,11.077147908554572,0
Fresno,2016,9,11.077147908554572,30.565217,4.431949732066721,0,339,12.137916692982456,8.78364983898305,9.288240674961118,0.0,-1.0,-1.8369701987210297e-16,8.182425533527697,0
Fresno,2016,10,8.182425533527697,23.620833,4.785920829085248,0,343,11.077147908554572,12.137916692982456,10.666238146840026,0.0,-0.8660254037844386,0.5000000000000001,16.976166559077807,1
Fresno,2016,11,16.976166559077807,50.620833,11.298633613614111,18,347,8.182425533527697,11.077147908554572,10.465830045021574,0.0,-0.5000000000000004,0.8660254037844384,19.128479606060605,1
Fresno,2016,12,19.128479606060605,53.8375,13.4415640296295,45,363,16.976166559077807,8.182425533527697,12.078580000386692,18.0,-2.4492935982947064e-16,1.0,8.586130034267912,0
Fresno,2017,1,8.586130034267912,40.086957,8.780116843185095,7,321,19.128479606060605,16.976166559077807,14.762357232888704,45.0,0.49999999999999994,0.8660254037844387,6.751959384615385,0
Fresno,2017,2,6.751959384615385,34.9,6.758469998418767,0,325,8.586130034267912,19.128479606060605,14.89692539980211,7.0,0.8660254037844386,0.5000000000000001,8.609963614649681,0
Fresno,2017,3,8.609963614649681,24.285714,5.221235407705134,0,314,6.751959384615385,8.586130034267912,11.488856341647967,0.0,1.0,6.123233995736766e-17,6.047947727536233,0
Fresno,2017,4,6.047947727536233,18.554167,3.1225433264559492,0,345,8.609963614649681,6.751959384615385,7.982684344510993,0.0,0.8660254037844387,-0.49999999999999983,7.738429321329639,0
Fresno,2017,5,7.738429321329639,19.041667,3.241854489740875,0,361,6.047947727536233,8.609963614649681,7.136623575600434,0.0,0.49999999999999994,-0.8660254037844387,7.309480505813954,0
Fresno,2017,6,7.309480505813954,18.166667,3.451886626016758,0,344,7.738429321329639,6.047947727536233,7.465446887838517,0.0,1.2246467991473532e-16,-1.0,9.711048983333333,0
Fresno,2017,7,9.711048983333333,22.0,2.9693686866219706,0,360,7.309480505813954,7.738429321329639,7.03195251822661,0.0,-0.4999999999999998,-0.8660254037844388,13.61029168888889,1
Fresno,2017,8,13.61029168888889,22.434783,3.784480980472838,0,360,9.711048983333333,7.309480505813954,8.252986270158976,0.0,-0.8660254037844384,-0.5000000000000004,12.561522403508771,1
Fresno,2017,9,12.561522403508771,38.75,7.812897415108899,4,342,13.61029168888889,9.711048983333333,10.21027372601206,0.0,-1.0,-1.8369701987210297e-16,15.391167806094185,1
Fresno,2017,10,15.391167806094185,45.125,8.251828833189334,9,361,12.561522403508771,13.61029168888889,11.960954358576998,4.0,-0.8660254037844386,0.5000000000000001,14.75673044,1
Fresno,2017,11,14.75673044,54.3,11.474920106387737,21,350,15.391167806094185,12.561522403508771,13.854327299497283,9.0,-0.5000000000000004,0.8660254037844384,35.940222548476456,1
Fresno,2017,12,35.940222548476456,88.3,19.92591971911263,169,361,14.75673044,15.391167806094185,14.236473549867654,21.0,-2.4492935982947064e-16,1.0,21.590027666666668,1
Fresno,2018,1,21.590027666666668,96.908333,18.43338348419068,47,354,35.940222548476456,14.75673044,22.029373598190215,169.0,0.49999999999999994,0.8660254037844387,15.590986888888889,1
Fresno,2018,2,15.590986888888889,59.7,13.200946975055004,32,324,21.590027666666668,35.940222548476456,24.09566021838104,47.0,0.8660254037844386,0.5000000000000001,5.543169709039549,0
Fresno,2018,3,5.543169709039549,14.691304,3.3007093025680483,0,354,15.590986888888889,21.590027666666668,24.373745701344006,32.0,1.0,6.123233995736766e-17,6.435722565217392,0
Fresno,2018,4,6.435722565217392,15.129167,3.000911848236363,0,345,5.543169709039549,15.590986888888889,14.241394754865034,0.0,0.8660254037844387,-0.49999999999999983,6.616497103641456,0
Fresno,2018,5,6.616497103641456,13.3,2.5038052931630146,0,357,6.435722565217392,5.543169709039549,9.18995972104861,0.0,0.49999999999999994,-0.8660254037844387,7.98246072189349,0
Fresno,2018,6,7.98246072189349,18.208333,2.4768027370099865,0,338,6.616497103641456,6.435722565217392,6.198463125966132,0.0,1.2246467991473532e-16,-1.0,13.626819142045456,1
Fresno,2018,7,13.626819142045456,49.769565,9.851742893419964,23,352,7.98246072189349,6.616497103641456,7.011560130250779,0.0,-0.4999999999999998,-0.8660254037844388,23.668577060773483,1
Fresno,2018,8,23.668577060773483,63.8,13.99083777572299,84,362,13.626819142045456,7.98246072189349,9.4085923225268,23.0,-0.8660254037844384,-0.5000000000000004,10.656624175438596,0
Fresno,2018,9,10.656624175438596,25.695833,4.998357188541165,0,342,23.668577060773483,13.626819142045456,15.092618974904143,84.0,-1.0,-1.8369701987210297e-16,9.991755825842697,0
Fresno,2018,10,9.991755825842697,26.1375,4.681846815681738,0,356,10.656624175438596,23.668577060773483,15.984006792752512,0.0,-0.8660254037844386,0.5000000000000001,25.34182795601173,1
Fresno,2018,11,25.34182795601173,94.583333,21.09031669582962,84,341,9.991755825842697,10.656624175438596,14.772319020684927,0.0,-0.5000000000000004,0.8660254037844384,17.23988558806818,1
Fresno,2018,12,17.23988558806818,57.8,9.31474596468033,11,352,25.34182795601173,9.991755825842697,15.330069319097674,84.0,-2.4492935982947064e-16,1.0,15.055769454277288,1
Fresno,2019,1,15.055769454277288,51.3,11.755457569406822,25,339,17.23988558806818,25.34182795601173,17.524489789974204,11.0,0.49999999999999994,0.8660254037844387,6.168430533950617,0
Fresno,2019,2,6.168430533950617,23.5,4.964690824848943,0,324,15.055769454277288,17.23988558806818,19.212494332785734,25.0,0.8660254037844386,0.5000000000000001,5.313953305555556,0
Fresno,2019,3,5.313953305555556,12.885714,2.936422465069236,0,360,6.168430533950617,15.055769454277288,12.821361858765362,0.0,1.0,6.123233995736766e-17,6.353496232258065,0
Fresno,2019,4,6.353496232258065,15.266667,3.296884400715858,0,310,5.313953305555556,6.168430533950617,8.846051097927822,0.0,0.8660254037844387,-0.49999999999999983,6.105872281879194,0
Fresno,2019,5,6.105872281879194,14.5,2.912858222530024,0,298,6.353496232258065,5.313953305555556,5.945293357254747,0.0,0.49999999999999994,-0.8660254037844387,7.796608365625,0
Fresno,2019,6,7.796608365625,16.4625,3.101727191248886,0,320,6.105872281879194,6.353496232258065,5.924440606564272,0.0,1.2246467991473532e-16,-1.0,8.691672937313433,0
Fresno,2019,7,8.691672937313433,36.029167,4.2257293844182,4,335,7.796608365625,6.105872281879194,6.751992293254087,0.0,-0.4999999999999998,-0.8660254037844388,8.575246008426966,0
Fresno,2019,8,8.575246008426966,15.84375,2.229751125308064,0,356,8.691672937313433,7.796608365625,7.531384528272544,4.0,-0.8660254037844384,-0.5000000000000004,6.836599355987055,0
Fresno,2019,9,6.836599355987055,14.7,3.0780837793904943,0,309,8.575246008426966,8.691672937313433,8.354509103788468,0.0,-1.0,-1.8369701987210297e-16,10.971938396666664,0
Fresno,2019,10,10.971938396666664,27.0,5.728500152854687,0,300,6.836599355987055,8.575246008426966,8.034506100575818,0.0,-0.8660254037844386,0.5000000000000001,16.664440386861315,1
Fresno,2019,11,16.664440386861315,37.6,9.59583257585587,2,274,10.971938396666664,6.836599355987055,8.794594587026895,0.0,-0.5000000000000004,0.8660254037844384,10.482136118421051,0
Fresno,2019,12,10.482136118421051,40.1,8.159628334022585,6,304,16.664440386861315,10.971938396666664,11.490992713171678,2.0,-2.4492935982947064e-16,1.0,14.74033600954654,1
Fresno,2020,1,14.74033600954654,47.333333,8.073286725274395,10,419,10.482136118421051,16.664440386861315,12.706171633983011,6.0,0.49999999999999994,0.8660254037844387,13.23427562113402,1
Fresno,2020,2,13.23427562113402,31.0,6.439719451410487,0,388,14.74033600954654,10.482136118421051,13.962304171609636,10.0,0.8660254037844386,0.5000000000000001,5.218109014669927,0
Fresno,2020,3,5.218109014669927,20.416667,4.04996082573235,0,409,13.23427562113402,14.74033600954654,12.818915916367203,0.0,1.0,6.123233995736766e-17,5.5596107493670885,0
Fresno,2020,4,5.5596107493670885,17.370833,3.5214285944564363,0,395,5.218109014669927,13.23427562113402,11.064240215116827,0.0,0.8660254037844387,-0.49999999999999983,5.419488376847291,0
Fresno,2020,5,5.419488376847291,17.6,3.3508180393669416,0,406,5.5596107493670885,5.218109014669927,8.003998461723677,0.0,0.49999999999999994,-0.8660254037844387,6.853749856079404,0
Fresno,2020,6,6.853749856079404,14.8,3.416203595227245,0,403,5.419488376847291,5.5596107493670885,5.399069380294769,0.0,1.2246467991473532e-16,-1.0,9.648332140811457,0
Fresno,2020,7,9.648332140811457,37.0,3.8324818087296633,1,419,6.853749856079404,5.419488376847291,5.944282994097928,0.0,-0.4999999999999998,-0.8660254037844388,31.737834603286387,1
Fresno,2020,8,31.737834603286387,153.541667,36.917571323654805,103,426,9.648332140811457,6.853749856079404,7.307190124579383,1.0,-0.8660254037844384,-0.5000000000000004,48.06437482238443,1
Fresno,2020,9,48.06437482238443,248.0,41.39356230457224,192,411,31.737834603286387,9.648332140811457,16.079972200059082,103.0,-1.0,-1.8369701987210297e-16,31.19921699529412,1
Fresno,2020,10,31.19921699529412,131.666667,23.464297699288956,122,425,48.06437482238443,31.737834603286387,29.816847188827424,192.0,-0.8660254037844386,0.5000000000000001,20.40513213022113,1
Fresno,2020,11,20.40513213022113,61.791667,13.754048222650995,59,407,31.19921699529412,48.06437482238443,37.00047547365498,122.0,-0.5000000000000004,0.8660254037844384,21.746725930107527,1
Humboldt,2015,2,7.421396364864864,16.095833,3.802611004452024,0,74,11.892116719512195,,11.892116719512195,0.0,0.8660254037844386,0.5000000000000001,6.35589530120482,0
Humboldt,2015,3,6.35589530120482,18.943478,3.5628055898239253,0,83,7.421396364864864,11.892116719512195,9.65675654218853,0.0,1.0,6.123233995736766e-17,5.486238915254237,0
Humboldt,2015,4,5.486238915254237,12.7,2.527019211835156,0,59,6.35589530120482,7.421396364864864,8.556469461860626,0.0,0.8660254037844387,-0.49999999999999983,4.75,0
Humboldt,2015,5,4.75,8.6,1.690892559288976,0,18,5.486238915254237,6.35589530120482,6.421176860441307,0.0,0.49999999999999994,-0.8660254037844387,5.95,0
Humboldt,2015,6,5.95,13.1,3.4483405620064485,0,20,4.75,5.486238915254237,5.530711405486351,0.0,1.2246467991473532e-16,-1.0,4.9,0
Humboldt,2015,7,4.9,12.0,2.7958616033815336,0,20,5.95,4.75,5.395412971751412,0.0,-0.4999999999999998,-0.8660254037844388,4.6499999999999995,0
Humboldt,2015,8,4.6499999999999995,10.9,2.7503679407533475,0,22,4.9,5.95,5.2,0.0,-0.8660254037844384,-0.5000000000000004,4.125,0
Humboldt,2015,9,4.125,8.0,1.3859729624460857,0,20,4.6499999999999995,4.9,5.166666666666667,0.0,-1.0,-1.8369701987210297e-16,4.575,0
Humboldt,2015,10,4.575,9.2,2.122777475508518,0,20,4.125,4.6499999999999995,4.558333333333334,0.0,-0.8660254037844386,0.5000000000000001,6.5600000000000005,0
Humboldt,2015,11,6.5600000000000005,18.6,5.412597391855022,0,20,4.575,4.125,4.45,0.0,-0.5000000000000004,0.8660254037844384,4.3149999999999995,0
Humboldt,2015,12,4.3149999999999995,13.5,3.6285817150999775,0,20,6.5600000000000005,4.575,5.086666666666667,0.0,-2.4492935982947064e-16,1.0,4.095454545454545,0
Humboldt,2016,1,4.095454545454545,16.4,3.869228700391169,0,22,4.3149999999999995,6.5600000000000005,5.15,0.0,0.49999999999999994,0.8660254037844387,5.4,0
Humboldt,2016,2,5.4,13.8,2.8576008036360103,0,18,4.095454545454545,4.3149999999999995,4.990151515151514,0.0,0.8660254037844386,0.5000000000000001,4.659090909090909,0
Humboldt,2016,3,4.659090909090909,8.7,2.1205702492061373,0,22,5.4,4.095454545454545,4.603484848484848,0.0,1.0,6.123233995736766e-17,5.275,0
Humboldt,2016,4,5.275,11.0,2.4065189243663414,0,16,4.659090909090909,5.4,4.718181818181818,0.0,0.8660254037844387,-0.49999999999999983,5.75,0
Humboldt,2016,5,5.75,12.9,3.0389575775082376,0,20,5.275,4.659090909090909,5.111363636363636,0.0,0.49999999999999994,-0.8660254037844387,3.9157894736842103,0
Humboldt,2016,6,3.9157894736842103,7.0,1.5571566530395275,0,19,5.75,5.275,5.228030303030303,0.0,1.2246467991473532e-16,-1.0,4.6947368421052635,0
Humboldt,2016,7,4.6947368421052635,9.2,2.1968345115973187,0,19,3.9157894736842103,5.75,4.980263157894737,0.0,-0.4999999999999998,-0.8660254037844388,3.60909090909091,0
Humboldt,2016,8,3.60909090909091,9.0,2.1747269321542944,0,22,4.6947368421052635,3.9157894736842103,4.786842105263158,0.0,-0.8660254037844384,-0.5000000000000004,5.1899999999999995,0
Humboldt,2016,9,5.1899999999999995,10.4,2.5279282135044063,0,20,3.60909090909091,4.6947368421052635,4.073205741626794,0.0,-1.0,-1.8369701987210297e-16,2.626315789473684,0
Humboldt,2016,10,2.626315789473684,5.2,1.3080273974633023,0,19,5.1899999999999995,3.60909090909091,4.4979425837320575,0.0,-0.8660254037844386,0.5000000000000001,5.216666666666667,0
Humboldt,2016,11,5.216666666666667,14.6,3.8701345165860306,0,18,2.626315789473684,5.1899999999999995,3.808468899521532,0.0,-0.5000000000000004,0.8660254037844384,6.9799999999999995,0
Humboldt,2016,12,6.9799999999999995,20.0,6.455320123335235,0,20,5.216666666666667,2.626315789473684,4.344327485380117,0.0,-2.4492935982947064e-16,1.0,6.881818181818182,0
Humboldt,2017,1,6.881818181818182,21.2,6.196284321586558,0,22,6.9799999999999995,5.216666666666667,4.940994152046784,0.0,0.49999999999999994,0.8660254037844387,3.85,0
Humboldt,2017,2,3.85,9.8,2.4666871416021645,0,12,6.881818181818182,6.9799999999999995,6.359494949494949,0.0,0.8660254037844386,0.5000000000000001,4.427272727272728,0
Humboldt,2017,3,4.427272727272728,9.8,2.2755618686781114,0,11,3.85,6.881818181818182,5.903939393939393,0.0,1.0,6.123233995736766e-17,4.411111111111111,0
Humboldt,2017,4,4.411111111111111,8.8,2.0866209354131806,0,18,4.427272727272728,3.85,5.053030303030303,0.0,0.8660254037844387,-0.49999999999999983,5.0227272727272725,0
Humboldt,2017,5,5.0227272727272725,12.5,3.4768529582808783,0,22,4.411111111111111,4.427272727272728,4.22946127946128,0.0,0.49999999999999994,-0.8660254037844387,5.01,0
Humboldt,2017,6,5.01,15.9,3.5980842856047426,0,20,5.0227272727272725,4.411111111111111,4.62037037037037,0.0,1.2246467991473532e-16,-1.0,5.625,0
Humboldt,2017,7,5.625,14.6,3.187289724746353,0,20,5.01,5.0227272727272725,4.814612794612795,0.0,-0.4999999999999998,-0.8660254037844388,8.120000000000001,0
Humboldt,2017,8,8.120000000000001,20.8,5.450504563799575,0,20,5.625,5.01,5.219242424242424,0.0,-0.8660254037844384,-0.5000000000000004,12.078947368421051,1
Humboldt,2017,9,12.078947368421051,52.0,14.506419228410897,2,19,8.120000000000001,5.625,6.251666666666666,0.0,-1.0,-1.8369701987210297e-16,9.585714285714284,0
Humboldt,2017,10,9.585714285714284,30.5,7.810460019376945,0,21,12.078947368421051,8.120000000000001,8.60798245614035,2.0,-0.8660254037844386,0.5000000000000001,4.2625,0
Humboldt,2017,11,4.2625,8.2,1.8126046767802717,0,8,9.585714285714284,12.078947368421051,9.928220551378445,0.0,-0.5000000000000004,0.8660254037844384,10.294736842105262,0
Humboldt,2017,12,10.294736842105262,25.7,7.127059054072298,0,19,4.2625,9.585714285714284,8.642387218045112,0.0,-2.4492935982947064e-16,1.0,5.165,0
Humboldt,2018,1,5.165,13.2,4.120203750710446,0,20,10.294736842105262,4.2625,8.047650375939849,0.0,0.49999999999999994,0.8660254037844387,6.285,0
Humboldt,2018,2,6.285,11.6,2.652362402800468,0,20,5.165,10.294736842105262,6.574078947368421,0.0,0.8660254037844386,0.5000000000000001,3.55,0
Humboldt,2018,3,3.55,9.0,2.3143715754981273,0,20,6.285,5.165,7.248245614035088,0.0,1.0,6.123233995736766e-17,6.615384615384615,0
Humboldt,2018,4,6.615384615384615,13.6,3.3288752239172705,0,13,3.55,6.285,5.000000000000001,0.0,0.8660254037844387,-0.49999999999999983,5.64,0
Humboldt,2018,5,5.64,12.2,3.2042333109670884,0,10,6.615384615384615,3.55,5.483461538461538,0.0,0.49999999999999994,-0.8660254037844387,5.3,0
Humboldt,2018,6,5.3,10.5,2.296857756926962,0,10,5.64,6.615384615384615,5.268461538461538,0.0,1.2246467991473532e-16,-1.0,5.045454545454546,0
Humboldt,2018,7,5.045454545454546,9.9,2.615478402267408,0,11,5.3,5.64,5.851794871794873,0.0,-0.4999999999999998,-0.8660254037844388,7.51111111111111,0
Humboldt,2018,8,7.51111111111111,12.3,3.7327752559069385,0,9,5.045454545454546,5.3,5.328484848484849,0.0,-0.8660254037844384,-0.5000000000000004,6.2700000000000005,0
Humboldt,2018,9,6.2700000000000005,10.5,3.028402585889502,0,10,7.51111111111111,5.045454545454546,5.952188552188552,0.0,-1.0,-1.8369701987210297e-16,7.45,0
Humboldt,2018,10,7.45,12.2,2.011770916934187,0,10,6.2700000000000005,7.51111111111111,6.275521885521886,0.0,-0.8660254037844386,0.5000000000000001,17.21,1
Humboldt,2018,11,17.21,39.6,14.138242072085514,2,10,7.45,6.2700000000000005,7.077037037037037,0.0,-0.5000000000000004,0.8660254037844384,11.145454545454545,0
Humboldt,2018,12,11.145454545454545,14.9,3.0140881328732365,0,11,17.21,7.45,10.31,2.0,-2.4492935982947064e-16,1.0,8.36,0
Humboldt,2019,1,8.36,18.3,5.541199228406149,0,10,11.145454545454545,17.21,11.935151515151517,0.0,0.49999999999999994,0.8660254037844387,5.26,0
Humboldt,2019,2,5.26,9.1,2.9929918142220164,0,5,8.36,11.145454545454545,12.23848484848485,0.0,0.8660254037844386,0.5000000000000001,5.84,0
Humboldt,2019,3,5.84,9.3,2.199090721184554,0,10,5.26,8.36,8.255151515151516,0.0,1.0,6.123233995736766e-17,5.611111111111111,0
Humboldt,2019,4,5.611111111111111,13.3,4.03963007107224,0,9,5.84,5.26,6.486666666666667,0.0,0.8660254037844387,-0.49999999999999983,4.91,0
Humboldt,2019,5,4.91,8.4,2.6417376436311346,0,10,5.611111111111111,5.84,5.5703703703703695,0.0,0.49999999999999994,-0.8660254037844387,6.575,0
Humboldt,2019,6,6.575,9.9,2.3968729628413765,0,8,4.91,5.611111111111111,5.453703703703703,0.0,1.2246467991473532e-16,-1.0,5.1000000000000005,0
Humboldt,2019,7,5.1000000000000005,9.4,2.3588132609428833,0,6,6.575,4.91,5.698703703703703,0.0,-0.4999999999999998,-0.8660254037844388,6.090909090909091,0
Humboldt,2019,8,6.090909090909091,11.5,2.8469122028803575,0,11,5.1000000000000005,6.575,5.528333333333333,0.0,-0.8660254037844384,-0.5000000000000004,4.819999999999999,0
Humboldt,2019,9,4.819999999999999,8.9,2.0492817169817226,0,10,6.090909090909091,5.1000000000000005,5.921969696969697,0.0,-1.0,-1.8369701987210297e-16,9.2875,0
Humboldt,2019,10,9.2875,17.6,3.84092157840128,0,8,4.819999999999999,6.090909090909091,5.336969696969697,0.0,-0.8660254037844386,0.5000000000000001,11.13,0
Humboldt,2019,11,11.13,18.7,4.876713374121278,0,10,9.2875,4.819999999999999,6.732803030303029,0.0,-0.5000000000000004,0.8660254037844384,7.44,0
Humboldt,2019,12,7.44,13.7,3.9112941876343466,0,10,11.13,9.2875,8.4125,0.0,-2.4492935982947064e-16,1.0,9.009090909090908,0
Humboldt,2020,1,9.009090909090908,18.3,4.528455486245734,0,11,7.44,11.13,9.285833333333334,0.0,0.49999999999999994,0.8660254037844387,9.27777777777778,0
Humboldt,2020,2,9.27777777777778,12.7,3.291571728588707,0,9,9.009090909090908,7.44,9.193030303030303,0.0,0.8660254037844386,0.5000000000000001,7.25,0
Humboldt,2020,3,7.25,10.1,4.030508652763321,0,2,9.27777777777778,9.009090909090908,8.575622895622898,0.0,1.0,6.123233995736766e-17,8.260000000000002,0
Humboldt,2020,4,8.260000000000002,13.3,3.085935838607148,0,5,7.25,9.27777777777778,8.512289562289562,0.0,0.8660254037844387,-0.49999999999999983,4.7,0
Humboldt,2020,5,4.7,7.3,1.9413626371414712,0,10,8.260000000000002,7.25,8.262592592592595,0.0,0.49999999999999994,-0.8660254037844387,6.2700000000000005,0
Humboldt,2020,6,6.2700000000000005,10.3,2.8833044314543765,0,10,4.7,8.260000000000002,6.736666666666667,0.0,1.2246467991473532e-16,-1.0,5.0600000000000005,0
Humboldt,2020,7,5.0600000000000005,12.2,3.362935225860488,0,10,6.2700000000000005,4.7,6.410000000000001,0.0,-0.4999999999999998,-0.8660254037844388,5.68,0
Humboldt,2020,8,5.68,9.5,3.1371607829019186,0,10,5.0600000000000005,6.2700000000000005,5.343333333333334,0.0,-0.8660254037844384,-0.5000000000000004,21.48,1
Humboldt,2020,9,21.48,97.0,28.975729307282137,2,10,5.68,5.0600000000000005,5.670000000000001,0.0,-1.0,-1.8369701987210297e-16,9.51,0
Humboldt,2020,10,9.51,19.5,4.3841760913539956,0,10,21.48,5.68,10.74,2.0,-0.8660254037844386,0.5000000000000001,9.86,0
Humboldt,2020,11,9.86,18.0,4.668618639383602,0,10,9.51,21.48,12.223333333333334,0.0,-0.5000000000000004,0.8660254037844384,16.1,1
Imperial,2015,2,15.598953929936306,37.875,8.833778047847456,6,157,18.441363325581396,,18.441363325581396,18.0,0.8660254037844386,0.5000000000000001,9.604969553571427,0
Imperial,2015,3,9.604969553571427,26.444444,5.011079275418287,0,168,15.598953929936306,18.441363325581396,17.02015862775885,6.0,1.0,6.123233995736766e-17,11.066203585798815,0
Imperial,2015,4,11.066203585798815,28.0,4.523747280315511,0,169,9.604969553571427,15.598953929936306,14.548428936363043,0.0,0.8660254037844387,-0.49999999999999983,10.175407101123596,0
Imperial,2015,5,10.175407101123596,26.208333,4.2765787080971895,0,178,11.066203585798815,9.604969553571427,12.090042356435516,0.0,0.49999999999999994,-0.8660254037844387,12.91001125925926,1
Imperial,2015,6,12.91001125925926,24.958333,4.575397378828813,0,162,10.175407101123596,11.066203585798815,10.282193413497945,0.0,1.2246467991473532e-16,-1.0,9.701728841463414,0
Imperial,2015,7,9.701728841463414,17.695652,3.6794575535178367,0,164,12.91001125925926,10.175407101123596,11.383873982060557,0.0,-0.4999999999999998,-0.8660254037844388,10.606205378531074,0
Imperial,2015,8,10.606205378531074,18.7,3.003646589708507,0,177,9.701728841463414,12.91001125925926,10.929049067282088,0.0,-0.8660254037844384,-0.5000000000000004,9.26755869767442,0
Imperial,2015,9,9.26755869767442,20.416667,3.8301689553522698,0,172,10.606205378531074,9.701728841463414,11.07264849308458,0.0,-1.0,-1.8369701987210297e-16,8.749769420454545,0
Imperial,2015,10,8.749769420454545,20.083333,4.262289605000681,0,176,9.26755869767442,10.606205378531074,9.85849763922297,0.0,-0.8660254037844386,0.5000000000000001,12.639421116279069,1
Imperial,2015,11,12.639421116279069,33.083333,8.147557885626204,0,172,8.749769420454545,9.26755869767442,9.541177832220013,0.0,-0.5000000000000004,0.8660254037844384,15.37090856302521,1
Imperial,2015,12,15.37090856302521,48.217391,11.882777200219518,11,119,12.639421116279069,8.749769420454545,10.218916411469344,0.0,-2.4492935982947064e-16,1.0,12.57037037037037,1
Imperial,2016,1,12.57037037037037,45.3,8.669631004087202,2,54,15.37090856302521,12.639421116279069,12.253366366586276,11.0,0.49999999999999994,0.8660254037844387,8.302272727272728,0
Imperial,2016,2,8.302272727272728,30.8,6.514973402518075,0,44,12.57037037037037,15.37090856302521,13.526900016558216,2.0,0.8660254037844386,0.5000000000000001,8.677999999999999,0
Imperial,2016,3,8.677999999999999,26.3,4.878494665783864,0,50,8.302272727272728,12.57037037037037,12.081183886889436,0.0,1.0,6.123233995736766e-17,10.409803921568628,0
Imperial,2016,4,10.409803921568628,31.7,6.051157076194959,0,51,8.677999999999999,8.302272727272728,9.850214365881031,0.0,0.8660254037844387,-0.49999999999999983,10.129411764705884,0
Imperial,2016,5,10.129411764705884,32.3,6.192650292650056,0,51,10.409803921568628,8.677999999999999,9.130025549613785,0.0,0.49999999999999994,-0.8660254037844387,14.768627450980391,1
Imperial,2016,6,14.768627450980391,28.4,4.567821808962273,0,51,10.129411764705884,10.409803921568628,9.739071895424837,0.0,1.2246467991473532e-16,-1.0,13.733962264150945,1
Imperial,2016,7,13.733962264150945,31.3,4.722122379585199,0,53,14.768627450980391,10.129411764705884,11.769281045751633,0.0,-0.4999999999999998,-0.8660254037844388,11.833928571428572,1
Imperial,2016,8,11.833928571428572,25.8,4.110398201710313,0,56,13.733962264150945,14.768627450980391,12.877333826612407,0.0,-0.8660254037844384,-0.5000000000000004,10.825490196078432,0
Imperial,2016,9,10.825490196078432,57.9,8.91481560408862,2,51,11.833928571428572,13.733962264150945,13.445506095519969,0.0,-1.0,-1.8369701987210297e-16,10.785106382978723,0
Imperial,2016,10,10.785106382978723,27.9,5.3025825833884035,0,47,10.825490196078432,11.833928571428572,12.131127010552651,2.0,-0.8660254037844386,0.5000000000000001,11.169811320754716,0
Imperial,2016,11,11.169811320754716,34.8,6.9654527961951755,0,53,10.785106382978723,10.825490196078432,11.14817505016191,0.0,-0.5000000000000004,0.8660254037844384,15.803703703703704,1
Imperial,2016,12,15.803703703703704,39.5,9.758962266262005,2,54,11.169811320754716,10.785106382978723,10.926802633270624,0.0,-2.4492935982947064e-16,1.0,8.109803921568627,0
Imperial,2017,1,8.109803921568627,30.7,5.8997713481781915,0,51,15.803703703703704,11.169811320754716,12.58620713581238,2.0,0.49999999999999994,0.8660254037844387,8.242222222222223,0
Imperial,2017,2,8.242222222222223,29.6,5.45733405148475,0,45,8.109803921568627,15.803703703703704,11.694439648675683,0.0,0.8660254037844386,0.5000000000000001,7.833962264150943,0
Imperial,2017,3,7.833962264150943,21.3,3.767367137988382,0,53,8.242222222222223,8.109803921568627,10.718576615831518,0.0,1.0,6.123233995736766e-17,7.678846153846154,0
Imperial,2017,4,7.678846153846154,16.5,2.684255951857602,0,52,7.833962264150943,8.242222222222223,8.061996135980598,0.0,0.8660254037844387,-0.49999999999999983,9.21132075471698,0
Imperial,2017,5,9.21132075471698,28.2,5.097611068596382,0,53,7.678846153846154,7.833962264150943,7.918343546739773,0.0,0.49999999999999994,-0.8660254037844387,12.852,1
Imperial,2017,6,12.852,26.5,5.268436626722952,0,50,9.21132075471698,7.678846153846154,8.241376390904692,0.0,1.2246467991473532e-16,-1.0,12.65686274509804,1
Imperial,2017,7,12.65686274509804,27.6,3.9192986567477,0,51,12.852,9.21132075471698,9.91405563618771,0.0,-0.4999999999999998,-0.8660254037844388,10.236363636363636,0
Imperial,2017,8,10.236363636363636,25.1,3.799148675083817,0,44,12.65686274509804,12.852,11.57339449993834,0.0,-0.8660254037844384,-0.5000000000000004,8.916666666666666,0
Imperial,2017,9,8.916666666666666,19.7,3.5485887715405333,0,48,10.236363636363636,12.65686274509804,11.915075460487225,0.0,-1.0,-1.8369701987210297e-16,12.234545454545454,1
Imperial,2017,10,12.234545454545454,29.8,6.093111416510182,0,55,8.916666666666666,10.236363636363636,10.603297682709448,0.0,-0.8660254037844386,0.5000000000000001,11.017021276595743,0
Imperial,2017,11,11.017021276595743,21.9,5.521433302769197,0,47,12.234545454545454,8.916666666666666,10.462525252525253,0.0,-0.5000000000000004,0.8660254037844384,18.39387755102041,1
Imperial,2017,12,18.39387755102041,49.1,12.842725050965386,6,49,11.017021276595743,12.234545454545454,10.722744465935955,0.0,-2.4492935982947064e-16,1.0,13.628,1
Imperial,2018,1,13.628,90.6,13.042677826963263,2,50,18.39387755102041,11.017021276595743,13.881814760720536,6.0,0.49999999999999994,0.8660254037844387,12.085106382978724,1
Imperial,2018,2,12.085106382978724,39.2,8.38850089533555,2,47,13.628,18.39387755102041,14.346299609205383,2.0,0.8660254037844386,0.5000000000000001,6.305660377358491,0
Imperial,2018,3,6.305660377358491,19.9,3.8769741916136504,0,53,12.085106382978724,13.628,14.702327977999714,2.0,1.0,6.123233995736766e-17,12.944230769230767,1
Imperial,2018,4,12.944230769230767,55.1,7.908209025115425,1,52,6.305660377358491,12.085106382978724,10.672922253445739,0.0,0.8660254037844387,-0.49999999999999983,12.45,1
Imperial,2018,5,12.45,50.1,7.62391747378333,1,52,12.944230769230767,6.305660377358491,10.44499917652266,1.0,0.49999999999999994,-0.8660254037844387,13.083333333333334,1
Imperial,2018,6,13.083333333333334,29.5,5.038166389409532,0,48,12.45,12.944230769230767,10.566630382196418,1.0,1.2246467991473532e-16,-1.0,14.839473684210526,1
Imperial,2018,7,14.839473684210526,47.5,6.753519181665704,1,38,13.083333333333334,12.45,12.8258547008547,0.0,-0.4999999999999998,-0.8660254037844388,11.132142857142856,0
Imperial,2018,8,11.132142857142856,15.5,1.664454881608406,0,28,14.839473684210526,13.083333333333334,13.457602339181287,1.0,-0.8660254037844384,-0.5000000000000004,9.28918918918919,0
Imperial,2018,9,9.28918918918919,18.5,2.953038339648748,0,37,11.132142857142856,14.839473684210526,13.01831662489557,0.0,-1.0,-1.8369701987210297e-16,6.452777777777778,0
Imperial,2018,10,6.452777777777778,19.0,4.061349959319375,0,36,9.28918918918919,11.132142857142856,11.753601910180857,0.0,-0.8660254037844386,0.5000000000000001,13.322916666666666,1
Imperial,2018,11,13.322916666666666,44.9,9.696747416582165,2,48,6.452777777777778,9.28918918918919,8.958036608036608,0.0,-0.5000000000000004,0.8660254037844384,12.244000000000002,1
Imperial,2018,12,12.244000000000002,40.1,8.18774993387022,1,50,13.322916666666666,6.452777777777778,9.688294544544545,2.0,-2.4492935982947064e-16,1.0,14.004761904761908,1
Imperial,2019,1,14.004761904761908,53.1,9.4423527550968,1,42,12.244000000000002,13.322916666666666,10.673231481481482,1.0,0.49999999999999994,0.8660254037844387,9.393333333333333,0
Imperial,2019,2,9.393333333333333,24.7,6.770034241890039,0,45,14.004761904761908,12.244000000000002,13.190559523809526,1.0,0.8660254037844386,0.5000000000000001,6.5120000000000005,0
Imperial,2019,3,6.5120000000000005,17.1,3.448669663649969,0,50,9.393333333333333,14.004761904761908,11.880698412698415,0.0,1.0,6.123233995736766e-17,7.391836734693877,0
Imperial,2019,4,7.391836734693877,27.0,4.582340956264143,0,49,6.5120000000000005,9.393333333333333,9.970031746031749,0.0,0.8660254037844387,-0.49999999999999983,7.496078431372549,0
Imperial,2019,5,7.496078431372549,20.7,3.2414170224957917,0,51,7.391836734693877,6.5120000000000005,7.76572335600907,0.0,0.49999999999999994,-0.8660254037844387,11.041666666666666,0
Imperial,2019,6,11.041666666666666,22.3,3.855023433619939,0,48,7.496078431372549,7.391836734693877,7.133305055355476,0.0,1.2246467991473532e-16,-1.0,12.309803921568626,1
Imperial,2019,7,12.309803921568626,23.1,3.6651469221279953,0,51,11.041666666666666,7.496078431372549,8.643193944244365,0.0,-0.4999999999999998,-0.8660254037844388,9.017391304347829,0
Imperial,2019,8,9.017391304347829,13.5,2.3360274301877055,0,46,12.309803921568626,11.041666666666666,10.28251633986928,0.0,-0.8660254037844384,-0.5000000000000004,8.628571428571428,0
Imperial,2019,9,8.628571428571428,14.6,2.8760505327039487,0,49,9.017391304347829,12.309803921568626,10.789620630861043,0.0,-1.0,-1.8369701987210297e-16,10.53921568627451,0
Imperial,2019,10,10.53921568627451,28.9,5.231561083706184,0,51,8.628571428571428,9.017391304347829,9.98525555149596,0.0,-0.8660254037844386,0.5000000000000001,11.016981132075472,0
Imperial,2019,11,11.016981132075472,28.9,6.7717380977871375,0,53,10.53921568627451,8.628571428571428,9.39505947306459,0.0,-0.5000000000000004,0.8660254037844384,9.23076923076923,0
Imperial,2019,12,9.23076923076923,27.0,5.538157776151245,0,52,11.016981132075472,10.53921568627451,10.06158941564047,0.0,-2.4492935982947064e-16,1.0,14.339622641509434,1
Imperial,2020,1,14.339622641509434,40.6,9.23651490266593,2,53,9.23076923076923,11.016981132075472,10.262322016373071,0.0,0.49999999999999994,0.8660254037844387,10.45625,0
Imperial,2020,2,10.45625,28.7,5.828722214994849,0,48,14.339622641509434,9.23076923076923,11.529124334784711,2.0,0.8660254037844386,0.5000000000000001,5.027272727272727,0
Imperial,2020,3,5.027272727272727,13.5,2.596468723410669,0,55,10.45625,14.339622641509434,11.342213957426223,0.0,1.0,6.123233995736766e-17,6.040384615384616,0
Imperial,2020,4,6.040384615384616,17.2,3.195846545641402,0,52,5.027272727272727,10.45625,9.94104845626072,0.0,0.8660254037844387,-0.49999999999999983,7.750943396226416,0
Imperial,2020,5,7.750943396226416,13.7,2.191997915628346,0,53,6.040384615384616,5.027272727272727,7.174635780885782,0.0,0.49999999999999994,-0.8660254037844387,10.308,0
Imperial,2020,6,10.308,26.8,4.434550802091068,0,50,7.750943396226416,6.040384615384616,6.272866912961253,0.0,1.2246467991473532e-16,-1.0,9.709433962264152,0
Imperial,2020,7,9.709433962264152,13.8,2.354232207923505,0,53,10.308,7.750943396226416,8.033109337203678,0.0,-0.4999999999999998,-0.8660254037844388,10.894545454545456,0
Imperial,2020,8,10.894545454545456,28.5,3.9467013034243137,0,55,9.709433962264152,10.308,9.256125786163523,0.0,-0.8660254037844384,-0.5000000000000004,14.252941176470587,1
Imperial,2020,9,14.252941176470587,33.3,5.629257604380046,0,51,10.894545454545456,9.709433962264152,10.303993138936535,0.0,-1.0,-1.8369701987210297e-16,15.911111111111111,1
Imperial,2020,10,15.911111111111111,31.3,4.6744050844018386,0,54,14.252941176470587,10.894545454545456,11.618973531093397,0.0,-0.8660254037844386,0.5000000000000001,11.922916666666666,1
Imperial,2020,11,11.922916666666666,34.4,6.159001009881092,0,48,15.911111111111111,14.252941176470587,13.686199247375718,0.0,-0.5000000000000004,0.8660254037844384,17.533430328571427,1
Inyo,2015,2,5.83779309375,44.245833,7.8577354748620305,2,64,4.800184138888889,,4.800184138888889,0.0,0.8660254037844386,0.5000000000000001,5.023384,0
Inyo,2015,3,5.023384,28.520833,4.928316661269408,0,73,5.83779309375,4.800184138888889,5.318988616319444,2.0,1.0,6.123233995736766e-17,8.353963069230769,0
Inyo,2015,4,8.353963069230769,64.029167,8.626383654152171,2,130,5.023384,5.83779309375,5.220453744212963,0.0,0.8660254037844387,-0.49999999999999983,6.368730932835821,0
Inyo,2015,5,6.368730932835821,17.25,2.8762572239970035,0,134,8.353963069230769,5.023384,6.40504672099359,2.0,0.49999999999999994,-0.8660254037844387,7.206022333333333,0
Inyo,2015,6,7.206022333333333,28.354167,3.4818874387027376,0,129,6.368730932835821,8.353963069230769,6.582026000688863,0.0,1.2246467991473532e-16,-1.0,6.32684723880597,0
Inyo,2015,7,6.32684723880597,20.545833,3.2184553359622785,0,134,7.206022333333333,6.368730932835821,7.309572111799974,0.0,-0.4999999999999998,-0.8660254037844388,15.123366969465648,1
Inyo,2015,8,15.123366969465648,97.1625,14.670681370996354,6,131,6.32684723880597,7.206022333333333,6.633866834991708,0.0,-0.8660254037844384,-0.5000000000000004,8.397886061538461,0
Inyo,2015,9,8.397886061538461,31.083333,5.524924314936241,0,130,15.123366969465648,6.32684723880597,9.552078847201651,6.0,-1.0,-1.8369701987210297e-16,3.592168527559055,0
Inyo,2015,10,3.592168527559055,20.233333,2.5986554819927608,0,127,8.397886061538461,15.123366969465648,9.94936675660336,0.0,-0.8660254037844386,0.5000000000000001,5.561578876923077,0
Inyo,2015,11,5.561578876923077,130.225,16.253153221509333,2,130,3.592168527559055,8.397886061538461,9.037807186187722,0.0,-0.5000000000000004,0.8660254037844384,3.7560353388429752,0
Inyo,2015,12,3.7560353388429752,22.0,2.6411354031483167,0,121,5.561578876923077,3.592168527559055,5.850544488673531,2.0,-2.4492935982947064e-16,1.0,2.5362013851851852,0
Inyo,2016,1,2.5362013851851852,6.565217,1.4411134301075428,0,135,3.7560353388429752,5.561578876923077,4.303260914441703,0.0,0.49999999999999994,0.8660254037844387,3.676566556451613,0
Inyo,2016,2,3.676566556451613,25.7125,3.788848658253372,0,124,2.5362013851851852,3.7560353388429752,3.951271866983746,0.0,0.8660254037844386,0.5000000000000001,3.2826545,0
Inyo,2016,3,3.2826545,15.9,2.9528139098585644,0,134,3.676566556451613,2.5362013851851852,3.3229344268265915,0.0,1.0,6.123233995736766e-17,4.7088869375,0
Inyo,2016,4,4.7088869375,39.808333,6.387970408946133,2,128,3.2826545,3.676566556451613,3.1651408138789328,0.0,0.8660254037844387,-0.49999999999999983,4.479181390977444,0
Inyo,2016,5,4.479181390977444,22.083333,3.294455031300866,0,133,4.7088869375,3.2826545,3.8893693313172037,2.0,0.49999999999999994,-0.8660254037844387,6.8733277692307695,0
Inyo,2016,6,6.8733277692307695,20.7875,3.795215220839036,0,130,4.479181390977444,4.7088869375,4.156907609492481,0.0,1.2246467991473532e-16,-1.0,7.017924716417911,0
Inyo,2016,7,7.017924716417911,19.8375,4.379159427994138,0,134,6.8733277692307695,4.479181390977444,5.35379869923607,0.0,-0.4999999999999998,-0.8660254037844388,11.318684192592592,1
Inyo,2016,8,11.318684192592592,56.8625,8.19251358557295,4,135,7.017924716417911,6.8733277692307695,6.123477958875374,0.0,-0.8660254037844384,-0.5000000000000004,5.987003125984252,0
Inyo,2016,9,5.987003125984252,24.743478,3.692031779872873,0,127,11.318684192592592,7.017924716417911,8.403312226080423,4.0,-1.0,-1.8369701987210297e-16,4.541714352,0
Inyo,2016,10,4.541714352,17.279167,2.50273315443132,0,125,5.987003125984252,11.318684192592592,8.107870678331585,0.0,-0.8660254037844386,0.5000000000000001,5.22288826984127,0
Inyo,2016,11,5.22288826984127,40.833333,5.4022971737601955,2,126,4.541714352,5.987003125984252,7.2824672235256145,0.0,-0.5000000000000004,0.8660254037844384,3.820105030075188,0
Inyo,2016,12,3.820105030075188,14.0,2.1162311399453033,0,133,5.22288826984127,4.541714352,5.250535249275174,2.0,-2.4492935982947064e-16,1.0,2.834000976377953,0
Inyo,2017,1,2.834000976377953,6.183333,1.2236556854300076,0,127,3.820105030075188,5.22288826984127,4.528235883972153,0.0,0.49999999999999994,0.8660254037844387,2.8728252857142857,0
Inyo,2017,2,2.8728252857142857,16.079167,2.61975546884122,0,119,2.834000976377953,3.820105030075188,3.958998092098137,0.0,0.8660254037844386,0.5000000000000001,7.495762402985075,0
Inyo,2017,3,7.495762402985075,189.941667,24.048630398679883,4,134,2.8728252857142857,2.834000976377953,3.1756437640558084,0.0,1.0,6.123233995736766e-17,6.358993248062015,0
Inyo,2017,4,6.358993248062015,37.229167,6.483874271375262,2,129,7.495762402985075,2.8728252857142857,4.4008628883591046,4.0,0.8660254037844387,-0.49999999999999983,5.021457799999999,0
Inyo,2017,5,5.021457799999999,11.4125,2.6968837721424705,0,135,6.358993248062015,7.495762402985075,5.575860312253792,2.0,0.49999999999999994,-0.8660254037844387,7.089420907563025,0
Inyo,2017,6,7.089420907563025,16.43913,2.893283670736128,0,119,5.021457799999999,6.358993248062015,6.29207115034903,0.0,1.2246467991473532e-16,-1.0,10.432376969465649,0
Inyo,2017,7,10.432376969465649,50.504167,6.605551513164747,2,131,7.089420907563025,5.021457799999999,6.156623985208346,0.0,-0.4999999999999998,-0.8660254037844388,8.517543208955223,0
Inyo,2017,8,8.517543208955223,21.463636,4.017008301069403,0,134,10.432376969465649,7.089420907563025,7.514418559009559,2.0,-0.8660254037844384,-0.5000000000000004,6.030465441860465,0
Inyo,2017,9,6.030465441860465,19.729167,3.456769646042743,0,129,8.517543208955223,10.432376969465649,8.679780361994633,0.0,-1.0,-1.8369701987210297e-16,6.726471443877551,0
Inyo,2017,10,6.726471443877551,48.745833,6.1707284487217375,2,196,6.030465441860465,8.517543208955223,8.326795206760446,0.0,-0.8660254037844386,0.5000000000000001,4.744695298969073,0
Inyo,2017,11,4.744695298969073,61.0375,6.851706038241498,3,194,6.726471443877551,6.030465441860465,7.0914933648977465,2.0,-0.5000000000000004,0.8660254037844384,4.968447809782608,0
Inyo,2017,12,4.968447809782608,56.008333,7.512042033815968,4,184,4.744695298969073,6.726471443877551,5.833877394902363,3.0,-2.4492935982947064e-16,1.0,3.1700380999999997,0
Inyo,2018,1,3.1700380999999997,9.716667,1.6343796363505658,0,200,4.968447809782608,4.744695298969073,5.479871517543078,4.0,0.49999999999999994,0.8660254037844387,4.163206611111112,0
Inyo,2018,2,4.163206611111112,26.516667,4.8362474715828006,0,180,3.1700380999999997,4.968447809782608,4.29439373625056,0.0,0.8660254037844386,0.5000000000000001,2.388168393939394,0
Inyo,2018,3,2.388168393939394,13.495833,1.7789026334399616,0,198,4.163206611111112,3.1700380999999997,4.10056417363124,0.0,1.0,6.123233995736766e-17,5.571555764397906,0
Inyo,2018,4,5.571555764397906,21.270833,3.544040624161177,0,191,2.388168393939394,4.163206611111112,3.240471035016835,0.0,0.8660254037844387,-0.49999999999999983,7.100261274111675,0
Inyo,2018,5,7.100261274111675,156.0,18.42835751076221,3,197,5.571555764397906,2.388168393939394,4.04097692314947,0.0,0.49999999999999994,-0.8660254037844387,7.091144630208333,0
Inyo,2018,6,7.091144630208333,44.054167,6.498281076988385,4,192,7.100261274111675,5.571555764397906,5.019995144149658,3.0,1.2246467991473532e-16,-1.0,13.529609303482587,1
Inyo,2018,7,13.529609303482587,65.3625,12.619236143265118,12,201,7.091144630208333,7.100261274111675,6.587653889572638,4.0,-0.4999999999999998,-0.8660254037844388,26.09551881909548,1
Inyo,2018,8,26.09551881909548,247.4875,40.24055103403646,23,199,13.529609303482587,7.091144630208333,9.240338402600864,12.0,-0.8660254037844384,-0.5000000000000004,4.079878932989691,0
Inyo,2018,9,4.079878932989691,9.858333,1.7731558033834462,0,194,26.09551881909548,13.529609303482587,15.572090917595467,23.0,-1.0,-1.8369701987210297e-16,3.636139666666667,0
Inyo,2018,10,3.636139666666667,15.108333,2.0714560131099304,0,189,4.079878932989691,26.09551881909548,14.568335685189254,0.0,-0.8660254037844386,0.5000000000000001,3.839817699481866,0
Inyo,2018,11,3.839817699481866,11.55,2.0977337440113852,0,193,3.636139666666667,4.079878932989691,11.27051247291728,0.0,-0.5000000000000004,0.8660254037844384,3.2130600346534655,0
Inyo,2018,12,3.2130600346534655,16.7625,2.588225717181962,0,202,3.839817699481866,3.636139666666667,3.8519454330460747,0.0,-2.4492935982947064e-16,1.0,2.587818482587065,0
Inyo,2019,1,2.587818482587065,19.333333,2.235903767459078,0,201,3.2130600346534655,3.839817699481866,3.5630058002673324,0.0,0.49999999999999994,0.8660254037844387,2.554488098901099,0
Inyo,2019,2,2.554488098901099,13.466667,2.2413832361186996,0,182,2.587818482587065,3.2130600346534655,3.213565405574132,0.0,0.8660254037844386,0.5000000000000001,3.375351547619048,0
Inyo,2019,3,3.375351547619048,26.458333,3.6304344106504938,0,168,2.554488098901099,2.587818482587065,2.7851222053805436,0.0,1.0,6.123233995736766e-17,4.5083986000000005,0
Inyo,2019,4,4.5083986000000005,63.491667,8.011713174833146,3,195,3.375351547619048,2.554488098901099,2.8392193763690705,0.0,0.8660254037844387,-0.49999999999999983,4.142351562189055,0
Inyo,2019,5,4.142351562189055,9.8375,2.2515028159151496,0,201,4.5083986000000005,3.375351547619048,3.479412748840049,3.0,0.49999999999999994,-0.8660254037844387,5.390712435897435,0
Inyo,2019,6,5.390712435897435,13.509091,2.3030534999237515,0,195,4.142351562189055,4.5083986000000005,4.0087005699360345,0.0,1.2246467991473532e-16,-1.0,5.207493355,0
Inyo,2019,7,5.207493355,9.970833,1.445187096711862,0,200,5.390712435897435,4.142351562189055,4.680487532695497,0.0,-0.4999999999999998,-0.8660254037844388,5.590354742574257,0
Inyo,2019,8,5.590354742574257,12.0625,1.6413255410362448,0,202,5.207493355,5.390712435897435,4.913519117695497,0.0,-0.8660254037844384,-0.5000000000000004,5.200568191489362,0
Inyo,2019,9,5.200568191489362,20.0125,3.0021767865557005,0,188,5.590354742574257,5.207493355,5.396186844490564,0.0,-1.0,-1.8369701987210297e-16,8.58236092,0
Inyo,2019,10,8.58236092,98.920833,17.138338801119783,14,200,5.200568191489362,5.590354742574257,5.332805429687873,0.0,-0.8660254037844386,0.5000000000000001,4.493690271794872,0
Inyo,2019,11,4.493690271794872,31.470833,4.076830210813274,0,195,8.58236092,5.200568191489362,6.457761284687873,14.0,-0.5000000000000004,0.8660254037844384,3.974008786069651,0
Inyo,2019,12,3.974008786069651,12.0,2.74873921676674,0,201,4.493690271794872,8.58236092,6.092206461094745,0.0,-2.4492935982947064e-16,1.0,2.6401203645833333,0
Inyo,2020,1,2.6401203645833333,7.208333,1.171421622941471,0,192,3.974008786069651,4.493690271794872,5.68335332595484,0.0,0.49999999999999994,0.8660254037844387,3.727703713483146,0
Inyo,2020,2,3.727703713483146,18.558333,2.910179328597473,0,178,2.6401203645833333,3.974008786069651,3.702606474149286,0.0,0.8660254037844386,0.5000000000000001,2.5845192060301505,0
Inyo,2020,3,2.5845192060301505,22.866667,2.2966306727107932,0,199,3.727703713483146,2.6401203645833333,3.44727762137871,0.0,1.0,6.123233995736766e-17,3.2217505561497326,0
Inyo,2020,4,3.2217505561497326,6.008333,1.3331079700693091,0,187,2.5845192060301505,3.727703713483146,2.98411442803221,0.0,0.8660254037844387,-0.49999999999999983,4.233824715053763,0
Inyo,2020,5,4.233824715053763,15.004167,1.8793877913954304,0,186,3.2217505561497326,2.5845192060301505,3.177991158554343,0.0,0.49999999999999994,-0.8660254037844387,5.42455368041237,0
Inyo,2020,6,5.42455368041237,16.133333,2.92155334265778,0,194,4.233824715053763,3.2217505561497326,3.346698159077882,0.0,1.2246467991473532e-16,-1.0,6.022084841085271,0
Inyo,2020,7,6.022084841085271,16.55,2.0268634790653812,0,258,5.42455368041237,4.233824715053763,4.293376317205289,0.0,-0.4999999999999998,-0.8660254037844388,17.18518579204893,1
Inyo,2020,8,17.18518579204893,66.870833,14.411403331042282,38,327,6.022084841085271,5.42455368041237,5.2268210788504685,0.0,-0.8660254037844384,-0.5000000000000004,70.30850525396826,1
Inyo,2020,9,70.30850525396826,379.070833,80.240598938052,160,315,17.18518579204893,6.022084841085271,9.543941437848858,38.0,-1.0,-1.8369701987210297e-16,40.15226818412698,1
Inyo,2020,10,40.15226818412698,311.083333,48.71344415538785,119,315,70.30850525396826,17.18518579204893,31.17192529570082,160.0,-0.8660254037844386,0.5000000000000001,9.001453825396824,0
Inyo,2020,11,9.001453825396824,30.573913,7.854949116871064,0,315,40.15226818412698,70.30850525396826,42.54865307671472,119.0,-0.5000000000000004,0.8660254037844384,10.023276274760384,0
Kern,2015,2,11.862995786407769,50.3,13.691627005173345,11,103,19.9302726779661,,19.9302726779661,27.0,0.8660254037844386,0.5000000000000001,7.941087462809917,0
Kern,2015,3,7.941087462809917,37.181818,6.703550004851386,2,121,11.862995786407769,19.9302726779661,15.896634232186935,11.0,1.0,6.123233995736766e-17,8.676141460176991,0
Kern,2015,4,8.676141460176991,42.25,5.475801862906497,2,113,7.941087462809917,11.862995786407769,13.244785309061262,2.0,0.8660254037844387,-0.49999999999999983,7.1124939666666664,0
Kern,2015,5,7.1124939666666664,14.0,2.337679132505869,0,120,8.676141460176991,7.941087462809917,9.493408236464893,2.0,0.49999999999999994,-0.8660254037844387,7.885268292035398,0
Kern,2015,6,7.885268292035398,22.5,3.5009033446039086,0,113,7.1124939666666664,8.676141460176991,7.909907629884525,0.0,1.2246467991473532e-16,-1.0,7.1184537500000005,0
Kern,2015,7,7.1184537500000005,19.8,3.1472737495036447,0,120,7.885268292035398,7.1124939666666664,7.891301239626351,0.0,-0.4999999999999998,-0.8660254037844388,10.64977674789916,0
Kern,2015,8,10.64977674789916,46.4,6.953572839487897,2,119,7.1184537500000005,7.885268292035398,7.372072002900688,0.0,-0.8660254037844384,-0.5000000000000004,8.873303166666666,0
Kern,2015,9,8.873303166666666,34.8,6.3712278334594465,0,108,10.64977674789916,7.1184537500000005,8.55116626331152,2.0,-1.0,-1.8369701987210297e-16,7.536739092592592,0
Kern,2015,10,7.536739092592592,20.6,5.243091480124267,0,108,8.873303166666666,10.64977674789916,8.880511221521942,0.0,-0.8660254037844386,0.5000000000000001,11.53892042982456,1
Kern,2015,11,11.53892042982456,61.0,13.76020480659056,6,114,7.536739092592592,8.873303166666666,9.019939669052805,0.0,-0.5000000000000004,0.8660254037844384,11.758625737864078,1
Kern,2015,12,11.758625737864078,62.0,12.933337006861006,7,103,11.53892042982456,7.536739092592592,9.316320896361272,6.0,-2.4492935982947064e-16,1.0,8.594532486725663,0
Kern,2016,1,8.594532486725663,54.6,11.69000545571575,4,113,11.758625737864078,11.53892042982456,10.278095086760409,7.0,0.49999999999999994,0.8660254037844387,11.06752793069307,0
Kern,2016,2,11.06752793069307,48.8,13.02971714644868,9,101,8.594532486725663,11.758625737864078,10.630692884804768,4.0,0.8660254037844386,0.5000000000000001,5.603978495145631,0
Kern,2016,3,5.603978495145631,29.0,4.102928405617627,0,103,11.06752793069307,8.594532486725663,10.473562051760936,9.0,1.0,6.123233995736766e-17,6.869252514018692,0
Kern,2016,4,6.869252514018692,21.5,3.538610379906572,0,107,5.603978495145631,11.06752793069307,8.422012970854787,0.0,0.8660254037844387,-0.49999999999999983,6.940493307017544,0
Kern,2016,5,6.940493307017544,14.3,2.831228136037496,0,114,6.869252514018692,5.603978495145631,7.84691964661913,0.0,0.49999999999999994,-0.8660254037844387,10.14036383783784,0
Kern,2016,6,10.14036383783784,18.8,2.7260803843007397,0,111,6.940493307017544,6.869252514018692,6.471241438727289,0.0,1.2246467991473532e-16,-1.0,11.215632815789474,0
Kern,2016,7,11.215632815789474,25.708333,4.43193696014731,0,114,10.14036383783784,6.940493307017544,7.983369886291359,0.0,-0.4999999999999998,-0.8660254037844388,14.908883605042018,1
Kern,2016,8,14.908883605042018,25.8,3.6588293353556622,0,119,11.215632815789474,10.14036383783784,9.432163320214954,0.0,-0.8660254037844384,-0.5000000000000004,11.81451163063063,1
Kern,2016,9,11.81451163063063,42.2,5.101471962006408,1,111,14.908883605042018,11.215632815789474,12.088293419556443,0.0,-1.0,-1.8369701987210297e-16,9.437797444444444,0
Kern,2016,10,9.437797444444444,26.8,4.6765747885839195,0,117,11.81451163063063,14.908883605042018,12.646342683820707,1.0,-0.8660254037844386,0.5000000000000001,15.445464,1
Kern,2016,11,15.445464,55.7,12.489378602536114,13,115,9.437797444444444,11.81451163063063,12.053730893372363,0.0,-0.5000000000000004,0.8660254037844384,14.89773205982906,1
Kern,2016,12,14.89773205982906,66.4,14.543400281000151,12,117,15.445464,9.437797444444444,12.232591025025025,13.0,-2.4492935982947064e-16,1.0,8.888002554545455,0
Kern,2017,1,8.888002554545455,47.6,9.600845602285188,4,110,14.89773205982906,15.445464,13.260331168091168,12.0,0.49999999999999994,0.8660254037844387,5.20259454,0
Kern,2017,2,5.20259454,26.8,5.577983383048749,0,100,8.888002554545455,14.89773205982906,13.077066204791505,4.0,0.8660254037844386,0.5000000000000001,7.283576555555555,0
Kern,2017,3,7.283576555555555,33.2,7.410620778576735,0,99,5.20259454,8.888002554545455,9.662776384791504,0.0,1.0,6.123233995736766e-17,5.399037184210526,0
Kern,2017,4,5.399037184210526,12.8,3.154567258321338,0,114,7.283576555555555,5.20259454,7.12472455003367,0.0,0.8660254037844387,-0.49999999999999983,6.127875017094017,0
Kern,2017,5,6.127875017094017,18.5,3.685743748059727,0,117,5.399037184210526,7.283576555555555,5.961736093255361,0.0,0.49999999999999994,-0.8660254037844387,8.31085907017544,0
Kern,2017,6,8.31085907017544,16.9,3.9764188462418737,0,114,6.127875017094017,5.399037184210526,6.270162918953367,0.0,1.2246467991473532e-16,-1.0,11.332928125,1
Kern,2017,7,11.332928125,45.7,5.820165961646993,1,112,8.31085907017544,6.127875017094017,6.612590423826661,0.0,-0.4999999999999998,-0.8660254037844388,9.787679914529916,0
Kern,2017,8,9.787679914529916,19.8,5.693969622241401,0,117,11.332928125,8.31085907017544,8.590554070756486,1.0,-0.8660254037844384,-0.5000000000000004,8.290383403508772,0
Kern,2017,9,8.290383403508772,32.7,5.5435049326460035,0,114,9.787679914529916,11.332928125,9.810489036568454,0.0,-1.0,-1.8369701987210297e-16,12.72049128301887,1
Kern,2017,10,12.72049128301887,36.0,8.026314848736332,1,106,8.290383403508772,9.787679914529916,9.80366381434623,0.0,-0.8660254037844386,0.5000000000000001,10.354532011627906,0
Kern,2017,11,10.354532011627906,62.6,10.597861553393145,8,172,12.72049128301887,8.290383403508772,10.266184867019186,1.0,-0.5000000000000004,0.8660254037844384,18.504725196629213,1
Kern,2017,12,18.504725196629213,101.8,23.418163029869163,34,178,10.354532011627906,12.72049128301887,10.45513556605185,8.0,-2.4492935982947064e-16,1.0,14.24098392771084,1
Kern,2018,1,14.24098392771084,100.9,20.69875361434204,17,166,18.504725196629213,10.354532011627906,13.859916163758664,34.0,0.49999999999999994,0.8660254037844387,10.2542768,0
Kern,2018,2,10.2542768,62.4,12.695591636723009,10,165,14.24098392771084,18.504725196629213,14.366747045322654,17.0,0.8660254037844386,0.5000000000000001,4.788572637426901,0
Kern,2018,3,4.788572637426901,28.1,4.329680963118636,0,171,10.2542768,14.24098392771084,14.333328641446684,10.0,1.0,6.123233995736766e-17,7.619735164705883,0
Kern,2018,4,7.619735164705883,14.2,2.585824835020187,0,170,4.788572637426901,10.2542768,9.761277788379248,0.0,0.8660254037844387,-0.49999999999999983,8.28727175141243,0
Kern,2018,5,8.28727175141243,15.043478,2.3388062967728285,0,177,7.619735164705883,4.788572637426901,7.554194867377596,0.0,0.49999999999999994,-0.8660254037844387,10.05962863803681,0
Kern,2018,6,10.05962863803681,18.375,2.199350317601841,0,163,8.28727175141243,7.619735164705883,6.898526517848405,0.0,1.2246467991473532e-16,-1.0,14.54614075,1
Kern,2018,7,14.54614075,38.0,6.2680644495363245,1,176,10.05962863803681,8.28727175141243,8.655545184718376,0.0,-0.4999999999999998,-0.8660254037844388,17.966636394117646,1
Kern,2018,8,17.966636394117646,49.4,9.41738757246909,12,170,14.54614075,10.05962863803681,10.964347046483079,1.0,-0.8660254037844384,-0.5000000000000004,8.980083441558442,0
Kern,2018,9,8.980083441558442,27.2,4.146207890203742,0,154,17.966636394117646,14.54614075,14.19080192738482,12.0,-1.0,-1.8369701987210297e-16,7.011151046052631,0
Kern,2018,10,7.011151046052631,23.5,3.776435918971286,0,152,8.980083441558442,17.966636394117646,13.830953528558695,0.0,-0.8660254037844386,0.5000000000000001,11.629609051282053,1
Kern,2018,11,11.629609051282053,96.5,17.4219960124846,13,156,7.011151046052631,8.980083441558442,11.319290293909575,0.0,-0.5000000000000004,0.8660254037844384,8.566196710059172,0
Kern,2018,12,8.566196710059172,53.3,12.746489059387423,10,169,11.629609051282053,7.011151046052631,9.20694784629771,13.0,-2.4492935982947064e-16,1.0,8.086735491428572,0
Kern,2019,1,8.086735491428572,83.7,14.297302502032194,13,175,8.566196710059172,11.629609051282053,9.06898560246462,10.0,0.49999999999999994,0.8660254037844387,3.900410782608696,0
Kern,2019,2,3.900410782608696,25.9,3.6635689549353248,0,161,8.086735491428572,8.566196710059172,9.427513750923266,13.0,0.8660254037844386,0.5000000000000001,5.365869488764045,0
Kern,2019,3,5.365869488764045,17.208333,3.877817956307208,0,178,3.900410782608696,8.086735491428572,6.851114328032147,0.0,1.0,6.123233995736766e-17,5.8275741395348835,0
Kern,2019,4,5.8275741395348835,15.4,3.1812504448198453,0,172,5.365869488764045,3.900410782608696,5.7843385876004385,0.0,0.8660254037844387,-0.49999999999999983,6.386947966101696,0
Kern,2019,5,6.386947966101696,13.7,2.987591418481599,0,177,5.8275741395348835,5.365869488764045,5.031284803635876,0.0,0.49999999999999994,-0.8660254037844387,8.21228969767442,0
Kern,2019,6,8.21228969767442,15.583333,2.8261831519554623,0,172,6.386947966101696,5.8275741395348835,5.860130531466877,0.0,1.2246467991473532e-16,-1.0,9.552747372881356,0
Kern,2019,7,9.552747372881356,35.4,3.5320951846893007,0,177,8.21228969767442,6.386947966101696,6.808937267770335,0.0,-0.4999999999999998,-0.8660254037844388,8.569544245810055,0
Kern,2019,8,8.569544245810055,16.4,2.5411291114893904,0,179,9.552747372881356,8.21228969767442,8.050661678885826,0.0,-0.8660254037844384,-0.5000000000000004,8.222277286549708,0
Kern,2019,9,8.222277286549708,34.125,4.393047768202856,0,171,8.569544245810055,9.552747372881356,8.778193772121945,0.0,-1.0,-1.8369701987210297e-16,8.625764754285715,0
Kern,2019,10,8.625764754285715,49.3,6.2476675872974266,1,175,8.222277286549708,8.569544245810055,8.781522968413709,0.0,-0.8660254037844386,0.5000000000000001,10.498612487804875,0
Kern,2019,11,10.498612487804875,46.7,11.8544412850391,6,164,8.625764754285715,8.222277286549708,8.47252876221516,1.0,-0.5000000000000004,0.8660254037844384,5.251873681818181,0
Kern,2019,12,5.251873681818181,28.2,6.006547053997416,0,176,10.498612487804875,8.625764754285715,9.115551509546767,6.0,-2.4492935982947064e-16,1.0,7.654980417142856,0
Kern,2020,1,7.654980417142856,37.7,9.215833479392709,2,175,5.251873681818181,10.498612487804875,8.12541697463626,0.0,0.49999999999999994,0.8660254037844387,7.338594448051947,0
Kern,2020,2,7.338594448051947,31.9,7.263875367863346,0,154,7.654980417142856,5.251873681818181,7.801822195588639,2.0,0.8660254037844386,0.5000000000000001,3.7304409096385545,0
Kern,2020,3,3.7304409096385545,16.5,3.1637223165596766,0,166,7.338594448051947,7.654980417142856,6.748482849004329,0.0,1.0,6.123233995736766e-17,5.6349705723270445,0
Kern,2020,4,5.6349705723270445,14.1,2.890452823188713,0,159,3.7304409096385545,7.338594448051947,6.241338591611121,0.0,0.8660254037844387,-0.49999999999999983,6.275548880952381,0
Kern,2020,5,6.275548880952381,15.5,2.7338388755355125,0,168,5.6349705723270445,3.7304409096385545,5.568001976672517,0.0,0.49999999999999994,-0.8660254037844387,8.070031643274854,0
Kern,2020,6,8.070031643274854,17.3,2.9783295810430626,0,171,6.275548880952381,5.6349705723270445,5.2136534543059945,0.0,1.2246467991473532e-16,-1.0,10.560127202312138,0
Kern,2020,7,10.560127202312138,143.9,14.717234184606676,2,173,8.070031643274854,6.275548880952381,6.660183698851427,0.0,-0.4999999999999998,-0.8660254037844388,21.970717189944136,1
Kern,2020,8,21.970717189944136,158.6,25.53691694489213,28,179,10.560127202312138,8.070031643274854,8.301902575513125,2.0,-0.8660254037844384,-0.5000000000000004,31.967974618181817,1
Kern,2020,9,31.967974618181817,125.409091,23.232826238209334,37,110,21.970717189944136,10.560127202312138,13.533625345177043,28.0,-1.0,-1.8369701987210297e-16,21.031168213017754,1
Kern,2020,10,21.031168213017754,81.4,15.664545594945404,25,169,31.967974618181817,21.970717189944136,21.4996063368127,37.0,-0.8660254037844386,0.5000000000000001,11.716889058479532,1
Kern,2020,11,11.716889058479532,50.1,13.146374021142272,13,171,21.031168213017754,31.967974618181817,24.989953340381238,25.0,-0.5000000000000004,0.8660254037844384,10.833353118644068,0
Kings,2015,2,21.706538018867928,59.777778,12.42014021558526,8,53,42.23368320689655,,42.23368320689655,27.0,0.8660254037844386,0.5000000000000001,12.020113357142858,1
Kings,2015,3,12.020113357142858,24.416667,5.846926961033442,0,56,21.706538018867928,42.23368320689655,31.970110612882237,8.0,1.0,6.123233995736766e-17,9.9434843,0
Kings,2015,4,9.9434843,18.208333,3.8206503565744385,0,60,12.020113357142858,21.706538018867928,25.320111527635778,0.0,0.8660254037844387,-0.49999999999999983,8.667403,0
Kings,2015,5,8.667403,14.75,2.423169451595697,0,62,9.9434843,12.020113357142858,14.556711892003596,0.0,0.49999999999999994,-0.8660254037844387,9.125072433333331,0
Kings,2015,6,9.125072433333331,14.708333,2.970531729694507,0,60,8.667403,9.9434843,10.210333552380952,0.0,1.2246467991473532e-16,-1.0,8.696230725806451,0
Kings,2015,7,8.696230725806451,20.521739,3.3992028544104813,0,62,9.125072433333331,8.667403,9.24531991111111,0.0,-0.4999999999999998,-0.8660254037844388,11.558456129032258,1
Kings,2015,8,11.558456129032258,24.5,5.341224121976314,0,62,8.696230725806451,9.125072433333331,8.82956871971326,0.0,-0.8660254037844384,-0.5000000000000004,13.114655866666668,1
Kings,2015,9,13.114655866666668,31.666667,5.7482217197826,0,60,11.558456129032258,8.696230725806451,9.793253096057347,0.0,-1.0,-1.8369701987210297e-16,17.499159548387095,1
Kings,2015,10,17.499159548387095,33.583333,7.256406363616088,0,62,13.114655866666668,11.558456129032258,11.123114240501792,0.0,-0.8660254037844386,0.5000000000000001,22.301525583333333,1
Kings,2015,11,22.301525583333333,51.0,12.834233183623317,10,60,17.499159548387095,13.114655866666668,14.057423848028675,0.0,-0.5000000000000004,0.8660254037844384,22.676764838709676,1
Kings,2015,12,22.676764838709676,45.416667,11.65005869276289,10,62,22.301525583333333,17.499159548387095,17.638446999462364,10.0,-2.4492935982947064e-16,1.0,18.231031830985916,1
Kings,2016,1,18.231031830985916,43.25,11.782982021371549,13,71,22.676764838709676,22.301525583333333,20.825816656810037,10.0,0.49999999999999994,0.8660254037844387,24.71828644117647,1
Kings,2016,2,24.71828644117647,45.9,10.888834506071538,11,68,18.231031830985916,22.676764838709676,21.069774084342978,13.0,0.8660254037844386,0.5000000000000001,12.1165421369863,1
Kings,2016,3,12.1165421369863,30.125,7.092668097031659,0,73,24.71828644117647,18.231031830985916,21.875361036957354,11.0,1.0,6.123233995736766e-17,9.687969338709676,0
Kings,2016,4,9.687969338709676,21.25,4.09918975038924,0,62,12.1165421369863,24.71828644117647,18.355286803049562,0.0,0.8660254037844387,-0.49999999999999983,8.456784819444444,0
Kings,2016,5,8.456784819444444,13.875,3.084678356327044,0,72,9.687969338709676,12.1165421369863,15.507599305624149,0.0,0.49999999999999994,-0.8660254037844387,9.01209525,0
Kings,2016,6,9.01209525,17.958333,2.8973442405880423,0,72,8.456784819444444,9.687969338709676,10.087098765046806,0.0,1.2246467991473532e-16,-1.0,10.830545486111111,0
Kings,2016,7,10.830545486111111,21.916667,4.300567631288833,0,72,9.01209525,8.456784819444444,9.052283136051374,0.0,-0.4999999999999998,-0.8660254037844388,14.634848985915491,1
Kings,2016,8,14.634848985915491,27.166667,4.1964228341882786,0,71,10.830545486111111,9.01209525,9.433141851851852,0.0,-0.8660254037844384,-0.5000000000000004,15.21039790140845,1
Kings,2016,9,15.21039790140845,23.782609,4.3812253281719595,0,71,14.634848985915491,10.830545486111111,11.492496574008868,0.0,-1.0,-1.8369701987210297e-16,13.512292957142856,1
Kings,2016,10,13.512292957142856,32.583333,7.06317491605474,0,70,15.21039790140845,14.634848985915491,13.558597457811684,0.0,-0.8660254037844386,0.5000000000000001,26.284331,1
Kings,2016,11,26.284331,59.791667,15.54969787389533,20,69,13.512292957142856,15.21039790140845,14.452513281488933,0.0,-0.5000000000000004,0.8660254037844384,23.287677513888887,1
Kings,2016,12,23.287677513888887,51.333333,11.947903526994557,11,72,26.284331,13.512292957142856,18.33567395285044,20.0,-2.4492935982947064e-16,1.0,13.26560987121212,1
Kings,2017,1,13.26560987121212,46.2,9.999269564814378,5,132,23.287677513888887,26.284331,21.028100490343917,11.0,0.49999999999999994,0.8660254037844387,10.576101953271028,0
Kings,2017,2,10.576101953271028,38.041667,8.279127030554443,2,107,13.26560987121212,23.287677513888887,20.94587279503367,5.0,0.8660254037844386,0.5000000000000001,14.118483697478991,1
Kings,2017,3,14.118483697478991,40.416667,8.699218898379034,2,119,10.576101953271028,13.26560987121212,15.709796446124011,2.0,1.0,6.123233995736766e-17,7.63437303125,0
Kings,2017,4,7.63437303125,16.75,3.5070517800793652,0,128,14.118483697478991,10.576101953271028,12.653398507320714,2.0,0.8660254037844387,-0.49999999999999983,8.87291422962963,0
Kings,2017,5,8.87291422962963,22.375,3.4389446714207437,0,135,7.63437303125,14.118483697478991,10.776319560666673,0.0,0.49999999999999994,-0.8660254037844387,8.532909715384616,0
Kings,2017,6,8.532909715384616,14.541667,2.809426180269391,0,130,8.87291422962963,7.63437303125,10.208590319452874,0.0,1.2246467991473532e-16,-1.0,11.039080229007633,0
Kings,2017,7,11.039080229007633,22.217391,2.590026742015102,0,131,8.532909715384616,8.87291422962963,8.346732325421415,0.0,-0.4999999999999998,-0.8660254037844388,15.934887097014926,1
Kings,2017,8,15.934887097014926,23.208333,3.819880676303773,0,134,11.039080229007633,8.532909715384616,9.48163472467396,0.0,-0.8660254037844384,-0.5000000000000004,13.6620306796875,1
Kings,2017,9,13.6620306796875,38.666667,7.832029820767724,4,128,15.934887097014926,11.039080229007633,11.835625680469057,0.0,-1.0,-1.8369701987210297e-16,20.970918143939397,1
Kings,2017,10,20.970918143939397,37.826087,8.349901153336175,2,132,13.6620306796875,15.934887097014926,13.545332668570019,4.0,-0.8660254037844386,0.5000000000000001,21.9008971,1
Kings,2017,11,21.9008971,59.854167,14.512357592721589,24,130,20.970918143939397,13.6620306796875,16.85594530688061,2.0,-0.5000000000000004,0.8660254037844384,50.30704854477612,1
Kings,2017,12,50.30704854477612,113.4375,24.944429711207544,86,134,21.9008971,20.970918143939397,18.84461530787563,24.0,-2.4492935982947064e-16,1.0,28.34130981889764,1
Kings,2018,1,28.34130981889764,102.654167,21.37458313333523,29,127,50.30704854477612,21.9008971,31.05962126290517,86.0,0.49999999999999994,0.8660254037844387,20.312368708333334,1
Kings,2018,2,20.312368708333334,67.1,16.20034172682137,22,120,28.34130981889764,50.30704854477612,33.51641848789125,29.0,0.8660254037844386,0.5000000000000001,8.522993276119402,0
Kings,2018,3,8.522993276119402,21.4625,5.558777886049961,0,134,20.312368708333334,28.34130981889764,32.986909024002365,22.0,1.0,6.123233995736766e-17,8.508003188679245,0
Kings,2018,4,8.508003188679245,19.395833,3.485506038860962,0,106,8.522993276119402,20.312368708333334,19.05889060111679,0.0,0.8660254037844387,-0.49999999999999983,7.529928552238807,0
Kings,2018,5,7.529928552238807,13.1,2.0199325880392904,0,134,8.508003188679245,8.522993276119402,12.447788391043995,0.0,0.49999999999999994,-0.8660254037844387,9.34117033070866,0
Kings,2018,6,9.34117033070866,18.433333,2.38558175465668,0,127,7.529928552238807,8.508003188679245,8.186975005679152,0.0,1.2246467991473532e-16,-1.0,13.901575855263156,1
Kings,2018,7,13.901575855263156,34.3375,6.862769017541552,0,76,9.34117033070866,7.529928552238807,8.459700690542238,0.0,-0.4999999999999998,-0.8660254037844388,24.11913296296296,1
Kings,2018,8,24.11913296296296,50.0375,12.754937228229922,31,135,13.901575855263156,9.34117033070866,10.257558246070209,0.0,-0.8660254037844384,-0.5000000000000004,13.88520665891473,1
Kings,2018,9,13.88520665891473,24.8,5.253665821631471,0,129,24.11913296296296,13.901575855263156,15.787293049644925,31.0,-1.0,-1.8369701987210297e-16,14.066019537313434,1
Kings,2018,10,14.066019537313434,34.283333,6.880117893053083,0,134,13.88520665891473,24.11913296296296,17.30197182571361,0.0,-0.8660254037844386,0.5000000000000001,37.117825,1
Kings,2018,11,37.117825,111.5,27.708002768280995,51,128,14.066019537313434,13.88520665891473,17.35678638639704,0.0,-0.5000000000000004,0.8660254037844384,21.23128536567164,1
Kings,2018,12,21.23128536567164,44.008333,7.933482200655844,6,134,37.117825,14.066019537313434,21.68968373207606,51.0,-2.4492935982947064e-16,1.0,20.01052525757576,1
Kings,2019,1,20.01052525757576,47.1,13.214741395153116,26,132,21.23128536567164,37.117825,24.138376634328363,6.0,0.49999999999999994,0.8660254037844387,7.394167675,0
Kings,2019,2,7.394167675,20.9125,4.811861179093332,0,120,20.01052525757576,21.23128536567164,26.119878541082468,26.0,0.8660254037844386,0.5000000000000001,7.428130258064517,0
Kings,2019,3,7.428130258064517,21.383333,4.104979301146834,0,124,7.394167675,20.01052525757576,16.211992766082467,0.0,1.0,6.123233995736766e-17,8.208268606299214,0
Kings,2019,4,8.208268606299214,21.083333,3.799825056138068,0,127,7.428130258064517,7.394167675,11.61094106354676,0.0,0.8660254037844387,-0.49999999999999983,7.625717251968504,0
Kings,2019,5,7.625717251968504,17.891667,3.380840353651819,0,127,8.208268606299214,7.428130258064517,7.676855513121244,0.0,0.49999999999999994,-0.8660254037844387,8.626168923076923,0
Kings,2019,6,8.626168923076923,20.26875,2.984250413122056,0,117,7.625717251968504,8.208268606299214,7.754038705444078,0.0,1.2246467991473532e-16,-1.0,9.098653864661651,0
Kings,2019,7,9.098653864661651,18.981818,2.639910875564004,0,133,8.626168923076923,7.625717251968504,8.15338492711488,0.0,-0.4999999999999998,-0.8660254037844388,9.746389091603051,0
Kings,2019,8,9.746389091603051,17.704545,2.435978123423356,0,131,9.098653864661651,8.626168923076923,8.450180013235693,0.0,-0.8660254037844384,-0.5000000000000004,9.558376814516128,0
Kings,2019,9,9.558376814516128,17.958333,3.7712083700614105,0,124,9.746389091603051,9.098653864661651,9.15707062644721,0.0,-1.0,-1.8369701987210297e-16,16.679913634920634,1
Kings,2019,10,16.679913634920634,34.4625,6.419510855299062,0,126,9.558376814516128,9.746389091603051,9.467806590260276,0.0,-0.8660254037844386,0.5000000000000001,27.643378107692307,1
Kings,2019,11,27.643378107692307,58.8,14.807408027618507,51,130,16.679913634920634,9.558376814516128,11.994893180346606,0.0,-0.5000000000000004,0.8660254037844384,12.15610368548387,1
Kings,2019,12,12.15610368548387,37.066667,5.605442884386824,1,124,27.643378107692307,16.679913634920634,17.96055618570969,51.0,-2.4492935982947064e-16,1.0,16.577043533333335,1
Kings,2020,1,16.577043533333335,31.477778,6.289482170983084,0,135,12.15610368548387,27.643378107692307,18.826465142698936,1.0,0.49999999999999994,0.8660254037844387,19.305165943548385,1
Kings,2020,2,19.305165943548385,35.108333,6.4963142872950765,0,124,16.577043533333335,12.15610368548387,18.792175108836506,0.0,0.8660254037844386,0.5000000000000001,7.581751507575758,0
Kings,2020,3,7.581751507575758,23.5,4.594834161467782,0,132,19.305165943548385,16.577043533333335,16.012771054121867,0.0,1.0,6.123233995736766e-17,7.417884221311475,0
Kings,2020,4,7.417884221311475,13.956522,3.1621260807887577,0,122,7.581751507575758,19.305165943548385,14.48798699481916,0.0,0.8660254037844387,-0.49999999999999983,7.1845479689922485,0
Kings,2020,5,7.1845479689922485,16.975,2.979505224311865,0,129,7.417884221311475,7.581751507575758,11.434933890811875,0.0,0.49999999999999994,-0.8660254037844387,8.449962024193548,0
Kings,2020,6,8.449962024193548,16.611765,2.9945639897393823,0,124,7.1845479689922485,7.417884221311475,7.394727899293161,0.0,1.2246467991473532e-16,-1.0,12.136297418032786,1
Kings,2020,7,12.136297418032786,39.35,4.851280925234099,2,122,8.449962024193548,7.1845479689922485,7.684131404832425,0.0,-0.4999999999999998,-0.8660254037844388,33.51770094074074,1
Kings,2020,8,33.51770094074074,147.0,37.03535234744329,42,135,12.136297418032786,8.449962024193548,9.256935803739529,2.0,-0.8660254037844384,-0.5000000000000004,37.999985515384616,1
Kings,2020,9,37.999985515384616,117.916667,24.01079715877557,56,130,33.51770094074074,12.136297418032786,18.034653460989023,42.0,-1.0,-1.8369701987210297e-16,29.835232791044778,1
Kings,2020,10,29.835232791044778,94.75,19.91926312788386,34,134,37.999985515384616,33.51770094074074,27.88466129138605,56.0,-0.8660254037844386,0.5000000000000001,25.22525275,1
Kings,2020,11,25.22525275,58.521739,13.107122096665403,28,128,29.835232791044778,37.999985515384616,33.78430641572338,34.0,-0.5000000000000004,0.8660254037844384,27.044936372093023,1
Lake,2015,2,2.75,4.2,1.0723805294763609,0,4,2.76,,2.76,0.0,0.8660254037844386,0.5000000000000001,2.6833333333333336,0
Lake,2015,3,2.6833333333333336,4.4,1.11788490761199,0,6,2.75,2.76,2.755,0.0,1.0,6.123233995736766e-17,3.28,0
Lake,2015,4,3.28,5.7,1.5990622251807465,0,5,2.6833333333333336,2.75,2.7311111111111113,0.0,0.8660254037844387,-0.49999999999999983,3.74,0
Lake,2015,5,3.74,5.7,1.312630945848832,0,5,3.28,2.6833333333333336,2.904444444444444,0.0,0.49999999999999994,-0.8660254037844387,4.54,0
Lake,2015,6,4.54,6.8,1.6652327164693828,0,5,3.74,3.28,3.2344444444444442,0.0,1.2246467991473532e-16,-1.0,3.0799999999999996,0
Lake,2015,7,3.0799999999999996,4.6,1.0281050529979898,0,5,4.54,3.74,3.8533333333333335,0.0,-0.4999999999999998,-0.8660254037844388,13.580000000000002,1
Lake,2015,8,13.580000000000002,54.6,23.07968803948615,1,5,3.0799999999999996,4.54,3.786666666666667,0.0,-0.8660254037844384,-0.5000000000000004,3.0599999999999996,0
Lake,2015,9,3.0599999999999996,4.5,0.9762171889492623,0,5,13.580000000000002,3.0799999999999996,7.066666666666667,1.0,-1.0,-1.8369701987210297e-16,2.52,0
Lake,2015,10,2.52,3.3,0.957601169589929,0,5,3.0599999999999996,13.580000000000002,6.573333333333334,0.0,-0.8660254037844386,0.5000000000000001,2.04,0
Lake,2015,11,2.04,3.8,1.350185172485611,0,5,2.52,3.0599999999999996,6.386666666666667,0.0,-0.5000000000000004,0.8660254037844384,2.12,0
Lake,2015,12,2.12,4.0,1.103177229641729,0,5,2.04,2.52,2.5399999999999996,0.0,-2.4492935982947064e-16,1.0,1.55,0
Lake,2016,1,1.55,2.1,0.6442049363362563,0,6,2.12,2.04,2.2266666666666666,0.0,0.49999999999999994,0.8660254037844387,2.375,0
Lake,2016,2,2.375,2.8,0.2986078811194818,0,4,1.55,2.12,1.9033333333333335,0.0,0.8660254037844386,0.5000000000000001,2.1666666666666665,0
Lake,2016,3,2.1666666666666665,4.1,1.4052283325732748,0,6,2.375,1.55,2.015,0.0,1.0,6.123233995736766e-17,2.44,0
Lake,2016,4,2.44,4.8,1.4310835055998652,0,5,2.1666666666666665,2.375,2.0305555555555554,0.0,0.8660254037844387,-0.49999999999999983,3.44,0
Lake,2016,5,3.44,5.0,1.5436968614336173,0,5,2.44,2.1666666666666665,2.3272222222222223,0.0,0.49999999999999994,-0.8660254037844387,3.2,0
Lake,2016,6,3.2,4.7,1.5684387141358125,0,5,3.44,2.44,2.6822222222222223,0.0,1.2246467991473532e-16,-1.0,3.12,0
Lake,2016,7,3.12,3.8,0.496990945591567,0,5,3.2,3.44,3.0266666666666673,0.0,-0.4999999999999998,-0.8660254037844388,5.26,0
Lake,2016,8,5.26,7.8,1.569394787808345,0,5,3.12,3.2,3.253333333333334,0.0,-0.8660254037844384,-0.5000000000000004,6.279999999999999,0
Lake,2016,9,6.279999999999999,9.3,2.756265589525073,0,5,5.26,3.12,3.8600000000000008,0.0,-1.0,-1.8369701987210297e-16,2.2,0
Lake,2016,10,2.2,3.0,0.6480740698407861,0,5,6.279999999999999,5.26,4.886666666666667,0.0,-0.8660254037844386,0.5000000000000001,2.04,0
Lake,2016,11,2.04,3.0,0.6841052550594827,0,5,2.2,6.279999999999999,4.58,0.0,-0.5000000000000004,0.8660254037844384,2.08,0
Lake,2016,12,2.08,3.5,0.9602083107326242,0,5,2.04,2.2,3.5066666666666664,0.0,-2.4492935982947064e-16,1.0,2.85,0
Lake,2017,1,2.85,4.3,0.973139250056229,0,6,2.08,2.04,2.106666666666667,0.0,0.49999999999999994,0.8660254037844387,1.3,0
Lake,2017,2,1.3,2.0,0.5099019513592785,0,4,2.85,2.08,2.3233333333333337,0.0,0.8660254037844386,0.5000000000000001,0.98,0
Lake,2017,3,0.98,2.1,0.867179335547152,0,5,1.3,2.85,2.076666666666667,0.0,1.0,6.123233995736766e-17,2.38,0
Lake,2017,4,2.38,5.0,1.807484439767048,0,5,0.98,1.3,1.7100000000000002,0.0,0.8660254037844387,-0.49999999999999983,2.85,0
Lake,2017,5,2.85,4.1,0.9894442884771226,0,6,2.38,0.98,1.5533333333333335,0.0,0.49999999999999994,-0.8660254037844387,4.1,0
Lake,2017,6,4.1,5.5,1.2389511693363868,0,5,2.85,2.38,2.0700000000000003,0.0,1.2246467991473532e-16,-1.0,4.85,0
Lake,2017,7,4.85,6.8,2.151743479135001,0,4,4.1,2.85,3.11,0.0,-0.4999999999999998,-0.8660254037844388,11.88,1
Lake,2017,8,11.88,21.6,6.380595583485919,0,5,4.85,4.1,3.9333333333333336,0.0,-0.8660254037844384,-0.5000000000000004,13.375,1
Lake,2017,9,13.375,40.7,18.521766474430382,1,4,11.88,4.85,6.9433333333333325,0.0,-1.0,-1.8369701987210297e-16,21.1,1
Lake,2017,10,21.1,85.3,36.230097984962725,1,5,13.375,11.88,10.034999999999998,1.0,-0.8660254037844386,0.5000000000000001,3.46,0
Lake,2017,11,3.46,5.0,1.2660963628413124,0,5,21.1,13.375,15.451666666666668,1.0,-0.5000000000000004,0.8660254037844384,3.6,0
Lake,2017,12,3.6,7.5,2.3334523779156067,0,5,3.46,21.1,12.644999999999998,0.0,-2.4492935982947064e-16,1.0,2.82,0
Lake,2018,1,2.82,5.2,1.3863621460498696,0,5,3.6,3.46,9.386666666666665,0.0,0.49999999999999994,0.8660254037844387,1.64,0
Lake,2018,2,1.64,2.7,0.7092249290598858,0,5,2.82,3.6,3.2933333333333317,0.0,0.8660254037844386,0.5000000000000001,1.62,0
Lake,2018,3,1.62,2.6,0.7463243262818116,0,5,1.64,2.82,2.6866666666666656,0.0,1.0,6.123233995736766e-17,4.279999999999999,0
Lake,2018,4,4.279999999999999,6.5,1.4359665734271114,0,5,1.62,1.64,2.0266666666666655,0.0,0.8660254037844387,-0.49999999999999983,2.74,0
Lake,2018,5,2.74,4.3,1.176010204037363,0,5,4.279999999999999,1.62,2.513333333333332,0.0,0.49999999999999994,-0.8660254037844387,3.78,0
Lake,2018,6,3.78,4.7,0.6610597552415364,0,5,2.74,4.279999999999999,2.879999999999999,0.0,1.2246467991473532e-16,-1.0,3.95,0
Lake,2018,7,3.95,5.8,1.885912687975418,0,4,3.78,2.74,3.5999999999999983,0.0,-0.4999999999999998,-0.8660254037844388,33.88,1
Lake,2018,8,33.88,71.8,23.18980379390908,1,5,3.95,3.78,3.489999999999999,0.0,-0.8660254037844384,-0.5000000000000004,4.96,0
Lake,2018,9,4.96,11.6,3.7400534755535246,0,5,33.88,3.95,13.87,1.0,-1.0,-1.8369701987210297e-16,3.88,0
Lake,2018,10,3.88,5.4,1.3773162309360911,0,5,4.96,33.88,14.263333333333334,0.0,-0.8660254037844386,0.5000000000000001,40.739999999999995,1
Lake,2018,11,40.739999999999995,157.9,67.45719383431245,2,5,3.88,4.96,14.24,0.0,-0.5000000000000004,0.8660254037844384,4.5200000000000005,0
Lake,2018,12,4.5200000000000005,9.1,2.9936599673309594,0,5,40.739999999999995,3.88,16.526666666666664,2.0,-2.4492935982947064e-16,1.0,3.06,0
Lake,2019,1,3.06,6.9,2.548136574047789,0,5,4.5200000000000005,40.739999999999995,16.38,0.0,0.49999999999999994,0.8660254037844387,1.42,0
Lake,2019,2,1.42,4.2,1.613071604114337,0,5,3.06,4.5200000000000005,16.106666666666662,0.0,0.8660254037844386,0.5000000000000001,2.62,0
Lake,2019,3,2.62,5.4,1.6361540269791228,0,5,1.42,3.06,2.999999999999998,0.0,1.0,6.123233995736766e-17,3.08,0
Lake,2019,4,3.08,7.9,2.748090245970827,0,5,2.62,1.42,2.366666666666664,0.0,0.8660254037844387,-0.49999999999999983,2.9,0
Lake,2019,5,2.9,5.2,1.447411482613013,0,5,3.08,2.62,2.373333333333331,0.0,0.49999999999999994,-0.8660254037844387,2.8,0
Lake,2019,6,2.8,4.2,1.564182427553342,0,4,2.9,3.08,2.866666666666664,0.0,1.2246467991473532e-16,-1.0,4.22,0
Lake,2019,7,4.22,5.6,0.9654014708917736,0,5,2.8,2.9,2.9266666666666645,0.0,-0.4999999999999998,-0.8660254037844388,3.8166666666666664,0
Lake,2019,8,3.8166666666666664,5.3,1.3688194426828788,0,6,4.22,2.8,3.3066666666666644,0.0,-0.8660254037844384,-0.5000000000000004,2.58,0
Lake,2019,9,2.58,5.1,1.5594870951694342,0,5,3.8166666666666664,4.22,3.61222222222222,0.0,-1.0,-1.8369701987210297e-16,3.38,0
Lake,2019,10,3.38,5.4,1.7079227148791014,0,5,2.58,3.8166666666666664,3.538888888888886,0.0,-0.8660254037844386,0.5000000000000001,4.540000000000001,0
Lake,2019,11,4.540000000000001,8.3,2.314735406045365,0,5,3.38,2.58,3.2588888888888867,0.0,-0.5000000000000004,0.8660254037844384,3.08,0
Lake,2019,12,3.08,5.8,1.5959323293924463,0,5,4.540000000000001,3.38,3.499999999999998,0.0,-2.4492935982947064e-16,1.0,2.8,0
Lake,2020,1,2.8,3.6,0.9354143466934854,0,5,3.08,4.540000000000001,3.6666666666666643,0.0,0.49999999999999994,0.8660254037844387,3.68,0
Lake,2020,2,3.68,6.2,2.210656011232865,0,5,2.8,3.08,3.4733333333333314,0.0,0.8660254037844386,0.5000000000000001,3.92,0
Lake,2020,3,3.92,6.9,2.032732151563506,0,5,3.68,2.8,3.1866666666666643,0.0,1.0,6.123233995736766e-17,3.3600000000000003,0
Lake,2020,4,3.3600000000000003,5.1,1.4046351839534703,0,5,3.92,3.68,3.4666666666666646,0.0,0.8660254037844387,-0.49999999999999983,2.9,0
Lake,2020,5,2.9,5.8,1.649242250247064,0,5,3.3600000000000003,3.92,3.653333333333331,0.0,0.49999999999999994,-0.8660254037844387,3.54,0
Lake,2020,6,3.54,6.9,2.398541223327212,0,5,2.9,3.3600000000000003,3.393333333333331,0.0,1.2246467991473532e-16,-1.0,6.0600000000000005,0
Lake,2020,7,6.0600000000000005,7.7,1.4791889669680478,0,5,3.54,2.9,3.2666666666666644,0.0,-0.4999999999999998,-0.8660254037844388,32.03333333333333,1
Lake,2020,8,32.03333333333333,111.5,46.28804021198852,2,6,6.0600000000000005,3.54,4.166666666666664,0.0,-0.8660254037844384,-0.5000000000000004,32.760000000000005,1
Lake,2020,9,32.760000000000005,84.8,32.989286139593865,2,5,32.03333333333333,6.0600000000000005,13.877777777777775,2.0,-1.0,-1.8369701987210297e-16,10.06,0
Lake,2020,10,10.06,21.8,6.6688079894385925,0,5,32.760000000000005,32.03333333333333,23.617777777777775,2.0,-0.8660254037844386,0.5000000000000001,4.5,0
Lake,2020,11,4.5,6.3,1.5116216457830975,0,5,10.06,32.760000000000005,24.951111111111107,0.0,-0.5000000000000004,0.8660254037844384,4.720000000000001,0
Los Angeles,2015,2,17.020666666666667,56.4,12.504475959257944,16,150,17.629655172413795,,17.629655172413795,10.0,0.8660254037844386,0.5000000000000001,11.022155688622757,0
Los Angeles,2015,3,11.022155688622757,45.3,6.7473546909149995,2,167,17.020666666666667,17.629655172413795,17.32516091954023,16.0,1.0,6.123233995736766e-17,9.573493975903617,0
Los Angeles,2015,4,9.573493975903617,48.8,5.305482226672637,2,166,11.022155688622757,17.020666666666667,15.224159175901073,2.0,0.8660254037844387,-0.49999999999999983,9.606395348837207,0
Los Angeles,2015,5,9.606395348837207,25.6,3.892850670872084,0,172,9.573493975903617,11.022155688622757,12.53877211039768,2.0,0.49999999999999994,-0.8660254037844387,10.885714285714284,0
Los Angeles,2015,6,10.885714285714284,21.9,4.159084291386402,0,161,9.606395348837207,9.573493975903617,10.06734833778786,0.0,1.2246467991473532e-16,-1.0,9.444047619047618,0
Los Angeles,2015,7,9.444047619047618,70.3,6.791009399815139,3,168,10.885714285714284,9.606395348837207,10.021867870151702,0.0,-0.4999999999999998,-0.8660254037844388,11.701704545454543,1
Los Angeles,2015,8,11.701704545454543,19.6,3.1044755606210708,0,176,9.444047619047618,10.885714285714284,9.978719084533036,3.0,-0.8660254037844384,-0.5000000000000004,9.93953488372093,0
Los Angeles,2015,9,9.93953488372093,17.2,2.9366918201829124,0,172,11.701704545454543,9.444047619047618,10.67715548340548,0.0,-1.0,-1.8369701987210297e-16,8.827906976744186,0
Los Angeles,2015,10,8.827906976744186,17.0,3.003181594110236,0,172,9.93953488372093,11.701704545454543,10.361762349407696,0.0,-0.8660254037844386,0.5000000000000001,9.201724137931034,0
Los Angeles,2015,11,9.201724137931034,22.1,3.7955171936629233,0,174,8.827906976744186,9.93953488372093,10.156382135306552,0.0,-0.5000000000000004,0.8660254037844384,10.944318181818184,0
Los Angeles,2015,12,10.944318181818184,29.7,5.7038003963181385,0,176,9.201724137931034,8.827906976744186,9.323055332798717,0.0,-2.4492935982947064e-16,1.0,11.95539289256198,1
Los Angeles,2016,1,11.95539289256198,35.670833,6.9384979549196455,2,363,10.944318181818184,9.201724137931034,9.657983098831133,0.0,0.49999999999999994,0.8660254037844387,11.80959546884273,1
Los Angeles,2016,2,11.80959546884273,33.208333,6.882878821020359,0,337,11.95539289256198,10.944318181818184,10.700478404103734,2.0,0.8660254037844386,0.5000000000000001,9.836810452991452,0
Los Angeles,2016,3,9.836810452991452,39.8,5.979526163848079,3,351,11.80959546884273,11.95539289256198,11.569768847740965,0.0,1.0,6.123233995736766e-17,9.399415923303836,0
Los Angeles,2016,4,9.399415923303836,18.7,3.454587250019515,0,339,9.836810452991452,11.80959546884273,11.20059960479872,3.0,0.8660254037844387,-0.49999999999999983,8.445590032448377,0
Los Angeles,2016,5,8.445590032448377,23.925,3.5855577621015735,0,339,9.399415923303836,9.836810452991452,10.348607281712672,0.0,0.49999999999999994,-0.8660254037844387,12.565190745398771,1
Los Angeles,2016,6,12.565190745398771,33.354167,5.388676083316488,0,326,8.445590032448377,9.399415923303836,9.227272136247889,0.0,1.2246467991473532e-16,-1.0,11.929052697222222,1
Los Angeles,2016,7,11.929052697222222,64.8875,6.279549773268137,4,360,12.565190745398771,8.445590032448377,10.136732233716996,0.0,-0.4999999999999998,-0.8660254037844388,11.14883787534626,0
Los Angeles,2016,8,11.14883787534626,20.442857,3.2471195098351853,0,361,11.929052697222222,12.565190745398771,10.97994449168979,4.0,-0.8660254037844384,-0.5000000000000004,10.534590695156696,0
Los Angeles,2016,9,10.534590695156696,19.434783,3.502535049287751,0,351,11.14883787534626,11.929052697222222,11.881027105989084,0.0,-1.0,-1.8369701987210297e-16,9.396056307692309,0
Los Angeles,2016,10,9.396056307692309,23.938889,4.243189690039546,0,351,10.534590695156696,11.14883787534626,11.20416042257506,0.0,-0.8660254037844386,0.5000000000000001,12.06758581120944,1
Los Angeles,2016,11,12.06758581120944,29.1,4.858475966723439,0,339,9.396056307692309,10.534590695156696,10.359828292731756,0.0,-0.5000000000000004,0.8660254037844384,13.286414327044026,1
Los Angeles,2016,12,13.286414327044026,46.5,7.835283351273176,4,318,12.06758581120944,9.396056307692309,10.66607760468615,0.0,-2.4492935982947064e-16,1.0,10.92479131142857,0
Los Angeles,2017,1,10.92479131142857,53.4,6.762450301611027,3,350,13.286414327044026,12.06758581120944,11.583352148648592,4.0,0.49999999999999994,0.8660254037844387,8.107476646875,0
Los Angeles,2017,2,8.107476646875,21.741667,4.465389374882733,0,320,10.92479131142857,13.286414327044026,12.092930483227343,3.0,0.8660254037844386,0.5000000000000001,10.941249116666668,0
Los Angeles,2017,3,10.941249116666668,40.020833,7.001540450152306,6,360,8.107476646875,10.92479131142857,10.772894095115864,0.0,1.0,6.123233995736766e-17,9.565197418397624,0
Los Angeles,2017,4,9.565197418397624,20.466667,3.207631008727743,0,337,10.941249116666668,8.107476646875,9.991172358323412,6.0,0.8660254037844387,-0.49999999999999983,10.069095864721485,0
Los Angeles,2017,5,10.069095864721485,20.558333,3.4609257622483676,0,377,9.565197418397624,10.941249116666668,9.537974393979765,0.0,0.49999999999999994,-0.8660254037844387,10.938207750708216,0
Los Angeles,2017,6,10.938207750708216,26.6,3.578621649080311,0,353,10.069095864721485,9.565197418397624,10.191847466595258,0.0,1.2246467991473532e-16,-1.0,11.926578167115904,1
Los Angeles,2017,7,11.926578167115904,54.9,4.466186526485298,1,371,10.938207750708216,10.069095864721485,10.190833677942441,0.0,-0.4999999999999998,-0.8660254037844388,12.578772825842696,1
Los Angeles,2017,8,12.578772825842696,28.215,4.126996745404731,0,356,11.926578167115904,10.938207750708216,10.977960594181868,1.0,-0.8660254037844384,-0.5000000000000004,10.561303895890411,0
Los Angeles,2017,9,10.561303895890411,21.7,3.623039642040604,0,365,12.578772825842696,11.926578167115904,11.814519581222273,0.0,-1.0,-1.8369701987210297e-16,13.335537972527472,1
Los Angeles,2017,10,13.335537972527472,36.3,5.846695140011894,1,364,10.561303895890411,12.578772825842696,11.688884962949672,0.0,-0.8660254037844386,0.5000000000000001,11.637635886426594,1
Los Angeles,2017,11,11.637635886426594,37.75,7.501858950910034,3,361,13.335537972527472,10.561303895890411,12.158538231420193,1.0,-0.5000000000000004,0.8660254037844384,21.52077696185286,1
Los Angeles,2017,12,21.52077696185286,89.970833,14.845662579885191,53,367,11.637635886426594,13.335537972527472,11.844825918281492,3.0,-2.4492935982947064e-16,1.0,16.804953518413598,1
Los Angeles,2018,1,16.804953518413598,111.008333,15.321529776296744,27,353,21.52077696185286,11.637635886426594,15.497983606935641,53.0,0.49999999999999994,0.8660254037844387,11.865690428571428,1
Los Angeles,2018,2,11.865690428571428,38.883333,8.590511253775247,6,301,16.804953518413598,21.52077696185286,16.65445545556435,27.0,0.8660254037844386,0.5000000000000001,7.233732578461538,0
Los Angeles,2018,3,7.233732578461538,30.425,5.026445208156138,0,325,11.865690428571428,16.804953518413598,16.730473636279296,6.0,1.0,6.123233995736766e-17,11.267023273504272,1
Los Angeles,2018,4,11.267023273504272,28.7,4.579552128098793,0,351,7.233732578461538,11.865690428571428,11.968125508482188,0.0,0.8660254037844387,-0.49999999999999983,8.275685283783783,0
Los Angeles,2018,5,8.275685283783783,17.070833,2.973896982513514,0,370,11.267023273504272,7.233732578461538,10.12214876017908,0.0,0.49999999999999994,-0.8660254037844387,10.52239646531792,0
Los Angeles,2018,6,10.52239646531792,17.7,2.6840932768740515,0,346,8.275685283783783,11.267023273504272,8.925480378583197,0.0,1.2246467991473532e-16,-1.0,11.1025092464986,0
Los Angeles,2018,7,11.1025092464986,42.4,4.561428833823199,1,357,10.52239646531792,8.275685283783783,10.02170167420199,0.0,-0.4999999999999998,-0.8660254037844388,14.408584156164382,1
Los Angeles,2018,8,14.408584156164382,40.416667,5.758975009699798,2,365,11.1025092464986,10.52239646531792,9.966863665200101,1.0,-0.8660254037844384,-0.5000000000000004,12.310447545454544,1
Los Angeles,2018,9,12.310447545454544,27.183333,4.019598324290638,0,363,14.408584156164382,11.1025092464986,12.011163289326968,2.0,-1.0,-1.8369701987210297e-16,11.008358854227405,0
Los Angeles,2018,10,11.008358854227405,43.0,6.829633326756364,3,343,12.310447545454544,14.408584156164382,12.607180316039177,0.0,-0.8660254037844386,0.5000000000000001,13.475760495081966,1
Los Angeles,2018,11,13.475760495081966,47.4,8.939834574139963,15,305,11.008358854227405,12.310447545454544,12.575796851948779,3.0,-0.5000000000000004,0.8660254037844384,14.044377461756373,1
Los Angeles,2018,12,14.044377461756373,48.991304,10.07775028724916,15,353,13.475760495081966,11.008358854227405,12.264855631587972,15.0,-2.4492935982947064e-16,1.0,11.357446549723756,1
Los Angeles,2019,1,11.357446549723756,37.4375,7.565835054779788,2,362,14.044377461756373,13.475760495081966,12.842832270355247,15.0,0.49999999999999994,0.8660254037844387,7.056585268882174,0
Los Angeles,2019,2,7.056585268882174,19.1,4.159266991237772,0,331,11.357446549723756,14.044377461756373,12.959194835520698,2.0,0.8660254037844386,0.5000000000000001,7.145793048648649,0
Los Angeles,2019,3,7.145793048648649,17.283333,3.6785988346466194,0,370,7.056585268882174,11.357446549723756,10.819469760120768,0.0,1.0,6.123233995736766e-17,8.919045167597766,0
Los Angeles,2019,4,8.919045167597766,22.5,4.472480008530653,0,358,7.145793048648649,7.056585268882174,8.519941622418193,0.0,0.8660254037844387,-0.49999999999999983,7.932900183999999,0
Los Angeles,2019,5,7.932900183999999,19.6,3.60796792765095,0,375,8.919045167597766,7.145793048648649,7.707141161709529,0.0,0.49999999999999994,-0.8660254037844387,8.407684041551246,0
Los Angeles,2019,6,8.407684041551246,16.3,2.733784513005371,0,361,7.932900183999999,8.919045167597766,7.999246133415472,0.0,1.2246467991473532e-16,-1.0,12.063251857541898,1
Los Angeles,2019,7,12.063251857541898,70.0,5.412983181239827,3,358,8.407684041551246,7.932900183999999,8.419876464383004,0.0,-0.4999999999999998,-0.8660254037844388,9.830063671957673,0
Los Angeles,2019,8,9.830063671957673,17.275,2.66629498518857,0,378,12.063251857541898,8.407684041551246,9.467945361031049,3.0,-0.8660254037844384,-0.5000000000000004,9.552707229281769,0
Los Angeles,2019,9,9.552707229281769,19.073913,2.486645613946818,0,362,9.830063671957673,12.063251857541898,10.100333190350273,0.0,-1.0,-1.8369701987210297e-16,11.836352807799445,1
Los Angeles,2019,10,11.836352807799445,51.2,4.522713142944546,1,359,9.552707229281769,9.830063671957673,10.482007586260448,0.0,-0.8660254037844386,0.5000000000000001,15.086812096418733,1
Los Angeles,2019,11,15.086812096418733,43.5,8.032815007747775,5,363,11.836352807799445,9.552707229281769,10.40637456967963,1.0,-0.5000000000000004,0.8660254037844384,11.772486743869209,1
Los Angeles,2019,12,11.772486743869209,45.409524,7.032080577003615,2,367,15.086812096418733,11.836352807799445,12.158624044499982,5.0,-2.4492935982947064e-16,1.0,15.644080124645892,1
Los Angeles,2020,1,15.644080124645892,47.3,9.33783523342698,12,353,11.772486743869209,15.086812096418733,12.898550549362463,2.0,0.49999999999999994,0.8660254037844387,11.99490240116279,1
Los Angeles,2020,2,11.99490240116279,27.3,5.665067627935971,0,344,15.644080124645892,11.772486743869209,14.167792988311279,12.0,0.8660254037844386,0.5000000000000001,6.09619723180593,0
Los Angeles,2020,3,6.09619723180593,22.055,3.4993707428780905,0,371,11.99490240116279,15.644080124645892,13.137156423225965,0.0,1.0,6.123233995736766e-17,7.48838318018018,0
Los Angeles,2020,4,7.48838318018018,18.7,3.5615330875626676,0,333,6.09619723180593,11.99490240116279,11.245059919204872,0.0,0.8660254037844387,-0.49999999999999983,9.641373611413044,0
Los Angeles,2020,5,9.641373611413044,19.6,4.019134830760553,0,368,7.48838318018018,6.09619723180593,8.526494271049634,0.0,0.49999999999999994,-0.8660254037844387,8.449007598290597,0
Los Angeles,2020,6,8.449007598290597,16.670833,2.576285926369457,0,351,9.641373611413044,7.48838318018018,7.7419846744663845,0.0,1.2246467991473532e-16,-1.0,12.73312089673913,1
Los Angeles,2020,7,12.73312089673913,175.0,13.743640812727415,15,368,8.449007598290597,9.641373611413044,8.52625479662794,0.0,-0.4999999999999998,-0.8660254037844388,13.17260800530504,1
Los Angeles,2020,8,13.17260800530504,74.75,7.947047761263682,8,377,12.73312089673913,8.449007598290597,10.274500702147591,15.0,-0.8660254037844384,-0.5000000000000004,23.184723767705385,1
Los Angeles,2020,9,23.184723767705385,102.7,16.083795608235786,65,353,13.17260800530504,12.73312089673913,11.451578833444922,8.0,-1.0,-1.8369701987210297e-16,19.644363631884055,1
Los Angeles,2020,10,19.644363631884055,61.895833,9.980514966405298,27,345,23.184723767705385,13.17260800530504,16.363484223249852,65.0,-0.8660254037844386,0.5000000000000001,15.582970710674156,1
Los Angeles,2020,11,15.582970710674156,40.6,7.493139923728651,4,356,19.644363631884055,23.184723767705385,18.66723180163149,27.0,-0.5000000000000004,0.8660254037844384,16.509016280991734,1
Madera,2015,2,16.98524684375,36.208333,8.925516437573101,4,64,30.91198743661972,,30.91198743661972,20.0,0.8660254037844386,0.5000000000000001,8.860870166666666,0
Madera,2015,3,8.860870166666666,20.0,4.078186304509759,0,72,16.98524684375,30.91198743661972,23.94861714018486,4.0,1.0,6.123233995736766e-17,7.841167080645161,0
Madera,2015,4,7.841167080645161,14.041667,3.96239868978327,0,62,8.860870166666666,16.98524684375,18.91936814901213,0.0,0.8660254037844387,-0.49999999999999983,8.14153962857143,0
Madera,2015,5,8.14153962857143,13.291667,2.1389187073240437,0,70,7.841167080645161,8.860870166666666,11.229094697020608,0.0,0.49999999999999994,-0.8660254037844387,10.646664698630136,0
Madera,2015,6,10.646664698630136,16.041667,2.913337416360448,0,73,8.14153962857143,7.841167080645161,8.281192291961085,0.0,1.2246467991473532e-16,-1.0,10.457085819444444,0
Madera,2015,7,10.457085819444444,17.708333,2.695267918842469,0,72,10.646664698630136,8.14153962857143,8.87645713594891,0.0,-0.4999999999999998,-0.8660254037844388,10.780230277777775,0
Madera,2015,8,10.780230277777775,25.818182,5.59700280803195,0,72,10.457085819444444,10.646664698630136,9.748430048882005,0.0,-0.8660254037844384,-0.5000000000000004,11.108719043478262,0
Madera,2015,9,11.108719043478262,26.666667,4.856881862633836,0,69,10.780230277777775,10.457085819444444,10.627993598617453,0.0,-1.0,-1.8369701987210297e-16,11.21581851388889,0
Madera,2015,10,11.21581851388889,22.75,4.302137055221182,0,72,11.108719043478262,10.780230277777775,10.782011713566826,0.0,-0.8660254037844386,0.5000000000000001,16.94165637142857,1
Madera,2015,11,16.94165637142857,33.041667,8.312240698574943,0,70,11.21581851388889,11.108719043478262,11.034922611714975,0.0,-0.5000000000000004,0.8660254037844384,18.825928140845072,1
Madera,2015,12,18.825928140845072,43.791667,8.865882655330202,2,71,16.94165637142857,11.21581851388889,13.088731309598574,0.0,-2.4492935982947064e-16,1.0,14.65028923287671,1
Madera,2016,1,14.65028923287671,37.083333,10.631105341350649,10,73,18.825928140845072,16.94165637142857,15.661134342054178,2.0,0.49999999999999994,0.8660254037844387,17.743332253731342,1
Madera,2016,2,17.743332253731342,32.75,6.774129775643964,0,67,14.65028923287671,18.825928140845072,16.80595791505012,10.0,0.8660254037844386,0.5000000000000001,10.490003986301373,0
Madera,2016,3,10.490003986301373,21.291667,4.2343173470585205,0,73,17.743332253731342,14.65028923287671,17.073183209151043,0.0,1.0,6.123233995736766e-17,8.739553616666665,0
Madera,2016,4,8.739553616666665,15.0,3.3545066932366616,0,60,10.490003986301373,17.743332253731342,14.294541824303144,0.0,0.8660254037844387,-0.49999999999999983,7.38749706557377,0
Madera,2016,5,7.38749706557377,13.75,2.7143417193202164,0,61,8.739553616666665,10.490003986301373,12.324296618899794,0.0,0.49999999999999994,-0.8660254037844387,6.521934650793651,0
Madera,2016,6,6.521934650793651,11.217391,2.432473005730602,0,63,7.38749706557377,8.739553616666665,8.872351556180602,0.0,1.2246467991473532e-16,-1.0,7.623539421875,0
Madera,2016,7,7.623539421875,16.166667,3.874785156246467,0,64,6.521934650793651,7.38749706557377,7.549661777678029,0.0,-0.4999999999999998,-0.8660254037844388,9.834420276923076,0
Madera,2016,8,9.834420276923076,18.25,3.763280014089532,0,65,7.623539421875,6.521934650793651,7.177657046080807,0.0,-0.8660254037844384,-0.5000000000000004,11.238014225806452,1
Madera,2016,9,11.238014225806452,21.0,4.102269544362344,0,62,9.834420276923076,7.623539421875,7.993298116530575,0.0,-1.0,-1.8369701987210297e-16,9.21485746153846,0
Madera,2016,10,9.21485746153846,19.5,4.308623080786541,0,65,11.238014225806452,9.834420276923076,9.565324641534843,0.0,-0.8660254037844386,0.5000000000000001,18.31621670967742,1
Madera,2016,11,18.31621670967742,36.583333,7.633874678818637,2,62,9.21485746153846,11.238014225806452,10.09576398808933,0.0,-0.5000000000000004,0.8660254037844384,21.159129446153845,1
Madera,2016,12,21.159129446153845,47.708333,10.158611510615808,7,65,18.31621670967742,9.21485746153846,12.92302946567411,2.0,-2.4492935982947064e-16,1.0,12.0310745,1
Madera,2017,1,12.0310745,33.7,8.042813427513948,0,64,21.159129446153845,18.31621670967742,16.230067872456573,7.0,0.49999999999999994,0.8660254037844387,9.19220694736842,0
Madera,2017,2,9.19220694736842,24.791667,6.02439049022171,0,57,12.0310745,21.159129446153845,17.16880688527709,0.0,0.8660254037844386,0.5000000000000001,10.22178587096774,0
Madera,2017,3,10.22178587096774,15.916667,3.9630190603550743,0,62,9.19220694736842,12.0310745,14.127470297840754,0.0,1.0,6.123233995736766e-17,6.89308406,0
Madera,2017,4,6.89308406,13.75,3.501697770116653,0,50,10.22178587096774,9.19220694736842,10.481689106112054,0.0,0.8660254037844387,-0.49999999999999983,6.583623555555556,0
Madera,2017,5,6.583623555555556,13.333333,2.5461555793650934,0,63,6.89308406,10.22178587096774,8.769025626112054,0.0,0.49999999999999994,-0.8660254037844387,5.075152355932203,0
Madera,2017,6,5.075152355932203,10.166667,2.4042690021751305,0,59,6.583623555555556,6.89308406,7.899497828841098,0.0,1.2246467991473532e-16,-1.0,9.33534303125,0
Madera,2017,7,9.33534303125,15.833333,1.9997800232118703,0,64,5.075152355932203,6.583623555555556,6.183953323829253,0.0,-0.4999999999999998,-0.8660254037844388,14.194695421875,1
Madera,2017,8,14.194695421875,21.291667,3.678733542601522,0,64,9.33534303125,5.075152355932203,6.998039647579252,0.0,-0.8660254037844384,-0.5000000000000004,11.232585274193548,1
Madera,2017,9,11.232585274193548,37.833333,8.480560684313717,2,62,14.194695421875,9.33534303125,9.535063603019069,0.0,-1.0,-1.8369701987210297e-16,15.032965177419356,1
Madera,2017,10,15.032965177419356,45.541667,8.337770440958908,2,62,11.232585274193548,14.194695421875,11.587541242439515,2.0,-0.8660254037844386,0.5000000000000001,14.887757016666663,1
Madera,2017,11,14.887757016666663,40.541667,11.161538745801629,4,60,15.032965177419356,11.232585274193548,13.486748624495968,2.0,-0.5000000000000004,0.8660254037844384,33.64943552380952,1
Madera,2017,12,33.64943552380952,70.6375,14.270479872152736,24,63,14.887757016666663,15.032965177419356,13.717769156093189,4.0,-2.4492935982947064e-16,1.0,23.064129317460317,1
Madera,2018,1,23.064129317460317,81.7,18.984549060161452,10,63,33.64943552380952,14.887757016666663,21.190052572631846,24.0,0.49999999999999994,0.8660254037844387,16.401506241379312,1
Madera,2018,2,16.401506241379312,45.391667,11.8942545706795,8,58,23.064129317460317,33.64943552380952,23.867107285978832,10.0,0.8660254037844386,0.5000000000000001,6.511305169230769,0
Madera,2018,3,6.511305169230769,14.816667,3.544261408717904,0,65,16.401506241379312,23.064129317460317,24.37169036088305,8.0,1.0,6.123233995736766e-17,7.083334366666667,0
Madera,2018,4,7.083334366666667,13.545833,2.6673954599455634,0,60,6.511305169230769,16.401506241379312,15.325646909356799,0.0,0.8660254037844387,-0.49999999999999983,6.907274066666667,0
Madera,2018,5,6.907274066666667,11.4625,2.0721732352464546,0,60,7.083334366666667,6.511305169230769,9.998715259092249,0.0,0.49999999999999994,-0.8660254037844387,8.071124169491526,0
Madera,2018,6,8.071124169491526,12.82,1.6365941163497204,0,59,6.907274066666667,7.083334366666667,6.833971200854701,0.0,1.2246467991473532e-16,-1.0,13.54286370967742,1
Madera,2018,7,13.54286370967742,50.285714,10.33255894814976,2,62,8.071124169491526,6.907274066666667,7.353910867608286,0.0,-0.4999999999999998,-0.8660254037844388,23.290961393442625,1
Madera,2018,8,23.290961393442625,48.5,12.555937209331807,15,61,13.54286370967742,8.071124169491526,9.507087315278538,2.0,-0.8660254037844384,-0.5000000000000004,12.387569532258064,1
Madera,2018,9,12.387569532258064,23.575,5.288032577332849,0,62,23.290961393442625,13.54286370967742,14.968316424203858,15.0,-1.0,-1.8369701987210297e-16,10.664745,0
Madera,2018,10,10.664745,23.414286,4.3240967788423195,0,62,12.387569532258064,23.290961393442625,16.407131545126038,0.0,-0.8660254037844386,0.5000000000000001,24.796332050847457,1
Madera,2018,11,24.796332050847457,80.027273,18.692466718467973,14,59,10.664745,12.387569532258064,15.44775864190023,0.0,-0.5000000000000004,0.8660254037844384,16.90468084375,1
Madera,2018,12,16.90468084375,31.3,6.461397574970185,0,64,24.796332050847457,10.664745,15.949548861035174,14.0,-2.4492935982947064e-16,1.0,13.921554609375,1
Madera,2019,1,13.921554609375,33.220833,8.34664415739131,0,64,16.90468084375,24.796332050847457,17.45525263153249,0.0,0.49999999999999994,0.8660254037844387,6.3153297543859646,0
Madera,2019,2,6.3153297543859646,17.966667,3.934673414237525,0,57,13.921554609375,16.90468084375,18.54085583465749,0.0,0.8660254037844386,0.5000000000000001,6.030070952380952,0
Madera,2019,3,6.030070952380952,10.366667,2.2075017506858323,0,63,6.3153297543859646,13.921554609375,12.380521735836991,0.0,1.0,6.123233995736766e-17,7.215946746031746,0
Madera,2019,4,7.215946746031746,11.291667,2.4131851361280763,0,63,6.030070952380952,6.3153297543859646,8.755651772047306,0.0,0.8660254037844387,-0.49999999999999983,7.128269327586207,0
Madera,2019,5,7.128269327586207,13.491667,2.7545770623795893,0,58,7.215946746031746,6.030070952380952,6.5204491509328895,0.0,0.49999999999999994,-0.8660254037844387,8.448558825396825,0
Madera,2019,6,8.448558825396825,14.4375,2.625529926081821,0,63,7.128269327586207,7.215946746031746,6.791429008666303,0.0,1.2246467991473532e-16,-1.0,8.993473746031746,0
Madera,2019,7,8.993473746031746,16.65,2.473172062032091,0,63,8.448558825396825,7.128269327586207,7.597591633004927,0.0,-0.4999999999999998,-0.8660254037844388,9.870278288135593,0
Madera,2019,8,9.870278288135593,17.95,2.7933354247238507,0,59,8.993473746031746,8.448558825396825,8.190100633004926,0.0,-0.8660254037844384,-0.5000000000000004,11.946098285714283,1
Madera,2019,9,11.946098285714283,19.736364,4.132484583746311,0,35,9.870278288135593,8.993473746031746,9.10410361985472,0.0,-1.0,-1.8369701987210297e-16,11.775029588235297,1
Madera,2019,10,11.775029588235297,22.125,5.185319818019352,0,51,11.946098285714283,9.870278288135593,10.269950106627208,0.0,-0.8660254037844386,0.5000000000000001,15.433882968253968,1
Madera,2019,11,15.433882968253968,26.8,6.501771708688174,0,63,11.775029588235297,11.946098285714283,11.197135387361726,0.0,-0.5000000000000004,0.8660254037844384,9.872271296875,0
Madera,2019,12,9.872271296875,31.2,6.199332854226099,0,64,15.433882968253968,11.775029588235297,13.051670280734518,0.0,-2.4492935982947064e-16,1.0,13.39330546153846,1
Madera,2020,1,13.39330546153846,24.958333,5.307834013849797,0,65,9.872271296875,15.433882968253968,12.360394617788089,0.0,0.49999999999999994,0.8660254037844387,12.620875583333332,1
Madera,2020,2,12.620875583333332,23.6,4.115427614478387,0,60,13.39330546153846,9.872271296875,12.899819908889143,0.0,0.8660254037844386,0.5000000000000001,5.695092230769231,0
Madera,2020,3,5.695092230769231,17.7,4.408145613974026,0,65,12.620875583333332,13.39330546153846,11.962150780582265,0.0,1.0,6.123233995736766e-17,5.765153096774193,0
Madera,2020,4,5.765153096774193,10.5,2.555497963698216,0,62,5.695092230769231,12.620875583333332,10.56975775854701,0.0,0.8660254037844387,-0.49999999999999983,5.207224076923077,0
Madera,2020,5,5.207224076923077,12.75,2.779172241547822,0,65,5.765153096774193,5.695092230769231,8.027040303625586,0.0,0.49999999999999994,-0.8660254037844387,6.8696775,0
Madera,2020,6,6.8696775,15.125,3.3388642158746222,0,62,5.207224076923077,5.765153096774193,5.555823134822169,0.0,1.2246467991473532e-16,-1.0,9.162296523076922,0
Madera,2020,7,9.162296523076922,22.833333,3.9191156510606255,0,65,6.8696775,5.207224076923077,5.947351557899091,0.0,-0.4999999999999998,-0.8660254037844388,32.03234669230769,1
Madera,2020,8,32.03234669230769,138.125,36.80546114888885,21,65,9.162296523076922,6.8696775,7.079732700000001,0.0,-0.8660254037844384,-0.5000000000000004,47.101702161290326,1
Madera,2020,9,47.101702161290326,199.75,42.0941959164278,29,62,32.03234669230769,9.162296523076922,16.02144023846154,21.0,-1.0,-1.8369701987210297e-16,29.027647723076925,1
Madera,2020,10,29.027647723076925,86.583333,21.177000691319183,18,65,47.101702161290326,32.03234669230769,29.43211512555831,29.0,-0.8660254037844386,0.5000000000000001,18.034794306451616,1
Madera,2020,11,18.034794306451616,42.875,9.740614875646823,6,62,29.027647723076925,47.101702161290326,36.05389885889165,18.0,-0.5000000000000004,0.8660254037844384,19.61211180952381,1
Marin,2015,2,13.1191135,31.0,5.713134494880527,0,56,21.99919937096774,,21.99919937096774,4.0,0.8660254037844386,0.5000000000000001,11.279038096774192,1
Marin,2015,3,11.279038096774192,17.75,2.5652838339818556,0,62,13.1191135,21.99919937096774,17.55915643548387,0.0,1.0,6.123233995736766e-17,6.525663375,0
Marin,2015,4,6.525663375,15.0,4.00986979298346,0,56,11.279038096774192,13.1191135,15.465783655913976,0.0,0.8660254037844387,-0.49999999999999983,5.907491790322581,0
Marin,2015,5,5.907491790322581,12.0,2.2660318052032924,0,62,6.525663375,11.279038096774192,10.30793832392473,0.0,0.49999999999999994,-0.8660254037844387,7.232135469387755,0
Marin,2015,6,7.232135469387755,15.708333,3.818099962827334,0,49,5.907491790322581,6.525663375,7.9040644206989255,0.0,1.2246467991473532e-16,-1.0,3.022602081967213,0
Marin,2015,7,3.022602081967213,6.625,1.891924684650108,0,61,7.232135469387755,5.907491790322581,6.555096878236778,0.0,-0.4999999999999998,-0.8660254037844388,5.26212796875,0
Marin,2015,8,5.26212796875,13.208333,4.479548294022659,0,32,3.022602081967213,7.232135469387755,5.3874097805591825,0.0,-0.8660254037844384,-0.5000000000000004,5.1120322666666675,0
Marin,2015,9,5.1120322666666675,8.333333,1.412863088685535,0,60,5.26212796875,3.022602081967213,5.172288506701656,0.0,-1.0,-1.8369701987210297e-16,6.095670116666667,0
Marin,2015,10,6.095670116666667,10.875,2.328458070737154,0,60,5.1120322666666675,5.26212796875,4.465587439127959,0.0,-0.8660254037844386,0.5000000000000001,8.908380029411765,0
Marin,2015,11,8.908380029411765,18.130435,3.841974643612196,0,34,6.095670116666667,5.1120322666666675,5.489943450694445,0.0,-0.5000000000000004,0.8660254037844384,9.243785322580646,0
Marin,2015,12,9.243785322580646,19.083333,3.6726659930106513,0,62,8.908380029411765,6.095670116666667,6.705360804248367,0.0,-2.4492935982947064e-16,1.0,8.333722225806452,0
Marin,2016,1,8.333722225806452,14.875,3.056433909398001,0,62,9.243785322580646,8.908380029411765,8.082611822886358,0.0,0.49999999999999994,0.8660254037844387,8.404757293103449,0
Marin,2016,2,8.404757293103449,15.083333,3.2209510694795576,0,58,8.333722225806452,9.243785322580646,8.828629192599621,0.0,0.8660254037844386,0.5000000000000001,3.9107016451612906,0
Marin,2016,3,3.9107016451612906,8.375,2.1629958774710425,0,62,8.404757293103449,8.333722225806452,8.660754947163516,0.0,1.0,6.123233995736766e-17,5.34923901923077,0
Marin,2016,4,5.34923901923077,8.25,1.9353289570840655,0,52,3.9107016451612906,8.404757293103449,6.883060388023732,0.0,0.8660254037844387,-0.49999999999999983,6.064305725806452,0
Marin,2016,5,6.064305725806452,13.916667,3.027265077830158,0,62,5.34923901923077,3.9107016451612906,5.888232652498503,0.0,0.49999999999999994,-0.8660254037844387,6.795133689655172,0
Marin,2016,6,6.795133689655172,15.666667,3.3362990295732136,0,58,6.064305725806452,5.34923901923077,5.108082130066171,0.0,1.2246467991473532e-16,-1.0,4.92575385483871,0
Marin,2016,7,4.92575385483871,12.291667,2.775491089847739,0,62,6.795133689655172,6.064305725806452,6.069559478230798,0.0,-0.4999999999999998,-0.8660254037844388,4.566374483870967,0
Marin,2016,8,4.566374483870967,8.625,1.993348928372878,0,62,4.92575385483871,6.795133689655172,5.928397756766778,0.0,-0.8660254037844384,-0.5000000000000004,9.052587138888889,0
Marin,2016,9,9.052587138888889,14.0,2.4842369831797697,0,36,4.566374483870967,4.92575385483871,5.429087342788283,0.0,-1.0,-1.8369701987210297e-16,5.800636951612904,0
Marin,2016,10,5.800636951612904,7.875,1.1851552514860373,0,62,9.052587138888889,4.566374483870967,6.181571825866189,0.0,-0.8660254037844386,0.5000000000000001,7.642638866666667,0
Marin,2016,11,7.642638866666667,14.708333,2.4077863989639625,0,60,5.800636951612904,9.052587138888889,6.47319952479092,0.0,-0.5000000000000004,0.8660254037844384,7.860214532258064,0
Marin,2016,12,7.860214532258064,14.833333,2.794248663562387,0,62,7.642638866666667,5.800636951612904,7.4986209857228205,0.0,-2.4492935982947064e-16,1.0,8.72901472580645,0
Marin,2017,1,8.72901472580645,26.608696,5.4646708090828735,0,62,7.860214532258064,7.642638866666667,7.101163450179212,0.0,0.49999999999999994,0.8660254037844387,7.078174410714285,0
Marin,2017,2,7.078174410714285,21.041667,3.410707027134717,0,56,8.72901472580645,7.860214532258064,8.077289374910395,0.0,0.8660254037844386,0.5000000000000001,7.097107596774193,0
Marin,2017,3,7.097107596774193,14.125,2.269331230510935,0,62,7.078174410714285,8.72901472580645,7.889134556259601,0.0,1.0,6.123233995736766e-17,6.817022983333334,0
Marin,2017,4,6.817022983333334,12.086957,2.139130894911941,0,60,7.097107596774193,7.078174410714285,7.634765577764976,0.0,0.8660254037844387,-0.49999999999999983,7.262505854838709,0
Marin,2017,5,7.262505854838709,15.26087,2.78796399315352,0,62,6.817022983333334,7.097107596774193,6.997434996940604,0.0,0.49999999999999994,-0.8660254037844387,7.61353865,0
Marin,2017,6,7.61353865,13.041667,2.929698044780197,0,60,7.262505854838709,6.817022983333334,7.0588788116487455,0.0,1.2246467991473532e-16,-1.0,8.245412612903225,0
Marin,2017,7,8.245412612903225,16.26087,3.345846494084212,0,62,7.61353865,7.262505854838709,7.231022496057347,0.0,-0.4999999999999998,-0.8660254037844388,11.105101693548386,0
Marin,2017,8,11.105101693548386,28.458333,4.002594802265428,0,62,8.245412612903225,7.61353865,7.707152372580644,0.0,-0.8660254037844384,-0.5000000000000004,13.5873004,1
Marin,2017,9,13.5873004,42.958333,10.592900101375442,6,60,11.105101693548386,8.245412612903225,8.988017652150537,0.0,-1.0,-1.8369701987210297e-16,17.385115661290325,1
Marin,2017,10,17.385115661290325,74.708333,17.812612575219024,8,62,13.5873004,11.105101693548386,10.979271568817204,6.0,-0.8660254037844386,0.5000000000000001,8.17455559322034,0
Marin,2017,11,8.17455559322034,18.217391,3.093998114367474,0,59,17.385115661290325,13.5873004,14.025839251612902,8.0,-0.5000000000000004,0.8660254037844384,13.040720806451612,1
Marin,2017,12,13.040720806451612,36.875,7.10862895410115,2,62,8.17455559322034,17.385115661290325,13.048990551503556,0.0,-2.4492935982947064e-16,1.0,13.277781677419354,1
Marin,2018,1,13.277781677419354,44.333333,9.388511935541864,2,62,13.040720806451612,8.17455559322034,12.866797353654091,2.0,0.49999999999999994,0.8660254037844387,7.444597553571429,0
Marin,2018,2,7.444597553571429,17.458333,3.2512977690973286,0,56,13.277781677419354,13.040720806451612,11.497686025697101,2.0,0.8660254037844386,0.5000000000000001,6.000166050000001,0
Marin,2018,3,6.000166050000001,9.291667,1.5146207295112308,0,60,7.444597553571429,13.277781677419354,11.254366679147465,0.0,1.0,6.123233995736766e-17,8.719202916666667,0
Marin,2018,4,8.719202916666667,15.166667,2.907549871643608,0,60,6.000166050000001,7.444597553571429,8.907515093663596,0.0,0.8660254037844387,-0.49999999999999983,7.185118462962963,0
Marin,2018,5,7.185118462962963,17.0,3.700082511503344,0,54,8.719202916666667,6.000166050000001,7.387988840079366,0.0,0.49999999999999994,-0.8660254037844387,8.471950466666666,0
Marin,2018,6,8.471950466666666,12.833333,2.8218198403595074,0,60,7.185118462962963,8.719202916666667,7.301495809876545,0.0,1.2246467991473532e-16,-1.0,6.315036225806451,0
Marin,2018,7,6.315036225806451,15.833333,2.793242498465476,0,62,8.471950466666666,7.185118462962963,8.125423948765432,0.0,-0.4999999999999998,-0.8660254037844388,12.702942183333333,1
Marin,2018,8,12.702942183333333,34.416667,6.113811513108918,0,60,6.315036225806451,8.471950466666666,7.324035051812026,0.0,-0.8660254037844384,-0.5000000000000004,9.531555518518518,0
Marin,2018,9,9.531555518518518,15.291667,3.3606281143873717,0,54,12.702942183333333,6.315036225806451,9.163309625268816,0.0,-1.0,-1.8369701987210297e-16,7.96749914516129,0
Marin,2018,10,7.96749914516129,15.166667,3.010446648276134,0,62,9.531555518518518,12.702942183333333,9.516511309219434,0.0,-0.8660254037844386,0.5000000000000001,39.09202128333333,1
Marin,2018,11,39.09202128333333,167.666667,44.878316333920914,24,60,7.96749914516129,9.531555518518518,10.067332282337714,0.0,-0.5000000000000004,0.8660254037844384,7.087985032258064,0
Marin,2018,12,7.087985032258064,27.166667,5.411516538277336,0,62,39.09202128333333,7.96749914516129,18.863691982337713,24.0,-2.4492935982947064e-16,1.0,7.187099322580646,0
Marin,2019,1,7.187099322580646,19.583333,4.503226659336239,0,62,7.087985032258064,39.09202128333333,18.049168486917566,0.0,0.49999999999999994,0.8660254037844387,3.3297397818181818,0
Marin,2019,2,3.3297397818181818,7.782609,1.607694327378241,0,55,7.187099322580646,7.087985032258064,17.789035212724016,0.0,0.8660254037844386,0.5000000000000001,4.094397444444445,0
Marin,2019,3,4.094397444444445,8.333333,1.8243683641571875,0,54,3.3297397818181818,7.187099322580646,5.868274712218966,0.0,1.0,6.123233995736766e-17,6.944057966666667,0
Marin,2019,4,6.944057966666667,14.458333,3.367512049308534,0,60,4.094397444444445,3.3297397818181818,4.87041218294776,0.0,0.8660254037844387,-0.49999999999999983,6.219362193548387,0
Marin,2019,5,6.219362193548387,11.708333,2.2496016479810987,0,62,6.944057966666667,4.094397444444445,4.7893983976431,0.0,0.49999999999999994,-0.8660254037844387,6.998650084745762,0
Marin,2019,6,6.998650084745762,14.208333,3.1811567740563924,0,59,6.219362193548387,6.944057966666667,5.7526058682198355,0.0,1.2246467991473532e-16,-1.0,6.774532499999999,0
Marin,2019,7,6.774532499999999,10.833333,2.3358465947417892,0,62,6.998650084745762,6.219362193548387,6.720690081653608,0.0,-0.4999999999999998,-0.8660254037844388,6.346137116666667,0
Marin,2019,8,6.346137116666667,12.0,2.5505218867196984,0,60,6.774532499999999,6.998650084745762,6.664181592764719,0.0,-0.8660254037844384,-0.5000000000000004,5.5712439499999995,0
Marin,2019,9,5.5712439499999995,9.583333,1.6178002014071236,0,60,6.346137116666667,6.774532499999999,6.706439900470812,0.0,-1.0,-1.8369701987210297e-16,6.425787210526316,0
Marin,2019,10,6.425787210526316,18.368421,3.069455363387539,0,57,5.5712439499999995,6.346137116666667,6.230637855555558,0.0,-0.8660254037844386,0.5000000000000001,9.579613483333333,0
Marin,2019,11,9.579613483333333,15.958333,3.0740593907540292,0,60,6.425787210526316,5.5712439499999995,6.114389425730997,0.0,-0.5000000000000004,0.8660254037844384,6.58256779032258,0
Marin,2019,12,6.58256779032258,14.75,3.016476453495076,0,62,9.579613483333333,6.425787210526316,7.192214881286552,0.0,-2.4492935982947064e-16,1.0,6.695377532258065,0
Marin,2020,1,6.695377532258065,16.0,2.4899082376771733,0,62,6.58256779032258,9.579613483333333,7.529322828060745,0.0,0.49999999999999994,0.8660254037844387,7.087699879310344,0
Marin,2020,2,7.087699879310344,13.875,3.1055349308434184,0,58,6.695377532258065,6.58256779032258,7.619186268637995,0.0,0.8660254037844386,0.5000000000000001,4.4869897142857145,0
Marin,2020,3,4.4869897142857145,11.166667,2.419179850014273,0,56,7.087699879310344,6.695377532258065,6.788548400630332,0.0,1.0,6.123233995736766e-17,4.736061733333333,0
Marin,2020,4,4.736061733333333,10.181818,1.7228011469866171,0,60,4.4869897142857145,7.087699879310344,6.09002237528471,0.0,0.8660254037844387,-0.49999999999999983,5.099012387096774,0
Marin,2020,5,5.099012387096774,9.583333,2.1931631204822613,0,62,4.736061733333333,4.4869897142857145,5.436917108976466,0.0,0.49999999999999994,-0.8660254037844387,5.452451683333334,0
Marin,2020,6,5.452451683333334,13.043478,2.9684410357578215,0,60,5.099012387096774,4.736061733333333,4.774021278238609,0.0,1.2246467991473532e-16,-1.0,5.058377903225807,0
Marin,2020,7,5.058377903225807,11.458333,3.1405137793840887,0,62,5.452451683333334,5.099012387096774,5.095841934587816,0.0,-0.4999999999999998,-0.8660254037844388,11.625924177419355,1
Marin,2020,8,11.625924177419355,40.958333,9.87265978495318,4,62,5.058377903225807,5.452451683333334,5.2032806578853075,0.0,-0.8660254037844384,-0.5000000000000004,26.7487802,1
Marin,2020,9,26.7487802,155.541667,36.34930361019857,10,60,11.625924177419355,5.058377903225807,7.378917921326168,4.0,-1.0,-1.8369701987210297e-16,11.737178596774193,1
Marin,2020,10,11.737178596774193,50.583333,10.747690319335405,4,62,26.7487802,11.625924177419355,14.477694093548388,10.0,-0.8660254037844386,0.5000000000000001,6.170555533333333,0
Marin,2020,11,6.170555533333333,18.833333,3.672961035953447,0,60,11.737178596774193,26.7487802,16.703960991397853,4.0,-0.5000000000000004,0.8660254037844384,8.662540903225807,0
Mendocino,2015,2,5.923823848214285,13.5,2.883626769324493,0,112,12.720262696428572,,12.720262696428572,2.0,0.8660254037844386,0.5000000000000001,6.206160815789474,0
Mendocino,2015,3,6.206160815789474,13.181818,2.90586806811736,0,114,5.923823848214285,12.720262696428572,9.322043272321428,0.0,1.0,6.123233995736766e-17,7.031368025000001,0
Mendocino,2015,4,7.031368025000001,15.125,3.3703789838737697,0,120,6.206160815789474,5.923823848214285,8.283415786810776,0.0,0.8660254037844387,-0.49999999999999983,6.231238783333334,0
Mendocino,2015,5,6.231238783333334,14.142857,1.7041645911587486,0,120,7.031368025000001,6.206160815789474,6.3871175630012536,0.0,0.49999999999999994,-0.8660254037844387,8.25136329661017,0
Mendocino,2015,6,8.25136329661017,14.541667,2.7296102284748156,0,118,6.231238783333334,7.031368025000001,6.489589208040936,0.0,1.2246467991473532e-16,-1.0,6.89906987394958,0
Mendocino,2015,7,6.89906987394958,11.25,1.6382029176553448,0,119,8.25136329661017,6.231238783333334,7.171323368314501,0.0,-0.4999999999999998,-0.8660254037844388,14.000354720588236,1
Mendocino,2015,8,14.000354720588236,73.416667,15.099118548022084,12,136,6.89906987394958,8.25136329661017,7.127223984631027,0.0,-0.8660254037844384,-0.5000000000000004,6.624747943548387,0
Mendocino,2015,9,6.624747943548387,22.333333,3.848077175545004,0,124,14.000354720588236,6.89906987394958,9.716929297049328,12.0,-1.0,-1.8369701987210297e-16,5.806656233870967,0
Mendocino,2015,10,5.806656233870967,13.041667,2.4725685689097427,0,124,6.624747943548387,14.000354720588236,9.174724179362068,0.0,-0.8660254037844386,0.5000000000000001,9.9718146,0
Mendocino,2015,11,9.9718146,25.869565,4.2777699737455315,0,120,5.806656233870967,6.624747943548387,8.810586299335863,0.0,-0.5000000000000004,0.8660254037844384,9.003080782258063,0
Mendocino,2015,12,9.003080782258063,18.625,3.380313674460699,0,124,9.9718146,5.806656233870967,7.4677395924731185,0.0,-2.4492935982947064e-16,1.0,6.532511113636364,0
Mendocino,2016,1,6.532511113636364,23.076923,4.005917258410062,0,88,9.003080782258063,9.9718146,8.260517205376344,0.0,0.49999999999999994,0.8660254037844387,6.647222580357143,0
Mendocino,2016,2,6.647222580357143,10.45,1.994901465982997,0,112,6.532511113636364,9.003080782258063,8.50246883196481,0.0,0.8660254037844386,0.5000000000000001,4.695056341463415,0
Mendocino,2016,3,4.695056341463415,10.5,2.018864856900392,0,123,6.647222580357143,6.532511113636364,7.394271492083857,0.0,1.0,6.123233995736766e-17,5.043678322033898,0
Mendocino,2016,4,5.043678322033898,10.0,1.8120081059577176,0,118,4.695056341463415,6.647222580357143,5.958263345152307,0.0,0.8660254037844387,-0.49999999999999983,4.803585680327869,0
Mendocino,2016,5,4.803585680327869,9.652174,1.982607700131092,0,122,5.043678322033898,4.695056341463415,5.461985747951485,0.0,0.49999999999999994,-0.8660254037844387,5.140033225,0
Mendocino,2016,6,5.140033225,12.791667,2.3857948919557592,0,120,4.803585680327869,5.043678322033898,4.847440114608394,0.0,1.2246467991473532e-16,-1.0,6.077412903225807,0
Mendocino,2016,7,6.077412903225807,10.272727,2.0469569308174993,0,124,5.140033225,4.803585680327869,4.995765742453922,0.0,-0.4999999999999998,-0.8660254037844388,7.082221403225807,0
Mendocino,2016,8,7.082221403225807,11.416667,1.954293045130696,0,124,6.077412903225807,5.140033225,5.340343936184559,0.0,-0.8660254037844384,-0.5000000000000004,8.767091599999999,0
Mendocino,2016,9,8.767091599999999,19.173913,3.6645946537608056,0,120,7.082221403225807,6.077412903225807,6.099889177150538,0.0,-1.0,-1.8369701987210297e-16,4.70504325,0
Mendocino,2016,10,4.70504325,9.826087,2.1577807077077216,0,124,8.767091599999999,7.082221403225807,7.308908635483871,0.0,-0.8660254037844386,0.5000000000000001,6.763094783333333,0
Mendocino,2016,11,6.763094783333333,14.0,2.5498712396451446,0,120,4.70504325,8.767091599999999,6.851452084408602,0.0,-0.5000000000000004,0.8660254037844384,10.498490766666666,0
Mendocino,2016,12,10.498490766666666,18.25,4.474552006137696,0,120,6.763094783333333,4.70504325,6.745076544444443,0.0,-2.4492935982947064e-16,1.0,7.351277032786886,0
Mendocino,2017,1,7.351277032786886,15.875,3.9613582098918014,0,122,10.498490766666666,6.763094783333333,7.3222096,0.0,0.49999999999999994,0.8660254037844387,4.975239678571429,0
Mendocino,2017,2,4.975239678571429,15.625,3.1898143762577136,0,112,7.351277032786886,10.498490766666666,8.204287527595628,0.0,0.8660254037844386,0.5000000000000001,5.023041564516129,0
Mendocino,2017,3,5.023041564516129,10.347826,2.2572543580795297,0,124,4.975239678571429,7.351277032786886,7.608335826008326,0.0,1.0,6.123233995736766e-17,5.1031361083333335,0
Mendocino,2017,4,5.1031361083333335,10.045455,2.012192247621111,0,120,5.023041564516129,4.975239678571429,5.7831860919581475,0.0,0.8660254037844387,-0.49999999999999983,4.9290245403225805,0
Mendocino,2017,5,4.9290245403225805,9.583333,1.9171216434921623,0,124,5.1031361083333335,5.023041564516129,5.033805783806964,0.0,0.49999999999999994,-0.8660254037844387,4.838025366666667,0
Mendocino,2017,6,4.838025366666667,14.333333,2.3462514317214964,0,120,4.9290245403225805,5.1031361083333335,5.018400737724014,0.0,1.2246467991473532e-16,-1.0,6.862380425,0
Mendocino,2017,7,6.862380425,9.958333,1.6597834031955263,0,120,4.838025366666667,4.9290245403225805,4.956728671774194,0.0,-0.4999999999999998,-0.8660254037844388,14.990118720588235,1
Mendocino,2017,8,14.990118720588235,47.625,8.07521390432011,6,136,6.862380425,4.838025366666667,5.543143443996416,0.0,-0.8660254037844384,-0.5000000000000004,12.860032242647058,1
Mendocino,2017,9,12.860032242647058,53.083333,10.128090434616636,8,136,14.990118720588235,6.862380425,8.896841504084968,6.0,-1.0,-1.8369701987210297e-16,15.608754516129032,1
Mendocino,2017,10,15.608754516129032,127.380952,19.539909955906012,10,124,12.860032242647058,14.990118720588235,11.57084379607843,8.0,-0.8660254037844386,0.5000000000000001,8.778939941666666,0
Mendocino,2017,11,8.778939941666666,20.217391,3.4539204912040806,0,120,15.608754516129032,12.860032242647058,14.486301826454776,10.0,-0.5000000000000004,0.8660254037844384,17.117011806451615,1
Mendocino,2017,12,17.117011806451615,32.291667,5.480414233400933,0,124,8.778939941666666,15.608754516129032,12.415908900147585,0.0,-2.4492935982947064e-16,1.0,8.387708169354838,0
Mendocino,2018,1,8.387708169354838,21.916667,4.262880047700675,0,124,17.117011806451615,8.778939941666666,13.834902088082439,0.0,0.49999999999999994,0.8660254037844387,8.925813464285714,0
Mendocino,2018,2,8.925813464285714,14.125,2.683632336133575,0,112,8.387708169354838,17.117011806451615,11.427886639157705,0.0,0.8660254037844386,0.5000000000000001,5.86058710483871,0
Mendocino,2018,3,5.86058710483871,10.708333,2.065133749187704,0,124,8.925813464285714,8.387708169354838,11.47684448003072,0.0,1.0,6.123233995736766e-17,6.668912783333334,0
Mendocino,2018,4,6.668912783333334,10.347826,2.0598124332789034,0,120,5.86058710483871,8.925813464285714,7.72470291282642,0.0,0.8660254037844387,-0.49999999999999983,4.5950227258064515,0
Mendocino,2018,5,4.5950227258064515,8.833333,1.9858330701087965,0,124,6.668912783333334,5.86058710483871,7.151771117485919,0.0,0.49999999999999994,-0.8660254037844387,3.9302284333333337,0
Mendocino,2018,6,3.9302284333333337,7.791667,1.8655334047248513,0,120,4.5950227258064515,6.668912783333334,5.708174204659499,0.0,1.2246467991473532e-16,-1.0,8.191280295081967,0
Mendocino,2018,7,8.191280295081967,36.291667,7.787316207002829,2,122,3.9302284333333337,4.5950227258064515,5.064721314157706,0.0,-0.4999999999999998,-0.8660254037844388,19.26990705691057,1
Mendocino,2018,8,19.26990705691057,59.541667,13.204300689882396,15,123,8.191280295081967,3.9302284333333337,5.57217715140725,2.0,-0.8660254037844384,-0.5000000000000004,8.193528866666666,0
Mendocino,2018,9,8.193528866666666,20.5,4.610671144501786,0,120,19.26990705691057,8.191280295081967,10.46380526177529,15.0,-1.0,-1.8369701987210297e-16,6.422724099173554,0
Mendocino,2018,10,6.422724099173554,13.5,2.855293665425386,0,121,8.193528866666666,19.26990705691057,11.884905406219735,0.0,-0.8660254037844386,0.5000000000000001,36.863758872881355,1
Mendocino,2018,11,36.863758872881355,263.25,50.858241836668775,46,118,6.422724099173554,8.193528866666666,11.295386674250262,0.0,-0.5000000000000004,0.8660254037844384,10.123007258064517,0
Mendocino,2018,12,10.123007258064517,22.565217,3.9396234252019817,0,124,36.863758872881355,6.422724099173554,17.160003946240526,46.0,-2.4492935982947064e-16,1.0,9.661457801652892,0
Mendocino,2019,1,9.661457801652892,23.583333,5.284833390213594,0,121,10.123007258064517,36.863758872881355,17.803163410039808,0.0,0.49999999999999994,0.8660254037844387,5.301918330357142,0
Mendocino,2019,2,5.301918330357142,13.954545,3.0768217905318274,0,112,9.661457801652892,10.123007258064517,18.882741310866255,0.0,0.8660254037844386,0.5000000000000001,4.307408056451613,0
Mendocino,2019,3,4.307408056451613,8.913043,2.134319946386523,0,124,5.301918330357142,9.661457801652892,8.362127796691517,0.0,1.0,6.123233995736766e-17,4.037072355932203,0
Mendocino,2019,4,4.037072355932203,10.333333,2.5565636947210173,0,118,4.307408056451613,5.301918330357142,6.423594729487216,0.0,0.8660254037844387,-0.49999999999999983,4.014056786885246,0
Mendocino,2019,5,4.014056786885246,9.875,1.8139308537968457,0,122,4.037072355932203,4.307408056451613,4.548799580913653,0.0,0.49999999999999994,-0.8660254037844387,4.741683216666667,0
Mendocino,2019,6,4.741683216666667,8.291667,1.619949051758261,0,120,4.014056786885246,4.037072355932203,4.119512399756354,0.0,1.2246467991473532e-16,-1.0,5.288472435483871,0
Mendocino,2019,7,5.288472435483871,15.958333,3.163816755966267,0,124,4.741683216666667,4.014056786885246,4.264270786494706,0.0,-0.4999999999999998,-0.8660254037844388,4.371553080645161,0
Mendocino,2019,8,4.371553080645161,9.333333,1.750099836843971,0,124,5.288472435483871,4.741683216666667,4.681404146345261,0.0,-0.8660254037844384,-0.5000000000000004,4.116431605042017,0
Mendocino,2019,9,4.116431605042017,10.611111,1.783340263647288,0,119,4.371553080645161,5.288472435483871,4.800569577598566,0.0,-1.0,-1.8369701987210297e-16,7.225659394495413,0
Mendocino,2019,10,7.225659394495413,16.478261,3.087905719349143,0,109,4.116431605042017,4.371553080645161,4.592152373723683,0.0,-0.8660254037844386,0.5000000000000001,8.112557433333333,0
Mendocino,2019,11,8.112557433333333,14.875,3.101620196700156,0,120,7.225659394495413,4.116431605042017,5.237881360060864,0.0,-0.5000000000000004,0.8660254037844384,7.179833959677419,0
Mendocino,2019,12,7.179833959677419,24.782609,4.153350219661019,0,124,8.112557433333333,7.225659394495413,6.484882810956921,0.0,-2.4492935982947064e-16,1.0,7.502169217741935,0
Mendocino,2020,1,7.502169217741935,14.73913,3.2649107046870367,0,124,7.179833959677419,8.112557433333333,7.50601692916872,0.0,0.49999999999999994,0.8660254037844387,9.207648396551724,0
Mendocino,2020,2,9.207648396551724,19.458333,4.301476402265095,0,116,7.502169217741935,7.179833959677419,7.5981868702508955,0.0,0.8660254037844386,0.5000000000000001,4.953939024193549,0
Mendocino,2020,3,4.953939024193549,9.291667,2.0955660095762725,0,124,9.207648396551724,7.502169217741935,7.963217191323693,0.0,1.0,6.123233995736766e-17,3.9597953583333334,0
Mendocino,2020,4,3.9597953583333334,8.190476,1.5803729617256783,0,120,4.953939024193549,9.207648396551724,7.221252212829069,0.0,0.8660254037844387,-0.49999999999999983,3.4926768387096776,0
Mendocino,2020,5,3.4926768387096776,6.416667,1.388675523019912,0,124,3.9597953583333334,4.953939024193549,6.040460926359535,0.0,0.49999999999999994,-0.8660254037844387,3.5185645130434784,0
Mendocino,2020,6,3.5185645130434784,6.708333,2.0174634858216662,0,115,3.4926768387096776,3.9597953583333334,4.135470407078853,0.0,1.2246467991473532e-16,-1.0,5.414991314516129,0
Mendocino,2020,7,5.414991314516129,11.291667,1.8508828867970288,0,124,3.5185645130434784,3.4926768387096776,3.6570122366954965,0.0,-0.4999999999999998,-0.8660254037844388,17.155110758064517,1
Mendocino,2020,8,17.155110758064517,108.333333,22.922861141049687,26,124,5.414991314516129,3.5185645130434784,4.1420775554230955,0.0,-0.8660254037844384,-0.5000000000000004,44.24032005833333,1
Mendocino,2020,9,44.24032005833333,433.869565,70.52023121243784,43,120,17.155110758064517,5.414991314516129,8.696222195208042,26.0,-1.0,-1.8369701987210297e-16,16.33719179032258,1
Mendocino,2020,10,16.33719179032258,117.75,18.676466761038924,14,124,44.24032005833333,17.155110758064517,22.27014071030466,43.0,-0.8660254037844386,0.5000000000000001,9.328709733333334,0
Mendocino,2020,11,9.328709733333334,19.434783,4.24000827073353,0,120,16.33719179032258,44.24032005833333,25.91087420224014,14.0,-0.5000000000000004,0.8660254037844384,11.872521080645162,1
Merced,2015,2,18.21515052307692,38.083333,10.005507762058883,7,65,28.42323233333333,,28.42323233333333,19.0,0.8660254037844386,0.5000000000000001,8.671312876923079,0
Merced,2015,3,8.671312876923079,34.0,4.752156179511654,0,65,18.21515052307692,28.42323233333333,23.319191428205126,7.0,1.0,6.123233995736766e-17,6.489536029850747,0
Merced,2015,4,6.489536029850747,11.791667,3.1292969554302306,0,67,8.671312876923079,18.21515052307692,18.43656524444444,0.0,0.8660254037844387,-0.49999999999999983,7.5320812264150945,0
Merced,2015,5,7.5320812264150945,12.583333,2.8259944249390183,0,53,6.489536029850747,8.671312876923079,11.125333143283584,0.0,0.49999999999999994,-0.8660254037844387,9.662653351851851,0
Merced,2015,6,9.662653351851851,16.041667,3.3042696086061256,0,54,7.5320812264150945,6.489536029850747,7.564310044396307,0.0,1.2246467991473532e-16,-1.0,8.188796757142857,0
Merced,2015,7,8.188796757142857,14.291667,2.4735793901774916,0,70,9.662653351851851,7.5320812264150945,7.894756869372564,0.0,-0.4999999999999998,-0.8660254037844388,11.50079372222222,1
Merced,2015,8,11.50079372222222,28.25,5.824382945655469,0,72,8.188796757142857,9.662653351851851,8.461177111803268,0.0,-0.8660254037844384,-0.5000000000000004,11.088720391304348,0
Merced,2015,9,11.088720391304348,40.375,6.568689324150576,2,69,11.50079372222222,8.188796757142857,9.784081277072309,0.0,-1.0,-1.8369701987210297e-16,11.125582869565218,0
Merced,2015,10,11.125582869565218,20.5,3.6178874384683017,0,69,11.088720391304348,11.50079372222222,10.259436956889807,2.0,-0.8660254037844386,0.5000000000000001,15.989880171428572,1
Merced,2015,11,15.989880171428572,41.1,10.002611020710972,5,70,11.125582869565218,11.088720391304348,11.238365661030594,0.0,-0.5000000000000004,0.8660254037844384,14.910469486486486,1
Merced,2015,12,14.910469486486486,42.625,8.189147027736137,2,74,15.989880171428572,11.125582869565218,12.734727810766046,5.0,-2.4492935982947064e-16,1.0,13.526692493150684,1
Merced,2016,1,13.526692493150684,43.041667,10.75565482134648,4,73,14.910469486486486,15.989880171428572,14.008644175826758,2.0,0.49999999999999994,0.8660254037844387,15.782984746268658,1
Merced,2016,2,15.782984746268658,34.958333,8.719076702318064,0,67,13.526692493150684,14.910469486486486,14.809014050355247,4.0,0.8660254037844386,0.5000000000000001,5.505220955882353,0
Merced,2016,3,5.505220955882353,24.4,3.955306076305028,0,68,15.782984746268658,13.526692493150684,14.740048908635275,0.0,1.0,6.123233995736766e-17,7.131809285714286,0
Merced,2016,4,7.131809285714286,12.625,2.8345633030237516,0,63,5.505220955882353,15.782984746268658,11.604966065100564,0.0,0.8660254037844387,-0.49999999999999983,8.685521861111111,0
Merced,2016,5,8.685521861111111,14.375,3.1790209314109226,0,72,7.131809285714286,5.505220955882353,9.473338329288433,0.0,0.49999999999999994,-0.8660254037844387,8.373350647058823,0
Merced,2016,6,8.373350647058823,15.333333,2.606575997160767,0,68,8.685521861111111,7.131809285714286,7.10751736756925,0.0,1.2246467991473532e-16,-1.0,9.671014041666666,0
Merced,2016,7,9.671014041666666,17.541667,3.4110052199185703,0,72,8.373350647058823,8.685521861111111,8.063560597961406,0.0,-0.4999999999999998,-0.8660254037844388,12.920978835616438,1
Merced,2016,8,12.920978835616438,22.25,3.714372539277907,0,73,9.671014041666666,8.373350647058823,8.909962183278866,0.0,-0.8660254037844384,-0.5000000000000004,13.875524537313431,1
Merced,2016,9,13.875524537313431,22.5,3.9260654661163343,0,67,12.920978835616438,9.671014041666666,10.321781174780641,0.0,-1.0,-1.8369701987210297e-16,11.036178805555556,0
Merced,2016,10,11.036178805555556,22.041667,4.33057076010306,0,72,13.875524537313431,12.920978835616438,12.155839138198845,0.0,-0.8660254037844386,0.5000000000000001,16.214603014492756,1
Merced,2016,11,16.214603014492756,38.541667,8.096668798672795,2,69,11.036178805555556,13.875524537313431,12.610894059495143,0.0,-0.5000000000000004,0.8660254037844384,19.442914114285713,1
Merced,2016,12,19.442914114285713,42.8,9.624657529237792,6,70,16.214603014492756,11.036178805555556,13.708768785787248,2.0,-2.4492935982947064e-16,1.0,10.678256078947369,0
Merced,2017,1,10.678256078947369,30.75,8.016594129245387,0,76,19.442914114285713,16.214603014492756,15.564565311444676,6.0,0.49999999999999994,0.8660254037844387,9.734895828125,0
Merced,2017,2,9.734895828125,39.083333,8.75180325421324,2,64,10.678256078947369,19.442914114285713,15.445257735908612,0.0,0.8660254037844386,0.5000000000000001,9.5144584375,0
Merced,2017,3,9.5144584375,19.458333,4.125086506501705,0,64,9.734895828125,10.678256078947369,13.285355340452695,2.0,1.0,6.123233995736766e-17,7.121480328571429,0
Merced,2017,4,7.121480328571429,12.375,2.437898655887881,0,70,9.5144584375,9.734895828125,9.975870114857456,0.0,0.8660254037844387,-0.49999999999999983,8.750859228571429,0
Merced,2017,5,8.750859228571429,16.0,2.9013553939922394,0,70,7.121480328571429,9.5144584375,8.790278198065478,0.0,0.49999999999999994,-0.8660254037844387,7.788219471428571,0
Merced,2017,6,7.788219471428571,16.375,3.0154480080420374,0,70,8.750859228571429,7.121480328571429,8.462265998214287,0.0,1.2246467991473532e-16,-1.0,8.620596056338028,0
Merced,2017,7,8.620596056338028,11.791667,1.6575167767664885,0,71,7.788219471428571,8.750859228571429,7.886853009523809,0.0,-0.4999999999999998,-0.8660254037844388,15.56480915492958,1
Merced,2017,8,15.56480915492958,21.583333,4.164309042139447,0,71,8.620596056338028,7.788219471428571,8.386558252112676,0.0,-0.8660254037844384,-0.5000000000000004,15.518139671428573,1
Merced,2017,9,15.518139671428573,48.25,10.616619915033318,6,70,15.56480915492958,8.620596056338028,10.65787489423206,0.0,-1.0,-1.8369701987210297e-16,15.441190471428571,1
Merced,2017,10,15.441190471428571,47.478261,8.255683061574477,2,70,15.518139671428573,15.56480915492958,13.234514960898727,6.0,-0.8660254037844386,0.5000000000000001,17.031243123076926,1
Merced,2017,11,17.031243123076926,44.791667,11.377614002845156,6,65,15.441190471428571,15.518139671428573,15.508046432595576,2.0,-0.5000000000000004,0.8660254037844384,31.96909143055555,1
Merced,2017,12,31.96909143055555,69.333333,14.289836710706188,26,72,17.031243123076926,15.441190471428571,15.996857755311359,6.0,-2.4492935982947064e-16,1.0,20.51651465277778,1
Merced,2018,1,20.51651465277778,66.956522,14.789524966207235,9,72,31.96909143055555,17.031243123076926,21.480508341687017,26.0,0.49999999999999994,0.8660254037844387,15.953156545454544,1
Merced,2018,2,15.953156545454544,52.333333,11.744123599215692,5,66,20.51651465277778,31.96909143055555,23.17228306880342,9.0,0.8660254037844386,0.5000000000000001,6.334405194444445,0
Merced,2018,3,6.334405194444445,11.666667,3.3051411416206458,0,72,15.953156545454544,20.51651465277778,22.812920876262623,5.0,1.0,6.123233995736766e-17,7.3607447580645164,0
Merced,2018,4,7.3607447580645164,13.416667,2.867787809156958,0,62,6.334405194444445,15.953156545454544,14.268025464225587,0.0,0.8660254037844387,-0.49999999999999983,7.333594999999999,0
Merced,2018,5,7.333594999999999,12.25,2.3697892946972146,0,72,7.3607447580645164,6.334405194444445,9.8827688326545,0.0,0.49999999999999994,-0.8660254037844387,8.63843204347826,0
Merced,2018,6,8.63843204347826,11.541667,1.8351941292349736,0,69,7.333594999999999,7.3607447580645164,7.00958165083632,0.0,1.2246467991473532e-16,-1.0,13.404685356164382,1
Merced,2018,7,13.404685356164382,40.0,9.528976023178412,5,73,8.63843204347826,7.333594999999999,7.777590600514259,0.0,-0.4999999999999998,-0.8660254037844388,24.036282208333333,1
Merced,2018,8,24.036282208333333,50.333333,11.6853337699459,12,72,13.404685356164382,8.63843204347826,9.792237466547547,5.0,-0.8660254037844384,-0.5000000000000004,13.812986514285711,1
Merced,2018,9,13.812986514285711,24.666667,5.105637000887716,0,70,24.036282208333333,13.404685356164382,15.359799869325323,12.0,-1.0,-1.8369701987210297e-16,11.811660333333332,1
Merced,2018,10,11.811660333333332,19.416667,3.2460842260236924,0,72,13.812986514285711,24.036282208333333,17.084651359594474,0.0,-0.8660254037844386,0.5000000000000001,32.097612941176465,1
Merced,2018,11,32.097612941176465,94.7,26.29747593319199,21,68,11.811660333333332,13.812986514285711,16.553643018650792,0.0,-0.5000000000000004,0.8660254037844384,19.042788383561643,1
Merced,2018,12,19.042788383561643,35.6,7.332569053386166,2,73,32.097612941176465,11.811660333333332,19.240753262931836,21.0,-2.4492935982947064e-16,1.0,16.411865930555553,1
Merced,2019,1,16.411865930555553,41.6,8.731018761822135,3,72,19.042788383561643,32.097612941176465,20.98402055269048,2.0,0.49999999999999994,0.8660254037844387,7.821921523076923,0
Merced,2019,2,7.821921523076923,16.541667,3.2955185244664467,0,65,16.411865930555553,19.042788383561643,22.51742241843122,3.0,0.8660254037844386,0.5000000000000001,8.127947753424658,0
Merced,2019,3,8.127947753424658,13.375,2.688879144782924,0,73,7.821921523076923,16.411865930555553,14.425525279064706,0.0,1.0,6.123233995736766e-17,7.206727098360656,0
Merced,2019,4,7.206727098360656,11.708333,2.3466590512715073,0,61,8.127947753424658,7.821921523076923,10.787245069019045,0.0,0.8660254037844387,-0.49999999999999983,6.344072069444445,0
Merced,2019,5,6.344072069444445,10.375,1.88641137926557,0,72,7.206727098360656,8.127947753424658,7.718865458287412,0.0,0.49999999999999994,-0.8660254037844387,6.77893,0
Merced,2019,6,6.77893,12.2,1.8121467658230304,0,70,6.344072069444445,7.206727098360656,7.226248973743253,0.0,1.2246467991473532e-16,-1.0,7.163989541666666,0
Merced,2019,7,7.163989541666666,17.125,2.8257801134390688,0,72,6.77893,6.344072069444445,6.776576389268367,0.0,-0.4999999999999998,-0.8660254037844388,7.096773890410958,0
Merced,2019,8,7.096773890410958,15.0,2.116433931803373,0,73,7.163989541666666,6.77893,6.7623305370370375,0.0,-0.8660254037844384,-0.5000000000000004,6.226733985714286,0
Merced,2019,9,6.226733985714286,10.916667,2.0715381625989937,0,70,7.096773890410958,7.163989541666666,7.013231144025874,0.0,-1.0,-1.8369701987210297e-16,11.022391194444443,0
Merced,2019,10,11.022391194444443,21.2,4.087213835973844,0,72,6.226733985714286,7.096773890410958,6.829165805930637,0.0,-0.8660254037844386,0.5000000000000001,15.816780542857142,1
Merced,2019,11,15.816780542857142,29.5,6.505424488985895,0,70,11.022391194444443,6.226733985714286,8.115299690189895,0.0,-0.5000000000000004,0.8660254037844384,10.560379633802818,0
Merced,2019,12,10.560379633802818,25.4,5.540528926836831,0,71,15.816780542857142,11.022391194444443,11.021968574338624,0.0,-2.4492935982947064e-16,1.0,14.303658625,1
Merced,2020,1,14.303658625,29.3,5.708534029212257,0,72,10.560379633802818,15.816780542857142,12.466517123701466,0.0,0.49999999999999994,0.8660254037844387,13.405780895522389,1
Merced,2020,2,13.405780895522389,23.25,4.596327812461528,0,67,14.303658625,10.560379633802818,13.560272933886653,0.0,0.8660254037844386,0.5000000000000001,7.052129205479452,0
Merced,2020,3,7.052129205479452,14.416667,3.363435797642435,0,73,13.405780895522389,14.303658625,12.756606384775068,0.0,1.0,6.123233995736766e-17,6.591735919354839,0
Merced,2020,4,6.591735919354839,10.416667,1.94551588357439,0,62,7.052129205479452,13.405780895522389,11.587189575333946,0.0,0.8660254037844387,-0.49999999999999983,5.703042397058823,0
Merced,2020,5,5.703042397058823,10.708333,2.066082177584975,0,68,6.591735919354839,7.052129205479452,9.016548673452226,0.0,0.49999999999999994,-0.8660254037844387,5.328720710144927,0
Merced,2020,6,5.328720710144927,9.7,1.818583513925614,0,69,5.703042397058823,6.591735919354839,6.448969173964372,0.0,1.2246467991473532e-16,-1.0,7.479372972222222,0
Merced,2020,7,7.479372972222222,23.125,2.9749284434988907,0,72,5.328720710144927,5.703042397058823,5.87449967551953,0.0,-0.4999999999999998,-0.8660254037844388,27.389279328767124,1
Merced,2020,8,27.389279328767124,116.916667,31.37733407516199,16,73,7.479372972222222,5.328720710144927,6.170378693141991,0.0,-0.8660254037844384,-0.5000000000000004,35.60910594285714,1
Merced,2020,9,35.60910594285714,117.416667,27.42066877005306,26,70,27.389279328767124,7.479372972222222,13.399124337044759,16.0,-1.0,-1.8369701987210297e-16,21.967315347222225,1
Merced,2020,10,21.967315347222225,82.333333,19.337798057022177,12,72,35.60910594285714,27.389279328767124,23.492586081282166,26.0,-0.8660254037844386,0.5000000000000001,15.605201842857143,1
Merced,2020,11,15.605201842857143,38.7,7.676900195086129,1,70,21.967315347222225,35.60910594285714,28.321900206282162,12.0,-0.5000000000000004,0.8660254037844384,17.31722562857143,1
Mono,2018,5,3.1983948114754095,5.625,0.9799796781054232,0,122,3.457082239583333,,3.457082239583333,0.0,0.49999999999999994,-0.8660254037844387,6.145585142857143,0
Mono,2018,6,6.145585142857143,42.5125,8.158015830170967,4,112,3.1983948114754095,3.457082239583333,3.327738525529371,0.0,1.2246467991473532e-16,-1.0,24.432687588709676,1
Mono,2018,7,24.432687588709676,98.691667,24.60647009183621,28,124,6.145585142857143,3.1983948114754095,4.267020731305295,4.0,-0.4999999999999998,-0.8660254037844388,42.552129701612905,1
Mono,2018,8,42.552129701612905,194.941667,49.22513739809831,44,124,24.432687588709676,6.145585142857143,11.258889181014077,28.0,-0.8660254037844384,-0.5000000000000004,4.2823324000000005,0
Mono,2018,9,4.2823324000000005,11.945833,2.5127568902816293,0,120,42.552129701612905,24.432687588709676,24.37680081105991,44.0,-1.0,-1.8369701987210297e-16,5.098842285714285,0
Mono,2018,10,5.098842285714285,14.625,3.2930442120789474,0,210,4.2823324000000005,42.552129701612905,23.75571656344086,0.0,-0.8660254037844386,0.5000000000000001,8.31441100862069,0
Mono,2018,11,8.31441100862069,41.845833,8.485178553194936,4,232,5.098842285714285,4.2823324000000005,17.311101462442398,0.0,-0.5000000000000004,0.8660254037844384,8.742303173387096,0
Mono,2018,12,8.742303173387096,43.683333,10.778277731588112,14,248,8.31441100862069,5.098842285714285,5.898528564778325,4.0,-2.4492935982947064e-16,1.0,11.281412092592593,1
Mono,2019,1,11.281412092592593,40.3,11.915320593998713,7,216,8.742303173387096,8.31441100862069,7.3851854892406905,14.0,0.49999999999999994,0.8660254037844387,5.359490095454546,0
Mono,2019,2,5.359490095454546,45.725,7.823147278168501,4,220,11.281412092592593,8.742303173387096,9.44604209153346,7.0,0.8660254037844386,0.5000000000000001,5.2781492845849804,0
Mono,2019,3,5.2781492845849804,32.520833,6.002100895803869,0,253,5.359490095454546,11.281412092592593,8.461068453811412,4.0,1.0,6.123233995736766e-17,3.577484,0
Mono,2019,4,3.577484,8.929167,2.1063721036987557,0,250,5.2781492845849804,5.359490095454546,7.3063504908773735,0.0,0.8660254037844387,-0.49999999999999983,3.957502698412698,0
Mono,2019,5,3.957502698412698,9.141667,2.0044458845127853,0,252,3.577484,5.2781492845849804,4.738374460013175,0.0,0.49999999999999994,-0.8660254037844387,4.071390618473895,0
Mono,2019,6,4.071390618473895,8.529167,1.661525800250139,0,249,3.957502698412698,3.577484,4.271045327665893,0.0,1.2246467991473532e-16,-1.0,4.021406608527132,0
Mono,2019,7,4.021406608527132,7.375,1.186258580722675,0,258,4.071390618473895,3.957502698412698,3.8687924389621977,0.0,-0.4999999999999998,-0.8660254037844388,5.837623503875969,0
Mono,2019,8,5.837623503875969,20.266667,2.996757010423783,0,258,4.021406608527132,4.071390618473895,4.016766641804575,0.0,-0.8660254037844384,-0.5000000000000004,3.738154836065574,0
Mono,2019,9,3.738154836065574,6.816667,1.3485769011154696,0,244,5.837623503875969,4.021406608527132,4.643473576958999,0.0,-1.0,-1.8369701987210297e-16,6.492012986301369,0
Mono,2019,10,6.492012986301369,31.033333,5.656773920206956,0,219,3.738154836065574,5.837623503875969,4.5323949828228915,0.0,-0.8660254037844386,0.5000000000000001,5.869940948,0
Mono,2019,11,5.869940948,20.875,4.59460137897061,0,250,6.492012986301369,3.738154836065574,5.355930442080971,0.0,-0.5000000000000004,0.8660254037844384,7.9342836625,0
Mono,2019,12,7.9342836625,37.554167,9.786935676746364,4,240,5.869940948,6.492012986301369,5.366702923455648,0.0,-2.4492935982947064e-16,1.0,7.153828928870293,0
Mono,2020,1,7.153828928870293,27.625,7.396257434969356,0,239,7.9342836625,5.869940948,6.765412532267123,4.0,0.49999999999999994,0.8660254037844387,6.792277934497816,0
Mono,2020,2,6.792277934497816,18.208333,5.197559716947781,0,229,7.153828928870293,7.9342836625,6.986017846456765,0.0,0.8660254037844386,0.5000000000000001,3.939306625498008,0
Mono,2020,3,3.939306625498008,14.283333,3.168949029176397,0,251,6.792277934497816,7.153828928870293,7.293463508622704,0.0,1.0,6.123233995736766e-17,3.832389410628019,0
Mono,2020,4,3.832389410628019,12.213043,2.131221470257407,0,207,3.939306625498008,6.792277934497816,5.961804496288706,0.0,0.8660254037844387,-0.49999999999999983,3.6707421879699247,0
Mono,2020,5,3.6707421879699247,6.316667,1.106857096200634,0,133,3.832389410628019,3.939306625498008,4.854657990207948,0.0,0.49999999999999994,-0.8660254037844387,4.11109818125,0
Mono,2020,6,4.11109818125,6.95,1.3249476211470943,0,160,3.6707421879699247,3.832389410628019,3.8141460746986504,0.0,1.2246467991473532e-16,-1.0,4.492004625,0
Mono,2020,7,4.492004625,16.291667,2.356627526234176,0,200,4.11109818125,3.6707421879699247,3.8714099266159816,0.0,-0.4999999999999998,-0.8660254037844388,11.54332639520958,1
Mono,2020,8,11.54332639520958,63.2875,13.001480418966612,12,167,4.492004625,4.11109818125,4.091281664739975,0.0,-0.8660254037844384,-0.5000000000000004,195.2247184266055,1
Mono,2020,9,195.2247184266055,824.104167,223.1859256047355,158,218,11.54332639520958,4.492004625,6.715476400486526,12.0,-1.0,-1.8369701987210297e-16,88.17619642412451,1
Mono,2020,10,88.17619642412451,487.45,121.57263803014082,127,257,195.2247184266055,11.54332639520958,70.42001648227169,158.0,-0.8660254037844386,0.5000000000000001,12.22286859090909,1
Mono,2020,11,12.22286859090909,69.666667,14.453741877141216,17,220,88.17619642412451,195.2247184266055,98.31474708197987,127.0,-0.5000000000000004,0.8660254037844384,9.284946845238096,0
Monterey,2015,2,5.159955807228916,13.9,2.5312068835193284,0,166,5.48084245026178,,5.48084245026178,0.0,0.8660254037844386,0.5000000000000001,5.059899786458334,0
Monterey,2015,3,5.059899786458334,9.541667,1.9342152794609555,0,192,5.159955807228916,5.48084245026178,5.320399128745348,0.0,1.0,6.123233995736766e-17,5.830257836065573,0
Monterey,2015,4,5.830257836065573,11.909091,2.5956465046301216,0,183,5.059899786458334,5.159955807228916,5.233566014649676,0.0,0.8660254037844387,-0.49999999999999983,5.563691989473685,0
Monterey,2015,5,5.563691989473685,22.666667,3.366568215774893,0,190,5.830257836065573,5.059899786458334,5.350037809917608,0.0,0.49999999999999994,-0.8660254037844387,6.412715005494506,0
Monterey,2015,6,6.412715005494506,13.416667,3.166838631111927,0,182,5.563691989473685,5.830257836065573,5.48461653733253,0.0,1.2246467991473532e-16,-1.0,4.778814759162303,0
Monterey,2015,7,4.778814759162303,11.041667,2.4792619619787777,0,191,6.412715005494506,5.563691989473685,5.935554943677921,0.0,-0.4999999999999998,-0.8660254037844388,8.263548408376963,0
Monterey,2015,8,8.263548408376963,23.083333,5.562295621875045,0,191,4.778814759162303,6.412715005494506,5.5850739180434985,0.0,-0.8660254037844384,-0.5000000000000004,6.9108440218579235,0
Monterey,2015,9,6.9108440218579235,43.208333,5.159773400138793,3,183,8.263548408376963,4.778814759162303,6.485026057677923,0.0,-1.0,-1.8369701987210297e-16,4.74168184816754,0
Monterey,2015,10,4.74168184816754,9.458333,2.070859618166405,0,191,6.9108440218579235,8.263548408376963,6.651069063132397,3.0,-0.8660254037844386,0.5000000000000001,4.520241711864407,0
Monterey,2015,11,4.520241711864407,8.833333,1.7227201124009828,0,177,4.74168184816754,6.9108440218579235,6.638691426134142,0.0,-0.5000000000000004,0.8660254037844384,4.617655832432432,0
Monterey,2015,12,4.617655832432432,16.583333,2.014965626461385,0,185,4.520241711864407,4.74168184816754,5.390922527296624,0.0,-2.4492935982947064e-16,1.0,3.848091335078534,0
Monterey,2016,1,3.848091335078534,20.9,2.6520710725380328,0,191,4.617655832432432,4.520241711864407,4.626526464154793,0.0,0.49999999999999994,0.8660254037844387,3.9035995593220343,0
Monterey,2016,2,3.9035995593220343,15.545455,1.7430897256632074,0,177,3.848091335078534,4.617655832432432,4.328662959791791,0.0,0.8660254037844386,0.5000000000000001,3.3432476229508197,0
Monterey,2016,3,3.3432476229508197,7.166667,1.7605063406133463,0,183,3.9035995593220343,3.848091335078534,4.123115575611,0.0,1.0,6.123233995736766e-17,5.337596951351351,0
Monterey,2016,4,5.337596951351351,9.791667,1.916675046157975,0,185,3.3432476229508197,3.9035995593220343,3.698312839117129,0.0,0.8660254037844387,-0.49999999999999983,5.6990071884816755,0
Monterey,2016,5,5.6990071884816755,12.541667,2.683572088162241,0,191,5.337596951351351,3.3432476229508197,4.1948147112080685,0.0,0.49999999999999994,-0.8660254037844387,5.9551162594594595,0
Monterey,2016,6,5.9551162594594595,12.304348,3.0682843691056636,0,185,5.6990071884816755,5.337596951351351,4.793283920927949,0.0,1.2246467991473532e-16,-1.0,6.533881560209424,0
Monterey,2016,7,6.533881560209424,63.791667,7.606272677076618,2,191,5.9551162594594595,5.6990071884816755,5.663906799764162,0.0,-0.4999999999999998,-0.8660254037844388,12.926224084210526,1
Monterey,2016,8,12.926224084210526,77.041667,14.598273239048572,14,190,6.533881560209424,5.9551162594594595,6.062668336050186,2.0,-0.8660254037844384,-0.5000000000000004,9.67990064,0
Monterey,2016,9,9.67990064,104.791667,12.412909225087288,6,175,12.926224084210526,6.533881560209424,8.47174063462647,14.0,-1.0,-1.8369701987210297e-16,3.44507377486911,0
Monterey,2016,10,3.44507377486911,7.1,1.5617044052916629,0,191,9.67990064,12.926224084210526,9.713335428139983,6.0,-0.8660254037844386,0.5000000000000001,3.960183195530726,0
Monterey,2016,11,3.960183195530726,10.217391,2.002994807789733,0,179,3.44507377486911,9.67990064,8.683732833026546,0.0,-0.5000000000000004,0.8660254037844384,4.749172436464088,0
Monterey,2016,12,4.749172436464088,14.375,2.578368554849306,0,181,3.960183195530726,3.44507377486911,5.695052536799945,0.0,-2.4492935982947064e-16,1.0,4.00286967539267,0
Monterey,2017,1,4.00286967539267,15.9,2.322256081610712,0,191,4.749172436464088,3.960183195530726,4.051476468954641,0.0,0.49999999999999994,0.8660254037844387,3.338273162790698,0
Monterey,2017,2,3.338273162790698,30.285714,3.2055479786950456,0,172,4.00286967539267,4.749172436464088,4.237408435795828,0.0,0.8660254037844386,0.5000000000000001,4.051237281081081,0
Monterey,2017,3,4.051237281081081,11.9,1.720958506551565,0,185,3.338273162790698,4.00286967539267,4.030105091549152,0.0,1.0,6.123233995736766e-17,4.67616812972973,0
Monterey,2017,4,4.67616812972973,11.916667,2.201018829213539,0,185,4.051237281081081,3.338273162790698,3.797460039754816,0.0,0.8660254037844387,-0.49999999999999983,5.832564078947368,0
Monterey,2017,5,5.832564078947368,15.9,2.7625338937045023,0,190,4.67616812972973,4.051237281081081,4.0218928578671695,0.0,0.49999999999999994,-0.8660254037844387,6.430721233695652,0
Monterey,2017,6,6.430721233695652,16.3,3.080665888690421,0,184,5.832564078947368,4.67616812972973,4.853323163252726,0.0,1.2246467991473532e-16,-1.0,6.739367209424084,0
Monterey,2017,7,6.739367209424084,15.541667,3.317364826121666,0,191,6.430721233695652,5.832564078947368,5.646484480790917,0.0,-0.4999999999999998,-0.8660254037844388,7.857665607329843,0
Monterey,2017,8,7.857665607329843,17.5,3.155631150339195,0,191,6.739367209424084,6.430721233695652,6.334217507355702,0.0,-0.8660254037844384,-0.5000000000000004,8.78338227027027,0
Monterey,2017,9,8.78338227027027,43.625,8.480478558483485,7,185,7.857665607329843,6.739367209424084,7.00925135014986,0.0,-1.0,-1.8369701987210297e-16,8.661224075268818,0
Monterey,2017,10,8.661224075268818,29.2,6.260608767897007,0,186,8.78338227027027,7.857665607329843,7.793471695674732,7.0,-0.8660254037844386,0.5000000000000001,3.08446413372093,0
Monterey,2017,11,3.08446413372093,8.416667,1.45804381850985,0,172,8.661224075268818,8.78338227027027,8.434090650956309,0.0,-0.5000000000000004,0.8660254037844384,6.133945945054945,0
Monterey,2017,12,6.133945945054945,18.375,3.0475584215082443,0,182,3.08446413372093,8.661224075268818,6.8430234930866725,0.0,-2.4492935982947064e-16,1.0,4.589756434554974,0
Monterey,2018,1,4.589756434554974,18.291667,2.682094456399001,0,191,6.133945945054945,3.08446413372093,5.959878051348231,0.0,0.49999999999999994,0.8660254037844387,4.283049057803468,0
Monterey,2018,2,4.283049057803468,8.375,1.4071626720264274,0,173,4.589756434554974,6.133945945054945,4.602722171110283,0.0,0.8660254037844386,0.5000000000000001,2.9222574627659577,0
Monterey,2018,3,2.9222574627659577,7.958333,1.6932037321646447,0,188,4.283049057803468,4.589756434554974,5.002250479137795,0.0,1.0,6.123233995736766e-17,5.883419458100558,0
Monterey,2018,4,5.883419458100558,11.833333,2.4198766172228474,0,179,2.9222574627659577,4.283049057803468,3.931687651708133,0.0,0.8660254037844387,-0.49999999999999983,5.59009722513089,0
Monterey,2018,5,5.59009722513089,14.666667,3.1691953273551796,0,191,5.883419458100558,2.9222574627659577,4.362908659556662,0.0,0.49999999999999994,-0.8660254037844387,7.582556765027323,0
Monterey,2018,6,7.582556765027323,13.5,2.259101111709088,0,183,5.59009722513089,5.883419458100558,4.7985913819991355,0.0,1.2246467991473532e-16,-1.0,5.622604937172775,0
Monterey,2018,7,5.622604937172775,11.791667,2.4368424851027983,0,191,7.582556765027323,5.59009722513089,6.352024482752924,0.0,-0.4999999999999998,-0.8660254037844388,11.470867657894738,1
Monterey,2018,8,11.470867657894738,40.375,8.252227693852072,7,190,5.622604937172775,7.582556765027323,6.2650863091103295,0.0,-0.8660254037844384,-0.5000000000000004,7.220646684782609,0
Monterey,2018,9,7.220646684782609,13.5,2.753683554094102,0,184,11.470867657894738,5.622604937172775,8.225343120031612,7.0,-1.0,-1.8369701987210297e-16,5.764668246073299,0
Monterey,2018,10,5.764668246073299,11.916667,2.3469929037754267,0,191,7.220646684782609,11.470867657894738,8.104706426616707,0.0,-0.8660254037844386,0.5000000000000001,13.72809944102564,1
Monterey,2018,11,13.72809944102564,64.083333,14.61281751609615,22,195,5.764668246073299,7.220646684782609,8.152060862916882,0.0,-0.5000000000000004,0.8660254037844384,4.869800810055866,0
Monterey,2018,12,4.869800810055866,15.652174,2.395717312712446,0,179,13.72809944102564,5.764668246073299,8.90447145729385,22.0,-2.4492935982947064e-16,1.0,3.5731267958115183,0
Monterey,2019,1,3.5731267958115183,18.833333,2.3941899854669324,0,191,4.869800810055866,13.72809944102564,8.120856165718267,0.0,0.49999999999999994,0.8660254037844387,2.4850882280701754,0
Monterey,2019,2,2.4850882280701754,5.708333,0.9725585602971474,0,171,3.5731267958115183,4.869800810055866,7.390342348964341,0.0,0.8660254037844386,0.5000000000000001,3.19991373015873,0
Monterey,2019,3,3.19991373015873,7.208333,1.522659025281626,0,189,2.4850882280701754,3.5731267958115183,3.6426719446458526,0.0,1.0,6.123233995736766e-17,5.2509519664804465,0
Monterey,2019,4,5.2509519664804465,20.708333,3.224561522765025,0,179,3.19991373015873,2.4850882280701754,3.086042918013474,0.0,0.8660254037844387,-0.49999999999999983,4.4631197015706805,0
Monterey,2019,5,4.4631197015706805,10.416667,1.9948129350557364,0,191,5.2509519664804465,3.19991373015873,3.645317974903117,0.0,0.49999999999999994,-0.8660254037844387,6.160294593406594,0
Monterey,2019,6,6.160294593406594,53.083333,5.712590831026145,2,182,4.4631197015706805,5.2509519664804465,4.304661799403285,0.0,1.2246467991473532e-16,-1.0,5.255907130890052,0
Monterey,2019,7,5.255907130890052,15.043478,3.0748147772124277,0,191,6.160294593406594,4.4631197015706805,5.291455420485907,2.0,-0.4999999999999998,-0.8660254037844388,4.326519947916666,0
Monterey,2019,8,4.326519947916666,12.0,2.6561390404879166,0,192,5.255907130890052,6.160294593406594,5.293107141955775,0.0,-0.8660254037844384,-0.5000000000000004,4.4121948444444445,0
Monterey,2019,9,4.4121948444444445,13.826087,2.445289297567403,0,180,4.326519947916666,5.255907130890052,5.24757389073777,0.0,-1.0,-1.8369701987210297e-16,5.838389945054946,0
Monterey,2019,10,5.838389945054946,14.652174,2.445639752260728,0,182,4.4121948444444445,4.326519947916666,4.664873974417055,0.0,-0.8660254037844386,0.5000000000000001,5.964388935135135,0
Monterey,2019,11,5.964388935135135,12.6,2.5734926095464172,0,185,5.838389945054946,4.4121948444444445,4.859034912472018,0.0,-0.5000000000000004,0.8660254037844384,2.892850911111111,0
Monterey,2019,12,2.892850911111111,13.625,2.223053992025994,0,180,5.964388935135135,5.838389945054946,5.404991241544842,0.0,-2.4492935982947064e-16,1.0,3.1165913560209426,0
Monterey,2020,1,3.1165913560209426,10.541667,1.6732368751610374,0,191,2.892850911111111,5.964388935135135,4.898543263767063,0.0,0.49999999999999994,0.8660254037844387,4.492771826815642,0
Monterey,2020,2,4.492771826815642,18.166667,2.3278863107887267,0,179,3.1165913560209426,2.892850911111111,3.9912770674223954,0.0,0.8660254037844386,0.5000000000000001,2.4383385894736844,0
Monterey,2020,3,2.4383385894736844,10.1,2.043550788222374,0,190,4.492771826815642,3.1165913560209426,3.5007380313158976,0.0,1.0,6.123233995736766e-17,3.2746398478260867,0
Monterey,2020,4,3.2746398478260867,8.2,1.6733360175709335,0,184,2.4383385894736844,4.492771826815642,3.3492339241034226,0.0,0.8660254037844387,-0.49999999999999983,5.618630282608696,0
Monterey,2020,5,5.618630282608696,18.666667,3.386557569815116,0,184,3.2746398478260867,2.4383385894736844,3.4019167547051374,0.0,0.49999999999999994,-0.8660254037844387,6.289095896739131,0
Monterey,2020,6,6.289095896739131,27.25,4.235959248025494,0,184,5.618630282608696,3.2746398478260867,3.777202906636155,0.0,1.2246467991473532e-16,-1.0,5.566134468421052,0
Monterey,2020,7,5.566134468421052,24.666667,4.064375661603411,0,190,6.289095896739131,5.618630282608696,5.060788675724637,0.0,-0.4999999999999998,-0.8660254037844388,21.339632793650793,1
Monterey,2020,8,21.339632793650793,200.347826,38.21496547568853,26,189,5.566134468421052,6.289095896739131,5.824620215922959,0.0,-0.8660254037844384,-0.5000000000000004,21.227170356756755,1
Monterey,2020,9,21.227170356756755,94.458333,24.238293928595155,37,185,21.339632793650793,5.566134468421052,11.064954386270324,26.0,-1.0,-1.8369701987210297e-16,10.717429760869566,0
Monterey,2020,10,10.717429760869566,62.833333,10.944213974323938,10,184,21.227170356756755,21.339632793650793,16.044312539609532,37.0,-0.8660254037844386,0.5000000000000001,4.476944384615385,0
Monterey,2020,11,4.476944384615385,12.833333,2.2411356636108732,0,182,10.717429760869566,21.227170356756755,17.761410970425704,10.0,-0.5000000000000004,0.8660254037844384,5.44704779144385,0
Napa,2015,2,13.363580553571428,24.75,4.685398167056921,0,56,24.059881967741937,,24.059881967741937,0.0,0.8660254037844386,0.5000000000000001,10.67304229032258,0
Napa,2015,3,10.67304229032258,15.291667,2.3530524211529555,0,62,13.363580553571428,24.059881967741937,18.711731260656684,0.0,1.0,6.123233995736766e-17,10.477028966666666,0
Napa,2015,4,10.477028966666666,18.416667,2.8128552394360393,0,60,10.67304229032258,13.363580553571428,16.032168270545316,0.0,0.8660254037844387,-0.49999999999999983,12.185694258064515,1
Napa,2015,5,12.185694258064515,18.333333,2.3765166442094037,0,62,10.477028966666666,10.67304229032258,11.504550603520224,0.0,0.49999999999999994,-0.8660254037844387,13.74450045,1
Napa,2015,6,13.74450045,23.083333,4.392921014599489,0,60,12.185694258064515,10.477028966666666,11.111921838351256,0.0,1.2246467991473532e-16,-1.0,3.5924396774193545,0
Napa,2015,7,3.5924396774193545,8.727273,2.141222899342986,0,62,13.74450045,12.185694258064515,12.135741224910396,0.0,-0.4999999999999998,-0.8660254037844388,7.361472516129032,0
Napa,2015,8,7.361472516129032,38.25,9.626878082693164,2,62,3.5924396774193545,13.74450045,9.840878128494623,0.0,-0.8660254037844384,-0.5000000000000004,4.856769316666667,0
Napa,2015,9,4.856769316666667,10.875,2.857962562164561,0,60,7.361472516129032,3.5924396774193545,8.232804214516129,2.0,-1.0,-1.8369701987210297e-16,4.5187295645161285,0
Napa,2015,10,4.5187295645161285,10.083333,2.8903417158611484,0,62,4.856769316666667,7.361472516129032,5.270227170071685,0.0,-0.8660254037844386,0.5000000000000001,10.88731334,0
Napa,2015,11,10.88731334,19.541667,4.562520209476881,0,50,4.5187295645161285,4.856769316666667,5.578990465770609,0.0,-0.5000000000000004,0.8660254037844384,12.066159822580644,1
Napa,2015,12,12.066159822580644,34.791667,6.027139780565349,0,62,10.88731334,4.5187295645161285,6.754270740394266,0.0,-2.4492935982947064e-16,1.0,6.957988532258065,0
Napa,2016,1,6.957988532258065,14.208333,2.955473584860331,0,62,12.066159822580644,10.88731334,9.157400909032257,0.0,0.49999999999999994,0.8660254037844387,7.870825310344827,0
Napa,2016,2,7.870825310344827,11.916667,2.516014692318384,0,58,6.957988532258065,12.066159822580644,9.970487231612903,0.0,0.8660254037844386,0.5000000000000001,4.047223135593221,0
Napa,2016,3,4.047223135593221,7.956522,2.8334085676648235,0,59,7.870825310344827,6.957988532258065,8.964991221727846,0.0,1.0,6.123233995736766e-17,5.466896133333333,0
Napa,2016,4,5.466896133333333,9.291667,2.0649566510538766,0,60,4.047223135593221,7.870825310344827,6.292012326065372,0.0,0.8660254037844387,-0.49999999999999983,6.122469875,0
Napa,2016,5,6.122469875,12.625,3.0895413471529283,0,56,5.466896133333333,4.047223135593221,5.794981526423794,0.0,0.49999999999999994,-0.8660254037844387,7.47844881632653,0
Napa,2016,6,7.47844881632653,19.173913,7.4375416158462,0,49,6.122469875,5.466896133333333,5.2121963813088525,0.0,1.2246467991473532e-16,-1.0,10.43117214516129,0
Napa,2016,7,10.43117214516129,16.041667,2.780341006076289,0,62,7.47844881632653,6.122469875,6.355938274886622,0.0,-0.4999999999999998,-0.8660254037844388,9.779195903225808,0
Napa,2016,8,9.779195903225808,13.916667,2.213348016529404,0,62,10.43117214516129,7.47844881632653,8.01069694549594,0.0,-0.8660254037844384,-0.5000000000000004,10.848033192307692,0
Napa,2016,9,10.848033192307692,22.041667,3.995024989828322,0,52,9.779195903225808,10.43117214516129,9.22960562157121,0.0,-1.0,-1.8369701987210297e-16,6.7405446451612905,0
Napa,2016,10,6.7405446451612905,10.041667,2.1953981513643495,0,62,10.848033192307692,9.779195903225808,10.35280041356493,0.0,-0.8660254037844386,0.5000000000000001,10.69808245,0
Napa,2016,11,10.69808245,22.541667,3.4350751420673906,0,60,6.7405446451612905,10.848033192307692,9.122591246898264,0.0,-0.5000000000000004,0.8660254037844384,15.707803177419354,1
Napa,2016,12,15.707803177419354,24.363636,5.400118053361476,0,62,10.69808245,6.7405446451612905,9.428886762489661,0.0,-2.4492935982947064e-16,1.0,12.83821293548387,1
Napa,2017,1,12.83821293548387,25.333333,5.960665235452708,0,62,15.707803177419354,10.69808245,11.048810090860215,0.0,0.49999999999999994,0.8660254037844387,9.344277589285714,0
Napa,2017,2,9.344277589285714,15.708333,2.6537598576957646,0,56,12.83821293548387,15.707803177419354,13.081366187634409,0.0,0.8660254037844386,0.5000000000000001,9.258812516129032,0
Napa,2017,3,9.258812516129032,12.125,1.5700603881991992,0,62,9.344277589285714,12.83821293548387,12.630097900729647,0.0,1.0,6.123233995736766e-17,8.66741545,0
Napa,2017,4,8.66741545,12.708333,1.7969474234330354,0,60,9.258812516129032,9.344277589285714,10.480434346966206,0.0,0.8660254037844387,-0.49999999999999983,8.740521241935484,0
Napa,2017,5,8.740521241935484,16.608696,2.565332943491771,0,62,8.66741545,9.258812516129032,9.090168518471584,0.0,0.49999999999999994,-0.8660254037844387,9.024590516666668,0
Napa,2017,6,9.024590516666668,15.666667,3.628796276805778,0,60,8.740521241935484,8.66741545,8.888916402688173,0.0,1.2246467991473532e-16,-1.0,10.919221803278688,0
Napa,2017,7,10.919221803278688,17.782609,2.583090016391904,0,61,9.024590516666668,8.740521241935484,8.810842402867387,0.0,-0.4999999999999998,-0.8660254037844388,13.180487387096774,1
Napa,2017,8,13.180487387096774,31.125,4.623715581923873,0,62,10.919221803278688,9.024590516666668,9.56144452062695,0.0,-0.8660254037844384,-0.5000000000000004,13.651794509433962,1
Napa,2017,9,13.651794509433962,54.25,13.47341231808665,6,53,13.180487387096774,10.919221803278688,11.041433235680712,0.0,-1.0,-1.8369701987210297e-16,36.20318433870968,1
Napa,2017,10,36.20318433870968,199.136364,48.17099531939997,20,62,13.651794509433962,13.180487387096774,12.583834566603143,6.0,-0.8660254037844386,0.5000000000000001,13.353774711864409,1
Napa,2017,11,13.353774711864409,22.0625,3.2937918604264524,0,59,36.20318433870968,13.651794509433962,21.011822078413473,20.0,-0.5000000000000004,0.8660254037844384,19.020476838709676,1
Napa,2017,12,19.020476838709676,31.5,5.59526509803833,0,62,13.353774711864409,36.20318433870968,21.069584520002685,0.0,-2.4492935982947064e-16,1.0,15.803284225806452,1
Napa,2018,1,15.803284225806452,30.26087,5.731937215153474,0,62,19.020476838709676,13.353774711864409,22.859145296427926,0.0,0.49999999999999994,0.8660254037844387,12.26908,1
Napa,2018,2,12.26908,18.125,3.142404552163124,0,56,15.803284225806452,19.020476838709676,16.059178592126848,0.0,0.8660254037844386,0.5000000000000001,7.950280483870968,0
Napa,2018,3,7.950280483870968,12.458333,2.1975069940782017,0,62,12.26908,15.803284225806452,15.697613688172046,0.0,1.0,6.123233995736766e-17,7.244993966666667,0
Napa,2018,4,7.244993966666667,15.0,2.674676250314159,0,60,7.950280483870968,12.26908,12.007548236559144,0.0,0.8660254037844387,-0.49999999999999983,6.7630609999999995,0
Napa,2018,5,6.7630609999999995,16.26087,3.198553160772287,0,62,7.244993966666667,7.950280483870968,9.154784816845881,0.0,0.49999999999999994,-0.8660254037844387,9.391606283333337,0
Napa,2018,6,9.391606283333337,12.708333,2.7387350130320067,0,60,6.7630609999999995,7.244993966666667,7.319445150179214,0.0,1.2246467991473532e-16,-1.0,7.281105087719298,0
Napa,2018,7,7.281105087719298,14.217391,2.301607048809198,0,57,9.391606283333337,6.7630609999999995,7.799887083333336,0.0,-0.4999999999999998,-0.8660254037844388,12.375812322580646,1
Napa,2018,8,12.375812322580646,25.375,4.787054120135328,0,62,7.281105087719298,9.391606283333337,7.811924123684213,0.0,-0.8660254037844384,-0.5000000000000004,8.802726433962265,0
Napa,2018,9,8.802726433962265,14.043478,3.1047319655088863,0,53,12.375812322580646,7.281105087719298,9.682841231211095,0.0,-1.0,-1.8369701987210297e-16,6.645069410714286,0
Napa,2018,10,6.645069410714286,13.75,3.0544411709796955,0,56,8.802726433962265,12.375812322580646,9.486547948087406,0.0,-0.8660254037844386,0.5000000000000001,34.21831521666666,1
Napa,2018,11,34.21831521666666,117.958333,36.710878612009935,24,60,6.645069410714286,8.802726433962265,9.274536055752401,0.0,-0.5000000000000004,0.8660254037844384,7.472872838709677,0
Napa,2018,12,7.472872838709677,20.041667,3.684132085865883,0,62,34.21831521666666,6.645069410714286,16.555370353781072,24.0,-2.4492935982947064e-16,1.0,8.400174806451613,0
Napa,2019,1,8.400174806451613,21.521739,4.794589318292173,0,62,7.472872838709677,34.21831521666666,16.112085822030213,0.0,0.49999999999999994,0.8660254037844387,3.577752107142857,0
Napa,2019,2,3.577752107142857,6.608696,1.4354263019757731,0,56,8.400174806451613,7.472872838709677,16.697120953942655,0.0,0.8660254037844386,0.5000000000000001,3.3970722096774195,0
Napa,2019,3,3.3970722096774195,9.130435,1.7038173273319803,0,62,3.577752107142857,8.400174806451613,6.48359991743472,0.0,1.0,6.123233995736766e-17,5.4911459166666665,0
Napa,2019,4,5.4911459166666665,13.708333,3.730438657340803,0,60,3.3970722096774195,3.577752107142857,5.1249997077573015,0.0,0.8660254037844387,-0.49999999999999983,5.037634387096774,0
Napa,2019,5,5.037634387096774,12.375,2.366568485152839,0,62,5.4911459166666665,3.3970722096774195,4.1553234111623185,0.0,0.49999999999999994,-0.8660254037844387,7.576825559322034,0
Napa,2019,6,7.576825559322034,14.0,3.2702726856440463,0,59,5.037634387096774,5.4911459166666665,4.641950837813625,0.0,1.2246467991473532e-16,-1.0,7.323572419354838,0
Napa,2019,7,7.323572419354838,12.458333,2.494029755616752,0,62,7.576825559322034,5.037634387096774,6.03520195436183,0.0,-0.4999999999999998,-0.8660254037844388,5.76092214516129,0
Napa,2019,8,5.76092214516129,13.166667,2.7986993843526253,0,62,7.323572419354838,7.576825559322034,6.646010788591219,0.0,-0.8660254037844384,-0.5000000000000004,3.6452898833333336,0
Napa,2019,9,3.6452898833333336,7.791667,1.6384147301945593,0,60,5.76092214516129,7.323572419354838,6.887106707946059,0.0,-1.0,-1.8369701987210297e-16,5.874991649122808,0
Napa,2019,10,5.874991649122808,18.375,4.220294831367897,0,57,3.6452898833333336,5.76092214516129,5.576594815949825,0.0,-0.8660254037844386,0.5000000000000001,8.659870519230768,0
Napa,2019,11,8.659870519230768,12.708333,2.4833068627849606,0,52,5.874991649122808,3.6452898833333336,5.0937345592058145,0.0,-0.5000000000000004,0.8660254037844384,6.6507655,0
Napa,2019,12,6.6507655,12.625,2.7055463948391716,0,62,8.659870519230768,5.874991649122808,6.060050683895642,0.0,-2.4492935982947064e-16,1.0,7.318120096774193,0
Napa,2020,1,7.318120096774193,16.208333,2.9197865324431764,0,62,6.6507655,8.659870519230768,7.061875889451197,0.0,0.49999999999999994,0.8660254037844387,7.949300362068965,0
Napa,2020,2,7.949300362068965,13.416667,2.960479945547448,0,58,7.318120096774193,6.6507655,7.542918705334991,0.0,0.8660254037844386,0.5000000000000001,5.022537403846154,0
Napa,2020,3,5.022537403846154,11.75,2.471109479959656,0,52,7.949300362068965,7.318120096774193,7.306061986281057,0.0,1.0,6.123233995736766e-17,4.4785359,0
Napa,2020,4,4.4785359,9.583333,1.5586520704442426,0,60,5.022537403846154,7.949300362068965,6.763319287563108,0.0,0.8660254037844387,-0.49999999999999983,4.576011016129033,0
Napa,2020,5,4.576011016129033,8.291667,1.5253751826988202,0,62,4.4785359,5.022537403846154,5.81679122197171,0.0,0.49999999999999994,-0.8660254037844387,5.779812783333333,0
Napa,2020,6,5.779812783333333,12.875,3.0929243108538262,0,60,4.576011016129033,4.4785359,4.692361439991733,0.0,1.2246467991473532e-16,-1.0,6.53061774137931,0
Napa,2020,7,6.53061774137931,12.666667,3.3012904934615115,0,58,5.779812783333333,4.576011016129033,4.944786566487459,0.0,-0.4999999999999998,-0.8660254037844388,15.668631822580648,1
Napa,2020,8,15.668631822580648,51.291667,14.368632549402676,10,62,6.53061774137931,5.779812783333333,5.628813846947229,0.0,-0.8660254037844384,-0.5000000000000004,26.399902816666668,1
Napa,2020,9,26.399902816666668,91.75,27.64727639947939,12,60,15.668631822580648,6.53061774137931,9.326354115764435,10.0,-1.0,-1.8369701987210297e-16,21.09535256896552,1
Napa,2020,10,21.09535256896552,148.583333,32.30568984201095,6,58,26.399902816666668,15.668631822580648,16.199717460208877,12.0,-0.8660254037844386,0.5000000000000001,7.356153035087719,0
Napa,2020,11,7.356153035087719,17.0,3.720366346469606,0,57,21.09535256896552,26.399902816666668,21.05462906940428,6.0,-0.5000000000000004,0.8660254037844384,10.54635341935484,0
Nevada,2015,2,4.4625,6.8,1.8267359649698376,0,8,4.422222222222222,,4.422222222222222,0.0,0.8660254037844386,0.5000000000000001,3.322222222222222,0
Nevada,2015,3,3.322222222222222,6.1,1.585699985635506,0,9,4.4625,4.422222222222222,4.442361111111111,0.0,1.0,6.123233995736766e-17,4.514285714285714,0
Nevada,2015,4,4.514285714285714,6.5,1.2005950905399254,0,7,3.322222222222222,4.4625,4.068981481481481,0.0,0.8660254037844387,-0.49999999999999983,5.1125,0
Nevada,2015,5,5.1125,6.9,0.8609587678861284,0,8,4.514285714285714,3.322222222222222,4.099669312169312,0.0,0.49999999999999994,-0.8660254037844387,4.883333333333334,0
Nevada,2015,6,4.883333333333334,7.0,2.0614719660152225,0,6,5.1125,4.514285714285714,4.316335978835979,0.0,1.2246467991473532e-16,-1.0,4.9,0
Nevada,2015,7,4.9,6.4,0.9606545387688245,0,8,4.883333333333334,5.1125,4.836706349206349,0.0,-0.4999999999999998,-0.8660254037844388,7.05,0
Nevada,2015,8,7.05,11.5,3.0044966300530276,0,6,4.9,4.883333333333334,4.965277777777779,0.0,-0.8660254037844384,-0.5000000000000004,3.64,0
Nevada,2015,9,3.64,4.4,0.4774934554525331,0,5,7.05,4.9,5.611111111111112,0.0,-1.0,-1.8369701987210297e-16,4.869230769230769,0
Nevada,2015,10,4.869230769230769,7.3,1.4991022954780944,0,13,3.64,7.05,5.196666666666667,0.0,-0.8660254037844386,0.5000000000000001,5.6899999999999995,0
Nevada,2015,11,5.6899999999999995,12.7,3.637291422045928,0,10,4.869230769230769,3.64,5.186410256410256,0.0,-0.5000000000000004,0.8660254037844384,7.05,0
Nevada,2015,12,7.05,12.8,4.308944186224742,0,6,5.6899999999999995,4.869230769230769,4.733076923076923,0.0,-2.4492935982947064e-16,1.0,5.905882352941177,0
Nevada,2016,1,5.905882352941177,16.3,5.210022863221822,0,17,7.05,5.6899999999999995,5.869743589743589,0.0,0.49999999999999994,0.8660254037844387,5.507142857142857,0
Nevada,2016,2,5.507142857142857,8.3,2.250286916993299,0,14,5.905882352941177,7.05,6.215294117647058,0.0,0.8660254037844386,0.5000000000000001,3.36875,0
Nevada,2016,3,3.36875,6.1,1.674800983201686,0,16,5.507142857142857,5.905882352941177,6.154341736694678,0.0,1.0,6.123233995736766e-17,3.707142857142857,0
Nevada,2016,4,3.707142857142857,6.6,1.5847660762659947,0,14,3.36875,5.507142857142857,4.9272584033613445,0.0,0.8660254037844387,-0.49999999999999983,4.864285714285714,0
Nevada,2016,5,4.864285714285714,7.1,1.6592895341807463,0,14,3.707142857142857,3.36875,4.194345238095238,0.0,0.49999999999999994,-0.8660254037844387,5.621428571428572,0
Nevada,2016,6,5.621428571428572,15.3,3.262886539772502,0,14,4.864285714285714,3.707142857142857,3.980059523809524,0.0,1.2246467991473532e-16,-1.0,7.433333333333334,0
Nevada,2016,7,7.433333333333334,22.1,5.600212580999131,0,15,5.621428571428572,4.864285714285714,4.730952380952381,0.0,-0.4999999999999998,-0.8660254037844388,10.38125,0
Nevada,2016,8,10.38125,15.8,2.9116361379815303,0,16,7.433333333333334,5.621428571428572,5.973015873015874,0.0,-0.8660254037844384,-0.5000000000000004,6.866666666666666,0
Nevada,2016,9,6.866666666666666,11.7,1.917091050325491,0,15,10.38125,7.433333333333334,7.812003968253968,0.0,-1.0,-1.8369701987210297e-16,4.883333333333334,0
Nevada,2016,10,4.883333333333334,21.0,5.405524671083925,0,12,6.866666666666666,10.38125,8.227083333333333,0.0,-0.8660254037844386,0.5000000000000001,4.942857142857143,0
Nevada,2016,11,4.942857142857143,7.1,1.4420681119699026,0,14,4.883333333333334,6.866666666666666,7.377083333333332,0.0,-0.5000000000000004,0.8660254037844384,4.1499999999999995,0
Nevada,2016,12,4.1499999999999995,13.1,3.78021163428716,0,12,4.942857142857143,4.883333333333334,5.564285714285714,0.0,-2.4492935982947064e-16,1.0,6.246666666666667,0
Nevada,2017,1,6.246666666666667,18.5,5.783457525769594,0,15,4.1499999999999995,4.942857142857143,4.658730158730158,0.0,0.49999999999999994,0.8660254037844387,4.891666666666667,0
Nevada,2017,2,4.891666666666667,31.8,8.700100138747969,0,12,6.246666666666667,4.1499999999999995,5.1131746031746035,0.0,0.8660254037844386,0.5000000000000001,5.076923076923077,0
Nevada,2017,3,5.076923076923077,9.7,2.292071059890976,0,13,4.891666666666667,6.246666666666667,5.096111111111111,0.0,1.0,6.123233995736766e-17,4.007142857142857,0
Nevada,2017,4,4.007142857142857,6.6,1.8087242787344664,0,14,5.076923076923077,4.891666666666667,5.405085470085471,0.0,0.8660254037844387,-0.49999999999999983,3.9181818181818184,0
Nevada,2017,5,3.9181818181818184,6.6,1.6684233166784632,0,11,4.007142857142857,5.076923076923077,4.6585775335775335,0.0,0.49999999999999994,-0.8660254037844387,5.08,0
Nevada,2017,6,5.08,9.6,3.4076384784774336,0,5,3.9181818181818184,4.007142857142857,4.334082584082584,0.0,1.2246467991473532e-16,-1.0,6.245454545454546,0
Nevada,2017,7,6.245454545454546,9.2,1.666351485349736,0,11,5.08,3.9181818181818184,4.335108225108225,0.0,-0.4999999999999998,-0.8660254037844388,9.085714285714284,0
Nevada,2017,8,9.085714285714284,12.5,2.5645083927925247,0,14,6.245454545454546,5.08,5.081212121212122,0.0,-0.8660254037844384,-0.5000000000000004,10.127272727272729,0
Nevada,2017,9,10.127272727272729,32.4,8.568090908608628,0,11,9.085714285714284,6.245454545454546,6.803722943722943,0.0,-1.0,-1.8369701987210297e-16,9.625,0
Nevada,2017,10,9.625,68.1,15.77345872026804,1,16,10.127272727272729,9.085714285714284,8.486147186147186,0.0,-0.8660254037844386,0.5000000000000001,3.930769230769231,0
Nevada,2017,11,3.930769230769231,7.5,1.880330031042696,0,13,9.625,10.127272727272729,9.612662337662337,1.0,-0.5000000000000004,0.8660254037844384,2.8366875185185187,0
Nevada,2017,12,2.8366875185185187,27.6,4.577464026472056,0,54,3.930769230769231,9.625,7.894347319347318,0.0,-2.4492935982947064e-16,1.0,2.136864069444444,0
Nevada,2018,1,2.136864069444444,9.4,2.465651261508055,0,72,2.8366875185185187,3.930769230769231,5.464152249762583,0.0,0.49999999999999994,0.8660254037844387,2.356997261538462,0
Nevada,2018,2,2.356997261538462,6.6,2.268921647016811,0,65,2.136864069444444,2.8366875185185187,2.9681069395773974,0.0,0.8660254037844386,0.5000000000000001,1.482341844155844,0
Nevada,2018,3,1.482341844155844,8.3,1.738422638010117,0,77,2.356997261538462,2.136864069444444,2.4435162831671406,0.0,1.0,6.123233995736766e-17,2.5998461643835618,0
Nevada,2018,4,2.5998461643835618,9.9,1.985587795513138,0,73,1.482341844155844,2.356997261538462,1.9920677250462495,0.0,0.8660254037844387,-0.49999999999999983,2.435712731343284,0
Nevada,2018,5,2.435712731343284,7.1,2.016726285026843,0,67,2.5998461643835618,1.482341844155844,2.146395090025955,0.0,0.49999999999999994,-0.8660254037844387,2.428116917808219,0
Nevada,2018,6,2.428116917808219,8.2,2.6683359967449167,0,73,2.435712731343284,2.5998461643835618,2.172633579960896,0.0,1.2246467991473532e-16,-1.0,9.21940511392405,0
Nevada,2018,7,9.21940511392405,50.333333,12.849136373982514,8,79,2.428116917808219,2.435712731343284,2.487891937845021,0.0,-0.4999999999999998,-0.8660254037844388,19.25730355263158,1
Nevada,2018,8,19.25730355263158,61.083333,16.602949622500056,14,76,9.21940511392405,2.428116917808219,4.69441158769185,8.0,-0.8660254037844384,-0.5000000000000004,4.219938933333333,0
Nevada,2018,9,4.219938933333333,18.0,4.368536383636736,0,75,19.25730355263158,9.21940511392405,10.301608528121283,14.0,-1.0,-1.8369701987210297e-16,3.082172582089552,0
Nevada,2018,10,3.082172582089552,9.041667,2.817365606372949,0,67,4.219938933333333,19.25730355263158,10.898882533296321,0.0,-0.8660254037844386,0.5000000000000001,16.74252839189189,1
Nevada,2018,11,16.74252839189189,142.875,30.099724320966384,6,74,3.082172582089552,4.219938933333333,8.853138356018155,0.0,-0.5000000000000004,0.8660254037844384,7.2320995,0
Nevada,2018,12,7.2320995,14.3,3.202405614223462,0,74,16.74252839189189,3.082172582089552,8.014879969104927,6.0,-2.4492935982947064e-16,1.0,7.242596986486487,0
Nevada,2019,1,7.242596986486487,22.0,3.9124439000781255,0,74,7.2320995,16.74252839189189,9.018933491327148,0.0,0.49999999999999994,0.8660254037844387,7.006123171428571,0
Nevada,2019,2,7.006123171428571,18.6,3.005386511736774,0,70,7.242596986486487,7.2320995,10.405741626126126,0.0,0.8660254037844386,0.5000000000000001,6.233382532467533,0
Nevada,2019,3,6.233382532467533,10.875,2.0013047310295415,0,77,7.006123171428571,7.242596986486487,7.16027321930502,0.0,1.0,6.123233995736766e-17,4.90564252,0
Nevada,2019,4,4.90564252,9.333333,1.6930960652370954,0,75,6.233382532467533,7.006123171428571,6.8273675634608635,0.0,0.8660254037844387,-0.49999999999999983,5.408276831168831,0
Nevada,2019,5,5.408276831168831,8.458333,1.6351194479203022,0,77,4.90564252,6.233382532467533,6.048382741298702,0.0,0.49999999999999994,-0.8660254037844387,5.350259054054054,0
Nevada,2019,6,5.350259054054054,10.041667,2.2512510366356024,0,74,5.408276831168831,4.90564252,5.515767294545455,0.0,1.2246467991473532e-16,-1.0,6.191948987012987,0
Nevada,2019,7,6.191948987012987,9.2,1.3447563547671737,0,77,5.350259054054054,5.408276831168831,5.221392801740961,0.0,-0.4999999999999998,-0.8660254037844388,6.121281295774648,0
Nevada,2019,8,6.121281295774648,9.041667,1.3113742558074322,0,71,6.191948987012987,5.350259054054054,5.650161624078624,0.0,-0.8660254037844384,-0.5000000000000004,4.484748337837837,0
Nevada,2019,9,4.484748337837837,6.958333,1.2750384824456775,0,74,6.121281295774648,6.191948987012987,5.887829778947229,0.0,-1.0,-1.8369701987210297e-16,5.8832016176470585,0
Nevada,2019,10,5.8832016176470585,15.8,3.0296444807464167,0,68,4.484748337837837,6.121281295774648,5.5993262068751575,0.0,-0.8660254037844386,0.5000000000000001,6.576597078947368,0
Nevada,2019,11,6.576597078947368,27.1,3.110655088735519,0,76,5.8832016176470585,4.484748337837837,5.496410417086515,0.0,-0.5000000000000004,0.8660254037844384,6.923690839999999,0
Nevada,2019,12,6.923690839999999,16.875,2.7504547507947295,0,75,6.576597078947368,5.8832016176470585,5.648182344810755,0.0,-2.4492935982947064e-16,1.0,7.055945302631579,0
Nevada,2020,1,7.055945302631579,12.409091,2.5581746192709156,0,76,6.923690839999999,6.576597078947368,6.461163178864808,0.0,0.49999999999999994,0.8660254037844387,7.367693208333334,0
Nevada,2020,2,7.367693208333334,12.041667,2.9764243638924706,0,72,7.055945302631579,6.923690839999999,6.852077740526315,0.0,0.8660254037844386,0.5000000000000001,5.893762727272727,0
Nevada,2020,3,5.893762727272727,11.458333,2.045649064549161,0,77,7.367693208333334,7.055945302631579,7.115776450321637,0.0,1.0,6.123233995736766e-17,6.387742492307693,0
Nevada,2020,4,6.387742492307693,10.833333,2.0487941880840097,0,65,5.893762727272727,7.367693208333334,6.7724670794125466,0.0,0.8660254037844387,-0.49999999999999983,5.1145674477611935,0
Nevada,2020,5,5.1145674477611935,8.5,1.15563579449545,0,67,6.387742492307693,5.893762727272727,6.549732809304584,0.0,0.49999999999999994,-0.8660254037844387,4.268284136363636,0
Nevada,2020,6,4.268284136363636,10.652174,2.6941245771598545,0,66,5.1145674477611935,6.387742492307693,5.798690889113871,0.0,1.2246467991473532e-16,-1.0,7.075,0
Nevada,2020,7,7.075,9.3,1.5214377171848763,0,12,4.268284136363636,5.1145674477611935,5.256864692144174,0.0,-0.4999999999999998,-0.8660254037844388,32.05611134210526,1
Nevada,2020,8,32.05611134210526,134.291667,37.10666100033008,30,76,7.075,4.268284136363636,5.485950528041609,0.0,-0.8660254037844384,-0.5000000000000004,45.40798926153846,1
Nevada,2020,9,45.40798926153846,202.208333,52.90139695667549,30,65,32.05611134210526,7.075,14.466465159489632,30.0,-1.0,-1.8369701987210297e-16,11.20823123611111,0
Nevada,2020,10,11.20823123611111,60.541667,13.406698827046013,4,72,45.40798926153846,32.05611134210526,28.179700201214573,30.0,-0.8660254037844386,0.5000000000000001,5.553094246376811,0
Nevada,2020,11,5.553094246376811,11.041667,2.3246981222007426,0,69,11.20823123611111,45.40798926153846,29.557443946584943,4.0,-0.5000000000000004,0.8660254037844384,5.39697870967742,0
Orange,2015,2,13.95945945945946,45.8,11.161353448879344,2,37,15.068571428571428,,15.068571428571428,1.0,0.8660254037844386,0.5000000000000001,8.407894736842104,0
Orange,2015,3,8.407894736842104,21.9,4.580887532259965,0,38,13.95945945945946,15.068571428571428,14.514015444015444,2.0,1.0,6.123233995736766e-17,8.0325,0
Orange,2015,4,8.0325,20.2,3.692430753825299,0,40,8.407894736842104,13.95945945945946,12.478641874957665,0.0,0.8660254037844387,-0.49999999999999983,7.1230769230769235,0
Orange,2015,5,7.1230769230769235,13.6,2.492458260059263,0,39,8.0325,8.407894736842104,10.133284732100522,0.0,0.49999999999999994,-0.8660254037844387,8.53,0
Orange,2015,6,8.53,14.5,2.9580138866892014,0,40,7.1230769230769235,8.0325,7.854490553306342,0.0,1.2246467991473532e-16,-1.0,6.6684210526315795,0
Orange,2015,7,6.6684210526315795,22.8,3.4214826297222025,0,38,8.53,7.1230769230769235,7.895192307692308,0.0,-0.4999999999999998,-0.8660254037844388,8.966666666666667,0
Orange,2015,8,8.966666666666667,14.0,2.7868056470241536,0,36,6.6684210526315795,8.53,7.440499325236168,0.0,-0.8660254037844384,-0.5000000000000004,7.774358974358974,0
Orange,2015,9,7.774358974358974,11.5,2.328961587977055,0,39,8.966666666666667,6.6684210526315795,8.055029239766084,0.0,-1.0,-1.8369701987210297e-16,6.868421052631579,0
Orange,2015,10,6.868421052631579,12.2,2.3797881865547397,0,19,7.774358974358974,8.966666666666667,7.80314889788574,0.0,-0.8660254037844386,0.5000000000000001,6.497058823529412,0
Orange,2015,11,6.497058823529412,13.8,2.662931318783147,0,34,6.868421052631579,7.774358974358974,7.869815564552407,0.0,-0.5000000000000004,0.8660254037844384,7.006666666666666,0
Orange,2015,12,7.006666666666666,14.1,3.6923601949869154,0,15,6.497058823529412,6.868421052631579,7.046612950173322,0.0,-2.4492935982947064e-16,1.0,13.604825884615384,1
Orange,2016,1,13.604825884615384,38.370833,6.588186543456694,2,104,7.006666666666666,6.497058823529412,6.7907155142758855,0.0,0.49999999999999994,0.8660254037844387,11.069062402597403,0
Orange,2016,2,11.069062402597403,28.9625,7.374428123694032,0,77,13.604825884615384,7.006666666666666,9.03618379160382,2.0,0.8660254037844386,0.5000000000000001,11.020863336633663,0
Orange,2016,3,11.020863336633663,29.395833,6.091063460820761,0,101,11.069062402597403,13.604825884615384,10.560184984626483,0.0,1.0,6.123233995736766e-17,9.74587912371134,0
Orange,2016,4,9.74587912371134,18.4875,3.4663562832729107,0,97,11.020863336633663,11.069062402597403,11.89825054128215,0.0,0.8660254037844387,-0.49999999999999983,8.701718817204302,0
Orange,2016,5,8.701718817204302,18.318182,4.148466390706882,0,93,9.74587912371134,11.020863336633663,10.611934954314137,0.0,0.49999999999999994,-0.8660254037844387,12.556604737373736,1
Orange,2016,6,12.556604737373736,27.409091,5.250226341888728,0,99,8.701718817204302,9.74587912371134,9.82282042584977,0.0,1.2246467991473532e-16,-1.0,12.043170291262134,1
Orange,2016,7,12.043170291262134,25.173913,4.0243283483697025,0,103,12.556604737373736,8.701718817204302,10.334734226096458,0.0,-0.4999999999999998,-0.8660254037844388,11.462087757575755,1
Orange,2016,8,11.462087757575755,18.666667,2.93014385928693,0,99,12.043170291262134,12.556604737373736,11.10049794861339,0.0,-0.8660254037844384,-0.5000000000000004,11.35020406060606,1
Orange,2016,9,11.35020406060606,22.583333,3.947082179785447,0,99,11.462087757575755,12.043170291262134,12.020620928737207,0.0,-1.0,-1.8369701987210297e-16,9.28800213265306,0
Orange,2016,10,9.28800213265306,24.0,4.1877976950413816,0,98,11.35020406060606,11.462087757575755,11.61848736981465,0.0,-0.8660254037844386,0.5000000000000001,11.178358319587629,0
Orange,2016,11,11.178358319587629,21.666667,4.575105767912546,0,97,9.28800213265306,11.35020406060606,10.700097983611625,0.0,-0.5000000000000004,0.8660254037844384,12.990510873786407,1
Orange,2016,12,12.990510873786407,45.570833,9.089702522531931,3,103,11.178358319587629,9.28800213265306,10.60552150428225,0.0,-2.4492935982947064e-16,1.0,9.611050134146344,0
Orange,2017,1,9.611050134146344,18.195833,4.100923774141968,0,82,12.990510873786407,11.178358319587629,11.152290442009033,3.0,0.49999999999999994,0.8660254037844387,8.227422887500001,0
Orange,2017,2,8.227422887500001,16.7,3.6770026088980337,0,80,9.611050134146344,12.990510873786407,11.259973109173458,0.0,0.8660254037844386,0.5000000000000001,11.8231356407767,1
Orange,2017,3,11.8231356407767,44.166667,8.80323992682055,5,103,8.227422887500001,9.611050134146344,10.276327965144251,0.0,1.0,6.123233995736766e-17,9.38267265,0
Orange,2017,4,9.38267265,17.845833,3.141729719484653,0,100,11.8231356407767,8.227422887500001,9.887202887474347,5.0,0.8660254037844387,-0.49999999999999983,9.179407363636363,0
Orange,2017,5,9.179407363636363,17.108333,3.2185264329943166,0,110,9.38267265,11.8231356407767,9.811077059425566,0.0,0.49999999999999994,-0.8660254037844387,11.414000213592232,1
Orange,2017,6,11.414000213592232,31.754167,4.838576487789278,0,103,9.179407363636363,9.38267265,10.128405218137688,0.0,1.2246467991473532e-16,-1.0,12.537265351851852,1
Orange,2017,7,12.537265351851852,45.4,6.040803422557139,3,108,11.414000213592232,9.179407363636363,9.99202674240953,0.0,-0.4999999999999998,-0.8660254037844388,12.96593236448598,1
Orange,2017,8,12.96593236448598,25.754167,4.4096647081651446,0,107,12.537265351851852,11.414000213592232,11.043557643026816,3.0,-0.8660254037844384,-0.5000000000000004,11.985227631067962,1
Orange,2017,9,11.985227631067962,27.779167,4.218141288844952,0,103,12.96593236448598,12.537265351851852,12.305732643310021,0.0,-1.0,-1.8369701987210297e-16,15.094490243589744,1
Orange,2017,10,15.094490243589744,32.283333,6.814602627925426,0,78,11.985227631067962,12.96593236448598,12.496141782468598,0.0,-0.8660254037844386,0.5000000000000001,14.83629123076923,1
Orange,2017,11,14.83629123076923,45.879167,9.099739813302506,2,91,15.094490243589744,11.985227631067962,13.348550079714563,0.0,-0.5000000000000004,0.8660254037844384,20.552233752688178,1
Orange,2017,12,20.552233752688178,56.208333,15.197238113062676,16,93,14.83629123076923,15.094490243589744,13.972003035142313,2.0,-2.4492935982947064e-16,1.0,17.95334856190476,1
Orange,2018,1,17.95334856190476,68.083333,15.96476481092076,13,105,20.552233752688178,14.83629123076923,16.82767174234905,16.0,0.49999999999999994,0.8660254037844387,10.5079127979798,0
Orange,2018,2,10.5079127979798,28.179167,6.840888004173449,0,99,17.95334856190476,20.552233752688178,17.780624515120724,13.0,0.8660254037844386,0.5000000000000001,7.214572314814815,0
Orange,2018,3,7.214572314814815,22.266667,4.722636713972867,0,108,10.5079127979798,17.95334856190476,16.337831704190915,0.0,1.0,6.123233995736766e-17,11.36395743809524,1
Orange,2018,4,11.36395743809524,19.429167,3.810112244020628,0,105,7.214572314814815,10.5079127979798,11.891944558233126,0.0,0.8660254037844387,-0.49999999999999983,7.0116031111111115,0
Orange,2018,5,7.0116031111111115,14.083333,2.8278605309842173,0,108,11.36395743809524,7.214572314814815,9.695480850296619,0.0,0.49999999999999994,-0.8660254037844387,10.306920914285714,0
Orange,2018,6,10.306920914285714,13.375,2.2313947792798405,0,105,7.0116031111111115,11.36395743809524,8.530044288007057,0.0,1.2246467991473532e-16,-1.0,12.15518832,1
Orange,2018,7,12.15518832,41.179167,7.909076702467873,6,100,10.306920914285714,7.0116031111111115,9.560827154497355,0.0,-0.4999999999999998,-0.8660254037844388,13.619702128712872,1
Orange,2018,8,13.619702128712872,28.1125,4.707802721787885,0,101,12.15518832,10.306920914285714,9.824570781798942,6.0,-0.8660254037844384,-0.5000000000000004,12.707768762886598,1
Orange,2018,9,12.707768762886598,23.55,3.444572684348684,0,97,13.619702128712872,12.15518832,12.027270454332863,0.0,-1.0,-1.8369701987210297e-16,10.447559156862743,0
Orange,2018,10,10.447559156862743,27.8,5.508802782514762,0,102,12.707768762886598,13.619702128712872,12.827553070533156,0.0,-0.8660254037844386,0.5000000000000001,11.61804041,1
Orange,2018,11,11.61804041,32.1,6.888606169090794,0,100,10.447559156862743,12.707768762886598,12.258343349487404,0.0,-0.5000000000000004,0.8660254037844384,13.776346797979796,1
Orange,2018,12,13.776346797979796,54.1,10.122815039184571,6,99,11.61804041,10.447559156862743,11.591122776583113,0.0,-2.4492935982947064e-16,1.0,9.017343237623765,0
Orange,2019,1,9.017343237623765,23.8,5.654591331974974,0,101,13.776346797979796,11.61804041,11.947315454947514,6.0,0.49999999999999994,0.8660254037844387,5.402245034482759,0
Orange,2019,2,5.402245034482759,11.0625,2.267276808735011,0,87,9.017343237623765,13.776346797979796,11.470576815201186,0.0,0.8660254037844386,0.5000000000000001,6.179889235294118,0
Orange,2019,3,6.179889235294118,12.729167,2.9405605239097863,0,102,5.402245034482759,9.017343237623765,9.398645023362107,0.0,1.0,6.123233995736766e-17,7.379675545454546,0
Orange,2019,4,7.379675545454546,14.5,3.3527105054183948,0,99,6.179889235294118,5.402245034482759,6.866492502466881,0.0,0.8660254037844387,-0.49999999999999983,6.155958088235295,0
Orange,2019,5,6.155958088235295,13.0,3.2350893718703717,0,102,7.379675545454546,6.179889235294118,6.320603271743807,0.0,0.49999999999999994,-0.8660254037844387,7.793991020618556,0
Orange,2019,6,7.793991020618556,14.845833,3.1617872322535185,0,97,6.155958088235295,7.379675545454546,6.5718409563279865,0.0,1.2246467991473532e-16,-1.0,12.30922461764706,1
Orange,2019,7,12.30922461764706,37.141667,4.976220156358381,3,102,7.793991020618556,6.155958088235295,7.109874884769465,0.0,-0.4999999999999998,-0.8660254037844388,9.95405999029126,0
Orange,2019,8,9.95405999029126,18.675,2.7134340228366702,0,103,12.30922461764706,7.793991020618556,8.753057908833638,3.0,-0.8660254037844384,-0.5000000000000004,9.738712597938145,0
Orange,2019,9,9.738712597938145,17.195833,3.2496807115363353,0,97,9.95405999029126,12.30922461764706,10.019091876185625,0.0,-1.0,-1.8369701987210297e-16,10.065589489583331,0
Orange,2019,10,10.065589489583331,18.15,2.779551454071038,0,96,9.738712597938145,9.95405999029126,10.667332401958822,0.0,-0.8660254037844386,0.5000000000000001,14.135401636363635,1
Orange,2019,11,14.135401636363635,36.1,8.57368701201637,3,99,10.065589489583331,9.738712597938145,9.919454025937577,0.0,-0.5000000000000004,0.8660254037844384,9.414172747572817,0
Orange,2019,12,9.414172747572817,24.2,4.992287663294725,0,103,14.135401636363635,10.065589489583331,11.313234574628373,3.0,-2.4492935982947064e-16,1.0,12.2799468,1
Orange,2020,1,12.2799468,41.4,6.875905743721105,1,165,9.414172747572817,14.135401636363635,11.205054624506595,0.0,0.49999999999999994,0.8660254037844387,9.523610623376625,0
Orange,2020,2,9.523610623376625,23.3,4.022060906410278,0,154,12.2799468,9.414172747572817,11.943173727978817,1.0,0.8660254037844386,0.5000000000000001,4.66842119375,0
Orange,2020,3,4.66842119375,17.195833,3.1882524064613293,0,160,9.523610623376625,12.2799468,10.405910056983148,0.0,1.0,6.123233995736766e-17,6.979145496503496,0
Orange,2020,4,6.979145496503496,13.783333,3.452563814980088,0,143,4.66842119375,9.523610623376625,8.823992872375541,0.0,0.8660254037844387,-0.49999999999999983,9.116630159509205,0
Orange,2020,5,9.116630159509205,16.795833,3.769056700925631,0,163,6.979145496503496,4.66842119375,7.057059104543374,0.0,0.49999999999999994,-0.8660254037844387,7.755540128205128,0
Orange,2020,6,7.755540128205128,14.0,2.334645507992351,0,156,9.116630159509205,6.979145496503496,6.9213989499209,0.0,1.2246467991473532e-16,-1.0,10.705116054545456,0
Orange,2020,7,10.705116054545456,55.070833,6.788050425586525,3,165,7.755540128205128,9.116630159509205,7.9504385947392775,0.0,-0.4999999999999998,-0.8660254037844388,10.643909466666669,0
Orange,2020,8,10.643909466666669,18.175,2.405626584012772,0,165,10.705116054545456,7.755540128205128,9.192428780753263,3.0,-0.8660254037844384,-0.5000000000000004,19.81507442948718,1
Orange,2020,9,19.81507442948718,56.7375,11.91150921947436,22,156,10.643909466666669,10.705116054545456,9.701521883139085,0.0,-1.0,-1.8369701987210297e-16,20.440355175757578,1
Orange,2020,10,20.440355175757578,64.870833,12.739764262486544,24,165,19.81507442948718,10.643909466666669,13.721366650233103,22.0,-0.8660254037844386,0.5000000000000001,13.167686007042253,1
Orange,2020,11,13.167686007042253,32.2,5.941259606795891,0,142,20.440355175757578,19.81507442948718,16.96644635730381,24.0,-0.5000000000000004,0.8660254037844384,12.669845660194175,1
Placer,2015,2,7.130118033333333,18.0,3.934259734714245,0,60,12.722502943396226,,12.722502943396226,0.0,0.8660254037844386,0.5000000000000001,5.7509106617647054,0
Placer,2015,3,5.7509106617647054,9.333333,1.7164719287194672,0,68,7.130118033333333,12.722502943396226,9.926310488364779,0.0,1.0,6.123233995736766e-17,6.111662323076923,0
Placer,2015,4,6.111662323076923,11.291667,2.22953545291206,0,65,5.7509106617647054,7.130118033333333,8.534510546164755,0.0,0.8660254037844387,-0.49999999999999983,6.890141686567165,0
Placer,2015,5,6.890141686567165,11.125,1.8528267313833489,0,67,6.111662323076923,5.7509106617647054,6.330897006058321,0.0,0.49999999999999994,-0.8660254037844387,7.38633676923077,0
Placer,2015,6,7.38633676923077,13.208333,2.4363506249346307,0,65,6.890141686567165,6.111662323076923,6.250904890469599,0.0,1.2246467991473532e-16,-1.0,6.7211006493506495,0
Placer,2015,7,6.7211006493506495,14.75,2.436936509989738,0,77,7.38633676923077,6.890141686567165,6.796046926291619,0.0,-0.4999999999999998,-0.8660254037844388,7.406937141414142,0
Placer,2015,8,7.406937141414142,18.416667,3.5012671390805106,0,99,6.7211006493506495,7.38633676923077,6.999193035049527,0.0,-0.8660254037844384,-0.5000000000000004,9.32599125,0
Placer,2015,9,9.32599125,109.833333,17.341712986880665,2,76,7.406937141414142,6.7211006493506495,7.171458186665187,0.0,-1.0,-1.8369701987210297e-16,7.291965044117647,0
Placer,2015,10,7.291965044117647,17.3,3.230889684476687,0,68,9.32599125,7.406937141414142,7.818009680254931,2.0,-0.8660254037844386,0.5000000000000001,7.64363375,0
Placer,2015,11,7.64363375,16.9,3.189697866130492,0,68,7.291965044117647,9.32599125,8.00829781184393,0.0,-0.5000000000000004,0.8660254037844384,8.310027202898551,0
Placer,2015,12,8.310027202898551,20.1,3.420238703407592,0,69,7.64363375,7.291965044117647,8.087196681372548,0.0,-2.4492935982947064e-16,1.0,6.531895309859155,0
Placer,2016,1,6.531895309859155,20.2,3.913061388542347,0,71,8.310027202898551,7.64363375,7.7485419990054,0.0,0.49999999999999994,0.8660254037844387,6.520226046875,0
Placer,2016,2,6.520226046875,11.7,2.097394253614508,0,64,6.531895309859155,8.310027202898551,7.495185420919236,0.0,0.8660254037844386,0.5000000000000001,3.6728566901408457,0
Placer,2016,3,3.6728566901408457,7.521739,1.7981692725077962,0,71,6.520226046875,6.531895309859155,7.120716186544236,0.0,1.0,6.123233995736766e-17,3.220107253731343,0
Placer,2016,4,3.220107253731343,12.8,2.351689369519104,0,67,3.6728566901408457,6.520226046875,5.574992682291668,0.0,0.8660254037844387,-0.49999999999999983,4.81078630882353,0
Placer,2016,5,4.81078630882353,8.791667,2.002133403943405,0,68,3.220107253731343,3.6728566901408457,4.471063330249063,0.0,0.49999999999999994,-0.8660254037844387,7.054885080000001,0
Placer,2016,6,7.054885080000001,26.5,4.533945034479581,0,75,4.81078630882353,3.220107253731343,3.901250084231906,0.0,1.2246467991473532e-16,-1.0,7.820716444444444,0
Placer,2016,7,7.820716444444444,28.666667,6.626852523412508,0,90,7.054885080000001,4.81078630882353,5.028592880851625,0.0,-0.4999999999999998,-0.8660254037844388,7.0462398828125,0
Placer,2016,8,7.0462398828125,15.416667,2.395998746115839,0,128,7.820716444444444,7.054885080000001,6.56212927775599,0.0,-0.8660254037844384,-0.5000000000000004,6.571751233870968,0
Placer,2016,9,6.571751233870968,13.833333,2.404215457220954,0,124,7.0462398828125,7.820716444444444,7.307280469085648,0.0,-1.0,-1.8369701987210297e-16,4.25218027027027,0
Placer,2016,10,4.25218027027027,9.304348,2.510485335401865,0,74,6.571751233870968,7.0462398828125,7.146235853709304,0.0,-0.8660254037844386,0.5000000000000001,4.961496378787879,0
Placer,2016,11,4.961496378787879,18.7,3.1054796539975182,0,66,4.25218027027027,6.571751233870968,5.956723795651246,0.0,-0.5000000000000004,0.8660254037844384,8.191950914285714,0
Placer,2016,12,8.191950914285714,21.2,5.439271816135827,0,70,4.961496378787879,4.25218027027027,5.261809294309706,0.0,-2.4492935982947064e-16,1.0,4.5032641267605635,0
Placer,2017,1,4.5032641267605635,15.041667,3.884382622745428,0,71,8.191950914285714,4.961496378787879,5.801875854447954,0.0,0.49999999999999994,0.8660254037844387,2.6121201612903224,0
Placer,2017,2,2.6121201612903224,8.083333,2.5015754295347508,0,62,4.5032641267605635,8.191950914285714,5.885570473278052,0.0,0.8660254037844386,0.5000000000000001,2.7873112898550723,0
Placer,2017,3,2.7873112898550723,7.6,2.247445670417243,0,69,2.6121201612903224,4.5032641267605635,5.102445067445533,0.0,1.0,6.123233995736766e-17,2.762011446153846,0
Placer,2017,4,2.762011446153846,6.8,2.1577987430881103,0,65,2.7873112898550723,2.6121201612903224,3.300898525968653,0.0,0.8660254037844387,-0.49999999999999983,3.931961671428572,0
Placer,2017,5,3.931961671428572,7.583333,1.9035380671632305,0,70,2.762011446153846,2.7873112898550723,2.7204809657664133,0.0,0.49999999999999994,-0.8660254037844387,4.765758194029851,0
Placer,2017,6,4.765758194029851,9.208333,2.1636607202195144,0,67,3.931961671428572,2.762011446153846,3.160428135812497,0.0,1.2246467991473532e-16,-1.0,7.0427908875,0
Placer,2017,7,7.0427908875,24.458333,3.3319160484647283,0,80,4.765758194029851,3.931961671428572,3.81991043720409,0.0,-0.4999999999999998,-0.8660254037844388,8.87570536036036,0
Placer,2017,8,8.87570536036036,19.208333,3.7374187105320433,0,111,7.0427908875,4.765758194029851,5.246836917652808,0.0,-0.8660254037844384,-0.5000000000000004,8.852303691489361,0
Placer,2017,9,8.852303691489361,29.791667,7.13853034971171,0,94,8.87570536036036,7.0427908875,6.89475148063007,0.0,-1.0,-1.8369701987210297e-16,6.601353703703704,0
Placer,2017,10,6.601353703703704,28.583333,5.550582527864264,0,81,8.852303691489361,8.87570536036036,8.256933313116575,0.0,-0.8660254037844386,0.5000000000000001,5.277417865671642,0
Placer,2017,11,5.277417865671642,11.083333,3.234964468031416,0,67,6.601353703703704,8.852303691489361,8.109787585184476,0.0,-0.5000000000000004,0.8660254037844384,8.65183762295082,0
Placer,2017,12,8.65183762295082,17.625,4.007811322165542,0,61,5.277417865671642,6.601353703703704,6.910358420288236,0.0,-2.4492935982947064e-16,1.0,6.4336439,0
Placer,2018,1,6.4336439,15.8,3.736265333569591,0,70,8.65183762295082,5.277417865671642,6.8435363974420556,0.0,0.49999999999999994,0.8660254037844387,4.147129650793651,0
Placer,2018,2,4.147129650793651,11.8,2.11730131721195,0,63,6.4336439,8.65183762295082,6.787633129540819,0.0,0.8660254037844386,0.5000000000000001,1.7333333285714283,0
Placer,2018,3,1.7333333285714283,5.3,1.5137033228639467,0,70,4.147129650793651,6.4336439,6.410870391248157,0.0,1.0,6.123233995736766e-17,3.166222015151515,0
Placer,2018,4,3.166222015151515,8.0,1.6509700156597773,0,66,1.7333333285714283,4.147129650793651,4.104702293121693,0.0,0.8660254037844387,-0.49999999999999983,3.865945742857143,0
Placer,2018,5,3.865945742857143,9.333333,1.9202423493999865,0,70,3.166222015151515,1.7333333285714283,3.015561664838865,0.0,0.49999999999999994,-0.8660254037844387,6.8370022424242425,0
Placer,2018,6,6.8370022424242425,12.416667,2.109408428197179,0,66,3.865945742857143,3.166222015151515,2.9218336955266953,0.0,1.2246467991473532e-16,-1.0,12.681114342857144,1
Placer,2018,7,12.681114342857144,46.652174,10.657336263363128,6,70,6.8370022424242425,3.865945742857143,4.6230566668109665,0.0,-0.4999999999999998,-0.8660254037844388,24.17100067692308,1
Placer,2018,8,24.17100067692308,60.708333,15.259278831501154,16,65,12.681114342857144,6.8370022424242425,7.794687442712843,6.0,-0.8660254037844384,-0.5000000000000004,9.840696223880595,0
Placer,2018,9,9.840696223880595,26.416667,5.144989418107028,0,67,24.17100067692308,12.681114342857144,14.563039087401487,16.0,-1.0,-1.8369701987210297e-16,6.231521753623189,0
Placer,2018,10,6.231521753623189,10.916667,2.3998240957392336,0,69,9.840696223880595,24.17100067692308,15.564270414553606,0.0,-0.8660254037844386,0.5000000000000001,17.51603251190476,1
Placer,2018,11,17.51603251190476,172.8,29.651527008934256,8,84,6.231521753623189,9.840696223880595,13.414406218142288,0.0,-0.5000000000000004,0.8660254037844384,10.396770642857144,0
Placer,2018,12,10.396770642857144,25.2,5.800118099500955,0,70,17.51603251190476,6.231521753623189,11.196083496469514,8.0,-2.4492935982947064e-16,1.0,7.8565665737704915,0
Placer,2019,1,7.8565665737704915,28.2,6.178127832579786,0,61,10.396770642857144,17.51603251190476,11.381441636128365,0.0,0.49999999999999994,0.8660254037844387,4.710109421875,0
Placer,2019,2,4.710109421875,11.130435,2.720405586716739,0,64,7.8565665737704915,10.396770642857144,11.923123242844133,0.0,0.8660254037844386,0.5000000000000001,5.3335313623188405,0
Placer,2019,3,5.3335313623188405,10.208333,2.112945216816259,0,69,4.710109421875,7.8565665737704915,7.654482212834211,0.0,1.0,6.123233995736766e-17,6.942211411764706,0
Placer,2019,4,6.942211411764706,13.5,3.0253668911318483,0,68,5.3335313623188405,4.710109421875,5.966735785988111,0.0,0.8660254037844387,-0.49999999999999983,7.4022575645161295,0
Placer,2019,5,7.4022575645161295,12.25,2.707216579315208,0,62,6.942211411764706,5.3335313623188405,5.661950731986182,0.0,0.49999999999999994,-0.8660254037844387,7.873131863636364,0
Placer,2019,6,7.873131863636364,12.166667,2.421726749441746,0,66,7.4022575645161295,6.942211411764706,6.559333446199893,0.0,1.2246467991473532e-16,-1.0,7.445826884057971,0
Placer,2019,7,7.445826884057971,11.0,1.5627833445913053,0,69,7.873131863636364,7.4022575645161295,7.405866946639066,0.0,-0.4999999999999998,-0.8660254037844388,7.160854267605634,0
Placer,2019,8,7.160854267605634,10.833333,1.7756866356823289,0,71,7.445826884057971,7.873131863636364,7.573738770736822,0.0,-0.8660254037844384,-0.5000000000000004,5.4426093088235294,0
Placer,2019,9,5.4426093088235294,11.782609,1.6623318363901762,0,68,7.160854267605634,7.445826884057971,7.493271005099989,0.0,-1.0,-1.8369701987210297e-16,8.807521463768115,0
Placer,2019,10,8.807521463768115,20.956522,4.234552054246152,0,69,5.4426093088235294,7.160854267605634,6.683096820162379,0.0,-0.8660254037844386,0.5000000000000001,7.613156323529411,0
Placer,2019,11,7.613156323529411,12.695652,2.579891197096714,0,68,8.807521463768115,5.4426093088235294,7.136995013399093,0.0,-0.5000000000000004,0.8660254037844384,8.604822391304348,0
Placer,2019,12,8.604822391304348,18.0,3.373957800326574,0,69,7.613156323529411,8.807521463768115,7.287762365373685,0.0,-2.4492935982947064e-16,1.0,8.847046565217392,0
Placer,2020,1,8.847046565217392,23.0,3.927116816734996,0,69,8.604822391304348,7.613156323529411,8.341833392867292,0.0,0.49999999999999994,0.8660254037844387,9.589959863636365,0
Placer,2020,2,9.589959863636365,18.583333,3.665714600686007,0,66,8.847046565217392,8.604822391304348,8.355008426683717,0.0,0.8660254037844386,0.5000000000000001,5.679945605263158,0
Placer,2020,3,5.679945605263158,10.0,2.114873069419669,0,38,9.589959863636365,8.847046565217392,9.013942940052702,0.0,1.0,6.123233995736766e-17,5.685020499999999,0
Placer,2020,4,5.685020499999999,9.73913,1.655781874250532,0,58,5.679945605263158,9.589959863636365,8.038984011372305,0.0,0.8660254037844387,-0.49999999999999983,4.798216757142858,0
Placer,2020,5,4.798216757142858,7.875,1.1754943719595683,0,70,5.685020499999999,5.679945605263158,6.984975322966508,0.0,0.49999999999999994,-0.8660254037844387,5.651412661538461,0
Placer,2020,6,5.651412661538461,11.761905,2.609846799373045,0,65,4.798216757142858,5.685020499999999,5.387727620802004,0.0,1.2246467991473532e-16,-1.0,6.825257925373134,0
Placer,2020,7,6.825257925373134,11.7,1.655718925346871,0,67,5.651412661538461,4.798216757142858,5.378216639560439,0.0,-0.4999999999999998,-0.8660254037844388,31.390352558823533,1
Placer,2020,8,31.390352558823533,117.041667,34.742988347357226,24,68,6.825257925373134,5.651412661538461,5.758295781351484,0.0,-0.8660254037844384,-0.5000000000000004,39.92282607462686,1
Placer,2020,9,39.92282607462686,146.0,36.03025004256657,28,67,31.390352558823533,6.825257925373134,14.622341048578377,24.0,-1.0,-1.8369701987210297e-16,14.548913115942028,1
Placer,2020,10,14.548913115942028,61.75,12.935568776893312,6,69,39.92282607462686,31.390352558823533,26.046145519607844,28.0,-0.8660254037844386,0.5000000000000001,7.191588656716418,0
Placer,2020,11,7.191588656716418,17.9,3.506118301412267,0,67,14.548913115942028,39.92282607462686,28.620697249797473,6.0,-0.5000000000000004,0.8660254037844384,10.10574618,0
Plumas,2015,2,19.82777777777778,47.9,11.761642820204385,2,18,32.946666666666665,,32.946666666666665,6.0,0.8660254037844386,0.5000000000000001,11.84,1
Plumas,2015,3,11.84,30.0,6.757015847095131,0,20,19.82777777777778,32.946666666666665,26.38722222222222,2.0,1.0,6.123233995736766e-17,7.835000000000001,0
Plumas,2015,4,7.835000000000001,16.6,4.631502541235801,0,20,11.84,19.82777777777778,21.53814814814815,0.0,0.8660254037844387,-0.49999999999999983,6.588888888888889,0
Plumas,2015,5,6.588888888888889,14.0,2.7924033268618778,0,18,7.835000000000001,11.84,13.167592592592593,0.0,0.49999999999999994,-0.8660254037844387,4.2368421052631575,0
Plumas,2015,6,4.2368421052631575,6.6,0.9523132808038128,0,19,6.588888888888889,7.835000000000001,8.75462962962963,0.0,1.2246467991473532e-16,-1.0,4.694444444444445,0
Plumas,2015,7,4.694444444444445,10.2,1.8293271737162633,0,18,4.2368421052631575,6.588888888888889,6.220243664717349,0.0,-0.4999999999999998,-0.8660254037844388,5.723809523809524,0
Plumas,2015,8,5.723809523809524,11.8,2.735307069033523,0,21,4.694444444444445,4.2368421052631575,5.173391812865497,0.0,-0.8660254037844384,-0.5000000000000004,5.405555555555555,0
Plumas,2015,9,5.405555555555555,13.5,3.0081208170007407,0,18,5.723809523809524,4.694444444444445,4.885032024505708,0.0,-1.0,-1.8369701987210297e-16,9.8,0
Plumas,2015,10,9.8,32.1,8.114801291467339,0,19,5.405555555555555,5.723809523809524,5.2746031746031745,0.0,-0.8660254037844386,0.5000000000000001,23.2375,1
Plumas,2015,11,23.2375,57.3,12.57981849365615,2,16,9.8,5.405555555555555,6.976455026455025,0.0,-0.5000000000000004,0.8660254037844384,20.770588235294117,1
Plumas,2015,12,20.770588235294117,50.3,10.961681252543013,2,17,23.2375,9.8,12.814351851851853,2.0,-2.4492935982947064e-16,1.0,15.763636363636364,1
Plumas,2016,1,15.763636363636364,47.1,10.405412073667865,3,44,20.770588235294117,23.2375,17.936029411764707,2.0,0.49999999999999994,0.8660254037844387,17.225641025641025,1
Plumas,2016,2,17.225641025641025,45.6,10.126248277794485,2,39,15.763636363636364,20.770588235294117,19.923908199643495,3.0,0.8660254037844386,0.5000000000000001,9.984444444444446,0
Plumas,2016,3,9.984444444444446,24.0,6.772771540767807,0,45,17.225641025641025,15.763636363636364,17.9199552081905,2.0,1.0,6.123233995736766e-17,5.975609756097561,0
Plumas,2016,4,5.975609756097561,14.1,2.6699981730148132,0,41,9.984444444444446,17.225641025641025,14.324573944573947,0.0,0.8660254037844387,-0.49999999999999983,4.306818181818182,0
Plumas,2016,5,4.306818181818182,11.2,1.9544103645729336,0,44,5.975609756097561,9.984444444444446,11.061898408727677,0.0,0.49999999999999994,-0.8660254037844387,4.665,0
Plumas,2016,6,4.665,9.2,1.6700299398513787,0,40,4.306818181818182,5.975609756097561,6.7556241274533955,0.0,1.2246467991473532e-16,-1.0,6.475,0
Plumas,2016,7,6.475,19.7,4.3050605700301015,0,44,4.665,4.306818181818182,4.9824759793052475,0.0,-0.4999999999999998,-0.8660254037844388,8.418181818181818,0
Plumas,2016,8,8.418181818181818,15.7,2.9660303694028274,0,44,6.475,4.665,5.148939393939394,0.0,-0.8660254037844384,-0.5000000000000004,6.015384615384615,0
Plumas,2016,9,6.015384615384615,10.7,1.816378476317854,0,39,8.418181818181818,6.475,6.5193939393939395,0.0,-1.0,-1.8369701987210297e-16,9.3175,0
Plumas,2016,10,9.3175,25.0,5.226455753528364,0,40,6.015384615384615,8.418181818181818,6.969522144522145,0.0,-0.8660254037844386,0.5000000000000001,14.426829268292684,1
Plumas,2016,11,14.426829268292684,37.7,6.895071587381959,1,41,9.3175,6.015384615384615,7.917022144522146,0.0,-0.5000000000000004,0.8660254037844384,20.075000000000003,1
Plumas,2016,12,20.075000000000003,57.2,13.025784868044282,4,36,14.426829268292684,9.3175,9.919904627892434,1.0,-2.4492935982947064e-16,1.0,15.97,1
Plumas,2017,1,15.97,54.9,10.150841824380368,2,40,20.075000000000003,14.426829268292684,14.606443089430897,4.0,0.49999999999999994,0.8660254037844387,12.115384615384617,1
Plumas,2017,2,12.115384615384617,32.2,8.171759407977106,0,39,15.97,20.075000000000003,16.823943089430895,2.0,0.8660254037844386,0.5000000000000001,10.507142857142858,0
Plumas,2017,3,10.507142857142858,37.0,8.306987739016305,2,42,12.115384615384617,15.97,16.053461538461537,0.0,1.0,6.123233995736766e-17,5.909523809523809,0
Plumas,2017,4,5.909523809523809,18.5,3.6968549272425912,0,42,10.507142857142858,12.115384615384617,12.864175824175826,2.0,0.8660254037844387,-0.49999999999999983,4.906976744186046,0
Plumas,2017,5,4.906976744186046,10.1,1.846153704176955,0,43,5.909523809523809,10.507142857142858,9.510683760683762,0.0,0.49999999999999994,-0.8660254037844387,4.6625,0
Plumas,2017,6,4.6625,8.6,2.004698007821652,0,40,4.906976744186046,5.909523809523809,7.107881136950904,0.0,1.2246467991473532e-16,-1.0,12.62093023255814,1
Plumas,2017,7,12.62093023255814,108.5,19.400411853010883,2,43,4.6625,4.906976744186046,5.159666851236619,0.0,-0.4999999999999998,-0.8660254037844388,21.365,1
Plumas,2017,8,21.365,109.7,22.31155329098381,7,40,12.62093023255814,4.6625,7.396802325581395,2.0,-0.8660254037844384,-0.5000000000000004,10.746875,0
Plumas,2017,9,10.746875,25.8,7.34047481873728,0,32,21.365,12.62093023255814,12.88281007751938,7.0,-1.0,-1.8369701987210297e-16,12.642857142857142,1
Plumas,2017,10,12.642857142857142,56.2,9.754977182542907,1,35,10.746875,21.365,14.910935077519378,0.0,-0.8660254037844386,0.5000000000000001,16.349999999999998,1
Plumas,2017,11,16.349999999999998,53.0,13.006022513498184,5,38,12.642857142857142,10.746875,14.918244047619046,1.0,-0.5000000000000004,0.8660254037844384,26.848387096774193,1
Plumas,2017,12,26.848387096774193,56.7,12.432990280372136,5,31,16.349999999999998,12.642857142857142,13.24657738095238,5.0,-2.4492935982947064e-16,1.0,19.73870967741935,1
Plumas,2018,1,19.73870967741935,46.8,10.585231139638374,3,31,26.848387096774193,16.349999999999998,18.613748079877112,5.0,0.49999999999999994,0.8660254037844387,16.343589743589742,1
Plumas,2018,2,16.343589743589742,33.8,6.550644599531081,0,39,19.73870967741935,26.848387096774193,20.979032258064517,3.0,0.8660254037844386,0.5000000000000001,9.72325581395349,0
Plumas,2018,3,9.72325581395349,30.1,6.872749405105795,0,43,16.343589743589742,19.73870967741935,20.97689550592776,0.0,1.0,6.123233995736766e-17,6.7,0
Plumas,2018,4,6.7,21.6,4.051893117770733,0,38,9.72325581395349,16.343589743589742,15.268518411654194,0.0,0.8660254037844387,-0.49999999999999983,4.411363636363636,0
Plumas,2018,5,4.411363636363636,8.3,1.3896989650750466,0,44,6.7,9.72325581395349,10.922281852514411,0.0,0.49999999999999994,-0.8660254037844387,4.711904761904762,0
Plumas,2018,6,4.711904761904762,7.4,1.3169073862193992,0,42,4.411363636363636,6.7,6.9448731501057095,0.0,1.2246467991473532e-16,-1.0,13.006976744186046,1
Plumas,2018,7,13.006976744186046,56.2,13.896392052287345,4,43,4.711904761904762,4.411363636363636,5.2744227994227995,0.0,-0.4999999999999998,-0.8660254037844388,17.065,1
Plumas,2018,8,17.065,39.2,11.711194513074956,3,40,13.006976744186046,4.711904761904762,7.376748380818147,4.0,-0.8660254037844384,-0.5000000000000004,6.527500000000001,0
Plumas,2018,9,6.527500000000001,13.4,2.5296181428662208,0,40,17.065,13.006976744186046,11.594627168696936,3.0,-1.0,-1.8369701987210297e-16,9.011627906976743,0
Plumas,2018,10,9.011627906976743,17.8,4.596904201656008,0,43,6.527500000000001,17.065,12.19982558139535,0.0,-0.8660254037844386,0.5000000000000001,18.88095238095238,1
Plumas,2018,11,18.88095238095238,31.1,7.1732986627488335,0,42,9.011627906976743,6.527500000000001,10.868042635658915,0.0,-0.5000000000000004,0.8660254037844384,15.023076923076925,1
Plumas,2018,12,15.023076923076925,70.6,11.67269556967662,1,39,18.88095238095238,9.011627906976743,11.473360095976375,0.0,-2.4492935982947064e-16,1.0,22.45,1
Plumas,2019,1,22.45,49.0,10.554075919687072,4,28,15.023076923076925,18.88095238095238,14.30521907033535,1.0,0.49999999999999994,0.8660254037844387,10.241666666666667,0
Plumas,2019,2,10.241666666666667,24.7,6.346984660901134,0,36,22.45,15.023076923076925,18.784676434676438,4.0,0.8660254037844386,0.5000000000000001,10.253658536585366,0
Plumas,2019,3,10.253658536585366,30.5,6.847192766418061,0,41,10.241666666666667,22.45,15.904914529914533,0.0,1.0,6.123233995736766e-17,4.468571428571429,0
Plumas,2019,4,4.468571428571429,8.3,1.3783561028335485,0,35,10.253658536585366,10.241666666666667,14.315108401084013,0.0,0.8660254037844387,-0.49999999999999983,3.5952380952380953,0
Plumas,2019,5,3.5952380952380953,6.5,1.6530758294844046,0,42,4.468571428571429,10.253658536585366,8.321298877274488,0.0,0.49999999999999994,-0.8660254037844387,4.883333333333333,0
Plumas,2019,6,4.883333333333333,10.2,2.155641115280134,0,42,3.5952380952380953,4.468571428571429,6.105822686798298,0.0,1.2246467991473532e-16,-1.0,4.65609756097561,0
Plumas,2019,7,4.65609756097561,9.8,1.6226596655626535,0,41,4.883333333333333,3.5952380952380953,4.315714285714287,0.0,-0.4999999999999998,-0.8660254037844388,4.8533333333333335,0
Plumas,2019,8,4.8533333333333335,9.5,1.2194633693108248,0,45,4.65609756097561,4.883333333333333,4.378222996515681,0.0,-0.8660254037844384,-0.5000000000000004,5.187179487179487,0
Plumas,2019,9,5.187179487179487,25.1,4.212648840861324,0,39,4.8533333333333335,4.65609756097561,4.79758807588076,0.0,-1.0,-1.8369701987210297e-16,10.319047619047618,0
Plumas,2019,10,10.319047619047618,17.7,4.248514121617058,0,42,5.187179487179487,4.8533333333333335,4.8988701271628114,0.0,-0.8660254037844386,0.5000000000000001,16.176923076923078,1
Plumas,2019,11,16.176923076923078,27.6,4.810157100972107,0,39,10.319047619047618,5.187179487179487,6.7865201465201475,0.0,-0.5000000000000004,0.8660254037844384,15.051282051282053,1
Plumas,2019,12,15.051282051282053,48.1,9.876443846341282,1,39,16.176923076923078,10.319047619047618,10.561050061050063,0.0,-2.4492935982947064e-16,1.0,14.65681818181818,1
Plumas,2020,1,14.65681818181818,39.8,7.757558886218661,1,44,15.051282051282053,16.176923076923078,13.84908424908425,1.0,0.49999999999999994,0.8660254037844387,16.796969696969697,1
Plumas,2020,2,16.796969696969697,40.6,7.182726016652941,1,33,14.65681818181818,15.051282051282053,15.295007770007771,1.0,0.8660254037844386,0.5000000000000001,13.94285714285714,1
Plumas,2020,3,13.94285714285714,21.5,6.3201404908574474,0,14,16.796969696969697,14.65681818181818,15.50168997668998,1.0,1.0,6.123233995736766e-17,8.258333333333333,0
Plumas,2020,4,8.258333333333333,16.4,3.601882925090792,0,12,13.94285714285714,16.796969696969697,15.132215007215008,0.0,0.8660254037844387,-0.49999999999999983,4.166666666666667,0
Plumas,2020,5,4.166666666666667,7.0,1.312411613185529,0,12,8.258333333333333,13.94285714285714,12.999386724386724,0.0,0.49999999999999994,-0.8660254037844387,3.9896551724137934,0
Plumas,2020,6,3.9896551724137934,10.0,2.374168249481761,0,29,4.166666666666667,8.258333333333333,8.789285714285715,0.0,1.2246467991473532e-16,-1.0,7.175000000000001,0
Plumas,2020,7,7.175000000000001,16.1,2.7306069445664067,0,36,3.9896551724137934,4.166666666666667,5.471551724137932,0.0,-0.4999999999999998,-0.8660254037844388,31.423529411764708,1
Plumas,2020,8,31.423529411764708,141.3,39.907666604706954,11,34,7.175000000000001,3.9896551724137934,5.110440613026822,0.0,-0.8660254037844384,-0.5000000000000004,88.85909090909091,1
Plumas,2020,9,88.85909090909091,453.4,123.18561163309582,14,22,31.423529411764708,7.175000000000001,14.196061528059502,11.0,-1.0,-1.8369701987210297e-16,15.078947368421051,1
Plumas,2020,10,15.078947368421051,66.9,14.792184895990015,4,38,88.85909090909091,31.423529411764708,42.48587344028521,14.0,-0.8660254037844386,0.5000000000000001,16.93076923076923,1
Plumas,2020,11,16.93076923076923,33.3,8.097730476275236,0,39,15.078947368421051,88.85909090909091,45.120522563092216,4.0,-0.5000000000000004,0.8660254037844384,23.92692307692308,1
Riverside,2015,2,12.26497179651163,49.9,11.386500464489185,15,172,10.075969516431924,,10.075969516431924,14.0,0.8660254037844386,0.5000000000000001,7.792170452054794,0
Riverside,2015,3,7.792170452054794,26.4,5.2023373977525145,0,146,12.26497179651163,10.075969516431924,11.170470656471776,15.0,1.0,6.123233995736766e-17,10.781216441340783,0
Riverside,2015,4,10.781216441340783,28.9,5.201077684638763,0,179,7.792170452054794,12.26497179651163,10.044370588332782,0.0,0.8660254037844387,-0.49999999999999983,10.96180938888889,0
Riverside,2015,5,10.96180938888889,26.25,4.495155429777381,0,216,10.781216441340783,7.792170452054794,10.279452896635734,0.0,0.49999999999999994,-0.8660254037844387,12.474579814479638,1
Riverside,2015,6,12.474579814479638,29.583333,4.05224146339358,0,221,10.96180938888889,10.781216441340783,9.845065427428155,0.0,1.2246467991473532e-16,-1.0,12.130202530303029,1
Riverside,2015,7,12.130202530303029,27.958333,5.34023403852145,0,198,12.474579814479638,10.96180938888889,11.405868548236436,0.0,-0.4999999999999998,-0.8660254037844388,13.977394793859649,1
Riverside,2015,8,13.977394793859649,25.791667,4.004292041427052,0,228,12.130202530303029,12.474579814479638,11.85553057789052,0.0,-0.8660254037844384,-0.5000000000000004,11.413042552380952,1
Riverside,2015,9,11.413042552380952,27.458333,3.981506368845251,0,210,13.977394793859649,12.130202530303029,12.860725712880772,0.0,-1.0,-1.8369701987210297e-16,9.469630388601036,0
Riverside,2015,10,9.469630388601036,20.375,3.8061124040005216,0,193,11.413042552380952,13.977394793859649,12.506879958847875,0.0,-0.8660254037844386,0.5000000000000001,6.811390379807692,0
Riverside,2015,11,6.811390379807692,20.5,3.4121516333612467,0,208,9.469630388601036,11.413042552380952,11.620022578280546,0.0,-0.5000000000000004,0.8660254037844384,8.587721064814815,0
Riverside,2015,12,8.587721064814815,32.2,5.489585958062904,0,216,6.811390379807692,9.469630388601036,9.231354440263226,0.0,-2.4492935982947064e-16,1.0,11.946434610526316,1
Riverside,2016,1,11.946434610526316,45.6,8.155070677686696,7,285,8.587721064814815,6.811390379807692,8.289580611074514,0.0,0.49999999999999994,0.8660254037844387,9.408325424124511,0
Riverside,2016,2,9.408325424124511,40.1,7.992770582047987,1,257,11.946434610526316,8.587721064814815,9.11518201838294,7.0,0.8660254037844386,0.5000000000000001,9.8073239270073,0
Riverside,2016,3,9.8073239270073,29.2,6.320404786086844,0,274,9.408325424124511,11.946434610526316,9.980827033155215,1.0,1.0,6.123233995736766e-17,8.469110955390335,0
Riverside,2016,4,8.469110955390335,22.8,3.655820640591976,0,269,9.8073239270073,9.408325424124511,10.387361320552708,0.0,0.8660254037844387,-0.49999999999999983,10.486580848056535,0
Riverside,2016,5,10.486580848056535,23.958333,5.387408148338798,0,283,8.469110955390335,9.8073239270073,9.228253435507382,0.0,0.49999999999999994,-0.8660254037844387,13.78027643283582,1
Riverside,2016,6,13.78027643283582,25.714286,4.136408853343554,0,268,10.486580848056535,8.469110955390335,9.58767191015139,0.0,1.2246467991473532e-16,-1.0,13.91487969090909,1
Riverside,2016,7,13.91487969090909,56.958333,6.733390610695985,6,275,13.78027643283582,10.486580848056535,10.91198941209423,0.0,-0.4999999999999998,-0.8660254037844388,13.045639548611112,1
Riverside,2016,8,13.045639548611112,26.666667,4.076820355673453,0,288,13.91487969090909,13.78027643283582,12.727245657267147,6.0,-0.8660254037844384,-0.5000000000000004,11.675684027237354,1
Riverside,2016,9,11.675684027237354,23.625,4.364357123557414,0,257,13.045639548611112,13.91487969090909,13.580265224118675,0.0,-1.0,-1.8369701987210297e-16,11.848049907258066,1
Riverside,2016,10,11.848049907258066,39.0,7.24703720155944,4,248,11.675684027237354,13.045639548611112,12.878734422252519,0.0,-0.8660254037844386,0.5000000000000001,9.400303560869563,0
Riverside,2016,11,9.400303560869563,25.4,4.970625560080106,0,230,11.848049907258066,11.675684027237354,12.18979116103551,4.0,-0.5000000000000004,0.8660254037844384,11.607972588447652,1
Riverside,2016,12,11.607972588447652,39.5,9.256860025854,7,277,9.400303560869563,11.848049907258066,10.974679165121662,0.0,-2.4492935982947064e-16,1.0,7.576864746527779,0
Riverside,2017,1,7.576864746527779,21.4,3.98887936611849,0,288,11.607972588447652,9.400303560869563,10.952108685525095,7.0,0.49999999999999994,0.8660254037844387,8.579031542510121,0
Riverside,2017,2,8.579031542510121,28.5,5.755351190676758,0,247,7.576864746527779,11.607972588447652,9.528380298614998,0.0,0.8660254037844386,0.5000000000000001,9.099912230496454,0
Riverside,2017,3,9.099912230496454,32.7,5.851741109221141,0,282,8.579031542510121,7.576864746527779,9.25462295916185,0.0,1.0,6.123233995736766e-17,9.340957307116105,0
Riverside,2017,4,9.340957307116105,18.208333,3.036466742483037,0,267,9.099912230496454,8.579031542510121,8.418602839844784,0.0,0.8660254037844387,-0.49999999999999983,11.248148072202168,1
Riverside,2017,5,11.248148072202168,35.545455,4.947644980343702,2,277,9.340957307116105,9.099912230496454,9.006633693374226,0.0,0.49999999999999994,-0.8660254037844387,13.7708770411985,1
Riverside,2017,6,13.7708770411985,34.0,5.56473182387135,0,267,11.248148072202168,9.340957307116105,9.896339203271575,2.0,1.2246467991473532e-16,-1.0,14.821698559139785,1
Riverside,2017,7,14.821698559139785,59.7,7.141328109570668,4,279,13.7708770411985,11.248148072202168,11.45332747350559,0.0,-0.4999999999999998,-0.8660254037844388,12.91064797810219,1
Riverside,2017,8,12.91064797810219,28.875,6.100424847998288,0,274,14.821698559139785,13.7708770411985,13.28024122418015,4.0,-0.8660254037844384,-0.5000000000000004,10.379327378676471,0
Riverside,2017,9,10.379327378676471,23.041667,5.290895440679756,0,272,12.91064797810219,14.821698559139785,13.834407859480159,0.0,-1.0,-1.8369701987210297e-16,11.773366557446808,1
Riverside,2017,10,11.773366557446808,31.958333,7.356393602267018,0,235,10.379327378676471,12.91064797810219,12.703891305306149,0.0,-0.8660254037844386,0.5000000000000001,12.918475791469197,1
Riverside,2017,11,12.918475791469197,45.8,10.05223515598109,13,211,11.773366557446808,10.379327378676471,11.687780638075159,0.0,-0.5000000000000004,0.8660254037844384,11.5811826146789,1
Riverside,2017,12,11.5811826146789,62.2,12.690626166108943,15,218,12.918475791469197,11.773366557446808,11.690389909197492,13.0,-2.4492935982947064e-16,1.0,12.617630427046263,1
Riverside,2018,1,12.617630427046263,89.175,13.886491459866328,10,281,11.5811826146789,12.918475791469197,12.091008321198302,15.0,0.49999999999999994,0.8660254037844387,9.429879098245614,0
Riverside,2018,2,9.429879098245614,33.633333,7.259559452975916,0,285,12.617630427046263,11.5811826146789,12.372429611064787,10.0,0.8660254037844386,0.5000000000000001,7.222612047619047,0
Riverside,2018,3,7.222612047619047,26.0,5.345800141493777,0,294,9.429879098245614,12.617630427046263,11.209564046656924,0.0,1.0,6.123233995736766e-17,10.721916860946743,0
Riverside,2018,4,10.721916860946743,30.4,5.828078293495792,0,338,7.222612047619047,9.429879098245614,9.756707190970308,0.0,0.8660254037844387,-0.49999999999999983,9.62448292481203,0
Riverside,2018,5,9.62448292481203,26.041667,5.153557805864971,0,399,10.721916860946743,7.222612047619047,9.124802668937134,0.0,0.49999999999999994,-0.8660254037844387,12.665909986807389,1
Riverside,2018,6,12.665909986807389,30.416667,5.699900137143582,0,379,9.62448292481203,10.721916860946743,9.18967061112594,0.0,1.2246467991473532e-16,-1.0,12.77978103307888,1
Riverside,2018,7,12.77978103307888,48.521739,5.972922758124156,4,393,12.665909986807389,9.62448292481203,11.004103257522054,0.0,-0.4999999999999998,-0.8660254037844388,14.366496538265306,1
Riverside,2018,8,14.366496538265306,69.0,6.467345710501625,2,392,12.77978103307888,12.665909986807389,11.690057981566099,4.0,-0.8660254037844384,-0.5000000000000004,12.58390824127907,1
Riverside,2018,9,12.58390824127907,32.2,5.3285561767042635,0,344,14.366496538265306,12.77978103307888,13.270729186050525,2.0,-1.0,-1.8369701987210297e-16,9.11512981865285,0
Riverside,2018,10,9.11512981865285,31.7,6.401137343376304,0,386,12.58390824127907,14.366496538265306,13.243395270874418,0.0,-0.8660254037844386,0.5000000000000001,10.013904390532543,0
Riverside,2018,11,10.013904390532543,34.4,7.146060730001048,0,338,9.11512981865285,12.58390824127907,12.021844866065743,0.0,-0.5000000000000004,0.8660254037844384,9.848700318766069,0
Riverside,2018,12,9.848700318766069,64.8,10.42921592992526,15,389,10.013904390532543,9.11512981865285,10.570980816821487,0.0,-2.4492935982947064e-16,1.0,7.875619897849463,0
Riverside,2019,1,7.875619897849463,36.4,7.809562092989358,3,372,9.848700318766069,10.013904390532543,9.659244842650487,15.0,0.49999999999999994,0.8660254037844387,6.470944822888283,0
Riverside,2019,2,6.470944822888283,21.8,4.595939205746529,0,367,7.875619897849463,9.848700318766069,9.246074869049359,3.0,0.8660254037844386,0.5000000000000001,5.849387266247379,0
Riverside,2019,3,5.849387266247379,20.2,3.886640048930871,0,477,6.470944822888283,7.875619897849463,8.065088346501271,0.0,1.0,6.123233995736766e-17,7.114366013972056,0
Riverside,2019,4,7.114366013972056,21.5,3.938042746748429,0,501,5.849387266247379,6.470944822888283,6.731983995661708,0.0,0.8660254037844387,-0.49999999999999983,7.461271021912351,0
Riverside,2019,5,7.461271021912351,22.0,4.38972612527468,0,502,7.114366013972056,5.849387266247379,6.478232701035906,0.0,0.49999999999999994,-0.8660254037844387,10.634125628803243,0
Riverside,2019,6,10.634125628803243,23.833333,4.576000047978182,0,493,7.461271021912351,7.114366013972056,6.808341434043928,0.0,1.2246467991473532e-16,-1.0,11.17589022095238,0
Riverside,2019,7,11.17589022095238,58.295833,6.223491342992525,6,525,10.634125628803243,7.461271021912351,8.40325422156255,0.0,-0.4999999999999998,-0.8660254037844388,9.348020133587786,0
Riverside,2019,8,9.348020133587786,19.952381,3.324844088582049,0,524,11.17589022095238,10.634125628803243,9.757095623889326,6.0,-0.8660254037844384,-0.5000000000000004,8.48087523076923,0
Riverside,2019,9,8.48087523076923,17.916667,3.330073891064911,0,507,9.348020133587786,11.17589022095238,10.386011994447804,0.0,-1.0,-1.8369701987210297e-16,8.199276340344168,0
Riverside,2019,10,8.199276340344168,26.6,4.6994364823612464,0,523,8.48087523076923,9.348020133587786,9.6682618617698,0.0,-0.8660254037844386,0.5000000000000001,9.79939159414226,0
Riverside,2019,11,9.79939159414226,46.7,9.571997352144042,16,478,8.199276340344168,8.48087523076923,8.676057234900394,0.0,-0.5000000000000004,0.8660254037844384,6.8259550077220075,0
Riverside,2019,12,6.8259550077220075,38.1,6.1124650355011125,1,518,9.79939159414226,8.199276340344168,8.826514388418554,16.0,-2.4492935982947064e-16,1.0,9.063419667247386,0
Riverside,2020,1,9.063419667247386,40.3,7.69646967500284,5,574,6.8259550077220075,9.79939159414226,8.274874314069478,1.0,0.49999999999999994,0.8660254037844387,8.349733388170055,0
Riverside,2020,2,8.349733388170055,36.4,6.5909077827683396,1,541,9.063419667247386,6.8259550077220075,8.562922089703884,5.0,0.8660254037844386,0.5000000000000001,4.498614863636363,0
Riverside,2020,3,4.498614863636363,18.1,2.901951749515791,0,594,8.349733388170055,9.063419667247386,8.07970268771315,1.0,1.0,6.123233995736766e-17,6.613321645714286,0
Riverside,2020,4,6.613321645714286,19.541667,4.277697921762221,0,525,4.498614863636363,8.349733388170055,7.3039226396846,0.0,0.8660254037844387,-0.49999999999999983,9.378274075601375,0
Riverside,2020,5,9.378274075601375,23.375,4.833394482012286,0,582,6.613321645714286,4.498614863636363,6.487223299173568,0.0,0.49999999999999994,-0.8660254037844387,9.218847068965518,0
Riverside,2020,6,9.218847068965518,30.1,4.482705097768054,0,551,9.378274075601375,6.613321645714286,6.830070194984008,0.0,1.2246467991473532e-16,-1.0,11.165449194881887,0
Riverside,2020,7,11.165449194881887,36.291667,4.7472111441458855,2,508,9.218847068965518,9.378274075601375,8.403480930093727,0.0,-0.4999999999999998,-0.8660254037844388,12.172067283557046,1
Riverside,2020,8,12.172067283557046,25.458333,3.93407618079121,0,596,11.165449194881887,9.218847068965518,9.92085677981626,2.0,-0.8660254037844384,-0.5000000000000004,17.514709993006992,1
Riverside,2020,9,17.514709993006992,64.875,11.657860516617951,50,572,12.172067283557046,11.165449194881887,10.852121182468151,0.0,-1.0,-1.8369701987210297e-16,15.524292188135592,1
Riverside,2020,10,15.524292188135592,49.875,8.94566590132066,21,590,17.514709993006992,12.172067283557046,13.61740882381531,50.0,-0.8660254037844386,0.5000000000000001,10.52087549429658,0
Riverside,2020,11,10.52087549429658,37.041667,7.238632667618139,3,526,15.524292188135592,17.514709993006992,15.07035648823321,21.0,-0.5000000000000004,0.8660254037844384,8.928902931608134,0
Sacramento,2015,2,10.690139241830066,31.958333,6.2309338800820955,0,153,22.036794807909605,,22.036794807909605,14.0,0.8660254037844386,0.5000000000000001,6.383744097142857,0
Sacramento,2015,3,6.383744097142857,13.5,2.608755115369985,0,175,10.690139241830066,22.036794807909605,16.363467024869834,0.0,1.0,6.123233995736766e-17,5.471824636363636,0
Sacramento,2015,4,5.471824636363636,16.541667,2.873533675002266,0,143,6.383744097142857,10.690139241830066,13.03689271562751,0.0,0.8660254037844387,-0.49999999999999983,6.463485965317919,0
Sacramento,2015,5,6.463485965317919,12.1,2.21621153518137,0,173,5.471824636363636,6.383744097142857,7.5152359917788525,0.0,0.49999999999999994,-0.8660254037844387,7.153775277777777,0
Sacramento,2015,6,7.153775277777777,15.5,3.266243076147324,0,108,6.463485965317919,5.471824636363636,6.106351566274804,0.0,1.2246467991473532e-16,-1.0,6.36842161452514,0
Sacramento,2015,7,6.36842161452514,11.5,2.1443335905268412,0,179,7.153775277777777,6.463485965317919,6.363028626486444,0.0,-0.4999999999999998,-0.8660254037844388,8.179193443181818,0
Sacramento,2015,8,8.179193443181818,24.166667,4.8265461467260655,0,176,6.36842161452514,7.153775277777777,6.661894285873612,0.0,-0.8660254037844384,-0.5000000000000004,7.673881867549668,0
Sacramento,2015,9,7.673881867549668,38.125,5.568560192628404,4,151,8.179193443181818,6.36842161452514,7.233796778494912,0.0,-1.0,-1.8369701987210297e-16,6.4749448,0
Sacramento,2015,10,6.4749448,19.521739,4.087200922921089,0,165,7.673881867549668,8.179193443181818,7.407165641752209,4.0,-0.8660254037844386,0.5000000000000001,9.031116136645965,0
Sacramento,2015,11,9.031116136645965,30.3,6.626850479550555,0,161,6.4749448,7.673881867549668,7.442673370243829,0.0,-0.5000000000000004,0.8660254037844384,8.327264877906977,0
Sacramento,2015,12,8.327264877906977,30.7,5.508466865747476,0,172,9.031116136645965,6.4749448,7.726647601398544,0.0,-2.4492935982947064e-16,1.0,6.591416367231639,0
Sacramento,2016,1,6.591416367231639,26.7,6.029394966808852,0,177,8.327264877906977,9.031116136645965,7.9444419381843145,0.0,0.49999999999999994,0.8660254037844387,6.66174090797546,0
Sacramento,2016,2,6.66174090797546,18.1,4.0813232712646395,0,163,6.591416367231639,8.327264877906977,7.983265793928193,0.0,0.8660254037844386,0.5000000000000001,3.3052464802259887,0
Sacramento,2016,3,3.3052464802259887,10.3,2.087090732005266,0,177,6.66174090797546,6.591416367231639,7.193474051038025,0.0,1.0,6.123233995736766e-17,3.9758446976744186,0
Sacramento,2016,4,3.9758446976744186,10.8,2.3164379086552587,0,172,3.3052464802259887,6.66174090797546,5.519467918477695,0.0,0.8660254037844387,-0.49999999999999983,4.869138751445087,0
Sacramento,2016,5,4.869138751445087,10.4,2.6071177814616964,0,173,3.9758446976744186,3.3052464802259887,4.647610695291956,0.0,0.49999999999999994,-0.8660254037844387,6.07970707051282,0
Sacramento,2016,6,6.07970707051282,21.583333,3.5004394532425476,0,156,4.869138751445087,3.9758446976744186,4.0500766431151645,0.0,1.2246467991473532e-16,-1.0,5.922803302857142,0
Sacramento,2016,7,5.922803302857142,14.708333,2.623972696693605,0,175,6.07970707051282,4.869138751445087,4.974896839877442,0.0,-0.4999999999999998,-0.8660254037844388,7.556869094444445,0
Sacramento,2016,8,7.556869094444445,13.666667,2.559313486565672,0,180,5.922803302857142,6.07970707051282,5.6238830416050165,0.0,-0.8660254037844384,-0.5000000000000004,8.699020067073171,0
Sacramento,2016,9,8.699020067073171,18.9,2.6699175213379416,0,164,7.556869094444445,5.922803302857142,6.519793155938136,0.0,-1.0,-1.8369701987210297e-16,5.735953195804196,0
Sacramento,2016,10,5.735953195804196,11.5,2.0647770523063342,0,143,8.699020067073171,7.556869094444445,7.392897488124919,0.0,-0.8660254037844386,0.5000000000000001,9.38730854819277,0
Sacramento,2016,11,9.38730854819277,24.7,4.520287598767559,0,166,5.735953195804196,8.699020067073171,7.330614119107271,0.0,-0.5000000000000004,0.8660254037844384,13.862420532163744,1
Sacramento,2016,12,13.862420532163744,46.8,7.913041652984564,3,171,9.38730854819277,5.735953195804196,7.9407606036900455,0.0,-2.4492935982947064e-16,1.0,8.089480751445087,0
Sacramento,2017,1,8.089480751445087,25.3,5.677879221823878,0,173,13.862420532163744,9.38730854819277,9.66189409205357,3.0,0.49999999999999994,0.8660254037844387,5.4509287468354435,0
Sacramento,2017,2,5.4509287468354435,27.0,4.217241158266014,0,158,8.089480751445087,13.862420532163744,10.446403277267201,0.0,0.8660254037844386,0.5000000000000001,5.217639936416185,0
Sacramento,2017,3,5.217639936416185,14.3,2.3722235244086236,0,173,5.4509287468354435,8.089480751445087,9.134276676814759,0.0,1.0,6.123233995736766e-17,4.571563257309942,0
Sacramento,2017,4,4.571563257309942,9.5,1.7769973959126386,0,171,5.217639936416185,5.4509287468354435,6.2526831448989055,0.0,0.8660254037844387,-0.49999999999999983,5.271530222222222,0
Sacramento,2017,5,5.271530222222222,10.208333,2.042893719362278,0,207,4.571563257309942,5.217639936416185,5.08004398018719,0.0,0.49999999999999994,-0.8660254037844387,6.129500482142857,0
Sacramento,2017,6,6.129500482142857,14.25,3.6017191865677183,0,224,5.271530222222222,4.571563257309942,5.020244471982783,0.0,1.2246467991473532e-16,-1.0,9.525985312217196,0
Sacramento,2017,7,9.525985312217196,36.791667,3.915239848946397,2,221,6.129500482142857,5.271530222222222,5.3241979872250065,0.0,-0.4999999999999998,-0.8660254037844388,12.796048396624473,1
Sacramento,2017,8,12.796048396624473,22.541667,3.558190176613085,0,237,9.525985312217196,6.129500482142857,6.975672005527426,2.0,-0.8660254037844384,-0.5000000000000004,12.191142896995707,1
Sacramento,2017,9,12.191142896995707,46.9,8.889658059529117,5,233,12.796048396624473,9.525985312217196,9.483844730328176,0.0,-1.0,-1.8369701987210297e-16,10.536526835680752,0
Sacramento,2017,10,10.536526835680752,42.0,6.781354763978278,1,213,12.191142896995707,12.796048396624473,11.504392201945791,5.0,-0.8660254037844386,0.5000000000000001,7.721048713043478,0
Sacramento,2017,11,7.721048713043478,27.1,5.585429116124673,0,230,10.536526835680752,12.191142896995707,11.841239376433643,1.0,-0.5000000000000004,0.8660254037844384,13.652503302521009,1
Sacramento,2017,12,13.652503302521009,40.3,8.73600947049697,5,238,7.721048713043478,10.536526835680752,10.14957281523998,0.0,-2.4492935982947064e-16,1.0,11.223521384615385,0
Sacramento,2018,1,11.223521384615385,42.7,6.30357435826428,3,234,13.652503302521009,7.721048713043478,10.63669295041508,5.0,0.49999999999999994,0.8660254037844387,8.970654550724639,0
Sacramento,2018,2,8.970654550724639,32.8,4.891749353036648,0,207,11.223521384615385,13.652503302521009,10.865691133393291,3.0,0.8660254037844386,0.5000000000000001,5.494744995370371,0
Sacramento,2018,3,5.494744995370371,13.333333,2.612913187324518,0,216,8.970654550724639,11.223521384615385,11.282226412620345,0.0,1.0,6.123233995736766e-17,6.823216008695653,0
Sacramento,2018,4,6.823216008695653,18.608696,3.041972876966309,0,230,5.494744995370371,8.970654550724639,8.562973643570134,0.0,0.8660254037844387,-0.49999999999999983,6.565925204347826,0
Sacramento,2018,5,6.565925204347826,13.166667,2.7385246304849087,0,230,6.823216008695653,5.494744995370371,7.096205184930221,0.0,0.49999999999999994,-0.8660254037844387,8.331748847826086,0
Sacramento,2018,6,8.331748847826086,14.958333,2.631624602683981,0,230,6.565925204347826,6.823216008695653,6.294628736137951,0.0,1.2246467991473532e-16,-1.0,9.711304620833332,0
Sacramento,2018,7,9.711304620833332,25.916667,5.473231879389513,0,240,8.331748847826086,6.565925204347826,7.240296686956522,0.0,-0.4999999999999998,-0.8660254037844388,20.797141114893616,1
Sacramento,2018,8,20.797141114893616,45.916667,9.325073289926824,16,235,9.711304620833332,8.331748847826086,8.202992891002415,0.0,-0.8660254037844384,-0.5000000000000004,9.151371217391304,0
Sacramento,2018,9,9.151371217391304,19.625,4.144541087932532,0,230,20.797141114893616,9.711304620833332,12.946731527851012,16.0,-1.0,-1.8369701987210297e-16,6.049185058823529,0
Sacramento,2018,10,6.049185058823529,15.9,2.745528447222506,0,221,9.151371217391304,20.797141114893616,13.219938984372751,0.0,-0.8660254037844386,0.5000000000000001,28.82131872072072,1
Sacramento,2018,11,28.82131872072072,228.4,42.722443091718795,53,222,6.049185058823529,9.151371217391304,11.999232463702816,0.0,-0.5000000000000004,0.8660254037844384,10.886104369294603,0
Sacramento,2018,12,10.886104369294603,30.3,6.917666774020821,0,241,28.82131872072072,6.049185058823529,14.67395833231185,53.0,-2.4492935982947064e-16,1.0,10.058862820083682,0
Sacramento,2019,1,10.058862820083682,41.4,8.392413385213068,3,239,10.886104369294603,28.82131872072072,15.252202716279617,0.0,0.49999999999999994,0.8660254037844387,3.271313212962963,0
Sacramento,2019,2,3.271313212962963,12.8,2.473724764386983,0,216,10.058862820083682,10.886104369294603,16.588761970033,3.0,0.8660254037844386,0.5000000000000001,3.813657632911392,0
Sacramento,2019,3,3.813657632911392,10.5,2.029541407370832,0,237,3.271313212962963,10.058862820083682,8.072093467447083,0.0,1.0,6.123233995736766e-17,5.332902021459227,0
Sacramento,2019,4,5.332902021459227,15.833333,3.583696798152265,0,233,3.813657632911392,3.271313212962963,5.714611221986012,0.0,0.8660254037844387,-0.49999999999999983,5.940999518518518,0
Sacramento,2019,5,5.940999518518518,11.583333,2.566189511142551,0,216,5.332902021459227,3.813657632911392,4.13929095577786,0.0,0.49999999999999994,-0.8660254037844387,6.410495447368421,0
Sacramento,2019,6,6.410495447368421,14.666667,2.6542296109072243,0,228,5.940999518518518,5.332902021459227,5.029186390963045,0.0,1.2246467991473532e-16,-1.0,6.462892054726368,0
Sacramento,2019,7,6.462892054726368,22.4,3.1378773154149044,0,201,6.410495447368421,5.940999518518518,5.894798995782055,0.0,-0.4999999999999998,-0.8660254037844388,5.3536307863247865,0
Sacramento,2019,8,5.3536307863247865,14.3,2.4697327066888124,0,117,6.462892054726368,6.410495447368421,6.271462340204436,0.0,-0.8660254037844384,-0.5000000000000004,4.530857890909091,0
Sacramento,2019,9,4.530857890909091,18.0,2.86510791839898,0,110,5.3536307863247865,6.462892054726368,6.0756727628065255,0.0,-1.0,-1.8369701987210297e-16,8.045451820754717,0
Sacramento,2019,10,8.045451820754717,21.0,4.310622909738292,0,106,4.530857890909091,5.3536307863247865,5.449126910653415,0.0,-0.8660254037844386,0.5000000000000001,10.737157383928572,0
Sacramento,2019,11,10.737157383928572,25.7,5.9052347178266125,0,112,8.045451820754717,4.530857890909091,5.9766468326628654,0.0,-0.5000000000000004,0.8660254037844384,8.059249018181818,0
Sacramento,2019,12,8.059249018181818,29.6,5.4421448027950765,0,110,10.737157383928572,8.045451820754717,7.7711556985307935,0.0,-2.4492935982947064e-16,1.0,11.028578427350428,0
Sacramento,2020,1,11.028578427350428,30.2,6.779062966433493,0,117,8.059249018181818,10.737157383928572,8.94728607428837,0.0,0.49999999999999994,0.8660254037844387,9.86430989719626,0
Sacramento,2020,2,9.86430989719626,27.5,5.159570580675848,0,107,11.028578427350428,8.059249018181818,9.941661609820274,0.0,0.8660254037844386,0.5000000000000001,4.864903717948717,0
Sacramento,2020,3,4.864903717948717,12.7,2.962744242232123,0,117,9.86430989719626,11.028578427350428,9.65071244757617,0.0,1.0,6.123233995736766e-17,4.613332625,0
Sacramento,2020,4,4.613332625,8.4,1.6575999740350371,0,104,4.864903717948717,9.86430989719626,8.585930680831803,0.0,0.8660254037844387,-0.49999999999999983,4.538059792792793,0
Sacramento,2020,5,4.538059792792793,9.0,1.5100936850180713,0,111,4.613332625,4.864903717948717,6.447515413381659,0.0,0.49999999999999994,-0.8660254037844387,6.247681145454545,0
Sacramento,2020,6,6.247681145454545,56.3,5.49517134269282,1,110,4.538059792792793,4.613332625,4.672098711913836,0.0,1.2246467991473532e-16,-1.0,7.747381413793104,0
Sacramento,2020,7,7.747381413793104,64.0,5.7972736423457425,1,116,6.247681145454545,4.538059792792793,5.133024521082446,1.0,-0.4999999999999998,-0.8660254037844388,25.399097403508772,1
Sacramento,2020,8,25.399097403508772,97.5,25.429661480396764,28,114,7.747381413793104,6.247681145454545,6.177707450680148,1.0,-0.8660254037844384,-0.5000000000000004,36.99767726785715,1
Sacramento,2020,9,36.99767726785715,147.3,35.64728713149521,37,112,25.399097403508772,7.747381413793104,13.13138665425214,28.0,-1.0,-1.8369701987210297e-16,19.585833311926603,1
Sacramento,2020,10,19.585833311926603,76.8,16.80511831521602,12,109,36.99767726785715,25.399097403508772,23.381385361719676,37.0,-0.8660254037844386,0.5000000000000001,11.829596285714286,1
Sacramento,2020,11,11.829596285714286,39.1,7.831374916877591,3,105,19.585833311926603,36.99767726785715,27.327535994430843,12.0,-0.5000000000000004,0.8660254037844384,12.200953443137257,1
San Benito,2015,2,4.999598892857143,14.652174,3.2638847699644593,0,56,5.516199161290323,,5.516199161290323,0.0,0.8660254037844386,0.5000000000000001,3.8986749344262295,0
San Benito,2015,3,3.8986749344262295,8.875,2.005894249551796,0,61,4.999598892857143,5.516199161290323,5.257899027073733,0.0,1.0,6.123233995736766e-17,3.4524753166666664,0
San Benito,2015,4,3.4524753166666664,7.333333,2.0436462038299816,0,60,3.8986749344262295,4.999598892857143,4.804824329524565,0.0,0.8660254037844387,-0.49999999999999983,3.863604483870968,0
San Benito,2015,5,3.863604483870968,8.041667,2.081650923376733,0,62,3.4524753166666664,3.8986749344262295,4.116916381316679,0.0,0.49999999999999994,-0.8660254037844387,4.989676650000001,0
San Benito,2015,6,4.989676650000001,10.333333,2.6663619528702003,0,60,3.863604483870968,3.4524753166666664,3.738251578321288,0.0,1.2246467991473532e-16,-1.0,3.321234951612903,0
San Benito,2015,7,3.321234951612903,7.166667,1.9656687584601105,0,62,4.989676650000001,3.863604483870968,4.1019188168458784,0.0,-0.4999999999999998,-0.8660254037844388,6.097381037037037,0
San Benito,2015,8,6.097381037037037,23.3,5.078769017251117,0,54,3.321234951612903,4.989676650000001,4.058172028494624,0.0,-0.8660254037844384,-0.5000000000000004,4.139432383333333,0
San Benito,2015,9,4.139432383333333,7.958333,1.9062071975055337,0,60,6.097381037037037,3.321234951612903,4.8027642128833135,0.0,-1.0,-1.8369701987210297e-16,4.2585729193548385,0
San Benito,2015,10,4.2585729193548385,7.434783,1.556150762933043,0,62,4.139432383333333,6.097381037037037,4.519349457327757,0.0,-0.8660254037844386,0.5000000000000001,3.846452816666667,0
San Benito,2015,11,3.846452816666667,8.833333,1.9066521492404436,0,60,4.2585729193548385,4.139432383333333,4.831795446575069,0.0,-0.5000000000000004,0.8660254037844384,3.722215693548387,0
San Benito,2015,12,3.722215693548387,9.0,1.9539928308466872,0,62,3.846452816666667,4.2585729193548385,4.081486039784946,0.0,-2.4492935982947064e-16,1.0,3.704736709677419,0
San Benito,2016,1,3.704736709677419,15.0,3.105169492953415,0,62,3.722215693548387,3.846452816666667,3.9424138098566313,0.0,0.49999999999999994,0.8660254037844387,3.517005827586207,0
San Benito,2016,2,3.517005827586207,8.791667,1.972674076812222,0,58,3.704736709677419,3.722215693548387,3.7578017399641577,0.0,0.8660254037844386,0.5000000000000001,1.9570301451612904,0
San Benito,2016,3,1.9570301451612904,5.5,1.6514236239111189,0,62,3.517005827586207,3.704736709677419,3.647986076937338,0.0,1.0,6.123233995736766e-17,2.92609355,0
San Benito,2016,4,2.92609355,7.041667,1.8161217490872712,0,60,1.9570301451612904,3.517005827586207,3.059590894141639,0.0,0.8660254037844387,-0.49999999999999983,3.574538370967742,0
San Benito,2016,5,3.574538370967742,9.458333,2.691548116326652,0,62,2.92609355,1.9570301451612904,2.8000431742491654,0.0,0.49999999999999994,-0.8660254037844387,4.146932355932203,0
San Benito,2016,6,4.146932355932203,9.125,2.5028902112617915,0,59,3.574538370967742,2.92609355,2.8192206887096773,0.0,1.2246467991473532e-16,-1.0,6.982545754716981,0
San Benito,2016,7,6.982545754716981,16.25,4.396364916408794,0,53,4.146932355932203,3.574538370967742,3.549188092299982,0.0,-0.4999999999999998,-0.8660254037844388,8.00876685483871,0
San Benito,2016,8,8.00876685483871,20.416667,3.826558401412405,0,62,6.982545754716981,4.146932355932203,4.901338827205642,0.0,-0.8660254037844384,-0.5000000000000004,6.879532833333333,0
San Benito,2016,9,6.879532833333333,12.333333,2.308571941401475,0,60,8.00876685483871,6.982545754716981,6.379414988495964,0.0,-1.0,-1.8369701987210297e-16,2.821821071428572,0
San Benito,2016,10,2.821821071428572,5.695652,1.5390123009800896,0,56,6.879532833333333,8.00876685483871,7.290281814296342,0.0,-0.8660254037844386,0.5000000000000001,3.2913539166666665,0
San Benito,2016,11,3.2913539166666665,7.208333,1.6547277443234605,0,60,2.821821071428572,6.879532833333333,5.903373586533539,0.0,-0.5000000000000004,0.8660254037844384,3.3772126451612903,0
San Benito,2016,12,3.3772126451612903,6.913043,1.796654516081515,0,62,3.2913539166666665,2.821821071428572,4.330902607142857,0.0,-2.4492935982947064e-16,1.0,2.1248193548387095,0
San Benito,2017,1,2.1248193548387095,6.833333,1.8675790672613368,0,62,3.3772126451612903,3.2913539166666665,3.163462544418843,0.0,0.49999999999999994,0.8660254037844387,1.7722233571428572,0
San Benito,2017,2,1.7722233571428572,4.0,1.3033415236779151,0,56,2.1248193548387095,3.3772126451612903,2.931128638888889,0.0,0.8660254037844386,0.5000000000000001,3.1748284032258063,0
San Benito,2017,3,3.1748284032258063,8.0,1.4111310030025326,0,62,1.7722233571428572,2.1248193548387095,2.4247517857142857,0.0,1.0,6.123233995736766e-17,3.1541661,0
San Benito,2017,4,3.1541661,7.409091,1.8508868746798817,0,60,3.1748284032258063,1.7722233571428572,2.357290371735791,0.0,0.8660254037844387,-0.49999999999999983,4.140377887096775,0
San Benito,2017,5,4.140377887096775,10.791667,2.161707056648921,0,62,3.1541661,3.1748284032258063,2.700405953456221,0.0,0.49999999999999994,-0.8660254037844387,4.330508983333333,0
San Benito,2017,6,4.330508983333333,8.26087,2.494300157175525,0,60,4.140377887096775,3.1541661,3.489790796774193,0.0,1.2246467991473532e-16,-1.0,5.598571919354839,0
San Benito,2017,7,5.598571919354839,13.333333,2.559397851821357,0,62,4.330508983333333,4.140377887096775,3.875017656810036,0.0,-0.4999999999999998,-0.8660254037844388,7.653669951612903,0
San Benito,2017,8,7.653669951612903,14.083333,3.0118918058346513,0,62,5.598571919354839,4.330508983333333,4.689819596594982,0.0,-0.8660254037844384,-0.5000000000000004,7.674118883333334,0
San Benito,2017,9,7.674118883333334,42.083333,8.420854172185738,2,60,7.653669951612903,5.598571919354839,5.860916951433691,0.0,-1.0,-1.8369701987210297e-16,8.68273143548387,0
San Benito,2017,10,8.68273143548387,34.333333,8.695131000246477,0,62,7.674118883333334,7.653669951612903,6.975453584767025,2.0,-0.8660254037844386,0.5000000000000001,4.107067942307692,0
San Benito,2017,11,4.107067942307692,12.375,2.7929779815703597,0,52,8.68273143548387,7.674118883333334,8.003506756810035,0.0,-0.5000000000000004,0.8660254037844384,7.841532225806452,0
San Benito,2017,12,7.841532225806452,24.541667,5.059849443860796,0,62,4.107067942307692,8.68273143548387,6.8213060870416315,0.0,-2.4492935982947064e-16,1.0,5.686767209677419,0
San Benito,2018,1,5.686767209677419,16.0,3.3093196837632144,0,62,7.841532225806452,4.107067942307692,6.8771105345326715,0.0,0.49999999999999994,0.8660254037844387,4.034724964285714,0
San Benito,2018,2,4.034724964285714,6.166667,1.1403672212263745,0,56,5.686767209677419,7.841532225806452,5.878455792597188,0.0,0.8660254037844386,0.5000000000000001,2.4208742741935483,0
San Benito,2018,3,2.4208742741935483,6.416667,1.6887783190683583,0,62,4.034724964285714,5.686767209677419,5.854341466589862,0.0,1.0,6.123233995736766e-17,5.416539816666667,0
San Benito,2018,4,5.416539816666667,9.416667,2.139116425447044,0,60,2.4208742741935483,4.034724964285714,4.047455482718894,0.0,0.8660254037844387,-0.49999999999999983,5.141580442622951,0
San Benito,2018,5,5.141580442622951,12.217391,2.876658992158169,0,61,5.416539816666667,2.4208742741935483,3.957379685048643,0.0,0.49999999999999994,-0.8660254037844387,6.94913645,0
San Benito,2018,6,6.94913645,11.25,1.9244448320551772,0,60,5.141580442622951,5.416539816666667,4.326331511161055,0.0,1.2246467991473532e-16,-1.0,5.69893986440678,0
San Benito,2018,7,5.69893986440678,15.454545,2.9846660399196834,0,59,6.94913645,5.141580442622951,5.835752236429873,0.0,-0.4999999999999998,-0.8660254037844388,12.62943918032787,1
San Benito,2018,8,12.62943918032787,36.708333,8.000543508032212,2,61,5.69893986440678,6.94913645,5.929885585676577,0.0,-0.8660254037844384,-0.5000000000000004,7.237315272727273,0
San Benito,2018,9,7.237315272727273,11.846154,2.594566319818447,0,55,12.62943918032787,5.69893986440678,8.425838498244884,2.0,-1.0,-1.8369701987210297e-16,5.8868166071428565,0
San Benito,2018,10,5.8868166071428565,14.230769,2.363525716962388,0,56,7.237315272727273,12.62943918032787,8.521898105820641,0.0,-0.8660254037844386,0.5000000000000001,17.760863677419355,1
San Benito,2018,11,17.760863677419355,52.75,18.1415337100915,18,62,5.8868166071428565,7.237315272727273,8.584523686732666,0.0,-0.5000000000000004,0.8660254037844384,6.0712358,0
San Benito,2018,12,6.0712358,15.521739,3.039595559884515,0,60,17.760863677419355,5.8868166071428565,10.294998519096495,18.0,-2.4492935982947064e-16,1.0,3.745773274193549,0
San Benito,2019,1,3.745773274193549,7.75,1.8089623413068785,0,62,6.0712358,17.760863677419355,9.906305361520737,0.0,0.49999999999999994,0.8660254037844387,2.987531351851852,0
San Benito,2019,2,2.987531351851852,6.0,1.1854068772179889,0,54,3.745773274193549,6.0712358,9.192624250537634,0.0,0.8660254037844386,0.5000000000000001,2.974404333333333,0
San Benito,2019,3,2.974404333333333,5.909091,1.6108388789313055,0,60,2.987531351851852,3.745773274193549,4.268180142015132,0.0,1.0,6.123233995736766e-17,5.172140416666666,0
San Benito,2019,4,5.172140416666666,10.041667,2.5795512981897484,0,60,2.974404333333333,2.987531351851852,3.235902986459577,0.0,0.8660254037844387,-0.49999999999999983,4.599028306451612,0
San Benito,2019,5,4.599028306451612,9.458333,1.7180401796368563,0,62,5.172140416666666,2.974404333333333,3.711358700617282,0.0,0.49999999999999994,-0.8660254037844387,5.459728283333333,0
San Benito,2019,6,5.459728283333333,12.916667,2.3219800092497267,0,60,4.599028306451612,5.172140416666666,4.248524352150536,0.0,1.2246467991473532e-16,-1.0,6.1253304516129035,0
San Benito,2019,7,6.1253304516129035,19.25,2.9930721647241834,0,62,5.459728283333333,4.599028306451612,5.076965668817203,0.0,-0.4999999999999998,-0.8660254037844388,5.329968693548387,0
San Benito,2019,8,5.329968693548387,9.791667,2.0290881322124714,0,62,6.1253304516129035,5.459728283333333,5.394695680465948,0.0,-0.8660254037844384,-0.5000000000000004,4.9110024333333335,0
San Benito,2019,9,4.9110024333333335,8.5,1.5223887145008792,0,60,5.329968693548387,6.1253304516129035,5.638342476164873,0.0,-1.0,-1.8369701987210297e-16,6.243153333333333,0
San Benito,2019,10,6.243153333333333,14.375,2.9610645114445484,0,54,4.9110024333333335,5.329968693548387,5.455433859498207,0.0,-0.8660254037844386,0.5000000000000001,7.47615945,0
San Benito,2019,11,7.47615945,14.333333,2.882395419709862,0,60,6.243153333333333,4.9110024333333335,5.494708153405017,0.0,-0.5000000000000004,0.8660254037844384,4.2116584516129025,0
San Benito,2019,12,4.2116584516129025,7.458333,1.8361330922944044,0,62,7.47615945,6.243153333333333,6.210105072222221,0.0,-2.4492935982947064e-16,1.0,5.715162416666667,0
San Benito,2020,1,5.715162416666667,10.458333,2.2957461017779948,0,60,4.2116584516129025,7.47615945,5.976990411648743,0.0,0.49999999999999994,0.8660254037844387,6.575530982758621,0
San Benito,2020,2,6.575530982758621,11.208333,2.588812119403189,0,58,5.715162416666667,4.2116584516129025,5.800993439426523,0.0,0.8660254037844386,0.5000000000000001,4.073308032786885,0
San Benito,2020,3,4.073308032786885,9.583333,2.0918758034346743,0,61,6.575530982758621,5.715162416666667,5.500783950346062,0.0,1.0,6.123233995736766e-17,4.74022506779661,0
San Benito,2020,4,4.74022506779661,8.428571,1.5478367437210985,0,59,4.073308032786885,6.575530982758621,5.454667144070723,0.0,0.8660254037844387,-0.49999999999999983,4.974485725806452,0
San Benito,2020,5,4.974485725806452,7.666667,1.5995972225433912,0,62,4.74022506779661,4.073308032786885,5.129688027780704,0.0,0.49999999999999994,-0.8660254037844387,5.678039483333333,0
San Benito,2020,6,5.678039483333333,10.458333,2.167759701316604,0,60,4.974485725806452,4.74022506779661,4.596006275463314,0.0,1.2246467991473532e-16,-1.0,7.7434857419354834,0
San Benito,2020,7,7.7434857419354834,24.75,4.042701038992461,0,62,5.678039483333333,4.974485725806452,5.130916758978797,0.0,-0.4999999999999998,-0.8660254037844388,17.70376979032258,1
San Benito,2020,8,17.70376979032258,84.833333,18.82208180688623,10,62,7.7434857419354834,5.678039483333333,6.132003650358421,0.0,-0.8660254037844384,-0.5000000000000004,22.65858091666667,1
San Benito,2020,9,22.65858091666667,89.041667,21.584544487282862,12,60,17.70376979032258,7.7434857419354834,10.375098338530464,10.0,-1.0,-1.8369701987210297e-16,15.31320120967742,1
San Benito,2020,10,15.31320120967742,73.958333,16.570877330011015,6,62,22.65858091666667,17.70376979032258,16.035278816308242,12.0,-0.8660254037844386,0.5000000000000001,5.241867962962964,0
San Benito,2020,11,5.241867962962964,13.958333,2.548161564406348,0,54,15.31320120967742,22.65858091666667,18.558517305555554,6.0,-0.5000000000000004,0.8660254037844384,6.138034951612903,0
San Bernardino,2015,2,19.98444444444444,53.5,15.62112432741399,8,45,17.932499999999997,,17.932499999999997,5.0,0.8660254037844386,0.5000000000000001,12.309433962264151,1
San Bernardino,2015,3,12.309433962264151,39.4,7.691060348796151,1,53,19.98444444444444,17.932499999999997,18.95847222222222,8.0,1.0,6.123233995736766e-17,9.759090909090908,0
San Bernardino,2015,4,9.759090909090908,37.3,5.6084370903304706,1,44,12.309433962264151,19.98444444444444,16.74212613556953,1.0,0.8660254037844387,-0.49999999999999983,10.774074074074074,0
San Bernardino,2015,5,10.774074074074074,18.4,3.492373641921332,0,54,9.759090909090908,12.309433962264151,14.017656438599834,1.0,0.49999999999999994,-0.8660254037844387,13.678846153846154,1
San Bernardino,2015,6,13.678846153846154,35.3,5.333296686337139,0,52,10.774074074074074,9.759090909090908,10.94753298180971,0.0,1.2246467991473532e-16,-1.0,12.16315789473684,1
San Bernardino,2015,7,12.16315789473684,50.5,8.17639528457523,1,57,13.678846153846154,10.774074074074074,11.404003712337044,0.0,-0.4999999999999998,-0.8660254037844388,15.643984991666668,1
San Bernardino,2015,8,15.643984991666668,24.879167,4.424528420269576,0,120,12.16315789473684,13.678846153846154,12.205359374219022,1.0,-0.8660254037844384,-0.5000000000000004,13.518630292035398,1
San Bernardino,2015,9,13.518630292035398,26.7875,5.061414206789421,0,113,15.643984991666668,12.16315789473684,13.828663013416554,0.0,-1.0,-1.8369701987210297e-16,12.203277547008549,1
San Bernardino,2015,10,12.203277547008549,24.478261,4.913555592595151,0,117,13.518630292035398,15.643984991666668,13.775257726146302,0.0,-0.8660254037844386,0.5000000000000001,11.608120342105265,1
San Bernardino,2015,11,11.608120342105265,21.375,4.19611851033555,0,114,12.203277547008549,13.518630292035398,13.788630943570205,0.0,-0.5000000000000004,0.8660254037844384,15.096066888888888,1
San Bernardino,2015,12,15.096066888888888,35.228571,6.773251409698394,0,117,11.608120342105265,12.203277547008549,12.443342727049737,0.0,-2.4492935982947064e-16,1.0,13.889984139664806,1
San Bernardino,2016,1,13.889984139664806,41.6,8.850686146929748,3,179,15.096066888888888,11.608120342105265,12.969154926000902,0.0,0.49999999999999994,0.8660254037844387,11.95352037195122,1
San Bernardino,2016,2,11.95352037195122,42.266667,8.96159925615761,3,164,13.889984139664806,15.096066888888888,13.531390456886319,3.0,0.8660254037844386,0.5000000000000001,11.602138893258427,1
San Bernardino,2016,3,11.602138893258427,32.983333,7.61624545948341,0,178,11.95352037195122,13.889984139664806,13.646523800168303,3.0,1.0,6.123233995736766e-17,9.436804476190476,0
San Bernardino,2016,4,9.436804476190476,21.1,4.735290083190656,0,168,11.602138893258427,11.95352037195122,12.48188113495815,0.0,0.8660254037844387,-0.49999999999999983,7.719334694444444,0
San Bernardino,2016,5,7.719334694444444,22.365217,5.162210949216914,0,216,9.436804476190476,11.602138893258427,10.997487913800041,0.0,0.49999999999999994,-0.8660254037844387,10.74602494090909,0
San Bernardino,2016,6,10.74602494090909,27.408333,5.875930120511796,0,220,7.719334694444444,9.436804476190476,9.586092687964449,0.0,1.2246467991473532e-16,-1.0,12.736050921739132,1
San Bernardino,2016,7,12.736050921739132,58.8,9.042198074662656,9,230,10.74602494090909,7.719334694444444,9.30072137051467,0.0,-0.4999999999999998,-0.8660254037844388,12.174606481481485,1
San Bernardino,2016,8,12.174606481481485,26.066667,5.653029261799009,0,243,12.736050921739132,10.74602494090909,10.400470185697555,9.0,-0.8660254037844384,-0.5000000000000004,9.60919554112554,0
San Bernardino,2016,9,9.60919554112554,25.854167,5.78799227819681,0,231,12.174606481481485,12.736050921739132,11.885560781376569,0.0,-1.0,-1.8369701987210297e-16,8.629419835443038,0
San Bernardino,2016,10,8.629419835443038,28.9,5.744408879883477,0,237,9.60919554112554,12.174606481481485,11.506617648115386,0.0,-0.8660254037844386,0.5000000000000001,9.932611415584416,0
San Bernardino,2016,11,9.932611415584416,24.2,5.697477904713984,0,231,8.629419835443038,9.60919554112554,10.137740619350021,0.0,-0.5000000000000004,0.8660254037844384,11.89967694893617,1
San Bernardino,2016,12,11.89967694893617,44.1,7.655524915435739,4,235,9.932611415584416,8.629419835443038,9.390408930717665,0.0,-2.4492935982947064e-16,1.0,7.300460575630252,0
San Bernardino,2017,1,7.300460575630252,23.2,5.624089480002538,0,238,11.89967694893617,9.932611415584416,10.153902733321209,4.0,0.49999999999999994,0.8660254037844387,7.268093862068966,0
San Bernardino,2017,2,7.268093862068966,26.8,6.573669335288138,0,203,7.300460575630252,11.89967694893617,9.710916313383613,0.0,0.8660254037844386,0.5000000000000001,9.922286305676856,0
San Bernardino,2017,3,9.922286305676856,27.979167,5.782696765446924,0,229,7.268093862068966,7.300460575630252,8.82274379554513,0.0,1.0,6.123233995736766e-17,10.081759942982456,0
San Bernardino,2017,4,10.081759942982456,21.391667,4.550889429963587,0,228,9.922286305676856,7.268093862068966,8.16361358112536,0.0,0.8660254037844387,-0.49999999999999983,10.74623546090535,0
San Bernardino,2017,5,10.74623546090535,26.8,5.005247078589501,0,243,10.081759942982456,9.922286305676856,9.090713370242758,0.0,0.49999999999999994,-0.8660254037844387,12.2799785,1
San Bernardino,2017,6,12.2799785,25.7,5.116516558890593,0,206,10.74623546090535,10.081759942982456,10.25009390318822,0.0,1.2246467991473532e-16,-1.0,13.28137218579235,1
San Bernardino,2017,7,13.28137218579235,67.8,5.908340255425475,2,183,12.2799785,10.74623546090535,11.035991301295935,0.0,-0.4999999999999998,-0.8660254037844388,13.358539836820084,1
San Bernardino,2017,8,13.358539836820084,34.991667,5.604742126682823,0,239,13.28137218579235,12.2799785,12.102528715565901,2.0,-0.8660254037844384,-0.5000000000000004,11.773261555555557,1
San Bernardino,2017,9,11.773261555555557,25.191667,4.954612132838623,0,234,13.358539836820084,13.28137218579235,12.97329684087081,0.0,-1.0,-1.8369701987210297e-16,13.53916665560166,1
San Bernardino,2017,10,13.53916665560166,33.9375,6.831390807679511,0,241,11.773261555555557,13.358539836820084,12.804391192722663,0.0,-0.8660254037844386,0.5000000000000001,13.377338151960783,1
San Bernardino,2017,11,13.377338151960783,51.333333,9.800716419255162,14,204,13.53916665560166,11.773261555555557,12.890322682659102,0.0,-0.5000000000000004,0.8660254037844384,15.114515472906405,1
San Bernardino,2017,12,15.114515472906405,49.65,8.411775548174933,9,203,13.377338151960783,13.53916665560166,12.896588787706,14.0,-2.4492935982947064e-16,1.0,14.035952840336137,1
San Bernardino,2018,1,14.035952840336137,67.670833,10.84762018386226,11,238,15.114515472906405,13.377338151960783,14.010340093489617,9.0,0.49999999999999994,0.8660254037844387,10.553582995121952,0
San Bernardino,2018,2,10.553582995121952,34.883333,6.529473283581804,0,205,14.035952840336137,15.114515472906405,14.175935488401109,11.0,0.8660254037844386,0.5000000000000001,8.188053609958505,0
San Bernardino,2018,3,8.188053609958505,30.604167,6.034766083402165,0,241,10.553582995121952,14.035952840336137,13.234683769454831,0.0,1.0,6.123233995736766e-17,10.805310980582524,0
San Bernardino,2018,4,10.805310980582524,34.883333,5.674426067030057,0,206,8.188053609958505,10.553582995121952,10.925863148472198,0.0,0.8660254037844387,-0.49999999999999983,9.281022426778245,0
San Bernardino,2018,5,9.281022426778245,19.141667,3.467798127280324,0,239,10.805310980582524,8.188053609958505,9.848982528554327,0.0,0.49999999999999994,-0.8660254037844387,12.211665693617022,1
San Bernardino,2018,6,12.211665693617022,27.045833,4.6529130017229114,0,235,9.281022426778245,10.805310980582524,9.424795672439757,0.0,1.2246467991473532e-16,-1.0,13.246173555555556,1
San Bernardino,2018,7,13.246173555555556,70.683333,7.485102307368753,3,234,12.211665693617022,9.281022426778245,10.76599970032593,0.0,-0.4999999999999998,-0.8660254037844388,15.6446964375,1
San Bernardino,2018,8,15.6446964375,33.470833,6.356463227869824,0,240,13.246173555555556,12.211665693617022,11.579620558650275,3.0,-0.8660254037844384,-0.5000000000000004,11.598962318965516,1
San Bernardino,2018,9,11.598962318965516,26.8625,5.79485581285524,0,232,15.6446964375,13.246173555555556,13.700845228890861,0.0,-1.0,-1.8369701987210297e-16,9.638213738396624,0
San Bernardino,2018,10,9.638213738396624,34.304167,6.39229834043604,0,237,11.598962318965516,15.6446964375,13.49661077067369,0.0,-0.8660254037844386,0.5000000000000001,11.930938847161572,1
San Bernardino,2018,11,11.930938847161572,33.483333,6.564094832798954,0,229,9.638213738396624,11.598962318965516,12.293957498287378,0.0,-0.5000000000000004,0.8660254037844384,12.818010933884295,1
San Bernardino,2018,12,12.818010933884295,46.3,8.75258584194055,11,242,11.930938847161572,9.638213738396624,11.056038301507904,0.0,-2.4492935982947064e-16,1.0,10.07987937815126,0
San Bernardino,2019,1,10.07987937815126,43.641667,8.021520318222318,4,238,12.818010933884295,11.930938847161572,11.462387839814165,11.0,0.49999999999999994,0.8660254037844387,8.06038347142857,0
San Bernardino,2019,2,8.06038347142857,24.066667,5.55943866545104,0,210,10.07987937815126,12.818010933884295,11.609609719732376,4.0,0.8660254037844386,0.5000000000000001,7.844623784482758,0
San Bernardino,2019,3,7.844623784482758,24.583333,4.899334931482696,0,232,8.06038347142857,10.07987937815126,10.319424594488043,0.0,1.0,6.123233995736766e-17,9.10806642990654,0
San Bernardino,2019,4,9.10806642990654,23.7,4.934709559818406,0,214,7.844623784482758,8.06038347142857,8.661628878020863,0.0,0.8660254037844387,-0.49999999999999983,8.413793544680852,0
San Bernardino,2019,5,8.413793544680852,20.116667,4.338743113057964,0,235,9.10806642990654,7.844623784482758,8.337691228605957,0.0,0.49999999999999994,-0.8660254037844387,10.190521960698687,0
San Bernardino,2019,6,10.190521960698687,20.841667,3.790586580734785,0,229,8.413793544680852,9.10806642990654,8.455494586356716,0.0,1.2246467991473532e-16,-1.0,13.531728855932204,1
San Bernardino,2019,7,13.531728855932204,81.3,9.575868061601517,5,236,10.190521960698687,8.413793544680852,9.237460645095359,0.0,-0.4999999999999998,-0.8660254037844388,11.000126888429753,0
San Bernardino,2019,8,11.000126888429753,20.081818,4.260845294143526,0,242,13.531728855932204,10.190521960698687,10.712014787103916,5.0,-0.8660254037844384,-0.5000000000000004,10.303609456896552,0
San Bernardino,2019,9,10.303609456896552,20.3375,3.6950225755974224,0,232,11.000126888429753,13.531728855932204,11.574125901686882,0.0,-1.0,-1.8369701987210297e-16,11.302760185654009,1
San Bernardino,2019,10,11.302760185654009,32.8,5.495565996428802,0,237,10.303609456896552,11.000126888429753,11.611821733752835,0.0,-0.8660254037844386,0.5000000000000001,14.55695510762332,1
San Bernardino,2019,11,14.55695510762332,46.5,9.153518007571176,11,223,11.302760185654009,10.303609456896552,10.868832176993438,0.0,-0.5000000000000004,0.8660254037844384,11.030811244131456,0
San Bernardino,2019,12,11.030811244131456,35.1375,7.082334346201342,0,213,14.55695510762332,11.302760185654009,12.054441583391293,11.0,-2.4492935982947064e-16,1.0,13.542230504132233,1
San Bernardino,2020,1,13.542230504132233,49.7875,9.131950652532115,10,242,11.030811244131456,14.55695510762332,12.296842179136261,0.0,0.49999999999999994,0.8660254037844387,11.552149691964289,1
San Bernardino,2020,2,11.552149691964289,36.966667,7.568191459428077,2,224,13.542230504132233,11.030811244131456,13.04333228529567,10.0,0.8660254037844386,0.5000000000000001,6.108785757201646,0
San Bernardino,2020,3,6.108785757201646,23.095833,3.8416784029570104,0,243,11.552149691964289,13.542230504132233,12.041730480075993,2.0,1.0,6.123233995736766e-17,7.768705294117647,0
San Bernardino,2020,4,7.768705294117647,19.7875,4.552337533973132,0,221,6.108785757201646,11.552149691964289,10.401055317766057,0.0,0.8660254037844387,-0.49999999999999983,9.751490330357145,0
San Bernardino,2020,5,9.751490330357145,24.845833,4.617010271023715,0,224,7.768705294117647,6.108785757201646,8.47654691442786,0.0,0.49999999999999994,-0.8660254037844387,9.899193991189428,0
San Bernardino,2020,6,9.899193991189428,19.316667,3.2033650426101627,0,227,9.751490330357145,7.768705294117647,7.87632712722548,0.0,1.2246467991473532e-16,-1.0,11.924709419087137,1
San Bernardino,2020,7,11.924709419087137,53.404167,6.174426263564435,4,241,9.899193991189428,9.751490330357145,9.13979653855474,0.0,-0.4999999999999998,-0.8660254037844388,14.97765437037037,1
San Bernardino,2020,8,14.97765437037037,53.1,7.993057477023183,7,243,11.924709419087137,9.899193991189428,10.525131246877903,4.0,-0.8660254037844384,-0.5000000000000004,22.42470482832618,1
San Bernardino,2020,9,22.42470482832618,65.65,12.483003983375896,34,233,14.97765437037037,11.924709419087137,12.267185926882311,7.0,-1.0,-1.8369701987210297e-16,18.756147874476987,1
San Bernardino,2020,10,18.756147874476987,47.275,8.660475459023562,15,239,22.42470482832618,14.97765437037037,16.442356205927897,34.0,-0.8660254037844386,0.5000000000000001,13.593495042056077,1
San Bernardino,2020,11,13.593495042056077,33.104167,6.237097438694029,0,214,18.756147874476987,22.42470482832618,18.71950235772451,15.0,-0.5000000000000004,0.8660254037844384,11.725167214285715,1
San Diego,2015,2,6.990881251461988,33.5,5.645581808939806,0,171,7.0599593830845775,,7.0599593830845775,0.0,0.8660254037844386,0.5000000000000001,7.02983868159204,0
San Diego,2015,3,7.02983868159204,25.173913,4.3756498787367,0,201,6.990881251461988,7.0599593830845775,7.025420317273283,0.0,1.0,6.123233995736766e-17,7.798789036842106,0
San Diego,2015,4,7.798789036842106,18.25,3.4863446699590703,0,190,7.02983868159204,6.990881251461988,7.026893105379536,0.0,0.8660254037844387,-0.49999999999999983,6.349628037234043,0
San Diego,2015,5,6.349628037234043,17.0,2.7844422773045334,0,188,7.798789036842106,7.02983868159204,7.273169656632045,0.0,0.49999999999999994,-0.8660254037844387,6.65949167032967,0
San Diego,2015,6,6.65949167032967,15.0,3.3131705725301077,0,182,6.349628037234043,7.798789036842106,7.05941858522273,0.0,1.2246467991473532e-16,-1.0,4.469807857142857,0
San Diego,2015,7,4.469807857142857,12.7,2.600827409206365,0,182,6.65949167032967,6.349628037234043,6.935969581468606,0.0,-0.4999999999999998,-0.8660254037844388,8.153861369565218,0
San Diego,2015,8,8.153861369565218,16.9,4.160119283640289,0,184,4.469807857142857,6.65949167032967,5.826309188235523,0.0,-0.8660254037844384,-0.5000000000000004,6.520536792349727,0
San Diego,2015,9,6.520536792349727,12.9,3.51829788312049,0,183,8.153861369565218,4.469807857142857,6.427720299012582,0.0,-1.0,-1.8369701987210297e-16,5.08836397752809,0
San Diego,2015,10,5.08836397752809,13.1,3.1056441331025826,0,178,6.520536792349727,8.153861369565218,6.381402006352602,0.0,-0.8660254037844386,0.5000000000000001,5.918168214285714,0
San Diego,2015,11,5.918168214285714,23.391304,3.9399185270305033,0,182,5.08836397752809,6.520536792349727,6.587587379814345,0.0,-0.5000000000000004,0.8660254037844384,6.5506876,0
San Diego,2015,12,6.5506876,31.285714,4.71268499292273,0,170,5.918168214285714,5.08836397752809,5.84235632805451,0.0,-2.4492935982947064e-16,1.0,6.868394947368421,0
San Diego,2016,1,6.868394947368421,23.625,4.541591693022818,0,190,6.5506876,5.918168214285714,5.852406597271268,0.0,0.49999999999999994,0.8660254037844387,7.063387536144577,0
San Diego,2016,2,7.063387536144577,32.666667,5.64334979295241,0,166,6.868394947368421,6.5506876,6.445750253884712,0.0,0.8660254037844386,0.5000000000000001,7.412048291666667,0
San Diego,2016,3,7.412048291666667,34.4,4.308935505283121,0,192,7.063387536144577,6.868394947368421,6.8274900278376665,0.0,1.0,6.123233995736766e-17,7.000706715846995,0
San Diego,2016,4,7.000706715846995,13.4,3.151362549040784,0,183,7.412048291666667,7.063387536144577,7.114610258393221,0.0,0.8660254037844387,-0.49999999999999983,5.6774684278074865,0
San Diego,2016,5,5.6774684278074865,13.6,2.736194383259718,0,187,7.000706715846995,7.412048291666667,7.158714181219413,0.0,0.49999999999999994,-0.8660254037844387,8.781488751351352,0
San Diego,2016,6,8.781488751351352,23.5,4.310444280006353,0,185,5.6774684278074865,7.000706715846995,6.69674114510705,0.0,1.2246467991473532e-16,-1.0,7.707125608465608,0
San Diego,2016,7,7.707125608465608,17.1,3.729769900469592,0,189,8.781488751351352,5.6774684278074865,7.153221298335278,0.0,-0.4999999999999998,-0.8660254037844388,7.600201744565217,0
San Diego,2016,8,7.600201744565217,14.4,3.078530100107899,0,184,7.707125608465608,8.781488751351352,7.388694262541482,0.0,-0.8660254037844384,-0.5000000000000004,7.86691225,0
San Diego,2016,9,7.86691225,15.7,3.4919609843787445,0,180,7.600201744565217,7.707125608465608,8.029605368127392,0.0,-1.0,-1.8369701987210297e-16,6.391048040229885,0
San Diego,2016,10,6.391048040229885,13.1,2.477837820907232,0,174,7.86691225,7.600201744565217,7.724746534343609,0.0,-0.8660254037844386,0.5000000000000001,6.142027935294118,0
San Diego,2016,11,6.142027935294118,16.7,3.0309356051799625,0,170,6.391048040229885,7.86691225,7.286054011598367,0.0,-0.5000000000000004,0.8660254037844384,6.734489439306358,0
San Diego,2016,12,6.734489439306358,23.9,4.909269274955629,0,173,6.142027935294118,6.391048040229885,6.799996075174668,0.0,-2.4492935982947064e-16,1.0,5.1327149062499995,0
San Diego,2017,1,5.1327149062499995,18.333333,3.4948959955068872,0,160,6.734489439306358,6.142027935294118,6.422521804943454,0.0,0.49999999999999994,0.8660254037844387,4.709478757961783,0
San Diego,2017,2,4.709478757961783,23.333333,3.855804066813123,0,157,5.1327149062499995,6.734489439306358,6.003077426950159,0.0,0.8660254037844386,0.5000000000000001,5.945539779069767,0
San Diego,2017,3,5.945539779069767,26.208333,4.132048073144451,0,172,4.709478757961783,5.1327149062499995,5.5255610345060475,0.0,1.0,6.123233995736766e-17,6.6054655902777775,0
San Diego,2017,4,6.6054655902777775,14.7,3.0399513156729316,0,144,5.945539779069767,4.709478757961783,5.262577814427183,0.0,0.8660254037844387,-0.49999999999999983,6.482668335260116,0
San Diego,2017,5,6.482668335260116,14.4,3.2490820194467425,0,173,6.6054655902777775,5.945539779069767,5.753494709103109,0.0,0.49999999999999994,-0.8660254037844387,7.101654145348837,0
San Diego,2017,6,7.101654145348837,14.954545,2.68513918326673,0,172,6.482668335260116,6.6054655902777775,6.344557901535887,0.0,1.2246467991473532e-16,-1.0,9.274343891891892,0
San Diego,2017,7,9.274343891891892,15.5,2.5305716503718663,0,111,7.101654145348837,6.482668335260116,6.729929356962244,0.0,-0.4999999999999998,-0.8660254037844388,9.614811142857144,0
San Diego,2017,8,9.614811142857144,20.5,3.599030583937868,0,105,9.274343891891892,7.101654145348837,7.619555457500282,0.0,-0.8660254037844384,-0.5000000000000004,8.54434288,0
San Diego,2017,9,8.54434288,15.9,3.1252014964180894,0,125,9.614811142857144,9.274343891891892,8.663603060032626,0.0,-1.0,-1.8369701987210297e-16,10.466176597560976,0
San Diego,2017,10,10.466176597560976,18.6,4.329137139945871,0,164,8.54434288,9.614811142857144,9.144499304916346,0.0,-0.8660254037844386,0.5000000000000001,6.499929084656085,0
San Diego,2017,11,6.499929084656085,21.5,4.721227345700991,0,189,10.466176597560976,8.54434288,9.541776873472706,0.0,-0.5000000000000004,0.8660254037844384,10.414976419354838,0
San Diego,2017,12,10.414976419354838,42.7,8.231176885312639,3,186,6.499929084656085,10.466176597560976,8.503482854072354,0.0,-2.4492935982947064e-16,1.0,9.354683242290749,0
San Diego,2018,1,9.354683242290749,41.9,6.951013619502655,2,227,10.414976419354838,6.499929084656085,9.127027367190633,3.0,0.49999999999999994,0.8660254037844387,8.806650181818183,0
San Diego,2018,2,8.806650181818183,52.708333,6.316252978336708,2,220,9.354683242290749,10.414976419354838,8.756529582100557,2.0,0.8660254037844386,0.5000000000000001,5.202058430555555,0
San Diego,2018,3,5.202058430555555,13.666667,2.695500729109176,0,216,8.806650181818183,9.354683242290749,9.525436614487923,2.0,1.0,6.123233995736766e-17,11.693930315270936,1
San Diego,2018,4,11.693930315270936,22.083333,4.313753478688521,0,203,5.202058430555555,8.806650181818183,7.787797284888161,0.0,0.8660254037844387,-0.49999999999999983,8.607458475,0
San Diego,2018,5,8.607458475,23.166667,4.447296250370821,0,240,11.693930315270936,5.202058430555555,8.567546309214892,0.0,0.49999999999999994,-0.8660254037844387,10.507665568281938,0
San Diego,2018,6,10.507665568281938,20.923077,4.93394224226919,0,227,8.607458475,11.693930315270936,8.50114907360883,0.0,1.2246467991473532e-16,-1.0,12.145009153846154,1
San Diego,2018,7,12.145009153846154,21.541667,4.512961437372067,0,182,10.507665568281938,8.607458475,10.26968478618429,0.0,-0.4999999999999998,-0.8660254037844388,17.45027030120482,1
San Diego,2018,8,17.45027030120482,52.125,9.14259084704682,8,166,12.145009153846154,10.507665568281938,10.420044399042697,0.0,-0.8660254037844384,-0.5000000000000004,14.420772058823529,1
San Diego,2018,9,14.420772058823529,25.125,4.667915044390775,0,136,17.45027030120482,12.145009153846154,13.36764834111097,8.0,-1.0,-1.8369701987210297e-16,11.407209747191011,1
San Diego,2018,10,11.407209747191011,26.375,5.959747837462105,0,178,14.420772058823529,17.45027030120482,14.6720171712915,0.0,-0.8660254037844386,0.5000000000000001,10.70345644318182,0
San Diego,2018,11,10.70345644318182,24.541667,4.62875420164089,0,176,11.407209747191011,14.420772058823529,14.426084035739786,0.0,-0.5000000000000004,0.8660254037844384,11.566481461111112,1
San Diego,2018,12,11.566481461111112,31.541667,5.423549331109512,0,180,10.70345644318182,11.407209747191011,12.177146083065452,0.0,-2.4492935982947064e-16,1.0,8.772768011764706,0
San Diego,2019,1,8.772768011764706,26.75,4.341909881213224,0,170,11.566481461111112,10.70345644318182,11.22571588382798,0.0,0.49999999999999994,0.8660254037844387,6.206935807453416,0
San Diego,2019,2,6.206935807453416,17.083333,2.7537440110061437,0,161,8.772768011764706,11.566481461111112,10.347568638685878,0.0,0.8660254037844386,0.5000000000000001,7.002682,0
San Diego,2019,3,7.002682,21.208333,3.827152469978642,0,174,6.206935807453416,8.772768011764706,8.848728426776411,0.0,1.0,6.123233995736766e-17,11.605986597701149,1
San Diego,2019,4,11.605986597701149,25.625,5.8055016259618855,0,174,7.002682,6.206935807453416,7.327461939739375,0.0,0.8660254037844387,-0.49999999999999983,10.55180558888889,0
San Diego,2019,5,10.55180558888889,27.375,5.786480193719862,0,180,11.605986597701149,7.002682,8.271868135051522,0.0,0.49999999999999994,-0.8660254037844387,11.283646545454546,1
San Diego,2019,6,11.283646545454546,23.958333,5.03116803312794,0,176,10.55180558888889,11.605986597701149,9.72015806219668,0.0,1.2246467991473532e-16,-1.0,16.26105072826087,1
San Diego,2019,7,16.26105072826087,24.583333,4.9412417473272034,0,184,11.283646545454546,10.55180558888889,11.147146244014863,0.0,-0.4999999999999998,-0.8660254037844388,14.264726677248678,1
San Diego,2019,8,14.264726677248678,25.166667,4.996121234323022,0,189,16.26105072826087,11.283646545454546,12.69883428753477,0.0,-0.8660254037844384,-0.5000000000000004,12.978252714285714,1
San Diego,2019,9,12.978252714285714,22.208333,4.4003548641751316,0,175,14.264726677248678,16.26105072826087,13.936474650321365,0.0,-1.0,-1.8369701987210297e-16,14.315391606557377,1
San Diego,2019,10,14.315391606557377,29.458333,5.362929518393577,0,183,12.978252714285714,14.264726677248678,14.501343373265087,0.0,-0.8660254037844386,0.5000000000000001,15.208195956043957,1
San Diego,2019,11,15.208195956043957,36.458333,8.453775022206443,5,182,14.315391606557377,12.978252714285714,13.852790332697255,0.0,-0.5000000000000004,0.8660254037844384,9.230537411428571,0
San Diego,2019,12,9.230537411428571,23.958333,4.732448162227622,0,175,15.208195956043957,14.315391606557377,14.167280092295684,5.0,-2.4492935982947064e-16,1.0,12.45270835,1
San Diego,2020,1,12.45270835,30.083333,6.419460479932322,0,200,9.230537411428571,15.208195956043957,12.918041658009969,0.0,0.49999999999999994,0.8660254037844387,11.713706732240436,1
San Diego,2020,2,11.713706732240436,27.833333,5.501323167050794,0,183,12.45270835,9.230537411428571,12.297147239157509,0.0,0.8660254037844386,0.5000000000000001,6.967351119791666,0
San Diego,2020,3,6.967351119791666,20.291667,4.252467999861288,0,192,11.713706732240436,12.45270835,11.132317497889668,0.0,1.0,6.123233995736766e-17,10.725173604166663,0
San Diego,2020,4,10.725173604166663,23.791667,6.280263902932083,0,192,6.967351119791666,11.713706732240436,10.377922067344034,0.0,0.8660254037844387,-0.49999999999999983,14.002336867724868,1
San Diego,2020,5,14.002336867724868,27.166667,6.175716615878294,0,189,10.725173604166663,6.967351119791666,9.802077152066255,0.0,0.49999999999999994,-0.8660254037844387,11.416442655913976,1
San Diego,2020,6,11.416442655913976,25.083333,4.9045261929401125,0,186,14.002336867724868,10.725173604166663,10.564953863894399,0.0,1.2246467991473532e-16,-1.0,14.036767155778897,1
San Diego,2020,7,14.036767155778897,25.958333,5.364792915734717,0,199,11.416442655913976,14.002336867724868,12.047984375935167,0.0,-0.4999999999999998,-0.8660254037844388,16.554822365482234,1
San Diego,2020,8,16.554822365482234,30.541667,6.244658227446567,0,197,14.036767155778897,11.416442655913976,13.151848893139245,0.0,-0.8660254037844384,-0.5000000000000004,28.757084827956987,1
San Diego,2020,9,28.757084827956987,96.75,20.736690884098092,47,186,16.554822365482234,14.036767155778897,14.002677392391703,0.0,-1.0,-1.8369701987210297e-16,27.640916689999997,1
San Diego,2020,10,27.640916689999997,93.0,19.206126731802502,40,200,28.757084827956987,16.554822365482234,19.78289144973937,47.0,-0.8660254037844386,0.5000000000000001,20.384201385416667,1
San Diego,2020,11,20.384201385416667,36.916667,9.107386486667073,12,192,27.640916689999997,28.757084827956987,24.317607961146408,40.0,-0.5000000000000004,0.8660254037844384,20.521105547738692,1
San Francisco,2015,2,10.293144160714286,26.666667,5.35208023049003,0,56,19.638452532258064,,19.638452532258064,1.0,0.8660254037844386,0.5000000000000001,8.290982951612902,0
San Francisco,2015,3,8.290982951612902,16.375,2.8452593752209943,0,62,10.293144160714286,19.638452532258064,14.965798346486174,0.0,1.0,6.123233995736766e-17,6.656966016666667,0
San Francisco,2015,4,6.656966016666667,14.083333,2.965222373280173,0,60,8.290982951612902,10.293144160714286,12.740859881528417,0.0,0.8660254037844387,-0.49999999999999983,6.0977792580645165,0
San Francisco,2015,5,6.0977792580645165,15.125,3.925316735444929,0,62,6.656966016666667,8.290982951612902,8.413697709664618,0.0,0.49999999999999994,-0.8660254037844387,5.094887483333333,0
San Francisco,2015,6,5.094887483333333,13.625,3.974821628383962,0,60,6.0977792580645165,6.656966016666667,7.015242742114695,0.0,1.2246467991473532e-16,-1.0,2.1244923870967742,0
San Francisco,2015,7,2.1244923870967742,9.958333,2.8016834559531727,0,62,5.094887483333333,6.0977792580645165,5.949877586021505,0.0,-0.4999999999999998,-0.8660254037844388,5.51869062295082,0
San Francisco,2015,8,5.51869062295082,25.75,7.006390903750433,0,61,2.1244923870967742,5.094887483333333,4.439053042831541,0.0,-0.8660254037844384,-0.5000000000000004,5.473580864406779,0
San Francisco,2015,9,5.473580864406779,10.75,2.5949763005929056,0,59,5.51869062295082,2.1244923870967742,4.246023497793643,0.0,-1.0,-1.8369701987210297e-16,5.121528704918033,0
San Francisco,2015,10,5.121528704918033,11.083333,3.755203330671671,0,61,5.473580864406779,5.51869062295082,4.372254624818125,0.0,-0.8660254037844386,0.5000000000000001,7.894716211538461,0
San Francisco,2015,11,7.894716211538461,19.416667,4.745028635782137,0,52,5.121528704918033,5.473580864406779,5.371266730758545,0.0,-0.5000000000000004,0.8660254037844384,8.53578779032258,0
San Francisco,2015,12,8.53578779032258,20.26087,4.206252796130107,0,62,7.894716211538461,5.121528704918033,6.163275260287757,0.0,-2.4492935982947064e-16,1.0,9.394962612903225,0
San Francisco,2016,1,9.394962612903225,19.625,4.404615531307539,0,62,8.53578779032258,7.894716211538461,7.184010902259691,0.0,0.49999999999999994,0.8660254037844387,9.836175655172417,0
San Francisco,2016,2,9.836175655172417,19.375,4.048147015614669,0,58,9.394962612903225,8.53578779032258,8.608488871588088,0.0,0.8660254037844386,0.5000000000000001,5.9489422741935485,0
San Francisco,2016,3,5.9489422741935485,11.208333,2.6128039400875553,0,62,9.836175655172417,9.394962612903225,9.255642019466075,0.0,1.0,6.123233995736766e-17,9.026002416666667,0
San Francisco,2016,4,9.026002416666667,13.5,2.0747661618419597,0,60,5.9489422741935485,9.836175655172417,8.393360180756396,0.0,0.8660254037844387,-0.49999999999999983,8.508143838709676,0
San Francisco,2016,5,8.508143838709676,15.173913,4.158853992437234,0,62,9.026002416666667,5.9489422741935485,8.270373448677544,0.0,0.49999999999999994,-0.8660254037844387,6.558309716666667,0
San Francisco,2016,6,6.558309716666667,14.875,3.940954866733429,0,60,8.508143838709676,9.026002416666667,7.827696176523297,0.0,1.2246467991473532e-16,-1.0,4.683158016129032,0
San Francisco,2016,7,4.683158016129032,12.666667,3.4321765086994365,0,62,6.558309716666667,8.508143838709676,8.030818657347671,0.0,-0.4999999999999998,-0.8660254037844388,5.014422612903226,0
San Francisco,2016,8,5.014422612903226,11.043478,2.454615335871052,0,62,4.683158016129032,6.558309716666667,6.583203857168459,0.0,-0.8660254037844384,-0.5000000000000004,8.281194627906977,0
San Francisco,2016,9,8.281194627906977,16.478261,4.023634427189682,0,43,5.014422612903226,4.683158016129032,5.4186301152329746,0.0,-1.0,-1.8369701987210297e-16,4.732328193548388,0
San Francisco,2016,10,4.732328193548388,8.458333,2.4515793425178174,0,62,8.281194627906977,5.014422612903226,5.992925085646412,0.0,-0.8660254037844386,0.5000000000000001,10.651121327586209,0
San Francisco,2016,11,10.651121327586209,16.375,2.9031584609321532,0,58,4.732328193548388,8.281194627906977,6.009315144786197,0.0,-0.5000000000000004,0.8660254037844384,9.531956888888889,0
San Francisco,2016,12,9.531956888888889,19.125,4.612362894961854,0,54,10.651121327586209,4.732328193548388,7.88821471634719,0.0,-2.4492935982947064e-16,1.0,8.098245274193548,0
San Francisco,2017,1,8.098245274193548,27.041667,6.761851509895805,0,62,9.531956888888889,10.651121327586209,8.305135470007828,0.0,0.49999999999999994,0.8660254037844387,6.085804910714286,0
San Francisco,2017,2,6.085804910714286,25.041667,4.4711623632671,0,56,8.098245274193548,9.531956888888889,9.427107830222882,0.0,0.8660254037844386,0.5000000000000001,6.744686870967742,0
San Francisco,2017,3,6.744686870967742,14.0,2.6033057369445567,0,62,6.085804910714286,8.098245274193548,7.905335691265574,0.0,1.0,6.123233995736766e-17,6.503073683333333,0
San Francisco,2017,4,6.503073683333333,14.583333,3.351704321916353,0,60,6.744686870967742,6.085804910714286,6.9762456852918575,0.0,0.8660254037844387,-0.49999999999999983,7.8278576935483875,0
San Francisco,2017,5,7.8278576935483875,17.5,4.136076696423409,0,62,6.503073683333333,6.744686870967742,6.444521821671786,0.0,0.49999999999999994,-0.8660254037844387,8.017361116666667,0
San Francisco,2017,6,8.017361116666667,15.666667,4.387524769403901,0,60,7.8278576935483875,6.503073683333333,7.025206082616488,0.0,1.2246467991473532e-16,-1.0,7.5327657,0
San Francisco,2017,7,7.5327657,14.708333,3.802715520722297,0,60,8.017361116666667,7.8278576935483875,7.449430831182795,0.0,-0.4999999999999998,-0.8660254037844388,8.57439808064516,0
San Francisco,2017,8,8.57439808064516,20.833333,4.113084332179311,0,62,7.5327657,8.017361116666667,7.792661503405017,0.0,-0.8660254037844384,-0.5000000000000004,14.286594733333336,1
San Francisco,2017,9,14.286594733333336,49.75,12.3815474917201,8,60,8.57439808064516,7.5327657,8.04150829910394,0.0,-1.0,-1.8369701987210297e-16,16.05356575925926,1
San Francisco,2017,10,16.05356575925926,49.916667,12.889434791224268,4,54,14.286594733333336,8.57439808064516,10.13125283799283,8.0,-0.8660254037844386,0.5000000000000001,9.228025366666666,0
San Francisco,2017,11,9.228025366666666,23.5,4.843833540039395,0,60,16.05356575925926,14.286594733333336,12.971519524412585,4.0,-0.5000000000000004,0.8660254037844384,17.572743741935483,1
San Francisco,2017,12,17.572743741935483,41.434783,7.776733527844549,2,62,9.228025366666666,16.05356575925926,13.189395286419753,0.0,-2.4492935982947064e-16,1.0,14.043577548387097,1
San Francisco,2018,1,14.043577548387097,39.5,7.96077298904244,2,62,17.572743741935483,9.228025366666666,14.284778289287134,2.0,0.49999999999999994,0.8660254037844387,10.356683923076922,0
San Francisco,2018,2,10.356683923076922,26.727273,4.653207410842159,0,52,14.043577548387097,17.572743741935483,13.614782218996416,2.0,0.8660254037844386,0.5000000000000001,6.656991370967742,0
San Francisco,2018,3,6.656991370967742,14.0,3.4162674875609893,0,62,10.356683923076922,14.043577548387097,13.991001737799834,0.0,1.0,6.123233995736766e-17,7.088716259259259,0
San Francisco,2018,4,7.088716259259259,15.3125,4.08526061136411,0,54,6.656991370967742,10.356683923076922,10.35241761414392,0.0,0.8660254037844387,-0.49999999999999983,3.724405129032258,0
San Francisco,2018,5,3.724405129032258,15.391304,4.2551915913003215,0,62,7.088716259259259,6.656991370967742,8.034130517767975,0.0,0.49999999999999994,-0.8660254037844387,7.029607483333334,0
San Francisco,2018,6,7.029607483333334,14.666667,4.3137130219382875,0,60,3.724405129032258,7.088716259259259,5.823370919753086,0.0,1.2246467991473532e-16,-1.0,6.780286596774194,0
San Francisco,2018,7,6.780286596774194,15.478261,2.64296201196918,0,62,7.029607483333334,3.724405129032258,5.947576290541616,0.0,-0.4999999999999998,-0.8660254037844388,12.087950426229508,1
San Francisco,2018,8,12.087950426229508,46.434783,8.720766096784741,2,61,6.780286596774194,7.029607483333334,5.844766403046595,0.0,-0.8660254037844384,-0.5000000000000004,10.534100233333334,0
San Francisco,2018,9,10.534100233333334,21.375,4.298907638547529,0,60,12.087950426229508,6.780286596774194,8.632614835445679,2.0,-1.0,-1.8369701987210297e-16,8.35984557142857,0
San Francisco,2018,10,8.35984557142857,17.833333,4.102347659173357,0,56,10.534100233333334,12.087950426229508,9.800779085445678,0.0,-0.8660254037844386,0.5000000000000001,43.30852051666667,1
San Francisco,2018,11,43.30852051666667,177.458333,46.83574117046407,24,60,8.35984557142857,10.534100233333334,10.327298743663805,0.0,-0.5000000000000004,0.8660254037844384,9.969541838709675,0
San Francisco,2018,12,9.969541838709675,30.375,6.113020940929732,0,62,43.30852051666667,8.35984557142857,20.73415544047619,24.0,-2.4492935982947064e-16,1.0,9.860428766666669,0
San Francisco,2019,1,9.860428766666669,25.434783,5.610195833157747,0,60,9.969541838709675,43.30852051666667,20.54596930893497,0.0,0.49999999999999994,0.8660254037844387,4.781559964285714,0
San Francisco,2019,2,4.781559964285714,7.041667,1.178640856295604,0,56,9.860428766666669,9.969541838709675,21.04616370734767,0.0,0.8660254037844386,0.5000000000000001,5.909718306451613,0
San Francisco,2019,3,5.909718306451613,12.208333,1.990089168143969,0,62,4.781559964285714,9.860428766666669,8.203843523220685,0.0,1.0,6.123233995736766e-17,8.46021135,0
San Francisco,2019,4,8.46021135,17.625,4.601998944131649,0,60,5.909718306451613,4.781559964285714,6.850569012467999,0.0,0.8660254037844387,-0.49999999999999983,6.574119225806451,0
San Francisco,2019,5,6.574119225806451,12.75,3.0023187827839704,0,62,8.46021135,5.909718306451613,6.383829873579109,0.0,0.49999999999999994,-0.8660254037844387,8.784921483333333,0
San Francisco,2019,6,8.784921483333333,16.875,3.65919144125304,0,60,6.574119225806451,8.46021135,6.9813496274193545,0.0,1.2246467991473532e-16,-1.0,7.551010967741936,0
San Francisco,2019,7,7.551010967741936,13.083333,2.8801758752997113,0,62,8.784921483333333,6.574119225806451,7.939750686379928,0.0,-0.4999999999999998,-0.8660254037844388,6.8482622096774195,0
San Francisco,2019,8,6.8482622096774195,15.708333,3.496049027229373,0,62,7.551010967741936,8.784921483333333,7.636683892293907,0.0,-0.8660254037844384,-0.5000000000000004,6.516807924528302,0
San Francisco,2019,9,6.516807924528302,12.458333,2.7398989762847927,0,53,6.8482622096774195,7.551010967741936,7.728064886917562,0.0,-1.0,-1.8369701987210297e-16,9.390743322580644,0
San Francisco,2019,10,9.390743322580644,18.916667,3.5283102104361603,0,62,6.516807924528302,6.8482622096774195,6.9720270339825525,0.0,-0.8660254037844386,0.5000000000000001,11.006316450000002,0
San Francisco,2019,11,11.006316450000002,22.041667,4.328998399533109,0,60,9.390743322580644,6.516807924528302,7.585271152262121,0.0,-0.5000000000000004,0.8660254037844384,6.517701564516129,0
San Francisco,2019,12,6.517701564516129,14.541667,3.0707275515436834,0,62,11.006316450000002,9.390743322580644,8.97128923236965,0.0,-2.4492935982947064e-16,1.0,7.404119951612903,0
San Francisco,2020,1,7.404119951612903,16.333333,2.831712073057462,0,62,6.517701564516129,11.006316450000002,8.971587112365592,0.0,0.49999999999999994,0.8660254037844387,9.69690155172414,0
San Francisco,2020,2,9.69690155172414,19.916667,3.759165016029921,0,58,7.404119951612903,6.517701564516129,8.30937932204301,0.0,0.8660254037844386,0.5000000000000001,5.301846661290322,0
San Francisco,2020,3,5.301846661290322,13.375,3.4231377038154225,0,62,9.69690155172414,7.404119951612903,7.87290768928439,0.0,1.0,6.123233995736766e-17,5.866618316666666,0
San Francisco,2020,4,5.866618316666666,12.958333,2.657921311279171,0,60,5.301846661290322,9.69690155172414,7.4676227215424555,0.0,0.8660254037844387,-0.49999999999999983,6.740964467741936,0
San Francisco,2020,5,6.740964467741936,15.083333,3.625943673162216,0,62,5.866618316666666,5.301846661290322,6.9551221765603755,0.0,0.49999999999999994,-0.8660254037844387,7.736914799999999,0
San Francisco,2020,6,7.736914799999999,18.0,4.156660288115773,0,60,6.740964467741936,5.866618316666666,5.969809815232975,0.0,1.2246467991473532e-16,-1.0,7.763826516129032,0
San Francisco,2020,7,7.763826516129032,23.0,4.665319435674443,0,62,7.736914799999999,6.740964467741936,6.7814991948028664,0.0,-0.4999999999999998,-0.8660254037844388,13.759309258064516,1
San Francisco,2020,8,13.759309258064516,39.791667,9.163756886968114,2,62,7.763826516129032,7.736914799999999,7.413901927956989,0.0,-0.8660254037844384,-0.5000000000000004,31.17920895,1
San Francisco,2020,9,31.17920895,147.333333,40.48975335391257,10,60,13.759309258064516,7.763826516129032,9.753350191397848,2.0,-1.0,-1.8369701987210297e-16,13.168805467741937,1
San Francisco,2020,10,13.168805467741937,47.208333,9.82818645609598,4,62,31.17920895,13.759309258064516,17.56744824139785,10.0,-0.8660254037844386,0.5000000000000001,7.52022345,0
San Francisco,2020,11,7.52022345,18.25,4.196334021058168,0,60,13.168805467741937,31.17920895,19.36910789193548,4.0,-0.5000000000000004,0.8660254037844384,10.715614758064516,0
San Joaquin,2015,2,15.570889042424245,42.416667,9.692886126548377,12,165,27.822647961538465,,27.822647961538465,46.0,0.8660254037844386,0.5000000000000001,8.471065494623655,0
San Joaquin,2015,3,8.471065494623655,22.833333,4.005307490847171,0,186,15.570889042424245,27.822647961538465,21.696768501981353,12.0,1.0,6.123233995736766e-17,6.461674066666666,0
San Joaquin,2015,4,6.461674066666666,14.875,3.1775885732268785,0,180,8.471065494623655,15.570889042424245,17.28820083286212,0.0,0.8660254037844387,-0.49999999999999983,7.400535403225806,0
San Joaquin,2015,5,7.400535403225806,24.761905,3.0129304819296596,0,186,6.461674066666666,8.471065494623655,10.167876201238188,0.0,0.49999999999999994,-0.8660254037844387,9.425590847457627,0
San Joaquin,2015,6,9.425590847457627,18.708333,3.371704994447531,0,118,7.400535403225806,6.461674066666666,7.444424988172043,0.0,1.2246467991473532e-16,-1.0,8.501086946236558,0
San Joaquin,2015,7,8.501086946236558,14.173913,2.2468195827913164,0,186,9.425590847457627,7.400535403225806,7.762600105783367,0.0,-0.4999999999999998,-0.8660254037844388,12.912644489247311,1
San Joaquin,2015,8,12.912644489247311,39.125,8.567488974129832,4,186,8.501086946236558,9.425590847457627,8.44240439897333,0.0,-0.8660254037844384,-0.5000000000000004,10.584589748603353,0
San Joaquin,2015,9,10.584589748603353,25.208333,3.638990617434864,0,179,12.912644489247311,8.501086946236558,10.279774094313831,4.0,-1.0,-1.8369701987210297e-16,11.576005569060774,1
San Joaquin,2015,10,11.576005569060774,24.208333,4.06215085792996,0,181,10.584589748603353,12.912644489247311,10.666107061362409,0.0,-0.8660254037844386,0.5000000000000001,16.08907518888889,1
San Joaquin,2015,11,16.08907518888889,42.708333,9.996827100974304,8,180,11.576005569060774,10.584589748603353,11.691079935637147,0.0,-0.5000000000000004,0.8660254037844384,16.57286088172043,1
San Joaquin,2015,12,16.57286088172043,37.291667,8.467957674815619,2,186,16.08907518888889,11.576005569060774,12.749890168851005,8.0,-2.4492935982947064e-16,1.0,15.057754869318185,1
San Joaquin,2016,1,15.057754869318185,39.458333,8.88106778204551,8,176,16.57286088172043,16.08907518888889,14.7459805465567,2.0,0.49999999999999994,0.8660254037844387,15.814093554054054,1
San Joaquin,2016,2,15.814093554054054,34.625,8.32434489626582,0,148,15.057754869318185,16.57286088172043,15.906563646642502,8.0,0.8660254037844386,0.5000000000000001,9.053696412087913,0
San Joaquin,2016,3,9.053696412087913,24.083333,4.262590379811389,0,182,15.814093554054054,15.057754869318185,15.814903101697558,0.0,1.0,6.123233995736766e-17,9.82351887150838,0
San Joaquin,2016,4,9.82351887150838,18.875,3.5068746756646365,0,179,9.053696412087913,15.814093554054054,13.308514945153384,0.0,0.8660254037844387,-0.49999999999999983,9.1587533,0
San Joaquin,2016,5,9.1587533,18.478261,3.986229204820887,0,180,9.82351887150838,9.053696412087913,11.563769612550116,0.0,0.49999999999999994,-0.8660254037844387,9.208055994186047,0
San Joaquin,2016,6,9.208055994186047,21.590909,3.936104012787504,0,172,9.1587533,9.82351887150838,9.345322861198765,0.0,1.2246467991473532e-16,-1.0,9.808371808139537,0
San Joaquin,2016,7,9.808371808139537,23.875,3.8976078475238007,0,172,9.208055994186047,9.1587533,9.396776055231475,0.0,-0.4999999999999998,-0.8660254037844388,10.935696177419356,0
San Joaquin,2016,8,10.935696177419356,19.5,3.040252148118183,0,186,9.808371808139537,9.208055994186047,9.391727034108529,0.0,-0.8660254037844384,-0.5000000000000004,10.357059695945946,0
San Joaquin,2016,9,10.357059695945946,23.695652,3.2212220840935877,0,148,10.935696177419356,9.808371808139537,9.984041326581647,0.0,-1.0,-1.8369701987210297e-16,7.193814263157895,0
San Joaquin,2016,10,7.193814263157895,17.75,3.158918614794088,0,171,10.357059695945946,10.935696177419356,10.367042560501613,0.0,-0.8660254037844386,0.5000000000000001,13.791796416666664,1
San Joaquin,2016,11,13.791796416666664,43.708333,8.015839547839963,4,180,7.193814263157895,10.357059695945946,9.495523378841066,0.0,-0.5000000000000004,0.8660254037844384,20.11251493888889,1
San Joaquin,2016,12,20.11251493888889,50.875,10.195565106194293,12,180,13.791796416666664,7.193814263157895,10.447556791923502,4.0,-2.4492935982947064e-16,1.0,12.293833206703912,1
San Joaquin,2017,1,12.293833206703912,37.708333,8.487818405718173,2,179,20.11251493888889,13.791796416666664,13.699375206237818,12.0,0.49999999999999994,0.8660254037844387,7.964888850340136,0
San Joaquin,2017,2,7.964888850340136,50.083333,9.42597304033801,6,147,12.293833206703912,20.11251493888889,15.399381520753154,2.0,0.8660254037844386,0.5000000000000001,7.67335861827957,0
San Joaquin,2017,3,7.67335861827957,17.416667,3.8556918745738034,0,186,7.964888850340136,12.293833206703912,13.457078998644313,6.0,1.0,6.123233995736766e-17,6.475289405555555,0
San Joaquin,2017,4,6.475289405555555,14.125,2.346330004971981,0,180,7.67335861827957,7.964888850340136,9.310693558441207,0.0,0.8660254037844387,-0.49999999999999983,6.082714527173914,0
San Joaquin,2017,5,6.082714527173914,12.208333,2.765070919723655,0,184,6.475289405555555,7.67335861827957,7.371178958058422,0.0,0.49999999999999994,-0.8660254037844387,6.968414216783217,0
San Joaquin,2017,6,6.968414216783217,17.666667,3.4081319704006727,0,143,6.082714527173914,6.475289405555555,6.743787517003014,0.0,1.2246467991473532e-16,-1.0,9.512718878980891,0
San Joaquin,2017,7,9.512718878980891,15.875,2.4097552519401257,0,157,6.968414216783217,6.082714527173914,6.508806049837563,0.0,-0.4999999999999998,-0.8660254037844388,13.251376735955056,1
San Joaquin,2017,8,13.251376735955056,22.791667,3.4829444594848735,0,178,9.512718878980891,6.968414216783217,7.5212825409793425,0.0,-0.8660254037844384,-0.5000000000000004,11.983127913793105,1
San Joaquin,2017,9,11.983127913793105,40.416667,8.439442619568071,6,174,13.251376735955056,9.512718878980891,9.910836610573057,0.0,-1.0,-1.8369701987210297e-16,15.331472994623656,1
San Joaquin,2017,10,15.331472994623656,53.75,9.80876952297232,8,186,11.983127913793105,13.251376735955056,11.582407842909687,6.0,-0.8660254037844386,0.5000000000000001,13.171790112359552,1
San Joaquin,2017,11,13.171790112359552,37.041667,8.069969310016113,4,178,15.331472994623656,11.983127913793105,13.52199254812394,8.0,-0.5000000000000004,0.8660254037844384,31.022712815028903,1
San Joaquin,2017,12,31.022712815028903,51.583333,12.49798914712013,70,173,13.171790112359552,15.331472994623656,13.495463673592106,4.0,-2.4492935982947064e-16,1.0,19.620418566666668,1
San Joaquin,2018,1,19.620418566666668,66.375,13.044433428709878,18,180,31.022712815028903,13.171790112359552,19.84199197400404,70.0,0.49999999999999994,0.8660254037844387,14.544210155688624,1
San Joaquin,2018,2,14.544210155688624,47.875,11.182630310832348,10,167,19.620418566666668,31.022712815028903,21.271640498018375,18.0,0.8660254037844386,0.5000000000000001,8.69015623655914,0
San Joaquin,2018,3,8.69015623655914,24.875,5.0575907807978036,0,186,14.544210155688624,19.620418566666668,21.729113845794732,10.0,1.0,6.123233995736766e-17,8.999452301675976,0
San Joaquin,2018,4,8.999452301675976,18.291667,3.2417697328205657,0,179,8.69015623655914,14.544210155688624,14.284928319638146,0.0,0.8660254037844387,-0.49999999999999983,7.019406372972973,0
San Joaquin,2018,5,7.019406372972973,23.833333,3.2098908459960005,0,185,8.999452301675976,8.69015623655914,10.744606231307912,0.0,0.49999999999999994,-0.8660254037844387,8.489090662650602,0
San Joaquin,2018,6,8.489090662650602,15.73913,2.334785962134581,0,166,7.019406372972973,8.999452301675976,8.23633830373603,0.0,1.2246467991473532e-16,-1.0,11.358358973118278,1
San Joaquin,2018,7,11.358358973118278,41.833333,8.266024610031625,4,186,8.489090662650602,7.019406372972973,8.169316445766517,0.0,-0.4999999999999998,-0.8660254037844388,18.934375435483872,1
San Joaquin,2018,8,18.934375435483872,41.958333,8.412313613569825,10,186,11.358358973118278,8.489090662650602,8.955618669580618,4.0,-0.8660254037844384,-0.5000000000000004,10.605913220338984,0
San Joaquin,2018,9,10.605913220338984,23.25,4.40349037584363,0,177,18.934375435483872,11.358358973118278,12.927275023750918,10.0,-1.0,-1.8369701987210297e-16,9.746763313186811,0
San Joaquin,2018,10,9.746763313186811,21.291667,4.535118696109059,0,182,10.605913220338984,18.934375435483872,13.632882542980377,0.0,-0.8660254037844386,0.5000000000000001,50.269048283333326,1
San Joaquin,2018,11,50.269048283333326,188.083333,52.125624919755865,76,180,9.746763313186811,10.605913220338984,13.095683989669888,0.0,-0.5000000000000004,0.8660254037844384,17.69987424731183,1
San Joaquin,2018,12,17.69987424731183,42.125,9.280814700680232,6,186,50.269048283333326,9.746763313186811,23.54057493895304,76.0,-2.4492935982947064e-16,1.0,20.739795744360904,1
San Joaquin,2019,1,20.739795744360904,50.125,13.15207161437042,21,133,17.69987424731183,50.269048283333326,25.905228614610653,6.0,0.49999999999999994,0.8660254037844387,6.415182176056338,0
San Joaquin,2019,2,6.415182176056338,21.833333,4.29152274948484,0,142,20.739795744360904,17.69987424731183,29.569572758335354,21.0,0.8660254037844386,0.5000000000000001,6.184958695652174,0
San Joaquin,2019,3,6.184958695652174,20.375,4.194402997962253,0,184,6.415182176056338,20.739795744360904,14.951617389243024,0.0,1.0,6.123233995736766e-17,6.359742483146067,0
San Joaquin,2019,4,6.359742483146067,13.916667,2.7831049449399003,0,178,6.184958695652174,6.415182176056338,11.113312205356472,0.0,0.8660254037844387,-0.49999999999999983,5.612575810650887,0
San Joaquin,2019,5,5.612575810650887,10.958333,1.7625142924571156,0,169,6.359742483146067,6.184958695652174,6.319961118284859,0.0,0.49999999999999994,-0.8660254037844387,6.578984829113924,0
San Joaquin,2019,6,6.578984829113924,14.8,2.5883186800934266,0,158,5.612575810650887,6.359742483146067,6.05242566314971,0.0,1.2246467991473532e-16,-1.0,6.925634756906077,0
San Joaquin,2019,7,6.925634756906077,14.978947,2.7755500911690194,0,181,6.578984829113924,5.612575810650887,6.18376770763696,0.0,-0.4999999999999998,-0.8660254037844388,7.21257690647482,0
San Joaquin,2019,8,7.21257690647482,13.05,2.575956121627598,0,139,6.925634756906077,6.578984829113924,6.372398465556962,0.0,-0.8660254037844384,-0.5000000000000004,5.546434430379747,0
San Joaquin,2019,9,5.546434430379747,13.083333,2.7487765374561213,0,158,7.21257690647482,6.925634756906077,6.905732164164941,0.0,-1.0,-1.8369701987210297e-16,9.849298741935485,0
San Joaquin,2019,10,9.849298741935485,23.75,4.856548119373371,0,186,5.546434430379747,7.21257690647482,6.561548697920213,0.0,-0.8660254037844386,0.5000000000000001,17.231493188888887,1
San Joaquin,2019,11,17.231493188888887,32.916667,8.171741221899028,0,180,9.849298741935485,5.546434430379747,7.536103359596684,0.0,-0.5000000000000004,0.8660254037844384,10.913747935897437,0
San Joaquin,2019,12,10.913747935897437,28.0,6.733540662021685,0,156,17.231493188888887,9.849298741935485,10.875742120401375,0.0,-2.4492935982947064e-16,1.0,13.574856196721312,1
San Joaquin,2020,1,13.574856196721312,33.833333,6.747765866609369,0,183,10.913747935897437,17.231493188888887,12.664846622240603,0.0,0.49999999999999994,0.8660254037844387,13.678459071005918,1
San Joaquin,2020,2,13.678459071005918,33.833333,7.7985940041087565,0,169,13.574856196721312,10.913747935897437,13.906699107169212,0.0,0.8660254037844386,0.5000000000000001,5.616152397849463,0
San Joaquin,2020,3,5.616152397849463,18.826087,4.035450037899028,0,186,13.678459071005918,13.574856196721312,12.722354401208221,0.0,1.0,6.123233995736766e-17,4.385389811111112,0
San Joaquin,2020,4,4.385389811111112,9.291667,1.7129487886751558,0,180,5.616152397849463,13.678459071005918,10.956489221858897,0.0,0.8660254037844387,-0.49999999999999983,4.278985505376344,0
San Joaquin,2020,5,4.278985505376344,9.125,1.756781327694222,0,186,4.385389811111112,5.616152397849463,7.89333375998883,0.0,0.49999999999999994,-0.8660254037844387,5.178456311111111,0
San Joaquin,2020,6,5.178456311111111,11.5,2.2811793161186236,0,180,4.278985505376344,4.385389811111112,4.760175904778973,0.0,1.2246467991473532e-16,-1.0,7.179638779569892,0
San Joaquin,2020,7,7.179638779569892,21.291667,3.1661195082512306,0,186,5.178456311111111,4.278985505376344,4.614277209199522,0.0,-0.4999999999999998,-0.8660254037844388,23.67339488172043,1
San Joaquin,2020,8,23.67339488172043,102.0,26.003506553638424,38,186,7.179638779569892,5.178456311111111,5.545693532019116,0.0,-0.8660254037844384,-0.5000000000000004,35.82235197222222,1
San Joaquin,2020,9,35.82235197222222,140.041667,35.445731888339544,51,180,23.67339488172043,7.179638779569892,12.010496657467144,38.0,-1.0,-1.8369701987210297e-16,22.7713203172043,1
San Joaquin,2020,10,22.7713203172043,98.875,22.645070534591714,24,186,35.82235197222222,23.67339488172043,22.225128544504184,51.0,-0.8660254037844386,0.5000000000000001,16.636844774390244,1
San Joaquin,2020,11,16.636844774390244,46.0,9.50200104176136,5,164,22.7713203172043,35.82235197222222,27.42235572371565,24.0,-0.5000000000000004,0.8660254037844384,20.392341355932203,1
San Luis Obispo,2015,2,9.024012767772511,24.083333,5.095375777322558,0,211,9.75129325910931,,9.75129325910931,0.0,0.8660254037844386,0.5000000000000001,8.709690731707317,0
San Luis Obispo,2015,3,8.709690731707317,30.391304,6.012374772764852,0,246,9.024012767772511,9.75129325910931,9.38765301344091,0.0,1.0,6.123233995736766e-17,9.712241927350428,0
San Luis Obispo,2015,4,9.712241927350428,36.0,6.825744112781704,2,234,8.709690731707317,9.024012767772511,9.16166558619638,0.0,0.8660254037844387,-0.49999999999999983,7.0348071774193555,0
San Luis Obispo,2015,5,7.0348071774193555,23.375,4.341288738625372,0,248,9.712241927350428,8.709690731707317,9.148648475610086,2.0,0.49999999999999994,-0.8660254037844387,6.473960175,0
San Luis Obispo,2015,6,6.473960175,23.25,4.398842857552114,0,240,7.0348071774193555,9.712241927350428,8.485579945492367,0.0,1.2246467991473532e-16,-1.0,5.3998852894736835,0
San Luis Obispo,2015,7,5.3998852894736835,19.75,3.8169737392789456,0,228,6.473960175,7.0348071774193555,7.740336426589928,0.0,-0.4999999999999998,-0.8660254037844388,8.52989517427386,0
San Luis Obispo,2015,8,8.52989517427386,28.375,5.023862660978902,0,241,5.3998852894736835,6.473960175,6.302884213964346,0.0,-0.8660254037844384,-0.5000000000000004,7.231394138121547,0
San Luis Obispo,2015,9,7.231394138121547,21.75,3.911330653134446,0,181,8.52989517427386,5.3998852894736835,6.801246879582514,0.0,-1.0,-1.8369701987210297e-16,7.784925876344086,0
San Luis Obispo,2015,10,7.784925876344086,16.130435,3.499269771227815,0,186,7.231394138121547,8.52989517427386,7.053724867289698,0.0,-0.8660254037844386,0.5000000000000001,9.292371067415733,0
San Luis Obispo,2015,11,9.292371067415733,18.333333,3.612296534302836,0,178,7.784925876344086,7.231394138121547,7.848738396246499,0.0,-0.5000000000000004,0.8660254037844384,8.708010752688173,0
San Luis Obispo,2015,12,8.708010752688173,26.956522,4.937754322763157,0,186,9.292371067415733,7.784925876344086,8.102897027293787,0.0,-2.4492935982947064e-16,1.0,6.66374826344086,0
San Luis Obispo,2016,1,6.66374826344086,23.347826,4.195391256903544,0,186,8.708010752688173,9.292371067415733,8.595102565482664,0.0,0.49999999999999994,0.8660254037844387,7.992958316455696,0
San Luis Obispo,2016,2,7.992958316455696,18.875,3.826122076870429,0,158,6.66374826344086,8.708010752688173,8.221376694514921,0.0,0.8660254037844386,0.5000000000000001,6.669560521505376,0
San Luis Obispo,2016,3,6.669560521505376,23.541667,5.4995217885286,0,186,7.992958316455696,6.66374826344086,7.788239110861576,0.0,1.0,6.123233995736766e-17,8.18403721111111,0
San Luis Obispo,2016,4,8.18403721111111,27.652174,6.138561773041966,0,180,6.669560521505376,7.992958316455696,7.10875570046731,0.0,0.8660254037844387,-0.49999999999999983,4.8617822989130435,0
San Luis Obispo,2016,5,4.8617822989130435,19.583333,3.6601418183427583,0,184,8.18403721111111,6.669560521505376,7.615518683024061,0.0,0.49999999999999994,-0.8660254037844387,7.986144751243781,0
San Luis Obispo,2016,6,7.986144751243781,30.208333,5.514769477425484,0,201,4.8617822989130435,8.18403721111111,6.571793343843177,0.0,1.2246467991473532e-16,-1.0,5.822292450413222,0
San Luis Obispo,2016,7,5.822292450413222,29.375,5.450928978658879,0,242,7.986144751243781,4.8617822989130435,7.010654753755978,0.0,-0.4999999999999998,-0.8660254037844388,8.61552529032258,0
San Luis Obispo,2016,8,8.61552529032258,24.666667,5.057651029110036,0,248,5.822292450413222,7.986144751243781,6.223406500190015,0.0,-0.8660254037844384,-0.5000000000000004,7.65571902173913,0
San Luis Obispo,2016,9,7.65571902173913,26.25,4.309915161994992,0,230,8.61552529032258,5.822292450413222,7.474654163993193,0.0,-1.0,-1.8369701987210297e-16,5.463669399159664,0
San Luis Obispo,2016,10,5.463669399159664,32.541667,5.145693144131469,0,238,7.65571902173913,8.61552529032258,7.36451225415831,0.0,-0.8660254037844386,0.5000000000000001,6.368893760504202,0
San Luis Obispo,2016,11,6.368893760504202,14.214286,2.832746867523103,0,238,5.463669399159664,7.65571902173913,7.244971237073791,0.0,-0.5000000000000004,0.8660254037844384,6.5438847276422765,0
San Luis Obispo,2016,12,6.5438847276422765,28.695652,4.640488971933363,0,246,6.368893760504202,5.463669399159664,6.496094060467665,0.0,-2.4492935982947064e-16,1.0,5.661959630081301,0
San Luis Obispo,2017,1,5.661959630081301,17.565217,3.5919608723937886,0,246,6.5438847276422765,6.368893760504202,6.125482629102046,0.0,0.49999999999999994,0.8660254037844387,3.984989345291479,0
San Luis Obispo,2017,2,3.984989345291479,13.666667,3.0804886962710807,0,223,5.661959630081301,6.5438847276422765,6.191579372742592,0.0,0.8660254037844386,0.5000000000000001,6.194292488789237,0
San Luis Obispo,2017,3,6.194292488789237,29.375,4.576240297251788,0,223,3.984989345291479,5.661959630081301,5.396944567671685,0.0,1.0,6.123233995736766e-17,7.9844286,0
San Luis Obispo,2017,4,7.9844286,26.958333,6.120651597709228,0,240,6.194292488789237,3.984989345291479,5.280413821387339,0.0,0.8660254037844387,-0.49999999999999983,7.785825134146342,0
San Luis Obispo,2017,5,7.785825134146342,30.125,5.545135292427551,0,246,7.9844286,6.194292488789237,6.054570144693572,0.0,0.49999999999999994,-0.8660254037844387,7.945783476851852,0
San Luis Obispo,2017,6,7.945783476851852,32.166667,6.5188728865571735,0,216,7.785825134146342,7.9844286,7.321515407645193,0.0,1.2246467991473532e-16,-1.0,8.148043603448276,0
San Luis Obispo,2017,7,8.148043603448276,23.25,5.070937200682107,0,232,7.945783476851852,7.785825134146342,7.905345736999397,0.0,-0.4999999999999998,-0.8660254037844388,7.481859185483871,0
San Luis Obispo,2017,8,7.481859185483871,16.458333,3.6089117120434944,0,248,8.148043603448276,7.945783476851852,7.959884071482155,0.0,-0.8660254037844384,-0.5000000000000004,9.569317428571429,0
San Luis Obispo,2017,9,9.569317428571429,25.625,5.402322663371122,0,238,7.481859185483871,8.148043603448276,7.858562088594664,0.0,-1.0,-1.8369701987210297e-16,11.319780904347825,1
San Luis Obispo,2017,10,11.319780904347825,25.666667,5.678585043291774,0,230,9.569317428571429,7.481859185483871,8.39974007250119,0.0,-0.8660254037844386,0.5000000000000001,5.820188754166667,0
San Luis Obispo,2017,11,5.820188754166667,14.875,2.9668848778891297,0,240,11.319780904347825,9.569317428571429,9.456985839467707,0.0,-0.5000000000000004,0.8660254037844384,11.978131289795918,1
San Luis Obispo,2017,12,11.978131289795918,26.782609,5.354107939157542,0,245,5.820188754166667,11.319780904347825,8.903095695695306,0.0,-2.4492935982947064e-16,1.0,6.051298387096774,0
San Luis Obispo,2018,1,6.051298387096774,23.478261,3.902949732183292,0,248,11.978131289795918,5.820188754166667,9.706033649436803,0.0,0.49999999999999994,0.8660254037844387,8.135241870192306,0
San Luis Obispo,2018,2,8.135241870192306,18.0,3.422429744733494,0,208,6.051298387096774,11.978131289795918,7.94987281035312,0.0,0.8660254037844386,0.5000000000000001,2.5907226394849787,0
San Luis Obispo,2018,3,2.5907226394849787,12.25,2.4266931662142146,0,233,8.135241870192306,6.051298387096774,8.721557182361666,0.0,1.0,6.123233995736766e-17,6.888120879166666,0
San Luis Obispo,2018,4,6.888120879166666,20.125,4.1149188117056665,0,240,2.5907226394849787,8.135241870192306,5.592420965591352,0.0,0.8660254037844387,-0.49999999999999983,5.523438438095239,0
San Luis Obispo,2018,5,5.523438438095239,29.5,5.489070179113313,0,210,6.888120879166666,2.5907226394849787,5.871361796281316,0.0,0.49999999999999994,-0.8660254037844387,7.916514370833334,0
San Luis Obispo,2018,6,7.916514370833334,29.583333,5.674031251856618,0,240,5.523438438095239,6.888120879166666,5.00076065224896,0.0,1.2246467991473532e-16,-1.0,5.814078254545454,0
San Luis Obispo,2018,7,5.814078254545454,22.708333,4.704267054102945,0,220,7.916514370833334,5.523438438095239,6.776024562698413,0.0,-0.4999999999999998,-0.8660254037844388,12.12889012244898,1
San Luis Obispo,2018,8,12.12889012244898,46.875,9.1671612714673,8,245,5.814078254545454,7.916514370833334,6.418010354491341,0.0,-0.8660254037844384,-0.5000000000000004,7.864758573275862,0
San Luis Obispo,2018,9,7.864758573275862,26.333333,3.303924796843712,0,232,12.12889012244898,5.814078254545454,8.619827582609254,8.0,-1.0,-1.8369701987210297e-16,6.973532432098765,0
San Luis Obispo,2018,10,6.973532432098765,14.041667,2.688074257325903,0,243,7.864758573275862,12.12889012244898,8.602575650090097,0.0,-0.8660254037844386,0.5000000000000001,9.359692719148937,0
San Luis Obispo,2018,11,9.359692719148937,32.041667,7.153372942205486,0,235,6.973532432098765,7.864758573275862,8.9890603759412,0.0,-0.5000000000000004,0.8660254037844384,5.881749528225806,0
San Luis Obispo,2018,12,5.881749528225806,16.304348,3.3202388920469965,0,248,9.359692719148937,6.973532432098765,8.065994574841186,0.0,-2.4492935982947064e-16,1.0,5.184403144032922,0
San Luis Obispo,2019,1,5.184403144032922,17.375,3.241823168947928,0,243,5.881749528225806,9.359692719148937,7.404991559824502,0.0,0.49999999999999994,0.8660254037844387,3.2568856968325792,0
San Luis Obispo,2019,2,3.2568856968325792,6.652174,1.6293686678087849,0,221,5.184403144032922,5.881749528225806,6.808615130469221,0.0,0.8660254037844386,0.5000000000000001,4.136394572614107,0
San Luis Obispo,2019,3,4.136394572614107,18.166667,3.3216140083596164,0,241,3.2568856968325792,5.184403144032922,4.774346123030434,0.0,1.0,6.123233995736766e-17,6.070740233333334,0
San Luis Obispo,2019,4,6.070740233333334,21.0,4.762131270474154,0,240,4.136394572614107,3.2568856968325792,4.192561137826535,0.0,0.8660254037844387,-0.49999999999999983,4.937734446351932,0
San Luis Obispo,2019,5,4.937734446351932,17.125,3.548079824375775,0,233,6.070740233333334,4.136394572614107,4.4880068342600055,0.0,0.49999999999999994,-0.8660254037844387,4.927026123404255,0
San Luis Obispo,2019,6,4.927026123404255,20.875,3.516266587836475,0,235,4.937734446351932,6.070740233333334,5.048289750766457,0.0,1.2246467991473532e-16,-1.0,6.609437687500001,0
San Luis Obispo,2019,7,6.609437687500001,23.666667,3.73912946496808,0,240,4.927026123404255,4.937734446351932,5.311833601029839,0.0,-0.4999999999999998,-0.8660254037844388,5.078432334677419,0
San Luis Obispo,2019,8,5.078432334677419,26.208333,3.25287561553911,0,248,6.609437687500001,4.927026123404255,5.491399419085394,0.0,-0.8660254037844384,-0.5000000000000004,7.0593355213675215,0
San Luis Obispo,2019,9,7.0593355213675215,25.708333,4.538330592535889,0,234,5.078432334677419,6.609437687500001,5.538298715193892,0.0,-1.0,-1.8369701987210297e-16,8.057832718367347,0
San Luis Obispo,2019,10,8.057832718367347,22.083333,3.381364147047998,0,245,7.0593355213675215,5.078432334677419,6.24906851451498,0.0,-0.8660254037844386,0.5000000000000001,7.6412345313807535,0
San Luis Obispo,2019,11,7.6412345313807535,18.916667,3.1712724302932265,0,239,8.057832718367347,7.0593355213675215,6.731866858137429,0.0,-0.5000000000000004,0.8660254037844384,4.726679370833334,0
San Luis Obispo,2019,12,4.726679370833334,15.047619,2.2885256514630243,0,240,7.6412345313807535,8.057832718367347,7.58613425703854,0.0,-2.4492935982947064e-16,1.0,5.696764506276151,0
San Luis Obispo,2020,1,5.696764506276151,16.714286,2.444191897605862,0,239,4.726679370833334,7.6412345313807535,6.8085822068604775,0.0,0.49999999999999994,0.8660254037844387,7.985622277056278,0
San Luis Obispo,2020,2,7.985622277056278,19.583333,2.623652656795732,0,231,5.696764506276151,4.726679370833334,6.021559469496746,0.0,0.8660254037844386,0.5000000000000001,4.705867823529412,0
San Luis Obispo,2020,3,4.705867823529412,11.875,2.6362684580120828,0,238,7.985622277056278,5.696764506276151,6.13635538472192,0.0,1.0,6.123233995736766e-17,6.501255221757322,0
San Luis Obispo,2020,4,6.501255221757322,20.083333,4.600268615351268,0,239,4.705867823529412,7.985622277056278,6.12941820228728,0.0,0.8660254037844387,-0.49999999999999983,8.019038274678111,0
San Luis Obispo,2020,5,8.019038274678111,24.375,4.967647814030671,0,233,6.501255221757322,4.705867823529412,6.397581774114337,0.0,0.49999999999999994,-0.8660254037844387,6.630186255230125,0
San Luis Obispo,2020,6,6.630186255230125,23.125,4.7517192886104604,0,239,8.019038274678111,6.501255221757322,6.408720439988282,0.0,1.2246467991473532e-16,-1.0,5.91301492920354,0
San Luis Obispo,2020,7,5.91301492920354,20.541667,3.88620376227164,0,226,6.630186255230125,8.019038274678111,7.050159917221852,0.0,-0.4999999999999998,-0.8660254037844388,17.370057504032257,1
San Luis Obispo,2020,8,17.370057504032257,242.181818,33.9784704322743,22,248,5.91301492920354,6.630186255230125,6.854079819703924,0.0,-0.8660254037844384,-0.5000000000000004,18.0281822375,1
San Luis Obispo,2020,9,18.0281822375,113.791667,19.274722448688102,32,240,17.370057504032257,5.91301492920354,9.97108622948864,22.0,-1.0,-1.8369701987210297e-16,12.335601677419357,1
San Luis Obispo,2020,10,12.335601677419357,68.416667,12.513740317020542,18,248,18.0281822375,17.370057504032257,13.770418223578597,32.0,-0.8660254037844386,0.5000000000000001,7.715735741666666,0
San Luis Obispo,2020,11,7.715735741666666,17.916667,3.6199502545674713,0,240,12.335601677419357,18.0281822375,15.91128047298387,18.0,-0.5000000000000004,0.8660254037844384,7.741396008064516,0
San Mateo,2015,2,7.094733803571429,17.833333,4.651784744506111,0,56,14.028646564516128,,14.028646564516128,0.0,0.8660254037844386,0.5000000000000001,5.767789241935484,0
San Mateo,2015,3,5.767789241935484,12.583333,2.881086539009037,0,62,7.094733803571429,14.028646564516128,10.561690184043778,0.0,1.0,6.123233995736766e-17,4.2450796,0
San Mateo,2015,4,4.2450796,11.125,2.8392758042835573,0,60,5.767789241935484,7.094733803571429,8.963723203341013,0.0,0.8660254037844387,-0.49999999999999983,3.7653273387096777,0
San Mateo,2015,5,3.7653273387096777,9.708333,2.784729965326891,0,62,4.2450796,5.767789241935484,5.702534215168971,0.0,0.49999999999999994,-0.8660254037844387,4.0012055,0
San Mateo,2015,6,4.0012055,12.5,3.5008457780624354,0,60,3.7653273387096777,4.2450796,4.592732060215053,0.0,1.2246467991473532e-16,-1.0,1.6955352741935483,0
San Mateo,2015,7,1.6955352741935483,6.0,1.9456880153914304,0,62,4.0012055,3.7653273387096777,4.0038708129032266,0.0,-0.4999999999999998,-0.8660254037844388,6.951764854838709,0
San Mateo,2015,8,6.951764854838709,34.666667,8.443568796587133,0,62,1.6955352741935483,4.0012055,3.1540227043010756,0.0,-0.8660254037844384,-0.5000000000000004,3.6455193833333337,0
San Mateo,2015,9,3.6455193833333337,7.916667,2.150288059094836,0,60,6.951764854838709,1.6955352741935483,4.2161685430107525,0.0,-1.0,-1.8369701987210297e-16,6.015445290322581,0
San Mateo,2015,10,6.015445290322581,13.5,3.104140060951321,0,62,3.6455193833333337,6.951764854838709,4.097606504121864,0.0,-0.8660254037844386,0.5000000000000001,5.849364206896552,0
San Mateo,2015,11,5.849364206896552,13.833333,3.462645458019046,0,58,6.015445290322581,3.6455193833333337,5.537576509498209,0.0,-0.5000000000000004,0.8660254037844384,5.362123084745763,0
San Mateo,2015,12,5.362123084745763,16.166667,3.3027770034856787,0,59,5.849364206896552,6.015445290322581,5.170109626850823,0.0,-2.4492935982947064e-16,1.0,6.716840258064516,0
San Mateo,2016,1,6.716840258064516,15.416667,3.575246765636869,0,62,5.362123084745763,5.849364206896552,5.742310860654965,0.0,0.49999999999999994,0.8660254037844387,6.0013561875,0
San Mateo,2016,2,6.0013561875,13.909091,4.162380048408274,0,48,6.716840258064516,5.362123084745763,5.976109183235611,0.0,0.8660254037844386,0.5000000000000001,3.9496806666666666,0
San Mateo,2016,3,3.9496806666666666,10.5,5.191680020334156,0,60,6.0013561875,6.716840258064516,6.026773176770093,0.0,1.0,6.123233995736766e-17,8.93220465,0
San Mateo,2016,4,8.93220465,12.909091,1.7945277074859955,0,60,3.9496806666666666,6.0013561875,5.555959037410395,0.0,0.8660254037844387,-0.49999999999999983,10.299838548387095,0
San Mateo,2016,5,10.299838548387095,18.333333,3.48331337836961,0,62,8.93220465,3.9496806666666666,6.294413834722223,0.0,0.49999999999999994,-0.8660254037844387,11.610126816666668,1
San Mateo,2016,6,11.610126816666668,19.5,3.3058902833648127,0,60,10.299838548387095,8.93220465,7.727241288351254,0.0,1.2246467991473532e-16,-1.0,10.471674854838708,0
San Mateo,2016,7,10.471674854838708,17.166667,2.970924282302549,0,62,11.610126816666668,10.299838548387095,10.280723338351255,0.0,-0.4999999999999998,-0.8660254037844388,11.101427516129032,0
San Mateo,2016,8,11.101427516129032,15.5,1.894727542664296,0,62,10.471674854838708,11.610126816666668,10.793880073297492,0.0,-0.8660254037844384,-0.5000000000000004,10.1714979,0
San Mateo,2016,9,10.1714979,18.416667,3.043830939991094,0,50,11.101427516129032,10.471674854838708,11.061076395878137,0.0,-1.0,-1.8369701987210297e-16,5.7119683709677425,0
San Mateo,2016,10,5.7119683709677425,9.75,1.8522800109449888,0,62,10.1714979,11.101427516129032,10.581533423655914,0.0,-0.8660254037844386,0.5000000000000001,7.427814049999999,0
San Mateo,2016,11,7.427814049999999,17.727273,3.953042037718574,0,60,5.7119683709677425,10.1714979,8.994964595698926,0.0,-0.5000000000000004,0.8660254037844384,7.062692854838709,0
San Mateo,2016,12,7.062692854838709,14.041667,3.168245595799611,0,62,7.427814049999999,5.7119683709677425,7.770426773655914,0.0,-2.4492935982947064e-16,1.0,6.909151451612903,0
San Mateo,2017,1,6.909151451612903,20.913043,4.742631000103506,0,62,7.062692854838709,7.427814049999999,6.734158425268817,0.0,0.49999999999999994,0.8660254037844387,5.261567749999999,0
San Mateo,2017,2,5.261567749999999,20.583333,4.087221531108452,0,56,6.909151451612903,7.062692854838709,7.133219452150538,0.0,0.8660254037844386,0.5000000000000001,6.036401370967742,0
San Mateo,2017,3,6.036401370967742,13.086957,2.5723682214038357,0,62,5.261567749999999,6.909151451612903,6.411137352150537,0.0,1.0,6.123233995736766e-17,5.302597916666667,0
San Mateo,2017,4,5.302597916666667,10.782609,2.296671305442352,0,60,6.036401370967742,5.261567749999999,6.069040190860215,0.0,0.8660254037844387,-0.49999999999999983,5.738899854838709,0
San Mateo,2017,5,5.738899854838709,13.875,3.0599087283591033,0,62,5.302597916666667,6.036401370967742,5.533522345878136,0.0,0.49999999999999994,-0.8660254037844387,6.684180383333333,0
San Mateo,2017,6,6.684180383333333,15.125,3.611591562792828,0,60,5.738899854838709,5.302597916666667,5.69263304749104,0.0,1.2246467991473532e-16,-1.0,9.269819081967212,0
San Mateo,2017,7,9.269819081967212,14.695652,2.564124754730187,0,61,6.684180383333333,5.738899854838709,5.908559384946237,0.0,-0.4999999999999998,-0.8660254037844388,11.608628,1
San Mateo,2017,8,11.608628,25.041667,4.7153410554827255,0,62,9.269819081967212,6.684180383333333,7.230966440046418,0.0,-0.8660254037844384,-0.5000000000000004,13.416727616666666,1
San Mateo,2017,9,13.416727616666666,47.916667,11.01150386513326,6,60,11.608628,9.269819081967212,9.187542488433515,0.0,-1.0,-1.8369701987210297e-16,16.451478148148148,1
San Mateo,2017,10,16.451478148148148,60.833333,15.357843571550468,6,54,13.416727616666666,11.608628,11.431724899544626,6.0,-0.8660254037844386,0.5000000000000001,6.889579859649123,0
San Mateo,2017,11,6.889579859649123,16.208333,4.009717300473129,0,57,16.451478148148148,13.416727616666666,13.825611254938272,6.0,-0.5000000000000004,0.8660254037844384,15.252489064516128,1
San Mateo,2017,12,15.252489064516128,35.25,8.123128566329196,0,62,6.889579859649123,16.451478148148148,12.252595208154647,0.0,-2.4492935982947064e-16,1.0,12.481605098360657,1
San Mateo,2018,1,12.481605098360657,27.25,6.606619395440946,0,61,15.252489064516128,6.889579859649123,12.864515690771134,0.0,0.49999999999999994,0.8660254037844387,6.944762290909091,0
San Mateo,2018,2,6.944762290909091,15.695652,3.122938979865201,0,55,12.481605098360657,15.252489064516128,11.541224674175304,0.0,0.8660254037844386,0.5000000000000001,3.8273699193548385,0
San Mateo,2018,3,3.8273699193548385,9.166667,2.963541390423844,0,62,6.944762290909091,12.481605098360657,11.559618817928625,0.0,1.0,6.123233995736766e-17,8.279510866666666,0
San Mateo,2018,4,8.279510866666666,16.043478,3.6590571412612234,0,60,3.8273699193548385,6.944762290909091,7.75124576954153,0.0,0.8660254037844387,-0.49999999999999983,6.696148459016394,0
San Mateo,2018,5,6.696148459016394,17.181818,3.5939683208563933,0,61,8.279510866666666,3.8273699193548385,6.3505476923102,0.0,0.49999999999999994,-0.8660254037844387,9.29093125862069,0
San Mateo,2018,6,9.29093125862069,14.541667,2.651238582068829,0,58,6.696148459016394,8.279510866666666,6.267676415012634,0.0,1.2246467991473532e-16,-1.0,7.862775709677419,0
San Mateo,2018,7,7.862775709677419,15.083333,3.237572917902593,0,62,9.29093125862069,6.696148459016394,8.088863528101252,0.0,-0.4999999999999998,-0.8660254037844388,12.376495483870968,1
San Mateo,2018,8,12.376495483870968,43.958333,7.743223352881084,2,62,7.862775709677419,9.29093125862069,7.949951809104835,0.0,-0.8660254037844384,-0.5000000000000004,8.866594233333334,0
San Mateo,2018,9,8.866594233333334,14.583333,3.5120899931707443,0,60,12.376495483870968,7.862775709677419,9.843400817389693,2.0,-1.0,-1.8369701987210297e-16,6.830442925925926,0
San Mateo,2018,10,6.830442925925926,15.636364,3.404066296365496,0,54,8.866594233333334,12.376495483870968,9.701955142293908,0.0,-0.8660254037844386,0.5000000000000001,34.58834043333333,1
San Mateo,2018,11,34.58834043333333,120.916667,36.35196935635441,24,60,6.830442925925926,8.866594233333334,9.357844214376744,0.0,-0.5000000000000004,0.8660254037844384,8.29036985483871,0
San Mateo,2018,12,8.29036985483871,18.608696,4.053474039860918,0,62,34.58834043333333,6.830442925925926,16.7617925308642,24.0,-2.4492935982947064e-16,1.0,9.575811819672133,0
San Mateo,2019,1,9.575811819672133,18.625,3.8416664402951297,0,61,8.29036985483871,34.58834043333333,16.569717738032658,0.0,0.49999999999999994,0.8660254037844387,4.059178892857143,0
San Mateo,2019,2,4.059178892857143,8.333333,2.0878750826113373,0,56,9.575811819672133,8.29036985483871,17.484840702614726,0.0,0.8660254037844386,0.5000000000000001,5.613008903225807,0
San Mateo,2019,3,5.613008903225807,10.708333,2.5360575820943847,0,62,4.059178892857143,9.575811819672133,7.308453522455998,0.0,1.0,6.123233995736766e-17,7.0312028,0
San Mateo,2019,4,7.0312028,15.0,3.8197942884365337,0,60,5.613008903225807,4.059178892857143,6.4159998719183635,0.0,0.8660254037844387,-0.49999999999999983,5.37989164516129,0
San Mateo,2019,5,5.37989164516129,10.375,2.577857821660656,0,62,7.0312028,5.613008903225807,5.567796865360986,0.0,0.49999999999999994,-0.8660254037844387,6.6900301833333335,0
San Mateo,2019,6,6.6900301833333335,13.75,3.265461146669993,0,60,5.37989164516129,7.0312028,6.008034449462368,0.0,1.2246467991473532e-16,-1.0,6.1344037903225805,0
San Mateo,2019,7,6.1344037903225805,12.875,2.6112977306855454,0,62,6.6900301833333335,5.37989164516129,6.367041542831544,0.0,-0.4999999999999998,-0.8660254037844388,6.936938983870967,0
San Mateo,2019,8,6.936938983870967,13.833333,3.06632907121809,0,62,6.1344037903225805,6.6900301833333335,6.0681085396057375,0.0,-0.8660254037844384,-0.5000000000000004,6.5210557954545445,0
San Mateo,2019,9,6.5210557954545445,10.541667,2.3773015170855065,0,44,6.936938983870967,6.1344037903225805,6.587124319175629,0.0,-1.0,-1.8369701987210297e-16,9.17395462962963,0
San Mateo,2019,10,9.17395462962963,20.2,3.849335453735943,0,54,6.5210557954545445,6.936938983870967,6.530799523216033,0.0,-0.8660254037844386,0.5000000000000001,12.262082634615384,1
San Mateo,2019,11,12.262082634615384,32.923077,6.818098539672222,0,52,9.17395462962963,6.5210557954545445,7.543983136318384,0.0,-0.5000000000000004,0.8660254037844384,5.701537983870968,0
San Mateo,2019,12,5.701537983870968,10.541667,2.61877389883744,0,62,12.262082634615384,9.17395462962963,9.319031019899855,0.0,-2.4492935982947064e-16,1.0,6.819941852459016,0
San Mateo,2020,1,6.819941852459016,12.583333,2.2905668593083157,0,61,5.701537983870968,12.262082634615384,9.045858416038664,0.0,0.49999999999999994,0.8660254037844387,8.596525068965517,0
San Mateo,2020,2,8.596525068965517,17.208333,3.575162894258773,0,58,6.819941852459016,5.701537983870968,8.261187490315125,0.0,0.8660254037844386,0.5000000000000001,5.164761532258065,0
San Mateo,2020,3,5.164761532258065,11.708333,2.7252538204742325,0,62,8.596525068965517,6.819941852459016,7.039334968431837,0.0,1.0,6.123233995736766e-17,4.433145016666667,0
San Mateo,2020,4,4.433145016666667,9.608696,1.9096277264064552,0,60,5.164761532258065,8.596525068965517,6.860409484560869,0.0,0.8660254037844387,-0.49999999999999983,4.663709661290322,0
San Mateo,2020,5,4.663709661290322,10.583333,2.4794812376771502,0,62,4.433145016666667,5.164761532258065,6.0648105392967535,0.0,0.49999999999999994,-0.8660254037844387,5.29090305,0
San Mateo,2020,6,5.29090305,11.458333,2.5587755921874664,0,60,4.663709661290322,4.433145016666667,4.753872070071687,0.0,1.2246467991473532e-16,-1.0,6.6554231290322585,0
San Mateo,2020,7,6.6554231290322585,16.208333,3.1249868294691354,0,62,5.29090305,4.663709661290322,4.7959192426523325,0.0,-0.4999999999999998,-0.8660254037844388,16.03214220967742,1
San Mateo,2020,8,16.03214220967742,51.625,13.03219966713104,4,62,6.6554231290322585,5.29090305,5.536678613440863,0.0,-0.8660254037844384,-0.5000000000000004,29.33574551666667,1
San Mateo,2020,9,29.33574551666667,124.166667,35.618287396615536,10,60,16.03214220967742,6.6554231290322585,9.326156129569895,4.0,-1.0,-1.8369701987210297e-16,13.102563870967742,1
San Mateo,2020,10,13.102563870967742,47.041667,10.060963066600332,4,62,29.33574551666667,16.03214220967742,17.341103618458785,10.0,-0.8660254037844386,0.5000000000000001,7.82953676923077,0
San Mateo,2020,11,7.82953676923077,21.416667,4.165129431849098,0,52,13.102563870967742,29.33574551666667,19.49015053243728,4.0,-0.5000000000000004,0.8660254037844384,9.960988462962964,0
Santa Barbara,2015,2,9.2117550625,23.291667,4.768351434777516,0,224,7.544814975206611,,7.544814975206611,0.0,0.8660254037844386,0.5000000000000001,8.075492883064516,0
Santa Barbara,2015,3,8.075492883064516,16.416667,3.512780030304708,0,248,9.2117550625,7.544814975206611,8.378285018853305,0.0,1.0,6.123233995736766e-17,8.68054683490566,0
Santa Barbara,2015,4,8.68054683490566,21.4,3.577491544024533,0,212,8.075492883064516,9.2117550625,8.27735430692371,0.0,0.8660254037844387,-0.49999999999999983,7.583393549356223,0
Santa Barbara,2015,5,7.583393549356223,17.708333,3.1950456137811885,0,233,8.68054683490566,8.075492883064516,8.655931593490058,0.0,0.49999999999999994,-0.8660254037844387,8.461172504166667,0
Santa Barbara,2015,6,8.461172504166667,16.583333,3.3547572241916463,0,240,7.583393549356223,8.68054683490566,8.113144422442133,0.0,1.2246467991473532e-16,-1.0,6.746662706422019,0
Santa Barbara,2015,7,6.746662706422019,14.25,2.784033267855521,0,218,8.461172504166667,7.583393549356223,8.241704296142851,0.0,-0.4999999999999998,-0.8660254037844388,11.13273484647303,0
Santa Barbara,2015,8,11.13273484647303,21.708333,4.381496143346093,0,241,6.746662706422019,8.461172504166667,7.597076253314969,0.0,-0.8660254037844384,-0.5000000000000004,9.31186647647059,0
Santa Barbara,2015,9,9.31186647647059,13.791667,2.056612002088464,0,170,11.13273484647303,6.746662706422019,8.780190019020571,0.0,-1.0,-1.8369701987210297e-16,7.521277473118279,0
Santa Barbara,2015,10,7.521277473118279,15.041667,2.8652066049494014,0,186,9.31186647647059,11.13273484647303,9.063754676455213,0.0,-0.8660254037844386,0.5000000000000001,5.49712741954023,0
Santa Barbara,2015,11,5.49712741954023,10.958333,1.7244139947214685,0,174,7.521277473118279,9.31186647647059,9.3219595986873,0.0,-0.5000000000000004,0.8660254037844384,5.443533284946237,0
Santa Barbara,2015,12,5.443533284946237,10.208333,1.9598903354234736,0,186,5.49712741954023,7.521277473118279,7.4434237897097,0.0,-2.4492935982947064e-16,1.0,5.362137951612903,0
Santa Barbara,2016,1,5.362137951612903,9.958333,1.6233931588416508,0,186,5.443533284946237,5.49712741954023,6.153979392534915,0.0,0.49999999999999994,0.8660254037844387,5.623289901162791,0
Santa Barbara,2016,2,5.623289901162791,12.25,2.280091839300963,0,172,5.362137951612903,5.443533284946237,5.43426621869979,0.0,0.8660254037844386,0.5000000000000001,6.12063450617284,0
Santa Barbara,2016,3,6.12063450617284,16.583333,2.964780940721024,0,162,5.623289901162791,5.362137951612903,5.476320379240644,0.0,1.0,6.123233995736766e-17,7.058975849162011,0
Santa Barbara,2016,4,7.058975849162011,13.125,2.7989864506793545,0,179,6.12063450617284,5.623289901162791,5.7020207863161785,0.0,0.8660254037844387,-0.49999999999999983,6.297172887417219,0
Santa Barbara,2016,5,6.297172887417219,13.041667,2.6442036209467794,0,151,7.058975849162011,6.12063450617284,6.267633418832548,0.0,0.49999999999999994,-0.8660254037844387,8.53880975,0
Santa Barbara,2016,6,8.53880975,26.041667,4.52318376429745,0,164,6.297172887417219,7.058975849162011,6.492261080917356,0.0,1.2246467991473532e-16,-1.0,8.723941272727272,0
Santa Barbara,2016,7,8.723941272727272,20.75,3.408118241761844,0,154,8.53880975,6.297172887417219,7.2983194955264095,0.0,-0.4999999999999998,-0.8660254037844388,9.905406484076432,0
Santa Barbara,2016,8,9.905406484076432,17.333333,2.439432670286111,0,157,8.723941272727272,8.53880975,7.853307970048164,0.0,-0.8660254037844384,-0.5000000000000004,9.66586173888889,0
Santa Barbara,2016,9,9.66586173888889,30.916667,4.093500142130037,0,180,9.905406484076432,8.723941272727272,9.056052502267901,0.0,-1.0,-1.8369701987210297e-16,5.414968602150537,0
Santa Barbara,2016,10,5.414968602150537,11.478261,2.318130590653161,0,186,9.66586173888889,9.905406484076432,9.431736498564199,0.0,-0.8660254037844386,0.5000000000000001,6.426399183908046,0
Santa Barbara,2016,11,6.426399183908046,12.0,2.203495359030184,0,174,5.414968602150537,9.66586173888889,8.328745608371953,0.0,-0.5000000000000004,0.8660254037844384,5.885964693548386,0
Santa Barbara,2016,12,5.885964693548386,13.0,2.5980877375035876,0,186,6.426399183908046,5.414968602150537,7.1690765083158245,0.0,-2.4492935982947064e-16,1.0,4.755639589147286,0
Santa Barbara,2017,1,4.755639589147286,9.304348,1.9485224194539676,0,129,5.885964693548386,6.426399183908046,5.909110826535657,0.0,0.49999999999999994,0.8660254037844387,4.096645398692811,0
Santa Barbara,2017,2,4.096645398692811,11.416667,2.2514411118003324,0,153,4.755639589147286,5.885964693548386,5.689334488867907,0.0,0.8660254037844386,0.5000000000000001,7.3500884285714285,0
Santa Barbara,2017,3,7.3500884285714285,19.416667,3.3251508540134385,0,154,4.096645398692811,4.755639589147286,4.912749893796161,0.0,1.0,6.123233995736766e-17,7.570144266666667,0
Santa Barbara,2017,4,7.570144266666667,19.083333,3.185243440291743,0,180,7.3500884285714285,4.096645398692811,5.400791138803842,0.0,0.8660254037844387,-0.49999999999999983,8.047069255555556,0
Santa Barbara,2017,5,8.047069255555556,17.041667,3.1297796910101368,0,180,7.570144266666667,7.3500884285714285,6.338959364643635,0.0,0.49999999999999994,-0.8660254037844387,7.517176294444444,0
Santa Barbara,2017,6,7.517176294444444,16.458333,3.2977625165067272,0,180,8.047069255555556,7.570144266666667,7.655767316931217,0.0,1.2246467991473532e-16,-1.0,8.51270158988764,0
Santa Barbara,2017,7,8.51270158988764,19.583333,3.8309434910213698,0,178,7.517176294444444,8.047069255555556,7.711463272222222,0.0,-0.4999999999999998,-0.8660254037844388,8.30014766507177,0
Santa Barbara,2017,8,8.30014766507177,17.666667,2.738446115549076,0,209,8.51270158988764,7.517176294444444,8.025649046629214,0.0,-0.8660254037844384,-0.5000000000000004,8.694308554166666,0
Santa Barbara,2017,9,8.694308554166666,17.5,3.185432168116612,0,240,8.30014766507177,8.51270158988764,8.110008516467952,0.0,-1.0,-1.8369701987210297e-16,9.796807453441296,0
Santa Barbara,2017,10,9.796807453441296,19.958333,3.890595132483521,0,247,8.694308554166666,8.30014766507177,8.50238593637536,0.0,-0.8660254037844386,0.5000000000000001,5.476652454545455,0
Santa Barbara,2017,11,5.476652454545455,12.208333,2.5380286207895937,0,220,9.796807453441296,8.694308554166666,8.930421224226578,0.0,-0.5000000000000004,0.8660254037844384,25.13651059504132,1
Santa Barbara,2017,12,25.13651059504132,231.666667,34.285975679927766,54,242,5.476652454545455,9.796807453441296,7.989256154051138,0.0,-2.4492935982947064e-16,1.0,6.008506076612902,0
Santa Barbara,2018,1,6.008506076612902,14.916667,2.9342465873745174,0,248,25.13651059504132,5.476652454545455,13.469990167676023,54.0,0.49999999999999994,0.8660254037844387,6.845595575892857,0
Santa Barbara,2018,2,6.845595575892857,30.291667,4.3145525270231335,0,224,6.008506076612902,25.13651059504132,12.207223042066559,0.0,0.8660254037844386,0.5000000000000001,3.76273099593496,0
Santa Barbara,2018,3,3.76273099593496,11.043478,2.206026043209812,0,246,6.845595575892857,6.008506076612902,12.663537415849026,0.0,1.0,6.123233995736766e-17,7.8923672,0
Santa Barbara,2018,4,7.8923672,14.583333,2.930028499026815,0,240,3.76273099593496,6.845595575892857,5.5389442161469065,0.0,0.8660254037844387,-0.49999999999999983,6.6199789879032265,0
Santa Barbara,2018,5,6.6199789879032265,12.208333,2.689484142198737,0,248,7.8923672,3.76273099593496,6.166897923942606,0.0,0.49999999999999994,-0.8660254037844387,8.838943323529412,0
Santa Barbara,2018,6,8.838943323529412,13.166667,2.2092892891985203,0,238,6.6199789879032265,7.8923672,6.091692394612728,0.0,1.2246467991473532e-16,-1.0,7.689428541322315,0
Santa Barbara,2018,7,7.689428541322315,21.416667,4.163417169303081,0,242,8.838943323529412,6.6199789879032265,7.783763170477546,0.0,-0.4999999999999998,-0.8660254037844388,12.707644802419354,1
Santa Barbara,2018,8,12.707644802419354,40.695652,7.203609558868415,10,248,7.689428541322315,8.838943323529412,7.716116950918319,0.0,-0.8660254037844384,-0.5000000000000004,8.9687313625,0
Santa Barbara,2018,9,8.9687313625,14.458333,2.3088517151452645,0,240,12.707644802419354,7.689428541322315,9.74533888909036,10.0,-1.0,-1.8369701987210297e-16,6.977254146341464,0
Santa Barbara,2018,10,6.977254146341464,12.75,2.2803151815056704,0,246,8.9687313625,12.707644802419354,9.788601568747223,0.0,-0.8660254037844386,0.5000000000000001,9.166238226890757,0
Santa Barbara,2018,11,9.166238226890757,30.25,6.178394889221468,0,238,6.977254146341464,8.9687313625,9.551210103753606,0.0,-0.5000000000000004,0.8660254037844384,4.951930846153846,0
Santa Barbara,2018,12,4.951930846153846,12.416667,2.255199687703122,0,234,9.166238226890757,6.977254146341464,8.370741245244075,0.0,-2.4492935982947064e-16,1.0,4.565891592741935,0
Santa Barbara,2019,1,4.565891592741935,11.304348,2.404111359663195,0,248,4.951930846153846,9.166238226890757,7.0318077397953545,0.0,0.49999999999999994,0.8660254037844387,2.7491675892857144,0
Santa Barbara,2019,2,2.7491675892857144,8.5,1.4901873465943325,0,224,4.565891592741935,4.951930846153846,6.228020221928847,0.0,0.8660254037844386,0.5000000000000001,3.8779555483870967,0
Santa Barbara,2019,3,3.8779555483870967,10.5,2.0911070868264248,0,248,2.7491675892857144,4.565891592741935,4.088996676060499,0.0,1.0,6.123233995736766e-17,6.246208331896552,0
Santa Barbara,2019,4,6.246208331896552,15.916667,3.5489236954977725,0,232,3.8779555483870967,2.7491675892857144,3.7310049101382483,0.0,0.8660254037844387,-0.49999999999999983,5.316770833333334,0
Santa Barbara,2019,5,5.316770833333334,13.166667,2.7732703494468542,0,240,6.246208331896552,3.8779555483870967,4.291110489856455,0.0,0.49999999999999994,-0.8660254037844387,5.561804171945701,0
Santa Barbara,2019,6,5.561804171945701,12.833333,2.549375546727039,0,221,5.316770833333334,6.246208331896552,5.146978237872328,0.0,1.2246467991473532e-16,-1.0,7.110492117886179,0
Santa Barbara,2019,7,7.110492117886179,22.583333,3.724496569869771,0,246,5.561804171945701,5.316770833333334,5.708261112391862,0.0,-0.4999999999999998,-0.8660254037844388,4.9253882809917355,0
Santa Barbara,2019,8,4.9253882809917355,18.5,3.1314820849503926,0,242,7.110492117886179,5.561804171945701,5.9963557077217375,0.0,-0.8660254037844384,-0.5000000000000004,5.614494,0
Santa Barbara,2019,9,5.614494,10.416667,2.0435116474403054,0,240,4.9253882809917355,7.110492117886179,5.865894856941206,0.0,-1.0,-1.8369701987210297e-16,7.258416573770492,0
Santa Barbara,2019,10,7.258416573770492,16.041667,2.893982202509943,0,244,5.614494,4.9253882809917355,5.883458132959305,0.0,-0.8660254037844386,0.5000000000000001,7.760082428571429,0
Santa Barbara,2019,11,7.760082428571429,26.333333,4.510611627954794,0,231,7.258416573770492,5.614494,5.932766284920742,0.0,-0.5000000000000004,0.8660254037844384,2.915238896551724,0
Santa Barbara,2019,12,2.915238896551724,13.375,2.257291968313779,0,232,7.760082428571429,7.258416573770492,6.877664334113973,0.0,-2.4492935982947064e-16,1.0,3.6318473951612904,0
Santa Barbara,2020,1,3.6318473951612904,10.791667,2.221750160598475,0,248,2.915238896551724,7.760082428571429,5.977912632964549,0.0,0.49999999999999994,0.8660254037844387,5.342290228448276,0
Santa Barbara,2020,2,5.342290228448276,14.166667,2.576129274232461,0,232,3.6318473951612904,2.915238896551724,4.769056240094814,0.0,0.8660254037844386,0.5000000000000001,2.8113994516129033,0
Santa Barbara,2020,3,2.8113994516129033,10.833333,2.619963845282703,0,248,5.342290228448276,3.6318473951612904,3.9631255067204303,0.0,1.0,6.123233995736766e-17,5.03606605982906,0
Santa Barbara,2020,4,5.03606605982906,13.541667,3.04299777568544,0,234,2.8113994516129033,5.342290228448276,3.92851235840749,0.0,0.8660254037844387,-0.49999999999999983,6.359391359504132,0
Santa Barbara,2020,5,6.359391359504132,14.833333,3.5788775759921805,0,242,5.03606605982906,2.8113994516129033,4.396585246630079,0.0,0.49999999999999994,-0.8660254037844387,5.793083575107296,0
Santa Barbara,2020,6,5.793083575107296,13.666667,2.986674169459494,0,233,6.359391359504132,5.03606605982906,4.735618956982031,0.0,1.2246467991473532e-16,-1.0,6.9184243292682925,0
Santa Barbara,2020,7,6.9184243292682925,35.583333,4.834321154894789,2,246,5.793083575107296,6.359391359504132,5.729513664813496,0.0,-0.4999999999999998,-0.8660254037844388,11.739234536290322,1
Santa Barbara,2020,8,11.739234536290322,50.666667,10.204383300802274,12,248,6.9184243292682925,5.793083575107296,6.35696642129324,2.0,-0.8660254037844384,-0.5000000000000004,18.64114615948276,1
Santa Barbara,2020,9,18.64114615948276,88.458333,18.25674349221925,36,232,11.739234536290322,6.9184243292682925,8.15024748022197,12.0,-1.0,-1.8369701987210297e-16,12.219815298387095,1
Santa Barbara,2020,10,12.219815298387095,52.291667,8.468815272730698,8,248,18.64114615948276,11.739234536290322,12.432935008347124,36.0,-0.8660254037844386,0.5000000000000001,7.531096662393162,0
Santa Barbara,2020,11,7.531096662393162,18.333333,3.1832002414777674,0,234,12.219815298387095,18.64114615948276,14.200065331386725,8.0,-0.5000000000000004,0.8660254037844384,7.565214415966387,0
Santa Clara,2015,2,10.14540504519774,29.2,5.975381930372975,0,177,16.955201182291667,,16.955201182291667,0.0,0.8660254037844386,0.5000000000000001,7.376809184615385,0
Santa Clara,2015,3,7.376809184615385,17.6,2.90299944232643,0,195,10.14540504519774,16.955201182291667,13.550303113744704,0.0,1.0,6.123233995736766e-17,6.431392673796791,0
Santa Clara,2015,4,6.431392673796791,15.416667,2.7727792227258288,0,187,7.376809184615385,10.14540504519774,11.49247180403493,0.0,0.8660254037844387,-0.49999999999999983,6.176555517948718,0
Santa Clara,2015,5,6.176555517948718,16.375,2.766819309370536,0,195,6.431392673796791,7.376809184615385,7.9845356345366385,0.0,0.49999999999999994,-0.8660254037844387,8.162166554973822,0
Santa Clara,2015,6,8.162166554973822,42.25,4.9766597309405425,2,191,6.176555517948718,6.431392673796791,6.661585792120298,0.0,1.2246467991473532e-16,-1.0,5.535468803030303,0
Santa Clara,2015,7,5.535468803030303,14.782609,2.7989286731385357,0,198,8.162166554973822,6.176555517948718,6.923371582239777,2.0,-0.4999999999999998,-0.8660254037844388,10.2564106373057,0
Santa Clara,2015,8,10.2564106373057,49.458333,9.838511316012257,9,193,5.535468803030303,8.162166554973822,6.624730291984281,0.0,-0.8660254037844384,-0.5000000000000004,7.115465867403315,0
Santa Clara,2015,9,7.115465867403315,13.4,2.7066895726379396,0,181,10.2564106373057,5.535468803030303,7.984681998436609,9.0,-1.0,-1.8369701987210297e-16,7.298589390625,0
Santa Clara,2015,10,7.298589390625,14.625,3.2366621625300183,0,192,7.115465867403315,10.2564106373057,7.63578176924644,0.0,-0.8660254037844386,0.5000000000000001,9.152100511235956,0
Santa Clara,2015,11,9.152100511235956,21.6,5.017753003805378,0,178,7.298589390625,7.115465867403315,8.223488631778004,0.0,-0.5000000000000004,0.8660254037844384,8.75796112755102,0
Santa Clara,2015,12,8.75796112755102,20.9,3.925018725906547,0,196,9.152100511235956,7.298589390625,7.855385256421424,0.0,-2.4492935982947064e-16,1.0,7.870988730964466,0
Santa Clara,2016,1,7.870988730964466,26.583333,4.586944297545208,0,197,8.75796112755102,9.152100511235956,8.402883676470658,0.0,0.49999999999999994,0.8660254037844387,9.533143448087433,0
Santa Clara,2016,2,9.533143448087433,24.458333,5.003034221393697,0,183,7.870988730964466,8.75796112755102,8.593683456583815,0.0,0.8660254037844386,0.5000000000000001,5.650727788359789,0
Santa Clara,2016,3,5.650727788359789,9.833333,2.2508672224668413,0,189,9.533143448087433,7.870988730964466,8.72069776886764,0.0,1.0,6.123233995736766e-17,6.859825935828877,0
Santa Clara,2016,4,6.859825935828877,11.541667,2.202648849839579,0,187,5.650727788359789,9.533143448087433,7.684953322470562,0.0,0.8660254037844387,-0.49999999999999983,7.8083716315789475,0
Santa Clara,2016,5,7.8083716315789475,16.625,3.4998988672687723,0,190,6.859825935828877,5.650727788359789,7.347899057425366,0.0,0.49999999999999994,-0.8660254037844387,8.327331432432432,0
Santa Clara,2016,6,8.327331432432432,16.0,3.4077779145135363,0,185,7.8083716315789475,6.859825935828877,6.772975118589205,0.0,1.2246467991473532e-16,-1.0,7.624548103626943,0
Santa Clara,2016,7,7.624548103626943,19.666667,3.62943284152388,0,193,8.327331432432432,7.8083716315789475,7.665176333280086,0.0,-0.4999999999999998,-0.8660254037844388,8.469456816326531,0
Santa Clara,2016,8,8.469456816326531,15.318182,2.6102422420881286,0,196,7.624548103626943,8.327331432432432,7.920083722546107,0.0,-0.8660254037844384,-0.5000000000000004,9.865216843137254,0
Santa Clara,2016,9,9.865216843137254,18.583333,3.592990836925307,0,153,8.469456816326531,7.624548103626943,8.140445450795301,0.0,-1.0,-1.8369701987210297e-16,5.202920871794872,0
Santa Clara,2016,10,5.202920871794872,11.25,3.101212384764407,0,195,9.865216843137254,8.469456816326531,8.653073921030243,0.0,-0.8660254037844386,0.5000000000000001,7.551378419354839,0
Santa Clara,2016,11,7.551378419354839,19.458333,4.339362331777404,0,186,5.202920871794872,9.865216843137254,7.845864843752885,0.0,-0.5000000000000004,0.8660254037844384,8.578904696335078,0
Santa Clara,2016,12,8.578904696335078,20.3,4.97141477683407,0,191,7.551378419354839,5.202920871794872,7.539838711428988,0.0,-2.4492935982947064e-16,1.0,7.488925036458333,0
Santa Clara,2017,1,7.488925036458333,34.75,6.601318688826018,0,192,8.578904696335078,7.551378419354839,7.111067995828262,0.0,0.49999999999999994,0.8660254037844387,3.738617835227273,0
Santa Clara,2017,2,3.738617835227273,13.708333,3.2319582631419976,0,176,7.488925036458333,8.578904696335078,7.8730693840494155,0.0,0.8660254037844386,0.5000000000000001,5.394385134408602,0
Santa Clara,2017,3,5.394385134408602,12.434783,3.111154881946298,0,186,3.738617835227273,7.488925036458333,6.602149189340228,0.0,1.0,6.123233995736766e-17,5.121214386243387,0
Santa Clara,2017,4,5.121214386243387,14.791667,3.0846644869837405,0,189,5.394385134408602,3.738617835227273,5.540642668698069,0.0,0.8660254037844387,-0.49999999999999983,5.998482908536586,0
Santa Clara,2017,5,5.998482908536586,13.75,3.1559059388306965,0,164,5.121214386243387,5.394385134408602,4.7514057852930875,0.0,0.49999999999999994,-0.8660254037844387,7.196975686746987,0
Santa Clara,2017,6,7.196975686746987,15.291667,3.9611662548200144,0,166,5.998482908536586,5.121214386243387,5.504694143062857,0.0,1.2246467991473532e-16,-1.0,8.353695037433155,0
Santa Clara,2017,7,8.353695037433155,16.347826,3.569104698937703,0,187,7.196975686746987,5.998482908536586,6.105557660508986,0.0,-0.4999999999999998,-0.8660254037844388,11.412194072164947,1
Santa Clara,2017,8,11.412194072164947,26.375,4.389528847628789,0,194,8.353695037433155,7.196975686746987,7.1830512109055755,0.0,-0.8660254037844384,-0.5000000000000004,11.732306177419352,1
Santa Clara,2017,9,11.732306177419352,46.541667,10.028447968808337,12,186,11.412194072164947,8.353695037433155,8.987621598781697,0.0,-1.0,-1.8369701987210297e-16,13.88209027368421,1
Santa Clara,2017,10,13.88209027368421,49.708333,11.244730354779287,15,190,11.732306177419352,11.412194072164947,10.499398429005817,12.0,-0.8660254037844386,0.5000000000000001,7.423093231578947,0
Santa Clara,2017,11,7.423093231578947,21.041667,4.41427003621253,0,190,13.88209027368421,11.732306177419352,12.342196841089503,15.0,-0.5000000000000004,0.8660254037844384,17.221985354497352,1
Santa Clara,2017,12,17.221985354497352,47.458333,10.119334801892558,10,189,7.423093231578947,13.88209027368421,11.012496560894169,0.0,-2.4492935982947064e-16,1.0,10.44666928426396,0
Santa Clara,2018,1,10.44666928426396,45.083333,8.217049016385792,6,197,17.221985354497352,7.423093231578947,12.84238961992017,10.0,0.49999999999999994,0.8660254037844387,7.556948898809524,0
Santa Clara,2018,2,7.556948898809524,23.416667,3.7935449407777546,0,168,10.44666928426396,17.221985354497352,11.69724929011342,6.0,0.8660254037844386,0.5000000000000001,5.347997958762887,0
Santa Clara,2018,3,5.347997958762887,14.791667,3.2875898720183523,0,194,7.556948898809524,10.44666928426396,11.741867845856945,0.0,1.0,6.123233995736766e-17,7.5471843,0
Santa Clara,2018,4,7.5471843,18.565217,3.9638091925624543,0,190,5.347997958762887,7.556948898809524,7.78387204727879,0.0,0.8660254037844387,-0.49999999999999983,6.830949540816326,0
Santa Clara,2018,5,6.830949540816326,18.333333,3.5863691744798243,0,196,7.5471843,5.347997958762887,6.817377052524137,0.0,0.49999999999999994,-0.8660254037844387,7.975474216931216,0
Santa Clara,2018,6,7.975474216931216,24.25,3.36862305132434,0,189,6.830949540816326,7.5471843,6.575377266526405,0.0,1.2246467991473532e-16,-1.0,7.159977203045686,0
Santa Clara,2018,7,7.159977203045686,14.75,3.0919421225914383,0,197,7.975474216931216,6.830949540816326,7.451202685915848,0.0,-0.4999999999999998,-0.8660254037844388,14.039780921052632,1
Santa Clara,2018,8,14.039780921052632,45.304348,8.434652405981895,8,190,7.159977203045686,7.975474216931216,7.322133653597743,0.0,-0.8660254037844384,-0.5000000000000004,9.770459236842106,0
Santa Clara,2018,9,9.770459236842106,21.666667,4.5849584848737095,0,190,14.039780921052632,7.159977203045686,9.725077447009845,8.0,-1.0,-1.8369701987210297e-16,8.950694263473054,0
Santa Clara,2018,10,8.950694263473054,20.416667,4.848618928277975,0,167,9.770459236842106,14.039780921052632,10.32340578698014,0.0,-0.8660254037844386,0.5000000000000001,33.88041022395833,1
Santa Clara,2018,11,33.88041022395833,138.416667,35.73420549339252,74,192,8.950694263473054,9.770459236842106,10.920311473789264,0.0,-0.5000000000000004,0.8660254037844384,10.72600848979592,0
Santa Clara,2018,12,10.72600848979592,27.956522,4.953754888105185,0,196,33.88041022395833,8.950694263473054,17.53385457475783,74.0,-2.4492935982947064e-16,1.0,8.884857239795918,0
Santa Clara,2019,1,8.884857239795918,20.041667,4.709057100787246,0,196,10.72600848979592,33.88041022395833,17.852370992409103,0.0,0.49999999999999994,0.8660254037844387,4.764726632768362,0
Santa Clara,2019,2,4.764726632768362,9.826087,1.85888046111425,0,177,8.884857239795918,10.72600848979592,17.830425317850054,0.0,0.8660254037844386,0.5000000000000001,5.7774187333333336,0
Santa Clara,2019,3,5.7774187333333336,14.409091,2.8807233452510865,0,195,4.764726632768362,8.884857239795918,8.125197454120068,0.0,1.0,6.123233995736766e-17,6.4875355789473685,0
Santa Clara,2019,4,6.4875355789473685,16.833333,3.8046252829886633,0,190,5.7774187333333336,4.764726632768362,6.475667535299205,0.0,0.8660254037844387,-0.49999999999999983,6.404871642857143,0
Santa Clara,2019,5,6.404871642857143,13.166667,2.7053165517704225,0,196,6.4875355789473685,5.7774187333333336,5.6765603150163555,0.0,0.49999999999999994,-0.8660254037844387,7.68341486631016,0
Santa Clara,2019,6,7.68341486631016,18.166667,3.51936959398359,0,187,6.404871642857143,6.4875355789473685,6.223275318379282,0.0,1.2246467991473532e-16,-1.0,7.558888530612244,0
Santa Clara,2019,7,7.558888530612244,29.9,3.469311143774425,0,196,7.68341486631016,6.404871642857143,6.85860736270489,0.0,-0.4999999999999998,-0.8660254037844388,6.905885416243655,0
Santa Clara,2019,8,6.905885416243655,15.083333,3.0532858014534447,0,197,7.558888530612244,7.68341486631016,7.215725013259849,0.0,-0.8660254037844384,-0.5000000000000004,5.810794838323353,0
Santa Clara,2019,9,5.810794838323353,13.583333,2.6558956763400663,0,167,6.905885416243655,7.558888530612244,7.382729604388686,0.0,-1.0,-1.8369701987210297e-16,8.791239791878173,0
Santa Clara,2019,10,8.791239791878173,17.0,3.3084260087309048,0,197,5.810794838323353,6.905885416243655,6.758522928393084,0.0,-0.8660254037844386,0.5000000000000001,13.722194021052632,1
Santa Clara,2019,11,13.722194021052632,34.4,7.135970978820685,0,190,8.791239791878173,5.810794838323353,7.169306682148394,0.0,-0.5000000000000004,0.8660254037844384,6.603114239795919,0
Santa Clara,2019,12,6.603114239795919,15.291667,3.4441560873181385,0,196,13.722194021052632,8.791239791878173,9.441409550418053,0.0,-2.4492935982947064e-16,1.0,8.541904671794873,0
Santa Clara,2020,1,8.541904671794873,18.958333,3.5751008201630765,0,195,6.603114239795919,13.722194021052632,9.705516017575574,0.0,0.49999999999999994,0.8660254037844387,9.276842540983608,0
Santa Clara,2020,2,9.276842540983608,18.791667,3.902976176238208,0,183,8.541904671794873,6.603114239795919,9.62240431088114,0.0,0.8660254037844386,0.5000000000000001,5.346869875647668,0
Santa Clara,2020,3,5.346869875647668,12.458333,2.6903676669196597,0,193,9.276842540983608,8.541904671794873,8.140620484191466,0.0,1.0,6.123233995736766e-17,5.2118149,0
Santa Clara,2020,4,5.2118149,20.1,2.176939749526644,0,190,5.346869875647668,9.276842540983608,7.721872362808717,0.0,0.8660254037844387,-0.49999999999999983,5.480423540816326,0
Santa Clara,2020,5,5.480423540816326,10.541667,2.472922307860065,0,196,5.2118149,5.346869875647668,6.611842438877091,0.0,0.49999999999999994,-0.8660254037844387,5.453787536842105,0
Santa Clara,2020,6,5.453787536842105,13.625,2.3652799079904785,0,190,5.480423540816326,5.2118149,5.3463694388213305,0.0,1.2246467991473532e-16,-1.0,7.823671581632653,0
Santa Clara,2020,7,7.823671581632653,27.833333,3.932540949964816,0,196,5.453787536842105,5.480423540816326,5.382008659219476,0.0,-0.4999999999999998,-0.8660254037844388,17.946629826530614,1
Santa Clara,2020,8,17.946629826530614,85.375,17.16917043153156,30,196,7.823671581632653,5.453787536842105,6.252627553097028,0.0,-0.8660254037844384,-0.5000000000000004,27.979017484210527,1
Santa Clara,2020,9,27.979017484210527,123.125,31.342130949832164,40,190,17.946629826530614,7.823671581632653,10.408029648335123,30.0,-1.0,-1.8369701987210297e-16,17.02029882142857,1
Santa Clara,2020,10,17.02029882142857,79.75,15.833449844788376,16,196,27.979017484210527,17.946629826530614,17.916439630791263,40.0,-0.8660254037844386,0.5000000000000001,12.165007389473685,1
Santa Clara,2020,11,12.165007389473685,31.583333,5.835412623219142,0,190,17.02029882142857,27.979017484210527,20.98198204405657,16.0,-0.5000000000000004,0.8660254037844384,13.750597111111112,1
Santa Cruz,2015,2,5.495031044642857,13.333333,2.663748974639688,0,112,10.91477914516129,,10.91477914516129,0.0,0.8660254037844386,0.5000000000000001,4.658778525423728,0
Santa Cruz,2015,3,4.658778525423728,10.0,2.2893646846028215,0,118,5.495031044642857,10.91477914516129,8.204905094902074,0.0,1.0,6.123233995736766e-17,4.531397958333333,0
Santa Cruz,2015,4,4.531397958333333,11.666667,2.476209485573584,0,120,4.658778525423728,5.495031044642857,7.022862905075958,0.0,0.8660254037844387,-0.49999999999999983,4.331722419354839,0
Santa Cruz,2015,5,4.331722419354839,10.125,2.5198903006653555,0,124,4.531397958333333,4.658778525423728,4.895069176133306,0.0,0.49999999999999994,-0.8660254037844387,4.807331466666667,0
Santa Cruz,2015,6,4.807331466666667,13.041667,2.919881412888127,0,120,4.331722419354839,4.531397958333333,4.507299634370633,0.0,1.2246467991473532e-16,-1.0,2.5226167983870966,0
Santa Cruz,2015,7,2.5226167983870966,7.304348,1.9561110480812465,0,124,4.807331466666667,4.331722419354839,4.556817281451614,0.0,-0.4999999999999998,-0.8660254037844388,6.1757731499999995,0
Santa Cruz,2015,8,6.1757731499999995,24.416667,5.639613676370619,0,120,2.5226167983870966,4.807331466666667,3.8872235614695345,0.0,-0.8660254037844384,-0.5000000000000004,4.536863888888889,0
Santa Cruz,2015,9,4.536863888888889,9.0,1.8948983968462312,0,108,6.1757731499999995,2.5226167983870966,4.501907138351254,0.0,-1.0,-1.8369701987210297e-16,4.50690610483871,0
Santa Cruz,2015,10,4.50690610483871,8.583333,2.0079035317888354,0,124,4.536863888888889,6.1757731499999995,4.411751279091995,0.0,-0.8660254037844386,0.5000000000000001,6.987633941666667,0
Santa Cruz,2015,11,6.987633941666667,19.833333,4.42341060977845,0,120,4.50690610483871,4.536863888888889,5.073181047909199,0.0,-0.5000000000000004,0.8660254037844384,6.492102772357724,0
Santa Cruz,2015,12,6.492102772357724,20.652174,4.665657642575033,0,123,6.987633941666667,4.50690610483871,5.343801311798089,0.0,-2.4492935982947064e-16,1.0,5.329192130081301,0
Santa Cruz,2016,1,5.329192130081301,17.833333,3.2606472683564243,0,123,6.492102772357724,6.987633941666667,5.995547606287701,0.0,0.49999999999999994,0.8660254037844387,6.698131704347826,0
Santa Cruz,2016,2,6.698131704347826,13.875,2.329585798022864,0,115,5.329192130081301,6.492102772357724,6.269642948035231,0.0,0.8660254037844386,0.5000000000000001,4.798124536585366,0
Santa Cruz,2016,3,4.798124536585366,8.583333,1.6602061011681668,0,123,6.698131704347826,5.329192130081301,6.173142202262284,0.0,1.0,6.123233995736766e-17,5.4963546249999995,0
Santa Cruz,2016,4,5.4963546249999995,10.916667,1.850690208033672,0,120,4.798124536585366,6.698131704347826,5.608482790338165,0.0,0.8660254037844387,-0.49999999999999983,5.146508982758621,0
Santa Cruz,2016,5,5.146508982758621,11.541667,2.904044712450179,0,116,5.4963546249999995,4.798124536585366,5.66420362197773,0.0,0.49999999999999994,-0.8660254037844387,5.847180720338983,0
Santa Cruz,2016,6,5.847180720338983,12.173913,2.9691583065798466,0,118,5.146508982758621,5.4963546249999995,5.146996048114662,0.0,1.2246467991473532e-16,-1.0,4.2822569999999995,0
Santa Cruz,2016,7,4.2822569999999995,9.125,2.12399917466013,0,124,5.847180720338983,5.146508982758621,5.4966814426992014,0.0,-0.4999999999999998,-0.8660254037844388,4.358713427419355,0
Santa Cruz,2016,8,4.358713427419355,12.5,2.0292404173708127,0,124,4.2822569999999995,5.847180720338983,5.091982234365868,0.0,-0.8660254037844384,-0.5000000000000004,6.373230283333333,0
Santa Cruz,2016,9,6.373230283333333,10.666667,1.967907380477663,0,120,4.358713427419355,4.2822569999999995,4.8293837159194455,0.0,-1.0,-1.8369701987210297e-16,3.2950989910714283,0
Santa Cruz,2016,10,3.2950989910714283,9.5,1.8794098281683995,0,112,6.373230283333333,4.358713427419355,5.004733570250896,0.0,-0.8660254037844386,0.5000000000000001,4.8921341583333335,0
Santa Cruz,2016,11,4.8921341583333335,12.791667,2.4879465532092992,0,120,3.2950989910714283,6.373230283333333,4.675680900608039,0.0,-0.5000000000000004,0.8660254037844384,6.696177306451612,0
Santa Cruz,2016,12,6.696177306451612,22.375,4.813306677520221,0,124,4.8921341583333335,3.2950989910714283,4.853487810912698,0.0,-2.4492935982947064e-16,1.0,4.94265025203252,0
Santa Cruz,2017,1,4.94265025203252,18.541667,3.594450352567011,0,123,6.696177306451612,4.8921341583333335,4.961136818618791,0.0,0.49999999999999994,0.8660254037844387,3.677978258928571,0
Santa Cruz,2017,2,3.677978258928571,13.625,2.4457696539811726,0,112,4.94265025203252,6.696177306451612,5.510320572272488,0.0,0.8660254037844386,0.5000000000000001,4.367712725806451,0
Santa Cruz,2017,3,4.367712725806451,9.166667,1.6651165028427168,0,124,3.677978258928571,4.94265025203252,5.105601939137568,0.0,1.0,6.123233995736766e-17,4.544844327586207,0
Santa Cruz,2017,4,4.544844327586207,11.458333,2.431216239790006,0,116,4.367712725806451,3.677978258928571,4.329447078922514,0.0,0.8660254037844387,-0.49999999999999983,4.956652975806452,0
Santa Cruz,2017,5,4.956652975806452,15.130435,3.038385770452329,0,124,4.544844327586207,4.367712725806451,4.1968451041070765,0.0,0.49999999999999994,-0.8660254037844387,5.382203341666667,0
Santa Cruz,2017,6,5.382203341666667,14.916667,3.0060711949334955,0,120,4.956652975806452,4.544844327586207,4.623070009733037,0.0,1.2246467991473532e-16,-1.0,6.31682574796748,0
Santa Cruz,2017,7,6.31682574796748,14.958333,3.153403803341806,0,123,5.382203341666667,4.956652975806452,4.961233548353109,0.0,-0.4999999999999998,-0.8660254037844388,7.040816669354839,0
Santa Cruz,2017,8,7.040816669354839,14.958333,2.805398676629395,0,124,6.31682574796748,5.382203341666667,5.551894021813534,0.0,-0.8660254037844384,-0.5000000000000004,8.275236591666667,0
Santa Cruz,2017,9,8.275236591666667,35.0,7.232497041327919,0,120,7.040816669354839,6.31682574796748,6.246615252996328,0.0,-1.0,-1.8369701987210297e-16,12.049523675,1
Santa Cruz,2017,10,12.049523675,47.304348,10.8949580140661,10,120,8.275236591666667,7.040816669354839,7.210959669662995,0.0,-0.8660254037844386,0.5000000000000001,5.475427875,0
Santa Cruz,2017,11,5.475427875,12.333333,2.0780625965698465,0,112,12.049523675,8.275236591666667,9.121858978673835,10.0,-0.5000000000000004,0.8660254037844384,10.426787901785714,0
Santa Cruz,2017,12,10.426787901785714,23.75,4.545528001458936,0,112,5.475427875,12.049523675,8.600062713888889,0.0,-2.4492935982947064e-16,1.0,5.750409048387096,0
Santa Cruz,2018,1,5.750409048387096,14.0,2.858047719778236,0,124,10.426787901785714,5.475427875,9.317246483928573,0.0,0.49999999999999994,0.8660254037844387,5.695327776785715,0
Santa Cruz,2018,2,5.695327776785715,9.875,1.52547898591443,0,112,5.750409048387096,10.426787901785714,7.217541608390938,0.0,0.8660254037844386,0.5000000000000001,3.5188056218487396,0
Santa Cruz,2018,3,3.5188056218487396,9.304348,1.7637485317042785,0,119,5.695327776785715,5.750409048387096,7.290841575652842,0.0,1.0,6.123233995736766e-17,5.568163233333333,0
Santa Cruz,2018,4,5.568163233333333,10.708333,2.450572339792489,0,120,3.5188056218487396,5.695327776785715,4.988180815673851,0.0,0.8660254037844387,-0.49999999999999983,4.608930193548387,0
Santa Cruz,2018,5,4.608930193548387,11.0,2.8279883055369446,0,124,5.568163233333333,3.5188056218487396,4.9274322106559305,0.0,0.49999999999999994,-0.8660254037844387,6.535783641666667,0
Santa Cruz,2018,6,6.535783641666667,12.875,2.329583495826707,0,120,4.608930193548387,5.568163233333333,4.565299682910154,0.0,1.2246467991473532e-16,-1.0,4.858418756097561,0
Santa Cruz,2018,7,4.858418756097561,10.043478,2.1293387434054596,0,123,6.535783641666667,4.608930193548387,5.570959022849464,0.0,-0.4999999999999998,-0.8660254037844388,10.383835422764228,0
Santa Cruz,2018,8,10.383835422764228,40.75,8.241777475139747,2,123,4.858418756097561,6.535783641666667,5.334377530437539,0.0,-0.8660254037844384,-0.5000000000000004,6.403922108333333,0
Santa Cruz,2018,9,6.403922108333333,12.043478,3.2283768646994204,0,120,10.383835422764228,4.858418756097561,7.2593459401761535,2.0,-1.0,-1.8369701987210297e-16,6.494991512396694,0
Santa Cruz,2018,10,6.494991512396694,22.833333,4.001826814876045,0,121,6.403922108333333,10.383835422764228,7.215392095731708,0.0,-0.8660254037844386,0.5000000000000001,20.87321074590164,1
Santa Cruz,2018,11,20.87321074590164,92.0,22.044019599870637,28,122,6.494991512396694,6.403922108333333,7.76091634783142,0.0,-0.5000000000000004,0.8660254037844384,7.292137238938054,0
Santa Cruz,2018,12,7.292137238938054,15.75,2.81047793314784,0,113,20.87321074590164,6.494991512396694,11.257374788877224,28.0,-2.4492935982947064e-16,1.0,6.640441542372881,0
Santa Cruz,2019,1,6.640441542372881,16.833333,3.127328401684186,0,118,7.292137238938054,20.87321074590164,11.553446499078797,0.0,0.49999999999999994,0.8660254037844387,4.802836411214954,0
Santa Cruz,2019,2,4.802836411214954,8.416667,1.7339577558796164,0,107,6.640441542372881,7.292137238938054,11.601929842404195,0.0,0.8660254037844386,0.5000000000000001,4.489278634146341,0
Santa Cruz,2019,3,4.489278634146341,9.166667,1.915140238865476,0,123,4.802836411214954,6.640441542372881,6.24513839750863,0.0,1.0,6.123233995736766e-17,6.312090907563025,0
Santa Cruz,2019,4,6.312090907563025,21.375,3.632034258098686,0,119,4.489278634146341,4.802836411214954,5.3108521959113935,0.0,0.8660254037844387,-0.49999999999999983,5.256655346774193,0
Santa Cruz,2019,5,5.256655346774193,13.0,2.401784821160578,0,124,6.312090907563025,4.489278634146341,5.2014019843081085,0.0,0.49999999999999994,-0.8660254037844387,6.197968275,0
Santa Cruz,2019,6,6.197968275,11.916667,2.8663146504745467,0,120,5.256655346774193,6.312090907563025,5.352674962827854,0.0,1.2246467991473532e-16,-1.0,5.77157245,0
Santa Cruz,2019,7,5.77157245,11.125,2.333211610385251,0,120,6.197968275,5.256655346774193,5.922238176445741,0.0,-0.4999999999999998,-0.8660254037844388,4.547200798387097,0
Santa Cruz,2019,8,4.547200798387097,9.416667,2.3090031718263,0,124,5.77157245,6.197968275,5.742065357258066,0.0,-0.8660254037844384,-0.5000000000000004,4.515203933333334,0
Santa Cruz,2019,9,4.515203933333334,10.166667,2.274436695798805,0,120,4.547200798387097,5.77157245,5.5055805077957,0.0,-1.0,-1.8369701987210297e-16,6.639718759259259,0
Santa Cruz,2019,10,6.639718759259259,14.565217,2.8873451012130635,0,108,4.515203933333334,4.547200798387097,4.944659060573478,0.0,-0.8660254037844386,0.5000000000000001,8.356092114035087,0
Santa Cruz,2019,11,8.356092114035087,16.833333,3.3639323415522755,0,114,6.639718759259259,4.515203933333334,5.234041163659898,0.0,-0.5000000000000004,0.8660254037844384,4.549024336134454,0
Santa Cruz,2019,12,4.549024336134454,15.208333,2.8498857213024573,0,119,8.356092114035087,6.639718759259259,6.503671602209228,0.0,-2.4492935982947064e-16,1.0,5.512917024193548,0
Santa Cruz,2020,1,5.512917024193548,13.416667,2.184738122943206,0,124,4.549024336134454,8.356092114035087,6.514945069809602,0.0,0.49999999999999994,0.8660254037844387,6.302172620689655,0
Santa Cruz,2020,2,6.302172620689655,11.913043,2.580572502094349,0,116,5.512917024193548,4.549024336134454,6.139344491454364,0.0,0.8660254037844386,0.5000000000000001,3.5252016611570247,0
Santa Cruz,2020,3,3.5252016611570247,12.0,2.747130107640846,0,121,6.302172620689655,5.512917024193548,5.45470466033922,0.0,1.0,6.123233995736766e-17,3.4541892807017542,0
Santa Cruz,2020,4,3.4541892807017542,9.333333,2.4954438544518616,0,114,3.5252016611570247,6.302172620689655,5.113430435346744,0.0,0.8660254037844387,-0.49999999999999983,3.4076017661290323,0
Santa Cruz,2020,5,3.4076017661290323,9.73913,2.587682481460784,0,124,3.4541892807017542,3.5252016611570247,4.4271878541828125,0.0,0.49999999999999994,-0.8660254037844387,3.1211051000000003,0
Santa Cruz,2020,6,3.1211051000000003,10.666667,3.0125486213769523,0,120,3.4076017661290323,3.4541892807017542,3.4623309026626052,0.0,1.2246467991473532e-16,-1.0,3.8528985645161287,0
Santa Cruz,2020,7,3.8528985645161287,13.041667,3.006344415081651,0,124,3.1211051000000003,3.4076017661290323,3.3276320489435967,0.0,-0.4999999999999998,-0.8660254037844388,37.328219129032256,1
Santa Cruz,2020,8,37.328219129032256,387.833333,74.85930101777714,30,124,3.8528985645161287,3.1211051000000003,3.460535143548388,0.0,-0.8660254037844384,-0.5000000000000004,21.959307601694913,1
Santa Cruz,2020,9,21.959307601694913,90.458333,23.85555067264331,26,118,37.328219129032256,3.8528985645161287,14.767407597849463,30.0,-1.0,-1.8369701987210297e-16,9.564312630252102,0
Santa Cruz,2020,10,9.564312630252102,53.583333,9.8863368742899,8,119,21.959307601694913,37.328219129032256,21.046808431747767,26.0,-0.8660254037844386,0.5000000000000001,7.261462868421053,0
Santa Cruz,2020,11,7.261462868421053,21.916667,4.31802622295441,0,114,9.564312630252102,21.959307601694913,22.950613120326423,8.0,-0.5000000000000004,0.8660254037844384,9.681428774193549,0
Shasta,2015,2,8.05,19.7,8.16925129168314,0,4,9.06,,9.06,0.0,0.8660254037844386,0.5000000000000001,3.8333333333333335,0
Shasta,2015,3,3.8333333333333335,8.8,2.637170200549572,0,6,8.05,9.06,8.555,0.0,1.0,6.123233995736766e-17,3.62,0
Shasta,2015,4,3.62,5.3,1.1122050170719424,0,5,3.8333333333333335,8.05,6.981111111111112,0.0,0.8660254037844387,-0.49999999999999983,3.94,0
Shasta,2015,5,3.94,6.3,1.668232597691341,0,5,3.62,3.8333333333333335,5.167777777777778,0.0,0.49999999999999994,-0.8660254037844387,6.04,0
Shasta,2015,6,6.04,12.4,3.6198066246693346,0,5,3.94,3.62,3.797777777777778,0.0,1.2246467991473532e-16,-1.0,5.725,0
Shasta,2015,7,5.725,8.4,2.051625371910444,0,4,6.04,3.94,4.533333333333333,0.0,-0.4999999999999998,-0.8660254037844388,23.42,1
Shasta,2015,8,23.42,64.6,23.38091101732351,1,5,5.725,6.04,5.235,0.0,-0.8660254037844384,-0.5000000000000004,6.460000000000001,0
Shasta,2015,9,6.460000000000001,9.9,2.7428087793355194,0,5,23.42,5.725,11.728333333333333,1.0,-1.0,-1.8369701987210297e-16,4.94,0
Shasta,2015,10,4.94,7.9,2.6903531366718387,0,5,6.460000000000001,23.42,11.868333333333334,0.0,-0.8660254037844386,0.5000000000000001,6.94,0
Shasta,2015,11,6.94,15.3,5.814464721709128,0,5,4.94,6.460000000000001,11.606666666666667,0.0,-0.5000000000000004,0.8660254037844384,8.200000000000001,0
Shasta,2015,12,8.200000000000001,11.3,2.6888659319497505,0,3,6.94,4.94,6.113333333333334,0.0,-2.4492935982947064e-16,1.0,3.283333333333333,0
Shasta,2016,1,3.283333333333333,7.0,2.1876166635557217,0,6,8.200000000000001,6.94,6.693333333333334,0.0,0.49999999999999994,0.8660254037844387,5.4,0
Shasta,2016,2,5.4,8.8,3.2455097185701565,0,4,3.283333333333333,8.200000000000001,6.141111111111111,0.0,0.8660254037844386,0.5000000000000001,4.566666666666666,0
Shasta,2016,3,4.566666666666666,9.2,3.102042337987453,0,6,5.4,3.283333333333333,5.627777777777777,0.0,1.0,6.123233995736766e-17,3.08,0
Shasta,2016,4,3.08,5.0,1.7108477430794362,0,5,4.566666666666666,5.4,4.416666666666667,0.0,0.8660254037844387,-0.49999999999999983,4.0,0
Shasta,2016,5,4.0,5.3,1.2529964086141667,0,5,3.08,4.566666666666666,4.348888888888889,0.0,0.49999999999999994,-0.8660254037844387,3.4200000000000004,0
Shasta,2016,6,3.4200000000000004,5.5,1.8673510650116116,0,5,4.0,3.08,3.882222222222222,0.0,1.2246467991473532e-16,-1.0,7.05,0
Shasta,2016,7,7.05,11.0,3.309078421554859,0,4,3.4200000000000004,4.0,3.5,0.0,-0.4999999999999998,-0.8660254037844388,9.5,0
Shasta,2016,8,9.5,12.5,3.365511352924941,0,4,7.05,3.4200000000000004,4.823333333333333,0.0,-0.8660254037844384,-0.5000000000000004,5.275,0
Shasta,2016,9,5.275,7.3,1.8445866745696715,0,4,9.5,7.05,6.656666666666666,0.0,-1.0,-1.8369701987210297e-16,3.7000000000000006,0
Shasta,2016,10,3.7000000000000006,4.2,0.5,0,3,5.275,9.5,7.2749999999999995,0.0,-0.8660254037844386,0.5000000000000001,6.34,0
Shasta,2016,11,6.34,12.6,3.6322169538726623,0,5,3.7000000000000006,5.275,6.158333333333334,0.0,-0.5000000000000004,0.8660254037844384,6.3,0
Shasta,2016,12,6.3,10.7,2.8275431031197384,0,5,6.34,3.7000000000000006,5.105,0.0,-2.4492935982947064e-16,1.0,7.26,0
Shasta,2017,1,7.26,13.7,4.144031853159432,0,5,6.3,6.34,5.446666666666666,0.0,0.49999999999999994,0.8660254037844387,1.95,0
Shasta,2017,2,1.95,2.4,0.6454972243679027,0,4,7.26,6.3,6.633333333333333,0.0,0.8660254037844386,0.5000000000000001,4.46,0
Shasta,2017,3,4.46,6.9,2.109028212234251,0,5,1.95,7.26,5.17,0.0,1.0,6.123233995736766e-17,3.22,0
Shasta,2017,4,3.22,4.7,1.1031772296417293,0,5,4.46,1.95,4.5566666666666675,0.0,0.8660254037844387,-0.49999999999999983,2.92,0
Shasta,2017,5,2.92,6.3,2.00174923504419,0,5,3.22,4.46,3.2100000000000004,0.0,0.49999999999999994,-0.8660254037844387,4.220000000000001,0
Shasta,2017,6,4.220000000000001,6.1,2.203860249652868,0,5,2.92,3.22,3.533333333333333,0.0,1.2246467991473532e-16,-1.0,8.0,0
Shasta,2017,7,8.0,13.0,3.7329612909860184,0,5,4.220000000000001,2.92,3.453333333333333,0.0,-0.4999999999999998,-0.8660254037844388,14.44,1
Shasta,2017,8,14.44,19.1,4.230602793929016,0,5,8.0,4.220000000000001,5.046666666666666,0.0,-0.8660254037844384,-0.5000000000000004,20.78,1
Shasta,2017,9,20.78,67.3,26.63000187758161,1,5,14.44,8.0,8.886666666666665,0.0,-1.0,-1.8369701987210297e-16,11.15,0
Shasta,2017,10,11.15,32.2,14.069470494656152,0,4,20.78,14.44,14.406666666666666,1.0,-0.8660254037844386,0.5000000000000001,5.659999999999999,0
Shasta,2017,11,5.659999999999999,8.1,1.6087262041752162,0,5,11.15,20.78,15.456666666666665,0.0,-0.5000000000000004,0.8660254037844384,10.0,0
Shasta,2017,12,10.0,16.1,4.616817085395522,0,5,5.659999999999999,11.15,12.53,0.0,-2.4492935982947064e-16,1.0,9.34,0
Shasta,2018,1,9.34,17.3,5.249095160120457,0,5,10.0,5.659999999999999,8.936666666666666,0.0,0.49999999999999994,0.8660254037844387,3.5,0
Shasta,2018,2,3.5,4.8,1.3527749258468682,0,3,9.34,10.0,8.33333333333333,0.0,0.8660254037844386,0.5000000000000001,2.9,0
Shasta,2018,3,2.9,4.7,1.0295630140987,0,5,3.5,9.34,7.613333333333332,0.0,1.0,6.123233995736766e-17,4.6,0
Shasta,2018,4,4.6,9.3,3.2085822414268894,0,5,2.9,3.5,5.246666666666665,0.0,0.8660254037844387,-0.49999999999999983,5.15,0
Shasta,2018,5,5.15,6.8,1.7136705245369268,0,4,4.6,2.9,3.6666666666666647,0.0,0.49999999999999994,-0.8660254037844387,6.35,0
Shasta,2018,6,6.35,9.7,3.0171730698343,0,4,5.15,4.6,4.216666666666665,0.0,1.2246467991473532e-16,-1.0,36.06,1
Shasta,2018,7,36.06,131.0,53.90879334579842,1,5,6.35,5.15,5.3666666666666645,0.0,-0.4999999999999998,-0.8660254037844388,53.61999999999999,1
Shasta,2018,8,53.61999999999999,102.8,36.53432632470455,3,5,36.06,6.35,15.853333333333332,1.0,-0.8660254037844384,-0.5000000000000004,7.7,0
Shasta,2018,9,7.7,7.7,0.0,0,1,53.61999999999999,36.06,32.01,3.0,-1.0,-1.8369701987210297e-16,8.5,0
Shasta,2018,10,8.5,15.3,5.191659978593873,0,4,7.7,53.61999999999999,32.459999999999994,0.0,-0.8660254037844386,0.5000000000000001,17.6,1
Shasta,2018,11,17.6,51.7,20.05355330109854,1,5,8.5,7.7,23.273333333333326,0.0,-0.5000000000000004,0.8660254037844384,6.959999999999999,0
Shasta,2018,12,6.959999999999999,11.8,3.801710141502111,0,5,17.6,8.5,11.266666666666666,1.0,-2.4492935982947064e-16,1.0,13.12,1
Shasta,2019,1,13.12,22.6,7.891577789010255,0,5,6.959999999999999,17.6,11.019999999999998,0.0,0.49999999999999994,0.8660254037844387,5.125,0
Shasta,2019,2,5.125,8.3,3.0346608816582235,0,4,13.12,6.959999999999999,12.559999999999997,0.0,0.8660254037844386,0.5000000000000001,5.175,0
Shasta,2019,3,5.175,9.7,3.818703968626005,0,4,5.125,13.12,8.401666666666664,0.0,1.0,6.123233995736766e-17,5.2,0
Shasta,2019,4,5.2,7.4,2.2516660498395407,0,3,5.175,5.125,7.806666666666664,0.0,0.8660254037844387,-0.49999999999999983,3.8,0
Shasta,2019,5,3.8,5.0,1.6,0,5,5.2,5.175,5.166666666666664,0.0,0.49999999999999994,-0.8660254037844387,5.0,0
Shasta,2019,6,5.0,9.4,2.671142077838617,0,5,3.8,5.2,4.724999999999998,0.0,1.2246467991473532e-16,-1.0,4.725,0
Shasta,2019,7,4.725,5.8,1.0045728777279757,0,4,5.0,3.8,4.666666666666664,0.0,-0.4999999999999998,-0.8660254037844388,6.640000000000001,0
Shasta,2019,8,6.640000000000001,7.5,0.6913754406977443,0,5,4.725,5.0,4.50833333333333,0.0,-0.8660254037844384,-0.5000000000000004,3.28,0
Shasta,2019,9,3.28,4.9,1.0545141061171257,0,5,6.640000000000001,4.725,5.454999999999997,0.0,-1.0,-1.8369701987210297e-16,4.58,0
Shasta,2019,10,4.58,9.9,3.050737615725089,0,5,3.28,6.640000000000001,4.881666666666664,0.0,-0.8660254037844386,0.5000000000000001,6.466666666666666,0
Shasta,2019,11,6.466666666666666,9.9,3.5019042438840806,0,3,4.58,3.28,4.833333333333331,0.0,-0.5000000000000004,0.8660254037844384,14.82,1
Shasta,2019,12,14.82,24.1,7.984171841838076,0,5,6.466666666666666,4.58,4.775555555555553,0.0,-2.4492935982947064e-16,1.0,10.75,0
Shasta,2020,1,10.75,27.7,11.492171248288985,0,4,14.82,6.466666666666666,8.62222222222222,0.0,0.49999999999999994,0.8660254037844387,7.08,0
Shasta,2020,2,7.08,13.6,5.76341912409639,0,5,10.75,14.82,10.678888888888887,0.0,0.8660254037844386,0.5000000000000001,5.5,0
Shasta,2020,3,5.5,10.3,3.248845948948642,0,5,7.08,10.75,10.883333333333331,0.0,1.0,6.123233995736766e-17,4.48,0
Shasta,2020,4,4.48,7.3,1.796385259347226,0,5,5.5,7.08,7.776666666666664,0.0,0.8660254037844387,-0.49999999999999983,3.68,0
Shasta,2020,5,3.68,6.7,1.7152259326397792,0,5,4.48,5.5,5.686666666666665,0.0,0.49999999999999994,-0.8660254037844387,3.859999999999999,0
Shasta,2020,6,3.859999999999999,5.3,1.7544229820656134,0,5,3.68,4.48,4.553333333333331,0.0,1.2246467991473532e-16,-1.0,7.24,0
Shasta,2020,7,7.24,11.9,3.3433516117812077,0,5,3.859999999999999,3.68,4.006666666666664,0.0,-0.4999999999999998,-0.8660254037844388,7.62,0
Shasta,2020,8,7.62,12.6,3.2752099169366224,0,5,7.24,3.859999999999999,4.926666666666664,0.0,-0.8660254037844384,-0.5000000000000004,45.96,1
Shasta,2020,9,45.96,68.3,19.952643935077873,3,5,7.62,7.24,6.2399999999999975,0.0,-1.0,-1.8369701987210297e-16,8.84,0
Shasta,2020,10,8.84,17.7,6.337822970074188,0,5,45.96,7.62,20.27333333333333,3.0,-0.8660254037844386,0.5000000000000001,12.483333333333334,1
Shasta,2020,11,12.483333333333334,17.4,4.001707968688703,0,6,8.84,45.96,20.80666666666666,0.0,-0.5000000000000004,0.8660254037844384,17.7,1
Siskiyou,2015,3,5.233333333333333,9.0,2.110608127215156,0,6,8.025,,8.025,0.0,1.0,6.123233995736766e-17,3.4200000000000004,0
Siskiyou,2015,4,3.4200000000000004,4.9,0.9418067742376884,0,5,5.233333333333333,8.025,6.629166666666666,0.0,0.8660254037844387,-0.49999999999999983,2.9,0
Siskiyou,2015,5,2.9,4.8,1.408900280360537,0,5,3.4200000000000004,5.233333333333333,5.559444444444445,0.0,0.49999999999999994,-0.8660254037844387,4.18,0
Siskiyou,2015,6,4.18,5.9,1.259761882261882,0,5,2.9,3.4200000000000004,3.8511111111111114,0.0,1.2246467991473532e-16,-1.0,4.7,0
Siskiyou,2015,7,4.7,9.5,3.514967994164385,0,5,4.18,2.9,3.5,0.0,-0.4999999999999998,-0.8660254037844388,30.860000000000003,1
Siskiyou,2015,8,30.860000000000003,51.0,13.797572250218517,2,5,4.7,4.18,3.926666666666667,0.0,-0.8660254037844384,-0.5000000000000004,3.979999999999999,0
Siskiyou,2015,9,3.979999999999999,6.4,1.441180072024312,0,5,30.860000000000003,4.7,13.246666666666668,2.0,-1.0,-1.8369701987210297e-16,4.75,0
Siskiyou,2015,10,4.75,6.2,1.8119970566569177,0,4,3.979999999999999,30.860000000000003,13.180000000000001,0.0,-0.8660254037844386,0.5000000000000001,7.42,0
Siskiyou,2015,11,7.42,15.4,4.658540543990145,0,5,4.75,3.979999999999999,13.196666666666667,0.0,-0.5000000000000004,0.8660254037844384,6.76,0
Siskiyou,2015,12,6.76,9.3,2.534363825499409,0,5,7.42,4.75,5.383333333333334,0.0,-2.4492935982947064e-16,1.0,4.816666666666666,0
Siskiyou,2016,1,4.816666666666666,7.8,1.788202076574867,0,6,6.76,7.42,6.310000000000001,0.0,0.49999999999999994,0.8660254037844387,6.6,0
Siskiyou,2016,2,6.6,9.1,2.767670500619609,0,4,4.816666666666666,6.76,6.3322222222222235,0.0,0.8660254037844386,0.5000000000000001,3.6166666666666663,0
Siskiyou,2016,3,3.6166666666666663,5.8,1.6533803756748375,0,6,6.6,4.816666666666666,6.05888888888889,0.0,1.0,6.123233995736766e-17,2.54,0
Siskiyou,2016,4,2.54,4.2,1.551773179301666,0,5,3.6166666666666663,6.6,5.011111111111112,0.0,0.8660254037844387,-0.49999999999999983,3.9333333333333336,0
Siskiyou,2016,5,3.9333333333333336,5.0,1.1015141094572205,0,3,2.54,3.6166666666666663,4.2522222222222235,0.0,0.49999999999999994,-0.8660254037844387,2.52,0
Siskiyou,2016,6,2.52,5.3,2.1111608181282637,0,5,3.9333333333333336,2.54,3.3633333333333346,0.0,1.2246467991473532e-16,-1.0,3.72,0
Siskiyou,2016,7,3.72,7.9,2.630019011338131,0,5,2.52,3.9333333333333336,2.997777777777779,0.0,-0.4999999999999998,-0.8660254037844388,5.08,0
Siskiyou,2016,8,5.08,7.9,1.9162463307205575,0,5,3.72,2.52,3.3911111111111123,0.0,-0.8660254037844384,-0.5000000000000004,5.8,0
Siskiyou,2016,9,5.8,11.5,3.2916561181265576,0,5,5.08,3.72,3.7733333333333348,0.0,-1.0,-1.8369701987210297e-16,3.78,0
Siskiyou,2016,10,3.78,8.0,2.6836542251191746,0,5,5.8,5.08,4.866666666666668,0.0,-0.8660254037844386,0.5000000000000001,5.4,0
Siskiyou,2016,11,5.4,7.5,1.2942179105544789,0,5,3.78,5.8,4.886666666666668,0.0,-0.5000000000000004,0.8660254037844384,13.325,1
Siskiyou,2016,12,13.325,25.1,7.899525302193798,0,4,5.4,3.78,4.993333333333335,0.0,-2.4492935982947064e-16,1.0,14.46,1
Siskiyou,2017,1,14.46,19.2,3.045980958574758,0,5,13.325,5.4,7.501666666666668,0.0,0.49999999999999994,0.8660254037844387,3.975,0
Siskiyou,2017,2,3.975,7.4,2.3865945054267876,0,4,14.46,13.325,11.061666666666667,0.0,0.8660254037844386,0.5000000000000001,4.1,0
Siskiyou,2017,3,4.1,7.6,2.1412613105363856,0,5,3.975,14.46,10.586666666666668,0.0,1.0,6.123233995736766e-17,2.46,0
Siskiyou,2017,4,2.46,4.8,1.6607227342335025,0,5,4.1,3.975,7.511666666666668,0.0,0.8660254037844387,-0.49999999999999983,2.6999999999999997,0
Siskiyou,2017,5,2.6999999999999997,3.4,0.9077444574328174,0,6,2.46,4.1,3.511666666666668,0.0,0.49999999999999994,-0.8660254037844387,3.9,0
Siskiyou,2017,6,3.9,5.8,1.9390719429665315,0,5,2.6999999999999997,2.46,3.086666666666668,0.0,1.2246467991473532e-16,-1.0,6.74,0
Siskiyou,2017,7,6.74,9.6,1.8968394766031205,0,5,3.9,2.6999999999999997,3.020000000000001,0.0,-0.4999999999999998,-0.8660254037844388,32.6,1
Siskiyou,2017,8,32.6,53.5,17.720609470331432,2,4,6.74,3.9,4.446666666666668,0.0,-0.8660254037844384,-0.5000000000000004,28.58,1
Siskiyou,2017,9,28.58,78.8,31.1099983927997,2,5,32.6,6.74,14.413333333333336,2.0,-1.0,-1.8369701987210297e-16,11.36,1
Siskiyou,2017,10,11.36,29.2,10.377523789421057,0,5,28.58,32.6,22.64,2.0,-0.8660254037844386,0.5000000000000001,6.02,0
Siskiyou,2017,11,6.02,8.6,2.6281171967779517,0,5,11.36,28.58,24.179999999999996,0.0,-0.5000000000000004,0.8660254037844384,17.380000000000003,1
Siskiyou,2017,12,17.380000000000003,33.7,11.06467351529181,0,5,6.02,11.36,15.319999999999999,0.0,-2.4492935982947064e-16,1.0,9.8,0
Siskiyou,2018,1,9.8,13.3,2.6542418879974,0,5,17.380000000000003,6.02,11.586666666666668,0.0,0.49999999999999994,0.8660254037844387,7.040000000000001,0
Siskiyou,2018,2,7.040000000000001,10.6,2.751908428709066,0,5,9.8,17.380000000000003,11.066666666666668,0.0,0.8660254037844386,0.5000000000000001,3.38,0
Siskiyou,2018,3,3.38,4.9,1.047377677822093,0,5,7.040000000000001,9.8,11.406666666666668,0.0,1.0,6.123233995736766e-17,3.8,0
Siskiyou,2018,4,3.8,5.8,1.2409673645990855,0,5,3.38,7.040000000000001,6.740000000000001,0.0,0.8660254037844387,-0.49999999999999983,3.62,0
Siskiyou,2018,5,3.62,4.4,0.8438009243891594,0,5,3.8,3.38,4.74,0.0,0.49999999999999994,-0.8660254037844387,4.0,0
Siskiyou,2018,6,4.0,7.5,2.007485989988473,0,5,3.62,3.8,3.6,0.0,1.2246467991473532e-16,-1.0,36.03656068333333,1
Siskiyou,2018,7,36.03656068333333,143.208333,35.06056554630688,26,60,4.0,3.62,3.8066666666666666,0.0,-0.4999999999999998,-0.8660254037844388,59.9597035,1
Siskiyou,2018,8,59.9597035,128.583333,34.90398180793686,42,62,36.03656068333333,4.0,14.552186894444441,26.0,-0.8660254037844384,-0.5000000000000004,15.7520356,1
Siskiyou,2018,9,15.7520356,60.347826,13.43991366762391,6,60,59.9597035,36.03656068333333,33.33208806111111,42.0,-1.0,-1.8369701987210297e-16,5.544606096774194,0
Siskiyou,2018,10,5.544606096774194,10.958333,1.9612389691049783,0,62,15.7520356,59.9597035,37.24943326111111,6.0,-0.8660254037844386,0.5000000000000001,10.393039066666669,0
Siskiyou,2018,11,10.393039066666669,21.833333,4.548874953438165,0,60,5.544606096774194,15.7520356,27.08544839892473,0.0,-0.5000000000000004,0.8660254037844384,12.75618864516129,1
Siskiyou,2018,12,12.75618864516129,23.666667,4.363539764318332,0,62,10.393039066666669,5.544606096774194,10.563226921146954,0.0,-2.4492935982947064e-16,1.0,10.97821414516129,0
Siskiyou,2019,1,10.97821414516129,24.666667,4.46982355564335,0,62,12.75618864516129,10.393039066666669,9.56461126953405,0.0,0.49999999999999994,0.8660254037844387,7.494222285714286,0
Siskiyou,2019,2,7.494222285714286,13.166667,2.268383138951937,0,56,10.97821414516129,12.75618864516129,11.37581395232975,0.0,0.8660254037844386,0.5000000000000001,4.925165444444445,0
Siskiyou,2019,3,4.925165444444445,8.217391,1.4990391406338053,0,54,7.494222285714286,10.97821414516129,10.409541692012288,0.0,1.0,6.123233995736766e-17,2.5619202833333334,0
Siskiyou,2019,4,2.5619202833333334,5.833333,1.086899696076984,0,60,4.925165444444445,7.494222285714286,7.799200625106674,0.0,0.8660254037844387,-0.49999999999999983,2.67521035483871,0
Siskiyou,2019,5,2.67521035483871,7.125,1.681520130941137,0,62,2.5619202833333334,4.925165444444445,4.993769337830688,0.0,0.49999999999999994,-0.8660254037844387,2.1966908,0
Siskiyou,2019,6,2.1966908,4.583333,1.1193702199077988,0,60,2.67521035483871,2.5619202833333334,3.387432027538829,0.0,1.2246467991473532e-16,-1.0,11.675438258064515,1
Siskiyou,2019,7,11.675438258064515,73.958333,20.373216185221715,8,62,2.1966908,2.67521035483871,2.4779404793906807,0.0,-0.4999999999999998,-0.8660254037844388,3.400270818181818,0
Siskiyou,2019,8,3.400270818181818,6.833333,1.402519325975948,0,66,11.675438258064515,2.1966908,5.515779804301075,8.0,-0.8660254037844384,-0.5000000000000004,1.7420833333333334,0
Siskiyou,2019,9,1.7420833333333334,6.434783,1.3127966060146492,0,60,3.400270818181818,11.675438258064515,5.757466625415444,0.0,-1.0,-1.8369701987210297e-16,4.093133435483871,0
Siskiyou,2019,10,4.093133435483871,7.791667,1.935483306917588,0,62,1.7420833333333334,3.400270818181818,5.605930803193222,0.0,-0.8660254037844386,0.5000000000000001,8.595301933333333,0
Siskiyou,2019,11,8.595301933333333,14.375,3.0715293528836516,0,60,4.093133435483871,1.7420833333333334,3.0784958623330074,0.0,-0.5000000000000004,0.8660254037844384,9.442291951612903,0
Siskiyou,2019,12,9.442291951612903,18.833333,4.716895197275228,0,62,8.595301933333333,4.093133435483871,4.810172900716846,0.0,-2.4492935982947064e-16,1.0,7.660314403225807,0
Siskiyou,2020,1,7.660314403225807,13.869565,3.0512468505773467,0,62,9.442291951612903,8.595301933333333,7.376909106810036,0.0,0.49999999999999994,0.8660254037844387,7.174599068965517,0
Siskiyou,2020,2,7.174599068965517,13.333333,2.8854177830391063,0,58,7.660314403225807,9.442291951612903,8.565969429390682,0.0,0.8660254037844386,0.5000000000000001,3.8960963225806458,0
Siskiyou,2020,3,3.8960963225806458,7.708333,1.560762429877392,0,62,7.174599068965517,7.660314403225807,8.092401807934744,0.0,1.0,6.123233995736766e-17,2.511093,0
Siskiyou,2020,4,2.511093,5.25,1.094733286303788,0,60,3.8960963225806458,7.174599068965517,6.243669931590657,0.0,0.8660254037844387,-0.49999999999999983,1.9411875,0
Siskiyou,2020,5,1.9411875,4.333333,1.0312322400118197,0,62,2.511093,3.8960963225806458,4.527262797182054,0.0,0.49999999999999994,-0.8660254037844387,1.47988965,0
Siskiyou,2020,6,1.47988965,3.208333,0.7741274709354458,0,60,1.9411875,2.511093,2.7827922741935485,0.0,1.2246467991473532e-16,-1.0,4.890782213114754,0
Siskiyou,2020,7,4.890782213114754,17.75,3.515823488567035,0,61,1.47988965,1.9411875,1.9773900500000001,0.0,-0.4999999999999998,-0.8660254037844388,11.465634403225806,1
Siskiyou,2020,8,11.465634403225806,60.125,13.643997481886386,6,62,4.890782213114754,1.47988965,2.770619787704918,0.0,-0.8660254037844384,-0.5000000000000004,59.4975615,1
Siskiyou,2020,9,59.4975615,309.25,72.8975219590106,32,60,11.465634403225806,4.890782213114754,5.94543542211352,6.0,-1.0,-1.8369701987210297e-16,12.782066822580646,1
Siskiyou,2020,10,12.782066822580646,70.125,17.234194561564607,8,62,59.4975615,11.465634403225806,25.28465937211352,32.0,-0.8660254037844386,0.5000000000000001,7.652408583333334,0
Siskiyou,2020,11,7.652408583333334,22.416667,4.752727464081688,0,60,12.782066822580646,59.4975615,27.915087575268814,8.0,-0.5000000000000004,0.8660254037844384,11.123024912280702,0
Solano,2015,2,11.136051353535354,32.625,6.104524103551639,0,99,25.3706863697479,,25.3706863697479,11.0,0.8660254037844386,0.5000000000000001,6.630399725806452,0
Solano,2015,3,6.630399725806452,13.708333,3.270410903126368,0,124,11.136051353535354,25.3706863697479,18.253368861641626,0.0,1.0,6.123233995736766e-17,5.451699891666666,0
Solano,2015,4,5.451699891666666,13.666667,3.1605708555820864,0,120,6.630399725806452,11.136051353535354,14.379045816363236,0.0,0.8660254037844387,-0.49999999999999983,5.263791491935484,0
Solano,2015,5,5.263791491935484,12.583333,2.9013545343984948,0,124,5.451699891666666,6.630399725806452,7.739383657002825,0.0,0.49999999999999994,-0.8660254037844387,5.177153649999999,0
Solano,2015,6,5.177153649999999,17.041667,4.809942655735586,0,120,5.263791491935484,5.451699891666666,5.7819637031362,0.0,1.2246467991473532e-16,-1.0,4.222933641025641,0
Solano,2015,7,4.222933641025641,11.0,3.445937997786535,0,117,5.177153649999999,5.263791491935484,5.29754834453405,0.0,-0.4999999999999998,-0.8660254037844388,8.978175453703704,0
Solano,2015,8,8.978175453703704,30.625,8.322035910625003,0,108,4.222933641025641,5.177153649999999,4.887959594320375,0.0,-0.8660254037844384,-0.5000000000000004,9.022747608333331,0
Solano,2015,9,9.022747608333331,14.833333,2.132087210158349,0,120,8.978175453703704,4.222933641025641,6.126087581576448,0.0,-1.0,-1.8369701987210297e-16,8.61137056097561,0
Solano,2015,10,8.61137056097561,14.375,2.9382310112703687,0,123,9.022747608333331,8.978175453703704,7.407952234354224,0.0,-0.8660254037844386,0.5000000000000001,12.658531,1
Solano,2015,11,12.658531,24.458333,5.223674714748472,0,113,8.61137056097561,9.022747608333331,8.870764541004215,0.0,-0.5000000000000004,0.8660254037844384,12.118998764705882,1
Solano,2015,12,12.118998764705882,21.458333,4.947368193365239,0,102,12.658531,8.61137056097561,10.097549723102981,0.0,-2.4492935982947064e-16,1.0,10.238871930555554,0
Solano,2016,1,10.238871930555554,20.166667,4.280463642877451,0,72,12.118998764705882,12.658531,11.12963344189383,0.0,0.49999999999999994,0.8660254037844387,11.492123370689656,1
Solano,2016,2,11.492123370689656,21.041667,4.295580108352001,0,116,10.238871930555554,12.118998764705882,11.672133898420478,0.0,0.8660254037844386,0.5000000000000001,5.893200677419355,0
Solano,2016,3,5.893200677419355,10.041667,1.8861913541517783,0,124,11.492123370689656,10.238871930555554,11.283331355317031,0.0,1.0,6.123233995736766e-17,6.878270915966386,0
Solano,2016,4,6.878270915966386,13.583333,2.148679878267448,0,119,5.893200677419355,11.492123370689656,9.208065326221522,0.0,0.8660254037844387,-0.49999999999999983,6.236697540322581,0
Solano,2016,5,6.236697540322581,14.916667,3.969774089914002,0,124,6.878270915966386,5.893200677419355,8.087864988025132,0.0,0.49999999999999994,-0.8660254037844387,6.472477575,0
Solano,2016,6,6.472477575,17.583333,4.25367379218345,0,120,6.236697540322581,6.878270915966386,6.336056377902774,0.0,1.2246467991473532e-16,-1.0,5.53146729032258,0
Solano,2016,7,5.53146729032258,16.5,3.7853404277291913,0,124,6.472477575,6.236697540322581,6.529148677096322,0.0,-0.4999999999999998,-0.8660254037844388,5.7714469596774185,0
Solano,2016,8,5.7714469596774185,12.916667,2.7562539831343753,0,124,5.53146729032258,6.472477575,6.080214135215054,0.0,-0.8660254037844384,-0.5000000000000004,9.851404471698112,0
Solano,2016,9,9.851404471698112,16.833333,2.571911758142048,0,106,5.7714469596774185,5.53146729032258,5.925130608333333,0.0,-1.0,-1.8369701987210297e-16,6.246675387096775,0
Solano,2016,10,6.246675387096775,12.458333,2.1025846029056754,0,124,9.851404471698112,5.7714469596774185,7.05143957389937,0.0,-0.8660254037844386,0.5000000000000001,9.578278547826088,0
Solano,2016,11,9.578278547826088,19.791667,4.113248374180859,0,115,6.246675387096775,9.851404471698112,7.289842272824102,0.0,-0.5000000000000004,0.8660254037844384,12.48237283064516,1
Solano,2016,12,12.48237283064516,23.0,5.276631650375747,0,124,9.578278547826088,6.246675387096775,8.558786135540325,0.0,-2.4492935982947064e-16,1.0,9.837745435483871,0
Solano,2017,1,9.837745435483871,22.583333,5.231827723731488,0,124,12.48237283064516,9.578278547826088,9.435775588522674,0.0,0.49999999999999994,0.8660254037844387,6.896258763636364,0
Solano,2017,2,6.896258763636364,19.5,3.868874809723849,0,110,9.837745435483871,12.48237283064516,10.632798937985038,0.0,0.8660254037844386,0.5000000000000001,6.811489008064516,0
Solano,2017,3,6.811489008064516,11.333333,2.1749715246360357,0,124,6.896258763636364,9.837745435483871,9.738792343255133,0.0,1.0,6.123233995736766e-17,6.582387291666667,0
Solano,2017,4,6.582387291666667,12.291667,2.607970066863506,0,120,6.811489008064516,6.896258763636364,7.848497735728249,0.0,0.8660254037844387,-0.49999999999999983,7.372224177419355,0
Solano,2017,5,7.372224177419355,19.958333,3.573938630903198,0,124,6.582387291666667,6.811489008064516,6.763378354455849,0.0,0.49999999999999994,-0.8660254037844387,8.004490308333335,0
Solano,2017,6,8.004490308333335,17.375,4.180740537317604,0,120,7.372224177419355,6.582387291666667,6.9220334923835125,0.0,1.2246467991473532e-16,-1.0,9.018256177419357,0
Solano,2017,7,9.018256177419357,17.956522,3.448921739460786,0,124,8.004490308333335,7.372224177419355,7.319700592473119,0.0,-0.4999999999999998,-0.8660254037844388,10.27121025,0
Solano,2017,8,10.27121025,28.583333,4.2461874507116795,0,124,9.018256177419357,8.004490308333335,8.131656887724015,0.0,-0.8660254037844384,-0.5000000000000004,13.118383816666666,1
Solano,2017,9,13.118383816666666,49.166667,12.522040094800092,16,120,10.27121025,9.018256177419357,9.09798557858423,0.0,-1.0,-1.8369701987210297e-16,20.159620814516128,1
Solano,2017,10,20.159620814516128,101.958333,24.212390362869616,16,124,13.118383816666666,10.27121025,10.802616748028674,16.0,-0.8660254037844386,0.5000000000000001,8.796268125000001,0
Solano,2017,11,8.796268125000001,24.913043,4.501576551423122,0,120,20.159620814516128,13.118383816666666,14.516404960394263,16.0,-0.5000000000000004,0.8660254037844384,18.735586410714287,1
Solano,2017,12,18.735586410714287,38.583333,8.528436366131519,4,112,8.796268125000001,20.159620814516128,14.024757585394267,0.0,-2.4492935982947064e-16,1.0,13.543463940677968,1
Solano,2018,1,13.543463940677968,48.0,9.327536056154074,4,118,18.735586410714287,8.796268125000001,15.897158450076807,4.0,0.49999999999999994,0.8660254037844387,9.551904928571428,0
Solano,2018,2,9.551904928571428,22.869565,4.713528181018991,0,112,13.543463940677968,18.735586410714287,13.691772825464087,4.0,0.8660254037844386,0.5000000000000001,6.41682604032258,0
Solano,2018,3,6.41682604032258,12.166667,2.4137188559184284,0,124,9.551904928571428,13.543463940677968,13.943651759987894,0.0,1.0,6.123233995736766e-17,7.796876350000001,0
Solano,2018,4,7.796876350000001,18.0,3.4579961611932557,0,120,6.41682604032258,9.551904928571428,9.83739830319066,0.0,0.8660254037844387,-0.49999999999999983,7.056301105769231,0
Solano,2018,5,7.056301105769231,18.583333,4.091171960124955,0,104,7.796876350000001,6.41682604032258,7.921869106298004,0.0,0.49999999999999994,-0.8660254037844387,9.15421613445378,0
Solano,2018,6,9.15421613445378,13.666667,3.050254465015256,0,119,7.056301105769231,7.796876350000001,7.090001165363939,0.0,1.2246467991473532e-16,-1.0,7.080949040322581,0
Solano,2018,7,7.080949040322581,15.958333,2.3970949079258332,0,124,9.15421613445378,7.056301105769231,8.00246453007434,0.0,-0.4999999999999998,-0.8660254037844388,12.79461655,1
Solano,2018,8,12.79461655,31.75,5.979069332222183,0,120,7.080949040322581,9.15421613445378,7.7638220935151985,0.0,-0.8660254037844384,-0.5000000000000004,9.705570491379309,0
Solano,2018,9,9.705570491379309,16.458333,3.3728050858864216,0,116,12.79461655,7.080949040322581,9.676593908258788,0.0,-1.0,-1.8369701987210297e-16,8.653420921875,0
Solano,2018,10,8.653420921875,14.958333,3.885790354539327,0,64,9.705570491379309,12.79461655,9.860378693900632,0.0,-0.8660254037844386,0.5000000000000001,47.75003821296296,1
Solano,2018,11,47.75003821296296,197.25,49.13954048794502,50,108,8.653420921875,9.705570491379309,10.384535987751438,0.0,-0.5000000000000004,0.8660254037844384,11.658435596774192,1
Solano,2018,12,11.658435596774192,23.083333,4.454844836394111,0,124,47.75003821296296,8.653420921875,22.036343208739094,50.0,-2.4492935982947064e-16,1.0,12.466985153225805,1
Solano,2019,1,12.466985153225805,30.608696,6.5251406909444984,0,124,11.658435596774192,47.75003821296296,22.687298243870725,0.0,0.49999999999999994,0.8660254037844387,6.2942405625,0
Solano,2019,2,6.2942405625,11.173913,2.226825518005096,0,112,12.466985153225805,11.658435596774192,23.958486320987657,0.0,0.8660254037844386,0.5000000000000001,6.60869564516129,0
Solano,2019,3,6.60869564516129,12.041667,2.093058600837346,0,124,6.2942405625,12.466985153225805,10.139887104166668,0.0,1.0,6.123233995736766e-17,8.490884666666666,0
Solano,2019,4,8.490884666666666,16.708333,3.823950948364598,0,120,6.60869564516129,6.2942405625,8.456640453629035,0.0,0.8660254037844387,-0.49999999999999983,7.526957669354839,0
Solano,2019,5,7.526957669354839,15.958333,2.7981572994903705,0,124,8.490884666666666,6.60869564516129,7.1312736247759885,0.0,0.49999999999999994,-0.8660254037844387,9.332450883333332,0
Solano,2019,6,9.332450883333332,15.916667,3.3026276524059655,0,120,7.526957669354839,8.490884666666666,7.542179327060933,0.0,1.2246467991473532e-16,-1.0,8.925590209677418,0
Solano,2019,7,8.925590209677418,14.875,2.628373360073929,0,124,9.332450883333332,7.526957669354839,8.450097739784947,0.0,-0.4999999999999998,-0.8660254037844388,8.020715112903225,0
Solano,2019,8,8.020715112903225,17.291667,3.106279307311563,0,124,8.925590209677418,9.332450883333332,8.594999587455199,0.0,-0.8660254037844384,-0.5000000000000004,6.596132241666667,0
Solano,2019,9,6.596132241666667,11.333333,2.0293075101247564,0,120,8.020715112903225,8.925590209677418,8.759585401971329,0.0,-1.0,-1.8369701987210297e-16,8.868224641666666,0
Solano,2019,10,8.868224641666666,19.416667,3.3297051654668968,0,120,6.596132241666667,8.020715112903225,7.847479188082439,0.0,-0.8660254037844386,0.5000000000000001,12.725242596153846,1
Solano,2019,11,12.725242596153846,22.666667,4.165658015612456,0,104,8.868224641666666,6.596132241666667,7.828357332078855,0.0,-0.5000000000000004,0.8660254037844384,9.30898785483871,0
Solano,2019,12,9.30898785483871,20.75,3.944575015563763,0,124,12.725242596153846,8.868224641666666,9.396533159829062,0.0,-2.4492935982947064e-16,1.0,9.50381895967742,0
Solano,2020,1,9.50381895967742,25.416667,4.240574564094516,0,124,9.30898785483871,12.725242596153846,10.300818364219744,0.0,0.49999999999999994,0.8660254037844387,10.720389990825687,0
Solano,2020,2,10.720389990825687,20.416667,4.13409278034197,0,109,9.50381895967742,9.30898785483871,10.512683136889994,0.0,0.8660254037844386,0.5000000000000001,6.473665008928571,0
Solano,2020,3,6.473665008928571,15.166667,2.9577649566470683,0,112,10.720389990825687,9.50381895967742,9.844398935113942,0.0,1.0,6.123233995736766e-17,6.106321905172414,0
Solano,2020,4,6.106321905172414,12.875,2.237225455313581,0,116,6.473665008928571,10.720389990825687,8.89929131981056,0.0,0.8660254037844387,-0.49999999999999983,6.27426660483871,0
Solano,2020,5,6.27426660483871,12.458333,2.5220474886796755,0,124,6.106321905172414,6.473665008928571,7.7667923016422264,0.0,0.49999999999999994,-0.8660254037844387,6.5046788583333335,0
Solano,2020,6,6.5046788583333335,13.956522,3.281236302566388,0,120,6.27426660483871,6.106321905172414,6.2847511729799,0.0,1.2246467991473532e-16,-1.0,7.489051548387096,0
Solano,2020,7,7.489051548387096,18.041667,3.9264366039806737,0,124,6.5046788583333335,6.27426660483871,6.295089122781488,0.0,-0.4999999999999998,-0.8660254037844388,17.50020158064516,1
Solano,2020,8,17.50020158064516,52.291667,15.647807487925077,20,124,7.489051548387096,6.5046788583333335,6.755999003853049,0.0,-0.8660254037844384,-0.5000000000000004,30.310193816666665,1
Solano,2020,9,30.310193816666665,153.291667,37.569238755803184,20,120,17.50020158064516,7.489051548387096,10.497977329121866,20.0,-1.0,-1.8369701987210297e-16,15.707208701612904,1
Solano,2020,10,15.707208701612904,69.291667,13.642519929698132,8,124,30.310193816666665,17.50020158064516,18.433148981899645,20.0,-0.8660254037844386,0.5000000000000001,12.316694383333331,1
Solano,2020,11,12.316694383333331,27.833333,6.155857636363095,0,120,15.707208701612904,30.310193816666665,21.172534699641577,8.0,-0.5000000000000004,0.8660254037844384,15.86551835483871,1
Sonoma,2015,2,7.087234714285715,14.958333,2.7744736552385425,0,56,16.276763758064515,,16.276763758064515,0.0,0.8660254037844386,0.5000000000000001,6.380632081081081,0
Sonoma,2015,3,6.380632081081081,9.666667,1.8548697441808168,0,37,7.087234714285715,16.276763758064515,11.681999236175114,0.0,1.0,6.123233995736766e-17,4.529220719298245,0
Sonoma,2015,4,4.529220719298245,10.416667,2.102438047563554,0,57,6.380632081081081,7.087234714285715,9.91487685114377,0.0,0.8660254037844387,-0.49999999999999983,5.072498838709678,0
Sonoma,2015,5,5.072498838709678,13.166667,2.859383519671835,0,62,4.529220719298245,6.380632081081081,5.999029171555013,0.0,0.49999999999999994,-0.8660254037844387,5.757463766666667,0
Sonoma,2015,6,5.757463766666667,15.5,3.732395702858753,0,60,5.072498838709678,4.529220719298245,5.327450546363002,0.0,1.2246467991473532e-16,-1.0,4.0686009677419355,0
Sonoma,2015,7,4.0686009677419355,8.291667,1.8844059260692787,0,62,5.757463766666667,5.072498838709678,5.11972777489153,0.0,-0.4999999999999998,-0.8660254037844388,7.469758032258064,0
Sonoma,2015,8,7.469758032258064,29.916667,7.39198031582362,0,62,4.0686009677419355,5.757463766666667,4.966187857706093,0.0,-0.8660254037844384,-0.5000000000000004,4.681675068965517,0
Sonoma,2015,9,4.681675068965517,8.083333,1.4392673648683616,0,58,7.469758032258064,4.0686009677419355,5.765274255555556,0.0,-1.0,-1.8369701987210297e-16,4.553154580645161,0
Sonoma,2015,10,4.553154580645161,9.958333,2.441419049492031,0,62,4.681675068965517,7.469758032258064,5.406678022988506,0.0,-0.8660254037844386,0.5000000000000001,6.471397879310344,0
Sonoma,2015,11,6.471397879310344,14.0,3.5696218182783372,0,58,4.553154580645161,4.681675068965517,5.568195893956248,0.0,-0.5000000000000004,0.8660254037844384,7.052254677419355,0
Sonoma,2015,12,7.052254677419355,16.478261,4.006516361634937,0,62,6.471397879310344,4.553154580645161,5.235409176307008,0.0,-2.4492935982947064e-16,1.0,5.619237683333334,0
Sonoma,2016,1,5.619237683333334,15.291667,3.4995855736980888,0,60,7.052254677419355,6.471397879310344,6.025602379124954,0.0,0.49999999999999994,0.8660254037844387,6.073838068965517,0
Sonoma,2016,2,6.073838068965517,9.833333,2.4572107066300672,0,58,5.619237683333334,7.052254677419355,6.380963413354344,0.0,0.8660254037844386,0.5000000000000001,3.0214177096774195,0
Sonoma,2016,3,3.0214177096774195,6.0,1.4943950898946563,0,62,6.073838068965517,5.619237683333334,6.248443476572735,0.0,1.0,6.123233995736766e-17,4.700929966666666,0
Sonoma,2016,4,4.700929966666666,8.708333,1.904774714178867,0,60,3.0214177096774195,6.073838068965517,4.904831153992091,0.0,0.8660254037844387,-0.49999999999999983,3.974485758064516,0
Sonoma,2016,5,3.974485758064516,10.083333,3.0042731983575597,0,62,4.700929966666666,3.0214177096774195,4.598728581769867,0.0,0.49999999999999994,-0.8660254037844387,4.088925133333333,0
Sonoma,2016,6,4.088925133333333,10.666667,3.124401211744786,0,60,3.974485758064516,4.700929966666666,3.8989444781362006,0.0,1.2246467991473532e-16,-1.0,2.8956846557377047,0
Sonoma,2016,7,2.8956846557377047,13.166667,3.1069376759388714,0,61,4.088925133333333,3.974485758064516,4.2547802860215045,0.0,-0.4999999999999998,-0.8660254037844388,0.9389083387096774,0
Sonoma,2016,8,0.9389083387096774,5.0,1.93735290482418,0,62,2.8956846557377047,4.088925133333333,3.6530318490451847,0.0,-0.8660254037844384,-0.5000000000000004,5.594312038461538,0
Sonoma,2016,9,5.594312038461538,8.833333,1.6085585002519684,0,52,0.9389083387096774,2.8956846557377047,2.6411727092602386,0.0,-1.0,-1.8369701987210297e-16,3.594214048387097,0
Sonoma,2016,10,3.594214048387097,7.130435,1.4609935882668794,0,62,5.594312038461538,0.9389083387096774,3.1429683443029734,0.0,-0.8660254037844386,0.5000000000000001,6.0663828833333335,0
Sonoma,2016,11,6.0663828833333335,12.458333,2.308916083355543,0,60,3.594214048387097,5.594312038461538,3.3758114751861044,0.0,-0.5000000000000004,0.8660254037844384,9.584811838709678,0
Sonoma,2016,12,9.584811838709678,18.75,4.288619937292623,0,62,6.0663828833333335,3.594214048387097,5.084969656727323,0.0,-2.4492935982947064e-16,1.0,8.549108596774193,0
Sonoma,2017,1,8.549108596774193,19.541667,4.875419271890076,0,62,9.584811838709678,6.0663828833333335,6.415136256810037,0.0,0.49999999999999994,0.8660254037844387,6.421604875,0
Sonoma,2017,2,6.421604875,20.125,3.402596608253768,0,56,8.549108596774193,9.584811838709678,8.066767772939068,0.0,0.8660254037844386,0.5000000000000001,4.780972419354839,0
Sonoma,2017,3,4.780972419354839,8.708333,1.5506385624301664,0,62,6.421604875,8.549108596774193,8.185175103494624,0.0,1.0,6.123233995736766e-17,5.29672315,0
Sonoma,2017,4,5.29672315,8.708333,1.5767217756034928,0,60,4.780972419354839,6.421604875,6.583895297043011,0.0,0.8660254037844387,-0.49999999999999983,5.539311596774193,0
Sonoma,2017,5,5.539311596774193,11.458333,2.3002145600345205,0,62,5.29672315,4.780972419354839,5.4997668147849454,0.0,0.49999999999999994,-0.8660254037844387,5.7923116666666665,0
Sonoma,2017,6,5.7923116666666665,17.521739,3.6162604665086433,0,60,5.539311596774193,5.29672315,5.205669055376344,0.0,1.2246467991473532e-16,-1.0,6.560226693548388,0
Sonoma,2017,7,6.560226693548388,12.478261,2.8502680358088126,0,62,5.7923116666666665,5.539311596774193,5.54278213781362,0.0,-0.4999999999999998,-0.8660254037844388,8.694466516129031,0
Sonoma,2017,8,8.694466516129031,19.666667,4.086006819191877,0,62,6.560226693548388,5.7923116666666665,5.963949985663082,0.0,-0.8660254037844384,-0.5000000000000004,11.816322466666666,1
Sonoma,2017,9,11.816322466666666,61.125,11.674257083144232,2,60,8.694466516129031,6.560226693548388,7.015668292114694,0.0,-1.0,-1.8369701987210297e-16,14.466019,1
Sonoma,2017,10,14.466019,81.826087,18.053670848329546,6,62,11.816322466666666,8.694466516129031,9.023671892114693,2.0,-0.8660254037844386,0.5000000000000001,6.871896116666666,0
Sonoma,2017,11,6.871896116666666,13.869565,2.471451070601265,0,60,14.466019,11.816322466666666,11.658935994265233,6.0,-0.5000000000000004,0.8660254037844384,12.377372596774194,1
Sonoma,2017,12,12.377372596774194,21.291667,4.621410454622482,0,62,6.871896116666666,14.466019,11.051412527777776,0.0,-2.4492935982947064e-16,1.0,9.98658835483871,0
Sonoma,2018,1,9.98658835483871,27.833333,5.963146259425707,0,62,12.377372596774194,6.871896116666666,11.23842923781362,0.0,0.49999999999999994,0.8660254037844387,6.386950053571428,0
Sonoma,2018,2,6.386950053571428,14.333333,2.298990632186754,0,56,9.98658835483871,12.377372596774194,9.745285689426524,0.0,0.8660254037844386,0.5000000000000001,4.63630785483871,0
Sonoma,2018,3,4.63630785483871,7.833333,1.5783487340233182,0,62,6.386950053571428,9.98658835483871,9.58363700172811,0.0,1.0,6.123233995736766e-17,5.336407033333333,0
Sonoma,2018,4,5.336407033333333,11.166667,2.4504794959719787,0,60,4.63630785483871,6.386950053571428,7.003282087749617,0.0,0.8660254037844387,-0.49999999999999983,4.975868426229508,0
Sonoma,2018,5,4.975868426229508,14.916667,3.414153365140326,0,61,5.336407033333333,4.63630785483871,5.453221647247823,0.0,0.49999999999999994,-0.8660254037844387,6.386686448979591,0
Sonoma,2018,6,6.386686448979591,10.958333,2.52080096890604,0,49,4.975868426229508,5.336407033333333,4.9828611048005165,0.0,1.2246467991473532e-16,-1.0,4.027840129032258,0
Sonoma,2018,7,4.027840129032258,12.125,2.4202757073475616,0,62,6.386686448979591,4.975868426229508,5.566320636180811,0.0,-0.4999999999999998,-0.8660254037844388,8.123154177419355,0
Sonoma,2018,8,8.123154177419355,18.826087,4.500041731486842,0,62,4.027840129032258,6.386686448979591,5.130131668080453,0.0,-0.8660254037844384,-0.5000000000000004,4.026431166666667,0
Sonoma,2018,9,4.026431166666667,11.583333,2.7456842859257935,0,60,8.123154177419355,4.027840129032258,6.179226918477068,0.0,-1.0,-1.8369701987210297e-16,1.486821475409836,0
Sonoma,2018,10,1.486821475409836,7.333333,2.866791048150578,0,61,4.026431166666667,8.123154177419355,5.392475157706094,0.0,-0.8660254037844386,0.5000000000000001,38.25824315,1
Sonoma,2018,11,38.25824315,175.380952,47.67961507903658,26,60,1.486821475409836,4.026431166666667,4.545468939831952,0.0,-0.5000000000000004,0.8660254037844384,7.082672903225807,0
Sonoma,2018,12,7.082672903225807,16.541667,3.4523358804854243,0,62,38.25824315,1.486821475409836,14.590498597358833,26.0,-2.4492935982947064e-16,1.0,7.396436080645161,0
Sonoma,2019,1,7.396436080645161,26.125,4.950061307066969,0,62,7.082672903225807,38.25824315,15.609245842878545,0.0,0.49999999999999994,0.8660254037844387,3.251649509433962,0
Sonoma,2019,2,3.251649509433962,8.541667,2.3105041700826368,0,53,7.396436080645161,7.082672903225807,17.579117377956987,0.0,0.8660254037844386,0.5000000000000001,3.601465509803922,0
Sonoma,2019,3,3.601465509803922,9.285714,1.8550617621287584,0,51,3.251649509433962,7.396436080645161,5.910252831101643,0.0,1.0,6.123233995736766e-17,5.280098233333334,0
Sonoma,2019,4,5.280098233333334,13.916667,3.4448207512519446,0,60,3.601465509803922,3.251649509433962,4.749850366627682,0.0,0.8660254037844387,-0.49999999999999983,5.042549080645161,0
Sonoma,2019,5,5.042549080645161,10.291667,1.88962273597822,0,62,5.280098233333334,3.601465509803922,4.044404417523739,0.0,0.49999999999999994,-0.8660254037844387,6.201129266666667,0
Sonoma,2019,6,6.201129266666667,11.125,2.801945890692993,0,60,5.042549080645161,5.280098233333334,4.6413709412608055,0.0,1.2246467991473532e-16,-1.0,5.980354548387097,0
Sonoma,2019,7,5.980354548387097,12.125,2.2518923725771116,0,62,6.201129266666667,5.042549080645161,5.507925526881721,0.0,-0.4999999999999998,-0.8660254037844388,5.645281919354838,0
Sonoma,2019,8,5.645281919354838,12.565217,2.735161519247341,0,62,5.980354548387097,6.201129266666667,5.741344298566308,0.0,-0.8660254037844384,-0.5000000000000004,4.543723293103448,0
Sonoma,2019,9,4.543723293103448,9.541667,1.5994815070193895,0,58,5.645281919354838,5.980354548387097,5.942255244802868,0.0,-1.0,-1.8369701987210297e-16,6.855303781818182,0
Sonoma,2019,10,6.855303781818182,28.041667,5.092257550946657,0,55,4.543723293103448,5.645281919354838,5.3897865869484605,0.0,-0.8660254037844386,0.5000000000000001,7.688119145833333,0
Sonoma,2019,11,7.688119145833333,13.958333,2.7273802924638137,0,48,6.855303781818182,4.543723293103448,5.68143633142549,0.0,-0.5000000000000004,0.8660254037844384,6.620476838709677,0
Sonoma,2019,12,6.620476838709677,11.708333,2.6009547648057834,0,62,7.688119145833333,6.855303781818182,6.362382073584988,0.0,-2.4492935982947064e-16,1.0,7.248276064516129,0
Sonoma,2020,1,7.248276064516129,16.333333,3.1224339990818533,0,62,6.620476838709677,7.688119145833333,7.054633255453731,0.0,0.49999999999999994,0.8660254037844387,6.461670068965517,0
Sonoma,2020,2,6.461670068965517,10.26087,2.362017533482845,0,58,7.248276064516129,6.620476838709677,7.185624016353046,0.0,0.8660254037844386,0.5000000000000001,4.708242732142857,0
Sonoma,2020,3,4.708242732142857,9.291667,2.105980909594693,0,56,6.461670068965517,7.248276064516129,6.776807657397107,0.0,1.0,6.123233995736766e-17,3.99500605,0
Sonoma,2020,4,3.99500605,7.833333,1.141269432242447,0,60,4.708242732142857,6.461670068965517,6.1393962885415005,0.0,0.8660254037844387,-0.49999999999999983,3.975179548387097,0
Sonoma,2020,5,3.975179548387097,7.375,1.553476703412204,0,62,3.99500605,4.708242732142857,5.054972950369458,0.0,0.49999999999999994,-0.8660254037844387,5.1479589500000005,0
Sonoma,2020,6,5.1479589500000005,11.583333,2.586786669813594,0,60,3.975179548387097,3.99500605,4.226142776843318,0.0,1.2246467991473532e-16,-1.0,5.959104344827587,0
Sonoma,2020,7,5.959104344827587,12.565217,3.2593304902105524,0,58,5.1479589500000005,3.975179548387097,4.3727148494623655,0.0,-0.4999999999999998,-0.8660254037844388,9.25154914516129,0
Sonoma,2020,8,9.25154914516129,34.0,7.199050017389543,0,62,5.959104344827587,5.1479589500000005,5.027414281071561,0.0,-0.8660254037844384,-0.5000000000000004,23.991241749999997,1
Sonoma,2020,9,23.991241749999997,124.333333,34.6904375409898,10,60,9.25154914516129,5.959104344827587,6.78620414666296,0.0,-1.0,-1.8369701987210297e-16,11.87707458064516,1
Sonoma,2020,10,11.87707458064516,58.916667,12.756008044092887,4,62,23.991241749999997,9.25154914516129,13.067298413329624,10.0,-0.8660254037844386,0.5000000000000001,6.3841968499999995,0
Sonoma,2020,11,6.3841968499999995,13.0,2.875532624361815,0,60,11.87707458064516,23.991241749999997,15.03995515860215,4.0,-0.5000000000000004,0.8660254037844384,9.769687951612903,0
Stanislaus,2015,2,20.11337410526316,49.041667,11.568447136409434,6,57,27.99487470833333,,27.99487470833333,6.0,0.8660254037844386,0.5000000000000001,7.0989914380165295,0
Stanislaus,2015,3,7.0989914380165295,17.0,4.617971416494989,0,121,20.11337410526316,27.99487470833333,24.054124406798245,6.0,1.0,6.123233995736766e-17,4.628604216666667,0
Stanislaus,2015,4,4.628604216666667,10.916667,2.8961327652151776,0,120,7.0989914380165295,20.11337410526316,18.40241341720434,0.0,0.8660254037844387,-0.49999999999999983,5.30190920472441,0
Stanislaus,2015,5,5.30190920472441,11.458333,2.0851334878966705,0,127,4.628604216666667,7.0989914380165295,10.613656586648785,0.0,0.49999999999999994,-0.8660254037844387,7.393252735294117,0
Stanislaus,2015,6,7.393252735294117,17.043478,3.975601764714863,0,102,5.30190920472441,4.628604216666667,5.6765016198025355,0.0,1.2246467991473532e-16,-1.0,8.431646652892562,0
Stanislaus,2015,7,8.431646652892562,16.208333,3.0927275735688387,0,121,7.393252735294117,5.30190920472441,5.774588718895065,0.0,-0.4999999999999998,-0.8660254037844388,12.648072595238094,1
Stanislaus,2015,8,12.648072595238094,36.833333,7.971209926264801,2,126,8.431646652892562,7.393252735294117,7.042269530970363,0.0,-0.8660254037844384,-0.5000000000000004,10.736807983739835,0
Stanislaus,2015,9,10.736807983739835,36.791667,5.283903967357999,2,123,12.648072595238094,8.431646652892562,9.490990661141591,2.0,-1.0,-1.8369701987210297e-16,12.061164776,1
Stanislaus,2015,10,12.061164776,29.958333,5.2316192026167245,0,125,10.736807983739835,12.648072595238094,10.605509077290165,2.0,-0.8660254037844386,0.5000000000000001,19.75165756910569,1
Stanislaus,2015,11,19.75165756910569,51.458333,13.012048612557487,19,123,12.061164776,10.736807983739835,11.81534845165931,0.0,-0.5000000000000004,0.8660254037844384,18.886482015873018,1
Stanislaus,2015,12,18.886482015873018,38.916667,9.359327634408674,6,126,19.75165756910569,12.061164776,14.183210109615175,19.0,-2.4492935982947064e-16,1.0,16.928865677165355,1
Stanislaus,2016,1,16.928865677165355,52.25,10.37403511887349,8,127,18.886482015873018,19.75165756910569,16.899768120326232,6.0,0.49999999999999994,0.8660254037844387,18.778431112068965,1
Stanislaus,2016,2,18.778431112068965,38.208333,9.462950224348264,4,116,16.928865677165355,18.886482015873018,18.522335087381354,8.0,0.8660254037844386,0.5000000000000001,9.60102738095238,0
Stanislaus,2016,3,9.60102738095238,28.208333,5.102594615423008,0,126,18.778431112068965,16.928865677165355,18.197926268369113,4.0,1.0,6.123233995736766e-17,7.293455026086957,0
Stanislaus,2016,4,7.293455026086957,18.375,3.644612798531937,0,115,9.60102738095238,18.778431112068965,15.102774723395568,0.0,0.8660254037844387,-0.49999999999999983,6.761555016129032,0
Stanislaus,2016,5,6.761555016129032,13.8,3.221541649342681,0,124,7.293455026086957,9.60102738095238,11.8909711730361,0.0,0.49999999999999994,-0.8660254037844387,7.327533699186992,0
Stanislaus,2016,6,7.327533699186992,15.75,3.0337972438483094,0,123,6.761555016129032,7.293455026086957,7.885345807722789,0.0,1.2246467991473532e-16,-1.0,7.101828325396825,0
Stanislaus,2016,7,7.101828325396825,17.958333,3.5818075724625404,0,126,7.327533699186992,6.761555016129032,7.12751458046766,0.0,-0.4999999999999998,-0.8660254037844388,9.11741572440945,0
Stanislaus,2016,8,9.11741572440945,15.541667,2.8360588740139088,0,127,7.101828325396825,7.327533699186992,7.06363901357095,0.0,-0.8660254037844384,-0.5000000000000004,12.522135563636365,1
Stanislaus,2016,9,12.522135563636365,28.125,5.034514825445657,0,110,9.11741572440945,7.101828325396825,7.848925916331088,0.0,-1.0,-1.8369701987210297e-16,9.333793647540984,0
Stanislaus,2016,10,9.333793647540984,18.625,3.6134087596922138,0,122,12.522135563636365,9.11741572440945,9.580459871147546,0.0,-0.8660254037844386,0.5000000000000001,15.596404379310345,1
Stanislaus,2016,11,15.596404379310345,45.541667,9.443425223768974,5,116,9.333793647540984,12.522135563636365,10.324448311862264,0.0,-0.5000000000000004,0.8660254037844384,22.66643840944882,1
Stanislaus,2016,12,22.66643840944882,53.666667,12.593807780814329,28,127,15.596404379310345,9.333793647540984,12.484111196829232,5.0,-2.4492935982947064e-16,1.0,13.13302930952381,1
Stanislaus,2017,1,13.13302930952381,40.625,10.28895420347094,5,126,22.66643840944882,15.596404379310345,15.865545478766714,28.0,0.49999999999999994,0.8660254037844387,9.808982666666669,0
Stanislaus,2017,2,9.808982666666669,50.25,10.589685491668632,6,105,13.13302930952381,22.66643840944882,17.131957366094323,5.0,0.8660254037844386,0.5000000000000001,8.938847968,0
Stanislaus,2017,3,8.938847968,23.041667,5.327827061280212,0,125,9.808982666666669,13.13302930952381,15.202816795213101,6.0,1.0,6.123233995736766e-17,5.9432131463414635,0
Stanislaus,2017,4,5.9432131463414635,13.125,3.2671286605730216,0,123,8.938847968,9.808982666666669,10.626953314730159,0.0,0.8660254037844387,-0.49999999999999983,5.394758196850393,0
Stanislaus,2017,5,5.394758196850393,11.916667,2.6966426895734097,0,127,5.9432131463414635,8.938847968,8.230347927002711,0.0,0.49999999999999994,-0.8660254037844387,5.228106426229508,0
Stanislaus,2017,6,5.228106426229508,11.333333,2.855296103641862,0,122,5.394758196850393,5.9432131463414635,6.758939770397286,0.0,1.2246467991473532e-16,-1.0,7.662261795275591,0
Stanislaus,2017,7,7.662261795275591,17.958333,2.274739902620022,0,127,5.228106426229508,5.394758196850393,5.522025923140455,0.0,-0.4999999999999998,-0.8660254037844388,12.931653992,1
Stanislaus,2017,8,12.931653992,22.0,3.913870457027862,0,125,7.662261795275591,5.228106426229508,6.095042139451831,0.0,-0.8660254037844384,-0.5000000000000004,14.034528478260867,1
Stanislaus,2017,9,14.034528478260867,41.166667,10.405023402928066,8,115,12.931653992,7.662261795275591,8.607340737835033,0.0,-1.0,-1.8369701987210297e-16,17.590076484126982,1
Stanislaus,2017,10,17.590076484126982,45.916667,9.35384671638438,4,126,14.034528478260867,12.931653992,11.542814755178819,8.0,-0.8660254037844386,0.5000000000000001,15.411922951219513,1
Stanislaus,2017,11,15.411922951219513,41.0,10.21187013356339,8,123,17.590076484126982,14.034528478260867,14.852086318129283,4.0,-0.5000000000000004,0.8660254037844384,37.59347745238095,1
Stanislaus,2017,12,37.59347745238095,74.5,17.571739706193398,79,126,15.411922951219513,17.590076484126982,15.678842637869119,8.0,-2.4492935982947064e-16,1.0,21.16591634645669,1
Stanislaus,2018,1,21.16591634645669,64.125,13.758961607119772,15,127,37.59347745238095,15.411922951219513,23.53182562924248,79.0,0.49999999999999994,0.8660254037844387,14.60746255339806,1
Stanislaus,2018,2,14.60746255339806,40.916667,10.47514381381372,6,103,21.16591634645669,37.59347745238095,24.72377225001905,15.0,0.8660254037844386,0.5000000000000001,8.057020271929824,0
Stanislaus,2018,3,8.057020271929824,19.583333,5.160458857201742,0,114,14.60746255339806,21.16591634645669,24.455618784078567,6.0,1.0,6.123233995736766e-17,7.652614058333333,0
Stanislaus,2018,4,7.652614058333333,17.565217,3.427777684579727,0,120,8.057020271929824,14.60746255339806,14.610133057261526,0.0,0.8660254037844387,-0.49999999999999983,6.991095598425197,0
Stanislaus,2018,5,6.991095598425197,12.958333,2.208232913402192,0,127,7.652614058333333,8.057020271929824,10.105698961220405,0.0,0.49999999999999994,-0.8660254037844387,9.122715314049588,0
Stanislaus,2018,6,9.122715314049588,15.25,2.616767738532726,0,121,6.991095598425197,7.652614058333333,7.566909976229451,0.0,1.2246467991473532e-16,-1.0,13.137087732283463,1
Stanislaus,2018,7,13.137087732283463,39.041667,8.318152409728373,4,127,9.122715314049588,6.991095598425197,7.922141656936039,0.0,-0.4999999999999998,-0.8660254037844388,21.86960761417323,1
Stanislaus,2018,8,21.86960761417323,53.166667,11.046689850363313,14,127,13.137087732283463,9.122715314049588,9.750299548252748,4.0,-0.8660254037844384,-0.5000000000000004,12.287208950819672,1
Stanislaus,2018,9,12.287208950819672,25.541667,5.649987820873173,0,122,21.86960761417323,13.137087732283463,14.709803553502093,14.0,-1.0,-1.8369701987210297e-16,10.876437897637794,0
Stanislaus,2018,10,10.876437897637794,23.166667,5.569317068051712,0,127,12.287208950819672,21.86960761417323,15.76463476575879,0.0,-0.8660254037844386,0.5000000000000001,49.82257366393442,1
Stanislaus,2018,11,49.82257366393442,189.826087,51.09099857053273,53,122,10.876437897637794,12.287208950819672,15.011084820876901,0.0,-0.5000000000000004,0.8660254037844384,18.20836995967742,1
Stanislaus,2018,12,18.20836995967742,37.791667,8.946483431456038,2,124,49.82257366393442,10.876437897637794,24.3287401707973,53.0,-2.4492935982947064e-16,1.0,17.897939098214287,1
Stanislaus,2019,1,17.897939098214287,43.461538,11.326316372877551,11,112,18.20836995967742,49.82257366393442,26.30246050708321,2.0,0.49999999999999994,0.8660254037844387,6.343419962962963,0
Stanislaus,2019,2,6.343419962962963,20.125,4.701308696924035,0,108,17.897939098214287,18.20836995967742,28.64296090727538,11.0,0.8660254037844386,0.5000000000000001,5.97187536,0
Stanislaus,2019,3,5.97187536,18.041667,4.2643199522912125,0,125,6.343419962962963,17.897939098214287,14.149909673618223,0.0,1.0,6.123233995736766e-17,5.922829845528455,0
Stanislaus,2019,4,5.922829845528455,13.666667,3.1956165934246648,0,123,5.97187536,6.343419962962963,10.071078140392418,0.0,0.8660254037844387,-0.49999999999999983,5.225011065573771,0
Stanislaus,2019,5,5.225011065573771,11.25,2.257967798259907,0,122,5.922829845528455,5.97187536,6.079375056163806,0.0,0.49999999999999994,-0.8660254037844387,5.9342531951219515,0
Stanislaus,2019,6,5.9342531951219515,13.375,2.507117861754451,0,123,5.225011065573771,5.922829845528455,5.706572090367409,0.0,1.2246467991473532e-16,-1.0,6.944773136,0
Stanislaus,2019,7,6.944773136,21.291667,3.4032563702968783,0,125,5.9342531951219515,5.225011065573771,5.694031368741392,0.0,-0.4999999999999998,-0.8660254037844388,7.066358811023622,0
Stanislaus,2019,8,7.066358811023622,14.791667,2.8881334184766234,0,127,6.944773136,5.9342531951219515,6.034679132231908,0.0,-0.8660254037844384,-0.5000000000000004,6.046051089430894,0
Stanislaus,2019,9,6.046051089430894,16.708333,3.504583573491569,0,123,7.066358811023622,6.944773136,6.648461714048525,0.0,-1.0,-1.8369701987210297e-16,10.57617976984127,0
Stanislaus,2019,10,10.57617976984127,36.478261,5.865774917161988,2,126,6.046051089430894,7.066358811023622,6.685727678818172,0.0,-0.8660254037844386,0.5000000000000001,20.16731303252033,1
Stanislaus,2019,11,20.16731303252033,40.625,9.20825464718243,4,123,10.57617976984127,6.046051089430894,7.896196556765261,2.0,-0.5000000000000004,0.8660254037844384,12.798240584745765,1
Stanislaus,2019,12,12.798240584745765,26.652174,6.850747716417909,0,118,20.16731303252033,10.57617976984127,12.263181297264163,4.0,-2.4492935982947064e-16,1.0,14.402911848739496,1
Stanislaus,2020,1,14.402911848739496,30.708333,6.154771082220669,0,119,12.798240584745765,20.16731303252033,14.513911129035789,0.0,0.49999999999999994,0.8660254037844387,13.400881220338984,1
Stanislaus,2020,2,13.400881220338984,31.458333,7.359537398032029,0,118,14.402911848739496,12.798240584745765,15.78948848866853,0.0,0.8660254037844386,0.5000000000000001,6.011263228346457,0
Stanislaus,2020,3,6.011263228346457,18.375,3.995514090672341,0,127,13.400881220338984,14.402911848739496,13.534011217941414,0.0,1.0,6.123233995736766e-17,4.436683303278688,0
Stanislaus,2020,4,4.436683303278688,8.75,1.9690631084384949,0,122,6.011263228346457,13.400881220338984,11.27168543247498,0.0,0.8660254037844387,-0.49999999999999983,4.623626709677419,0
Stanislaus,2020,5,4.623626709677419,12.625,2.0038448479677653,0,124,4.436683303278688,6.011263228346457,7.949609250654709,0.0,0.49999999999999994,-0.8660254037844387,5.731729598360656,0
Stanislaus,2020,6,5.731729598360656,10.625,2.3756552151335426,0,122,4.623626709677419,4.436683303278688,5.0238577471008545,0.0,1.2246467991473532e-16,-1.0,8.139899952755906,0
Stanislaus,2020,7,8.139899952755906,36.291667,4.775010589694762,2,127,5.731729598360656,4.623626709677419,4.9306798704389205,0.0,-0.4999999999999998,-0.8660254037844388,26.93488868503937,1
Stanislaus,2020,8,26.93488868503937,108.0,29.670560722563422,35,127,8.139899952755906,5.731729598360656,6.16508542026466,2.0,-0.8660254037844384,-0.5000000000000004,35.95112716528926,1
Stanislaus,2020,9,35.95112716528926,118.541667,32.15931522632806,44,121,26.93488868503937,8.139899952755906,13.602172745385309,35.0,-1.0,-1.8369701987210297e-16,22.01784850793651,1
Stanislaus,2020,10,22.01784850793651,86.916667,20.76238700851593,16,126,35.95112716528926,26.93488868503937,23.675305267694842,44.0,-0.8660254037844386,0.5000000000000001,17.328695,1
Stanislaus,2020,11,17.328695,38.25,9.351817687054476,6,122,22.01784850793651,35.95112716528926,28.301288119421713,16.0,-0.5000000000000004,0.8660254037844384,21.532391805084742,1
Sutter,2015,2,10.633333333333333,32.3,8.021962606368284,0,24,23.248387096774195,,23.248387096774195,1.0,0.8660254037844386,0.5000000000000001,6.4678571428571425,0
Sutter,2015,3,6.4678571428571425,13.3,2.7886082512314236,0,28,10.633333333333333,23.248387096774195,16.940860215053764,0.0,1.0,6.123233995736766e-17,5.662068965517241,0
Sutter,2015,4,5.662068965517241,12.3,2.8813952217016885,0,29,6.4678571428571425,10.633333333333333,13.449859190988223,0.0,0.8660254037844387,-0.49999999999999983,6.3966666666666665,0
Sutter,2015,5,6.3966666666666665,10.0,1.7418744032741305,0,30,5.662068965517241,6.4678571428571425,7.587753147235905,0.0,0.49999999999999994,-0.8660254037844387,8.511111111111111,0
Sutter,2015,6,8.511111111111111,15.3,3.680295526638954,0,18,6.3966666666666665,5.662068965517241,6.175530925013683,0.0,1.2246467991473532e-16,-1.0,6.457142857142857,0
Sutter,2015,7,6.457142857142857,10.4,2.03750547764382,0,28,8.511111111111111,6.3966666666666665,6.85661558109834,0.0,-0.4999999999999998,-0.8660254037844388,9.385714285714286,0
Sutter,2015,8,9.385714285714286,25.0,4.7470625838094,0,28,6.457142857142857,8.511111111111111,7.121640211640212,0.0,-0.8660254037844384,-0.5000000000000004,8.76206896551724,0
Sutter,2015,9,8.76206896551724,26.3,4.220901544956568,0,29,9.385714285714286,6.457142857142857,8.117989417989419,0.0,-1.0,-1.8369701987210297e-16,8.942857142857143,0
Sutter,2015,10,8.942857142857143,17.6,3.900657928495176,0,28,8.76206896551724,9.385714285714286,8.201642036124795,0.0,-0.8660254037844386,0.5000000000000001,10.348275862068968,0
Sutter,2015,11,10.348275862068968,26.3,6.76971304992502,0,29,8.942857142857143,8.76206896551724,9.030213464696224,0.0,-0.5000000000000004,0.8660254037844384,9.771428571428572,0
Sutter,2015,12,9.771428571428572,27.3,5.750224288241231,0,28,10.348275862068968,8.942857142857143,9.351067323481118,0.0,-2.4492935982947064e-16,1.0,7.046666666666667,0
Sutter,2016,1,7.046666666666667,14.3,3.5450532152353613,0,30,9.771428571428572,10.348275862068968,9.68752052545156,0.0,0.49999999999999994,0.8660254037844387,8.734615384615385,0
Sutter,2016,2,8.734615384615385,15.3,3.710627149977998,0,26,7.046666666666667,9.771428571428572,9.055457033388068,0.0,0.8660254037844386,0.5000000000000001,4.133333333333334,0
Sutter,2016,3,4.133333333333334,8.6,1.9701799906105784,0,30,8.734615384615385,7.046666666666667,8.517570207570207,0.0,1.0,6.123233995736766e-17,4.92,0
Sutter,2016,4,4.92,8.8,2.396750673954938,0,30,4.133333333333334,8.734615384615385,6.638205128205128,0.0,0.8660254037844387,-0.49999999999999983,5.9,0
Sutter,2016,5,5.9,10.0,2.387746496873848,0,31,4.92,4.133333333333334,5.92931623931624,0.0,0.49999999999999994,-0.8660254037844387,8.076666666666666,0
Sutter,2016,6,8.076666666666666,40.1,6.5109289200772915,1,30,5.9,4.92,4.984444444444445,0.0,1.2246467991473532e-16,-1.0,7.741935483870968,0
Sutter,2016,7,7.741935483870968,18.0,3.267595873987315,0,31,8.076666666666666,5.9,6.298888888888889,1.0,-0.4999999999999998,-0.8660254037844388,8.067857142857143,0
Sutter,2016,8,8.067857142857143,13.3,2.3694121120256297,0,28,7.741935483870968,8.076666666666666,7.239534050179212,0.0,-0.8660254037844384,-0.5000000000000004,10.46551724137931,0
Sutter,2016,9,10.46551724137931,17.1,2.785071922906758,0,29,8.067857142857143,7.741935483870968,7.96215309779826,0.0,-1.0,-1.8369701987210297e-16,7.36551724137931,0
Sutter,2016,10,7.36551724137931,20.4,3.913554820115499,0,29,10.46551724137931,8.067857142857143,8.758436622702474,0.0,-0.8660254037844386,0.5000000000000001,10.166666666666666,0
Sutter,2016,11,10.166666666666666,18.7,4.232929518394124,0,27,7.36551724137931,10.46551724137931,8.632963875205254,0.0,-0.5000000000000004,0.8660254037844384,15.226666666666668,1
Sutter,2016,12,15.226666666666668,33.8,8.12760020285639,0,30,10.166666666666666,7.36551724137931,9.332567049808429,0.0,-2.4492935982947064e-16,1.0,6.889285714285714,0
Sutter,2017,1,6.889285714285714,23.0,6.423068338287152,0,28,15.226666666666668,10.166666666666666,10.919616858237548,0.0,0.49999999999999994,0.8660254037844387,4.373913043478261,0
Sutter,2017,2,4.373913043478261,15.0,3.12558611104372,0,23,6.889285714285714,15.226666666666668,10.760873015873017,0.0,0.8660254037844386,0.5000000000000001,5.416129032258064,0
Sutter,2017,3,5.416129032258064,10.7,2.51755129364409,0,31,4.373913043478261,6.889285714285714,8.829955141476882,0.0,1.0,6.123233995736766e-17,4.083333333333333,0
Sutter,2017,4,4.083333333333333,10.7,1.8991982579468911,0,30,5.416129032258064,4.373913043478261,5.559775930007347,0.0,0.8660254037844387,-0.49999999999999983,5.373333333333334,0
Sutter,2017,5,5.373333333333334,9.3,2.1167530980633806,0,30,4.083333333333333,5.416129032258064,4.624458469689887,0.0,0.49999999999999994,-0.8660254037844387,5.7,0
Sutter,2017,6,5.7,11.0,2.6947479783212875,0,25,5.373333333333334,4.083333333333333,4.957598566308244,0.0,1.2246467991473532e-16,-1.0,8.48076923076923,0
Sutter,2017,7,8.48076923076923,15.6,2.40383347688965,0,26,5.7,5.373333333333334,5.052222222222222,0.0,-0.4999999999999998,-0.8660254037844388,12.454545454545457,1
Sutter,2017,8,12.454545454545457,26.3,4.229570199117644,0,22,8.48076923076923,5.7,6.518034188034188,0.0,-0.8660254037844384,-0.5000000000000004,13.385714285714286,1
Sutter,2017,9,13.385714285714286,45.0,10.44806252766562,2,28,12.454545454545457,8.48076923076923,8.87843822843823,0.0,-1.0,-1.8369701987210297e-16,14.64516129032258,1
Sutter,2017,10,14.64516129032258,31.6,7.314863348446887,0,31,13.385714285714286,12.454545454545457,11.440342990342991,2.0,-0.8660254037844386,0.5000000000000001,9.910344827586206,0
Sutter,2017,11,9.910344827586206,21.1,5.481615040138796,0,29,14.64516129032258,13.385714285714286,13.49514034352744,0.0,-0.5000000000000004,0.8660254037844384,19.96451612903226,1
Sutter,2017,12,19.96451612903226,33.6,9.702595817171703,0,31,9.910344827586206,14.64516129032258,12.647073467874357,0.0,-2.4492935982947064e-16,1.0,12.85,1
Sutter,2018,1,12.85,40.6,9.30768129205565,2,30,19.96451612903226,9.910344827586206,14.840007415647015,0.0,0.49999999999999994,0.8660254037844387,8.417857142857143,0
Sutter,2018,2,8.417857142857143,24.5,5.283941680463522,0,28,12.85,19.96451612903226,14.24162031887282,2.0,0.8660254037844386,0.5000000000000001,4.4399999999999995,0
Sutter,2018,3,4.4399999999999995,10.8,2.9513994342836174,0,30,8.417857142857143,12.85,13.744124423963134,0.0,1.0,6.123233995736766e-17,5.593333333333334,0
Sutter,2018,4,5.593333333333334,10.1,2.2286432138663748,0,30,4.4399999999999995,8.417857142857143,8.569285714285714,0.0,0.8660254037844387,-0.49999999999999983,6.06551724137931,0
Sutter,2018,5,6.06551724137931,11.7,2.0785083700420777,0,29,5.593333333333334,4.4399999999999995,6.150396825396826,0.0,0.49999999999999994,-0.8660254037844387,7.539130434782609,0
Sutter,2018,6,7.539130434782609,11.6,2.21969267537705,0,23,6.06551724137931,5.593333333333334,5.366283524904215,0.0,1.2246467991473532e-16,-1.0,11.74,1
Sutter,2018,7,11.74,22.8,5.01099480797149,0,30,7.539130434782609,6.06551724137931,6.399327003165086,0.0,-0.4999999999999998,-0.8660254037844388,21.996666666666663,1
Sutter,2018,8,21.996666666666663,52.8,12.934436349457249,5,30,11.74,7.539130434782609,8.448215892053975,0.0,-0.8660254037844384,-0.5000000000000004,11.553333333333336,1
Sutter,2018,9,11.553333333333336,30.8,5.596534231316633,0,30,21.996666666666663,11.74,13.758599033816424,5.0,-1.0,-1.8369701987210297e-16,8.91851851851852,0
Sutter,2018,10,8.91851851851852,18.5,4.853788134978623,0,27,11.553333333333336,21.996666666666663,15.09666666666667,0.0,-0.8660254037844386,0.5000000000000001,11.1625,0
Sutter,2018,11,11.1625,47.0,11.469837255456882,1,16,8.91851851851852,11.553333333333336,14.156172839506175,0.0,-0.5000000000000004,0.8660254037844384,12.92,1
Sutter,2018,12,12.92,32.9,8.487410555112465,0,30,11.1625,8.91851851851852,10.544783950617287,1.0,-2.4492935982947064e-16,1.0,13.6,1
Sutter,2019,1,13.6,39.3,11.689708538466036,2,29,12.92,11.1625,11.00033950617284,0.0,0.49999999999999994,0.8660254037844387,4.7749999999999995,0
Sutter,2019,2,4.7749999999999995,13.8,3.4860170416701655,0,28,13.6,12.92,12.560833333333335,2.0,0.8660254037844386,0.5000000000000001,4.874193548387097,0
Sutter,2019,3,4.874193548387097,14.3,3.136767735736421,0,31,4.7749999999999995,13.6,10.431666666666667,0.0,1.0,6.123233995736766e-17,5.978571428571429,0
Sutter,2019,4,5.978571428571429,15.3,4.020443788186604,0,28,4.874193548387097,4.7749999999999995,7.749731182795699,0.0,0.8660254037844387,-0.49999999999999983,5.445161290322581,0
Sutter,2019,5,5.445161290322581,8.8,1.9717739406732913,0,31,5.978571428571429,4.874193548387097,5.209254992319509,0.0,0.49999999999999994,-0.8660254037844387,7.241379310344827,0
Sutter,2019,6,7.241379310344827,11.3,2.3217169203260073,0,29,5.445161290322581,5.978571428571429,5.4326420890937035,0.0,1.2246467991473532e-16,-1.0,9.4,0
Sutter,2019,7,9.4,20.6,3.4395348522729066,0,26,7.241379310344827,5.445161290322581,6.22170400974628,0.0,-0.4999999999999998,-0.8660254037844388,7.493333333333334,0
Sutter,2019,8,7.493333333333334,12.0,1.882759041724512,0,30,9.4,7.241379310344827,7.362180200222471,0.0,-0.8660254037844384,-0.5000000000000004,5.741379310344827,0
Sutter,2019,9,5.741379310344827,11.8,2.2337536060214416,0,29,7.493333333333334,9.4,8.044904214559388,0.0,-1.0,-1.8369701987210297e-16,10.841935483870968,0
Sutter,2019,10,10.841935483870968,28.2,5.519467014941955,0,31,5.741379310344827,7.493333333333334,7.544904214559388,0.0,-0.8660254037844386,0.5000000000000001,15.33,1
Sutter,2019,11,15.33,24.3,5.567278168629311,0,30,10.841935483870968,5.741379310344827,8.025549375849712,0.0,-0.5000000000000004,0.8660254037844384,10.50967741935484,0
Sutter,2019,12,10.50967741935484,31.2,7.199507151590756,0,31,15.33,10.841935483870968,10.637771598071934,0.0,-2.4492935982947064e-16,1.0,12.751724137931037,1
Sutter,2020,1,12.751724137931037,33.1,8.53173155635793,0,29,10.50967741935484,15.33,12.22720430107527,0.0,0.49999999999999994,0.8660254037844387,11.482608695652177,1
Sutter,2020,2,11.482608695652177,26.9,7.266839513966104,0,23,12.751724137931037,10.50967741935484,12.863800519095292,0.0,0.8660254037844386,0.5000000000000001,5.253571428571428,0
Sutter,2020,3,5.253571428571428,13.5,2.950264538403437,0,28,11.482608695652177,12.751724137931037,11.581336750979352,0.0,1.0,6.123233995736766e-17,5.404787,0
Sutter,2020,4,5.404787,7.8,1.5543010823547667,0,51,5.253571428571428,11.482608695652177,9.829301420718215,0.0,0.8660254037844387,-0.49999999999999983,5.09359685483871,0
Sutter,2020,5,5.09359685483871,10.625,2.2610515028615747,0,62,5.404787,5.253571428571428,7.380322374741204,0.0,0.49999999999999994,-0.8660254037844387,7.391563568965517,0
Sutter,2020,6,7.391563568965517,13.708333,3.1709356226944165,0,58,5.09359685483871,5.404787,5.250651761136713,0.0,1.2246467991473532e-16,-1.0,13.077822596774194,1
Sutter,2020,7,13.077822596774194,71.791667,11.191483275550093,2,62,7.391563568965517,5.09359685483871,5.963315807934744,0.0,-0.4999999999999998,-0.8660254037844388,32.847539693548384,1
Sutter,2020,8,32.847539693548384,131.25,31.59858778231199,22,62,13.077822596774194,7.391563568965517,8.520994340192809,2.0,-0.8660254037844384,-0.5000000000000004,49.57256916666667,1
Sutter,2020,9,49.57256916666667,252.958333,57.50402568160187,28,60,32.847539693548384,13.077822596774194,17.7723086197627,22.0,-1.0,-1.8369701987210297e-16,25.449209915254237,1
Sutter,2020,10,25.449209915254237,91.166667,21.959842428855836,10,59,49.57256916666667,32.847539693548384,31.832643818996416,28.0,-0.8660254037844386,0.5000000000000001,14.745446833333334,1
Sutter,2020,11,14.745446833333334,26.583333,6.799658662559131,0,60,25.449209915254237,49.57256916666667,35.95643959182309,10.0,-0.5000000000000004,0.8660254037844384,14.829601241935483,1
Tehama,2016,4,3.03300725,10.0,2.768960547150119,0,60,1.4555405409836064,,1.4555405409836064,0.0,0.8660254037844387,-0.49999999999999983,2.843047435483871,0
Tehama,2016,5,2.843047435483871,8.083333,2.0898526706855667,0,62,3.03300725,1.4555405409836064,2.244273895491803,0.0,0.49999999999999994,-0.8660254037844387,3.9822213166666662,0
Tehama,2016,6,3.9822213166666662,9.708333,2.1954481281509115,0,60,2.843047435483871,3.03300725,2.443865075489159,0.0,1.2246467991473532e-16,-1.0,4.911476328125,0
Tehama,2016,7,4.911476328125,12.083333,3.647146737705788,0,64,3.9822213166666662,2.843047435483871,3.2860920007168457,0.0,-0.4999999999999998,-0.8660254037844388,8.724527121212121,0
Tehama,2016,8,8.724527121212121,16.458333,4.023300251866976,0,66,4.911476328125,3.9822213166666662,3.9122483600918456,0.0,-0.8660254037844384,-0.5000000000000004,8.586852409090909,0
Tehama,2016,9,8.586852409090909,32.041667,6.698600312434058,0,66,8.724527121212121,4.911476328125,5.872741588667929,0.0,-1.0,-1.8369701987210297e-16,3.269758064516129,0
Tehama,2016,10,3.269758064516129,9.708333,2.7877575318116445,0,62,8.586852409090909,8.724527121212121,7.407618619476011,0.0,-0.8660254037844386,0.5000000000000001,5.017325433333334,0
Tehama,2016,11,5.017325433333334,12.041667,2.8324757156018805,0,60,3.269758064516129,8.586852409090909,6.860379198273054,0.0,-0.5000000000000004,0.8660254037844384,6.849022483870967,0
Tehama,2016,12,6.849022483870967,23.708333,4.981763046911343,0,62,5.017325433333334,3.269758064516129,5.624645302313458,0.0,-2.4492935982947064e-16,1.0,4.741339370967742,0
Tehama,2017,1,4.741339370967742,19.291667,4.363817492624226,0,62,6.849022483870967,5.017325433333334,5.0453686605734775,0.0,0.49999999999999994,0.8660254037844387,3.684766777777778,0
Tehama,2017,2,3.684766777777778,12.181818,3.168198976914628,0,54,4.741339370967742,6.849022483870967,5.535895762724015,0.0,0.8660254037844386,0.5000000000000001,3.3791373728813556,0
Tehama,2017,3,3.3791373728813556,7.136364,1.809859595312594,0,59,3.684766777777778,4.741339370967742,5.0917095442054965,0.0,1.0,6.123233995736766e-17,1.6055978333333334,0
Tehama,2017,4,1.6055978333333334,7.666667,1.6502499127931407,0,60,3.3791373728813556,3.684766777777778,3.9350811738756257,0.0,0.8660254037844387,-0.49999999999999983,5.5183242741935485,0
Tehama,2017,5,5.5183242741935485,11.458333,3.2060293769791346,0,62,1.6055978333333334,3.3791373728813556,2.8898339946641562,0.0,0.49999999999999994,-0.8660254037844387,6.81074935,0
Tehama,2017,6,6.81074935,13.0,3.4220301804894726,0,60,5.5183242741935485,1.6055978333333334,3.5010198268027466,0.0,1.2246467991473532e-16,-1.0,7.934514661290323,0
Tehama,2017,7,7.934514661290323,14.958333,2.853450818918425,0,62,6.81074935,5.5183242741935485,4.644890485842295,0.0,-0.4999999999999998,-0.8660254037844388,16.179686193548388,1
Tehama,2017,8,16.179686193548388,85.958333,14.008880807975386,2,62,7.934514661290323,6.81074935,6.7545294284946245,0.0,-0.8660254037844384,-0.5000000000000004,16.33938435185185,1
Tehama,2017,9,16.33938435185185,69.083333,16.902752519510493,8,54,16.179686193548388,7.934514661290323,10.308316734946237,2.0,-1.0,-1.8369701987210297e-16,5.416737444444444,0
Tehama,2017,10,5.416737444444444,22.875,5.898538206264554,0,54,16.33938435185185,16.179686193548388,13.484528402230188,8.0,-0.8660254037844386,0.5000000000000001,7.26249894,0
Tehama,2017,11,7.26249894,21.916667,5.236795027422065,0,50,5.416737444444444,16.33938435185185,12.64526932994823,0.0,-0.5000000000000004,0.8660254037844384,7.991910338709678,0
Tehama,2017,12,7.991910338709678,15.458333,4.305795591375807,0,62,7.26249894,5.416737444444444,9.672873578765431,0.0,-2.4492935982947064e-16,1.0,10.25950772580645,0
Tehama,2018,1,10.25950772580645,27.625,4.997282594487719,0,62,7.991910338709678,7.26249894,6.890382241051374,0.0,0.49999999999999994,0.8660254037844387,4.892954178571428,0
Tehama,2018,2,4.892954178571428,11.416667,2.3589394462672115,0,56,10.25950772580645,7.991910338709678,8.504639001505376,0.0,0.8660254037844386,0.5000000000000001,4.297942112903226,0
Tehama,2018,3,4.297942112903226,7.375,1.6731971620079271,0,62,4.892954178571428,10.25950772580645,7.7147907476958535,0.0,1.0,6.123233995736766e-17,5.136485550000001,0
Tehama,2018,4,5.136485550000001,11.130435,2.4309021598185776,0,60,4.297942112903226,4.892954178571428,6.483468005760368,0.0,0.8660254037844387,-0.49999999999999983,6.282789822580645,0
Tehama,2018,5,6.282789822580645,12.291667,2.2158444900758996,0,62,5.136485550000001,4.297942112903226,4.775793947158218,0.0,0.49999999999999994,-0.8660254037844387,5.6300381206896555,0
Tehama,2018,6,5.6300381206896555,9.791667,2.4604977572226,0,58,6.282789822580645,5.136485550000001,5.239072495161291,0.0,1.2246467991473532e-16,-1.0,16.158380048387098,1
Tehama,2018,7,16.158380048387098,67.25,17.799613717738765,10,62,5.6300381206896555,6.282789822580645,5.683104497756767,0.0,-0.4999999999999998,-0.8660254037844388,32.71955140322581,1
Tehama,2018,8,32.71955140322581,87.583333,21.735361048307983,20,62,16.158380048387098,5.6300381206896555,9.357069330552466,10.0,-0.8660254037844384,-0.5000000000000004,12.653437133333334,1
Tehama,2018,9,12.653437133333334,56.956522,12.804214751906454,4,60,32.71955140322581,16.158380048387098,18.169323190767518,20.0,-1.0,-1.8369701987210297e-16,2.380639306451613,0
Tehama,2018,10,2.380639306451613,9.875,3.1135295241720136,0,62,12.653437133333334,32.71955140322581,20.51045619498208,4.0,-0.8660254037844386,0.5000000000000001,20.770821233333333,1
Tehama,2018,11,20.770821233333333,130.75,29.646596150054897,14,60,2.380639306451613,12.653437133333334,15.917875947670248,0.0,-0.5000000000000004,0.8660254037844384,5.159823532258065,0
Tehama,2018,12,5.159823532258065,17.041667,4.336552685321597,0,62,20.770821233333333,2.380639306451613,11.934965891039425,14.0,-2.4492935982947064e-16,1.0,6.376416964285714,0
Tehama,2019,1,6.376416964285714,19.333333,6.271537455794726,0,56,5.159823532258065,20.770821233333333,9.437094690681,0.0,0.49999999999999994,0.8660254037844387,4.040394232142857,0
Tehama,2019,2,4.040394232142857,11.434783,2.8089831950557027,0,56,6.376416964285714,5.159823532258065,10.769020576625701,0.0,0.8660254037844386,0.5000000000000001,4.096889983870968,0
Tehama,2019,3,4.096889983870968,8.458333,1.94009873612336,0,62,4.040394232142857,6.376416964285714,5.192211576228876,0.0,1.0,6.123233995736766e-17,4.2595833333333335,0
Tehama,2019,4,4.2595833333333335,8.75,2.11406588439418,0,60,4.096889983870968,4.040394232142857,4.837900393433177,0.0,0.8660254037844387,-0.49999999999999983,4.407110887096774,0
Tehama,2019,5,4.407110887096774,7.791667,1.8407338460857248,0,62,4.2595833333333335,4.096889983870968,4.132289183115717,0.0,0.49999999999999994,-0.8660254037844387,4.889728233333333,0
Tehama,2019,6,4.889728233333333,11.875,2.9831197710550508,0,60,4.407110887096774,4.2595833333333335,4.254528068100356,0.0,1.2246467991473532e-16,-1.0,7.6978670483870975,0
Tehama,2019,7,7.6978670483870975,17.041667,3.5220585575688603,0,62,4.889728233333333,4.407110887096774,4.5188074845878115,0.0,-0.4999999999999998,-0.8660254037844388,6.32277614516129,0
Tehama,2019,8,6.32277614516129,9.583333,1.5659548888711967,0,62,7.6978670483870975,4.889728233333333,5.664902056272399,0.0,-0.8660254037844384,-0.5000000000000004,4.212270533333333,0
Tehama,2019,9,4.212270533333333,10.541667,2.389059066164408,0,60,6.32277614516129,7.6978670483870975,6.3034571422939045,0.0,-1.0,-1.8369701987210297e-16,4.191023346938775,0
Tehama,2019,10,4.191023346938775,12.875,2.904879685762997,0,49,4.212270533333333,6.32277614516129,6.077637908960571,0.0,-0.8660254037844386,0.5000000000000001,6.10143725,0
Tehama,2019,11,6.10143725,11.26087,2.474502426762632,0,60,4.191023346938775,4.212270533333333,4.908690008477797,0.0,-0.5000000000000004,0.8660254037844384,8.313589112903227,0
Tehama,2019,12,8.313589112903227,22.625,4.836071001064598,0,62,6.10143725,4.191023346938775,4.834910376757367,0.0,-2.4492935982947064e-16,1.0,9.799010754385966,0
Tehama,2020,1,9.799010754385966,27.5,5.71411610434328,0,57,8.313589112903227,6.10143725,6.2020165699473315,0.0,0.49999999999999994,0.8660254037844387,8.901959489795917,0
Tehama,2020,2,8.901959489795917,17.541667,5.220636772453654,0,49,9.799010754385966,8.313589112903227,8.071345705763063,0.0,0.8660254037844386,0.5000000000000001,4.411210548387096,0
Tehama,2020,3,4.411210548387096,12.636364,2.6448423146506324,0,62,8.901959489795917,9.799010754385966,9.004853119028368,0.0,1.0,6.123233995736766e-17,3.8048853333333335,0
Tehama,2020,4,3.8048853333333335,6.541667,1.5942559777898802,0,60,4.411210548387096,8.901959489795917,7.704060264189657,0.0,0.8660254037844387,-0.49999999999999983,3.3882340166666665,0
Tehama,2020,5,3.3882340166666665,7.166667,1.4918915375814132,0,60,3.8048853333333335,4.411210548387096,5.706018457172114,0.0,0.49999999999999994,-0.8660254037844387,3.9837024137931034,0
Tehama,2020,6,3.9837024137931034,9.875,2.6704800588412776,0,58,3.3882340166666665,3.8048853333333335,3.8681099661290297,0.0,1.2246467991473532e-16,-1.0,7.8093385,0
Tehama,2020,7,7.8093385,15.083333,2.7487139677590915,0,62,3.9837024137931034,3.3882340166666665,3.725607254597699,0.0,-0.4999999999999998,-0.8660254037844388,28.50349907142857,1
Tehama,2020,8,28.50349907142857,113.583333,30.101523178754544,14,56,7.8093385,3.9837024137931034,5.060424976819921,0.0,-0.8660254037844384,-0.5000000000000004,53.803852666666664,1
Tehama,2020,9,53.803852666666664,142.958333,36.355969842964114,38,60,28.50349907142857,7.8093385,13.43217999507389,14.0,-1.0,-1.8369701987210297e-16,17.59529570967742,1
Tehama,2020,10,17.59529570967742,82.625,22.564637947161906,10,62,53.803852666666664,28.50349907142857,30.038896746031742,38.0,-0.8660254037844386,0.5000000000000001,8.39123025,0
Tehama,2020,11,8.39123025,20.782609,4.09199735714163,0,60,17.59529570967742,53.803852666666664,33.300882482590886,10.0,-0.5000000000000004,0.8660254037844384,8.93904864516129,0
Tulare,2015,2,23.4,32.0,10.76090808701305,0,8,41.82857142857143,,41.82857142857143,3.0,0.8660254037844386,0.5000000000000001,10.42,0
Tulare,2015,3,10.42,14.4,2.8843639776483747,0,10,23.4,41.82857142857143,32.614285714285714,0.0,1.0,6.123233995736766e-17,9.744444444444444,0
Tulare,2015,4,9.744444444444444,16.4,3.659272848227879,0,9,10.42,23.4,25.216190476190476,0.0,0.8660254037844387,-0.49999999999999983,7.863636363636363,0
Tulare,2015,5,7.863636363636363,12.5,2.293587899895152,0,11,9.744444444444444,10.42,14.52148148148148,0.0,0.49999999999999994,-0.8660254037844387,9.685714285714283,0
Tulare,2015,6,9.685714285714283,13.7,3.085141040227373,0,7,7.863636363636363,9.744444444444444,9.342693602693602,0.0,1.2246467991473532e-16,-1.0,8.577777777777778,0
Tulare,2015,7,8.577777777777778,12.6,2.307475773316904,0,9,9.685714285714283,7.863636363636363,9.097931697931697,0.0,-0.4999999999999998,-0.8660254037844388,9.94,0
Tulare,2015,8,9.94,13.0,2.251221890440833,0,5,8.577777777777778,9.685714285714283,8.709042809042808,0.0,-0.8660254037844384,-0.5000000000000004,18.67,1
Tulare,2015,9,18.67,45.6,12.359885831907098,1,10,9.94,8.577777777777778,9.40116402116402,0.0,-1.0,-1.8369701987210297e-16,15.988888888888887,1
Tulare,2015,10,15.988888888888887,26.8,6.233667548972363,0,9,18.67,9.94,12.395925925925924,1.0,-0.8660254037844386,0.5000000000000001,20.57,1
Tulare,2015,11,20.57,32.3,7.389639895000146,0,10,15.988888888888887,18.67,14.866296296296296,0.0,-0.5000000000000004,0.8660254037844384,20.77777777777778,1
Tulare,2015,12,20.77777777777778,39.8,10.420386002660576,1,9,20.57,15.988888888888887,18.40962962962963,0.0,-2.4492935982947064e-16,1.0,16.854545454545455,1
Tulare,2016,1,16.854545454545455,43.0,12.49882903606283,1,11,20.77777777777778,20.57,19.112222222222222,1.0,0.49999999999999994,0.8660254037844387,21.32222222222222,1
Tulare,2016,2,21.32222222222222,33.3,10.24362945661568,0,9,16.854545454545455,20.77777777777778,19.400774410774414,1.0,0.8660254037844386,0.5000000000000001,10.3,0
Tulare,2016,3,10.3,25.3,7.166728681902224,0,11,21.32222222222222,16.854545454545455,19.651515151515152,0.0,1.0,6.123233995736766e-17,9.11111111111111,0
Tulare,2016,4,9.11111111111111,21.7,5.4473489984680725,0,9,10.3,21.32222222222222,16.15892255892256,0.0,0.8660254037844387,-0.49999999999999983,7.754545454545454,0
Tulare,2016,5,7.754545454545454,13.9,3.461029799456698,0,11,9.11111111111111,10.3,13.577777777777778,0.0,0.49999999999999994,-0.8660254037844387,9.03,0
Tulare,2016,6,9.03,12.2,2.2355958688655893,0,10,7.754545454545454,9.11111111111111,9.055218855218856,0.0,1.2246467991473532e-16,-1.0,10.566666666666666,0
Tulare,2016,7,10.566666666666666,17.9,3.8069016273079614,0,9,9.03,7.754545454545454,8.631885521885522,0.0,-0.4999999999999998,-0.8660254037844388,14.1,1
Tulare,2016,8,14.1,18.8,3.2639444439716394,0,10,10.566666666666666,9.03,9.117070707070708,0.0,-0.8660254037844384,-0.5000000000000004,14.4625,1
Tulare,2016,9,14.4625,20.7,2.7391017818672907,0,8,14.1,10.566666666666666,11.232222222222221,0.0,-1.0,-1.8369701987210297e-16,10.2,0
Tulare,2016,10,10.2,21.0,5.134685968976097,0,9,14.4625,14.1,13.043055555555554,0.0,-0.8660254037844386,0.5000000000000001,26.89090909090909,1
Tulare,2016,11,26.89090909090909,48.0,12.548980400451228,4,11,10.2,14.4625,12.920833333333334,0.0,-0.5000000000000004,0.8660254037844384,24.78,1
Tulare,2016,12,24.78,40.7,11.031147819797456,2,10,26.89090909090909,10.2,17.184469696969696,4.0,-2.4492935982947064e-16,1.0,9.06,0
Tulare,2017,1,9.06,20.8,6.791023486927431,0,5,24.78,26.89090909090909,20.623636363636365,2.0,0.49999999999999994,0.8660254037844387,8.0375,0
Tulare,2017,2,8.0375,19.3,5.796042368966702,0,8,9.06,24.78,20.243636363636366,0.0,0.8660254037844386,0.5000000000000001,15.03,1
Tulare,2017,3,15.03,33.7,8.719333562708666,0,10,8.0375,9.06,13.959166666666667,0.0,1.0,6.123233995736766e-17,7.56,0
Tulare,2017,4,7.56,11.6,2.860924481507488,0,10,15.03,8.0375,10.709166666666667,0.0,0.8660254037844387,-0.49999999999999983,8.11111111111111,0
Tulare,2017,5,8.11111111111111,11.0,2.6360218343388415,0,9,7.56,15.03,10.209166666666667,0.0,0.49999999999999994,-0.8660254037844387,10.345454545454546,0
Tulare,2017,6,10.345454545454546,13.9,3.169972755833602,0,11,8.11111111111111,7.56,10.233703703703704,0.0,1.2246467991473532e-16,-1.0,11.25,1
Tulare,2017,7,11.25,14.1,2.0976176963403033,0,8,10.345454545454546,8.11111111111111,8.672188552188553,0.0,-0.4999999999999998,-0.8660254037844388,15.825,1
Tulare,2017,8,15.825,22.5,4.296536660233131,0,12,11.25,10.345454545454546,9.902188552188553,0.0,-0.8660254037844384,-0.5000000000000004,13.322222222222225,1
Tulare,2017,9,13.322222222222225,20.1,4.4982712728830005,0,9,15.825,11.25,12.47348484848485,0.0,-1.0,-1.8369701987210297e-16,18.43,1
Tulare,2017,10,18.43,33.5,7.219272047020315,0,10,13.322222222222225,15.825,13.465740740740742,0.0,-0.8660254037844386,0.5000000000000001,22.363636363636363,1
Tulare,2017,11,22.363636363636363,60.7,17.95696370365952,3,11,18.43,13.322222222222225,15.859074074074075,0.0,-0.5000000000000004,0.8660254037844384,53.760000000000005,1
Tulare,2017,12,53.760000000000005,86.1,24.28470940964933,6,10,22.363636363636363,18.43,18.03861952861953,3.0,-2.4492935982947064e-16,1.0,32.333333333333336,1
Tulare,2018,1,32.333333333333336,86.8,22.346196544378643,3,9,53.760000000000005,22.363636363636363,31.51787878787879,6.0,0.49999999999999994,0.8660254037844387,18.2,1
Tulare,2018,2,18.2,63.4,22.318960549272894,1,6,32.333333333333336,53.760000000000005,36.15232323232323,3.0,0.8660254037844386,0.5000000000000001,8.76,0
Tulare,2018,3,8.76,16.3,5.6059888611297755,0,10,18.2,32.333333333333336,34.76444444444444,1.0,1.0,6.123233995736766e-17,8.35,0
Tulare,2018,4,8.35,13.2,3.080494188347779,0,10,8.76,18.2,19.764444444444447,0.0,0.8660254037844387,-0.49999999999999983,9.38,0
Tulare,2018,5,9.38,15.2,3.1293591818276294,0,10,8.35,8.76,11.770000000000001,0.0,0.49999999999999994,-0.8660254037844387,9.85,0
Tulare,2018,6,9.85,13.8,2.514071509634433,0,10,9.38,8.35,8.83,0.0,1.2246467991473532e-16,-1.0,13.166666666666666,1
Tulare,2018,7,13.166666666666666,26.0,5.252142420003479,0,9,9.85,9.38,9.193333333333333,0.0,-0.4999999999999998,-0.8660254037844388,25.49,1
Tulare,2018,8,25.49,64.6,17.985824665243705,3,10,13.166666666666666,9.85,10.79888888888889,0.0,-0.8660254037844384,-0.5000000000000004,13.98,1
Tulare,2018,9,13.98,21.5,3.427276210377889,0,10,25.49,13.166666666666666,16.168888888888887,3.0,-1.0,-1.8369701987210297e-16,13.955555555555556,1
Tulare,2018,10,13.955555555555556,25.4,5.908492005391713,0,9,13.98,25.49,17.545555555555556,0.0,-0.8660254037844386,0.5000000000000001,30.785714285714285,1
Tulare,2018,11,30.785714285714285,41.3,10.085208404957656,4,7,13.955555555555556,13.98,17.808518518518515,0.0,-0.5000000000000004,0.8660254037844384,25.811111111111114,1
Tulare,2018,12,25.811111111111114,46.8,9.213094545868456,1,9,30.785714285714285,13.955555555555556,19.573756613756615,4.0,-2.4492935982947064e-16,1.0,23.10909090909091,1
Tulare,2019,1,23.10909090909091,47.2,17.397784602957614,3,11,25.811111111111114,30.785714285714285,23.51746031746032,1.0,0.49999999999999994,0.8660254037844387,8.440000000000001,0
Tulare,2019,2,8.440000000000001,21.8,7.7667882680037055,0,5,23.10909090909091,25.811111111111114,26.568638768638767,3.0,0.8660254037844386,0.5000000000000001,8.709999999999999,0
Tulare,2019,3,8.709999999999999,14.8,3.936284203831493,0,10,8.440000000000001,23.10909090909091,19.12006734006734,0.0,1.0,6.123233995736766e-17,8.78,0
Tulare,2019,4,8.78,15.4,3.929037201826083,0,10,8.709999999999999,8.440000000000001,13.41969696969697,0.0,0.8660254037844387,-0.49999999999999983,8.975,0
Tulare,2019,5,8.975,13.3,3.4652355104461714,0,8,8.78,8.709999999999999,8.643333333333333,0.0,0.49999999999999994,-0.8660254037844387,9.71,0
Tulare,2019,6,9.71,17.1,3.2346904368458858,0,10,8.975,8.78,8.821666666666665,0.0,1.2246467991473532e-16,-1.0,10.933333333333334,0
Tulare,2019,7,10.933333333333334,18.3,3.4510867853474796,0,9,9.71,8.975,9.155,0.0,-0.4999999999999998,-0.8660254037844388,10.672727272727274,0
Tulare,2019,8,10.672727272727274,13.5,2.2838961925144097,0,11,10.933333333333334,9.71,9.872777777777777,0.0,-0.8660254037844384,-0.5000000000000004,9.9,0
Tulare,2019,9,9.9,14.9,2.257333727111602,0,10,10.672727272727274,10.933333333333334,10.438686868686869,0.0,-1.0,-1.8369701987210297e-16,15.84,1
Tulare,2019,10,15.84,30.0,5.970147960198864,0,10,9.9,10.672727272727274,10.502020202020203,0.0,-0.8660254037844386,0.5000000000000001,22.59,1
Tulare,2019,11,22.59,42.3,13.46785885811929,3,10,15.84,9.9,12.137575757575759,0.0,-0.5000000000000004,0.8660254037844384,13.122222222222222,1
Tulare,2019,12,13.122222222222222,30.1,8.873243175099194,0,9,22.59,15.84,16.11,3.0,-2.4492935982947064e-16,1.0,21.77777777777778,1
Tulare,2020,1,21.77777777777778,39.7,9.80532735019308,1,9,13.122222222222222,22.59,17.184074074074072,0.0,0.49999999999999994,0.8660254037844387,18.3,1
Tulare,2020,2,18.3,25.9,5.457628998540876,0,8,21.77777777777778,13.122222222222222,19.16333333333333,1.0,0.8660254037844386,0.5000000000000001,8.08,0
Tulare,2020,3,8.08,13.3,4.017959681231259,0,10,18.3,21.77777777777778,17.733333333333334,0.0,1.0,6.123233995736766e-17,7.627272727272728,0
Tulare,2020,4,7.627272727272728,14.5,4.00402070651262,0,11,8.08,18.3,16.052592592592593,0.0,0.8660254037844387,-0.49999999999999983,8.25,0
Tulare,2020,5,8.25,14.8,4.708609136464823,0,6,7.627272727272728,8.08,11.335757575757576,0.0,0.49999999999999994,-0.8660254037844387,9.7,0
Tulare,2020,6,9.7,14.2,2.983659200080033,0,10,8.25,7.627272727272728,7.985757575757575,0.0,1.2246467991473532e-16,-1.0,11.5,1
Tulare,2020,7,11.5,21.3,4.132795663954365,0,10,9.7,8.25,8.525757575757575,0.0,-0.4999999999999998,-0.8660254037844388,30.99090909090909,1
Tulare,2020,8,30.99090909090909,127.1,35.30310055917056,4,11,11.5,9.7,9.816666666666665,0.0,-0.8660254037844384,-0.5000000000000004,38.12,1
Tulare,2020,9,38.12,91.8,20.701250633181026,4,10,30.99090909090909,11.5,17.396969696969695,4.0,-1.0,-1.8369701987210297e-16,30.360000000000003,1
Tulare,2020,10,30.360000000000003,83.4,21.78155182717705,2,10,38.12,30.99090909090909,26.870303030303024,4.0,-0.8660254037844386,0.5000000000000001,29.95,1
Tulare,2020,11,29.95,43.8,12.256993468583106,4,10,30.360000000000003,38.12,33.156969696969696,2.0,-0.5000000000000004,0.8660254037844384,15.359617544444443,1
Ventura,2015,2,9.753803382089552,32.5,7.894923784489974,0,335,6.242182274285715,,6.242182274285715,0.0,0.8660254037844386,0.5000000000000001,7.806094450549451,0
Ventura,2015,3,7.806094450549451,23.125,5.275967275320728,0,364,9.753803382089552,6.242182274285715,7.997992828187634,0.0,1.0,6.123233995736766e-17,8.373495827777777,0
Ventura,2015,4,8.373495827777777,18.652174,3.311977795042057,0,360,7.806094450549451,9.753803382089552,7.9340267023082385,0.0,0.8660254037844387,-0.49999999999999983,9.768604684636118,0
Ventura,2015,5,9.768604684636118,19.25,3.036876622822824,0,371,8.373495827777777,7.806094450549451,8.64446455347226,0.0,0.49999999999999994,-0.8660254037844387,11.054737269113147,0
Ventura,2015,6,11.054737269113147,19.125,3.646201635778475,0,327,9.768604684636118,8.373495827777777,8.64939832098778,0.0,1.2246467991473532e-16,-1.0,8.285931369047619,0
Ventura,2015,7,8.285931369047619,33.0,4.833265974240806,0,336,11.054737269113147,9.768604684636118,9.732279260509012,0.0,-0.4999999999999998,-0.8660254037844388,12.414297327956987,1
Ventura,2015,8,12.414297327956987,24.375,5.1011655059743655,0,372,8.285931369047619,11.054737269113147,9.70309110759896,0.0,-0.8660254037844384,-0.5000000000000004,9.615975520588236,0
Ventura,2015,9,9.615975520588236,17.916667,3.8514271126849864,0,340,12.414297327956987,8.285931369047619,10.584988655372584,0.0,-1.0,-1.8369701987210297e-16,7.053026392473118,0
Ventura,2015,10,7.053026392473118,15.208333,2.3085109016663568,0,372,9.615975520588236,12.414297327956987,10.10540140586428,0.0,-0.8660254037844386,0.5000000000000001,4.532839361111111,0
Ventura,2015,11,4.532839361111111,12.125,2.453745372922695,0,360,7.053026392473118,9.615975520588236,9.694433080339445,0.0,-0.5000000000000004,0.8660254037844384,5.30958962972973,0
Ventura,2015,12,5.30958962972973,17.458333,2.877901554022879,0,370,4.532839361111111,7.053026392473118,7.067280424724154,0.0,-2.4492935982947064e-16,1.0,6.646491977591036,0
Ventura,2016,1,6.646491977591036,18.956522,3.615811961068814,0,357,5.30958962972973,4.532839361111111,5.631818461104651,0.0,0.49999999999999994,0.8660254037844387,4.971875603448276,0
Ventura,2016,2,4.971875603448276,13.833333,2.992608435466423,0,348,6.646491977591036,5.30958962972973,5.496306989477291,0.0,0.8660254037844386,0.5000000000000001,8.252156299450549,0
Ventura,2016,3,8.252156299450549,22.416667,4.436338815474016,0,364,4.971875603448276,6.646491977591036,5.642652403589679,0.0,1.0,6.123233995736766e-17,7.893350444444444,0
Ventura,2016,4,7.893350444444444,14.833333,2.968437223058005,0,360,8.252156299450549,4.971875603448276,6.623507960163285,0.0,0.8660254037844387,-0.49999999999999983,8.998294167115903,0
Ventura,2016,5,8.998294167115903,17.958333,3.577478321937349,0,371,7.893350444444444,8.252156299450549,7.039127449114422,0.0,0.49999999999999994,-0.8660254037844387,12.643315464788731,1
Ventura,2016,6,12.643315464788731,28.916667,4.525011007039419,0,355,8.998294167115903,7.893350444444444,8.381266970336965,0.0,1.2246467991473532e-16,-1.0,11.71264251923077,1
Ventura,2016,7,11.71264251923077,31.416667,3.8038706841975225,0,364,12.643315464788731,8.998294167115903,9.84498669211636,0.0,-0.4999999999999998,-0.8660254037844388,11.700495505376344,1
Ventura,2016,8,11.700495505376344,19.125,3.290159162648369,0,372,11.71264251923077,12.643315464788731,11.118084050378465,0.0,-0.8660254037844384,-0.5000000000000004,10.646518023809524,0
Ventura,2016,9,10.646518023809524,21.541667,3.788533948832411,0,336,11.700495505376344,11.71264251923077,12.018817829798614,0.0,-1.0,-1.8369701987210297e-16,6.906500732394367,0
Ventura,2016,10,6.906500732394367,16.458333,3.2608450138417444,0,355,10.646518023809524,11.700495505376344,11.353218682805545,0.0,-0.8660254037844386,0.5000000000000001,6.280891040935672,0
Ventura,2016,11,6.280891040935672,16.416667,3.141503695654108,0,342,6.906500732394367,10.646518023809524,9.751171420526743,0.0,-0.5000000000000004,0.8660254037844384,8.298987022038569,0
Ventura,2016,12,8.298987022038569,35.333333,6.768832178059448,0,363,6.280891040935672,6.906500732394367,7.944636599046519,0.0,-2.4492935982947064e-16,1.0,5.093078390449438,0
Ventura,2017,1,5.093078390449438,13.375,2.478574143604186,0,356,8.298987022038569,6.280891040935672,7.162126265122867,0.0,0.49999999999999994,0.8660254037844387,5.514206604938272,0
Ventura,2017,2,5.514206604938272,17.041667,3.4785910580263875,0,324,5.093078390449438,8.298987022038569,6.557652151141224,0.0,0.8660254037844386,0.5000000000000001,6.630549896358544,0
Ventura,2017,3,6.630549896358544,21.666667,4.105541585762148,0,357,5.514206604938272,5.093078390449438,6.302090672475425,0.0,1.0,6.123233995736766e-17,7.710515011111112,0
Ventura,2017,4,7.710515011111112,18.173913,3.499115834583406,0,360,6.630549896358544,5.514206604938272,5.7459449639154165,0.0,0.8660254037844387,-0.49999999999999983,8.742113865384615,0
Ventura,2017,5,8.742113865384615,20.043478,3.3612114389424756,0,364,7.710515011111112,6.630549896358544,6.618423837469308,0.0,0.49999999999999994,-0.8660254037844387,10.181378553008596,0
Ventura,2017,6,10.181378553008596,21.833333,3.687999682935796,0,349,8.742113865384615,7.710515011111112,7.694392924284756,0.0,1.2246467991473532e-16,-1.0,11.884958489071035,1
Ventura,2017,7,11.884958489071035,31.375,4.061824340959686,0,366,10.181378553008596,8.742113865384615,8.878002476501438,0.0,-0.4999999999999998,-0.8660254037844388,11.953833913978496,1
Ventura,2017,8,11.953833913978496,24.625,3.975188760871379,0,372,11.884958489071035,10.181378553008596,10.269483635821414,0.0,-0.8660254037844384,-0.5000000000000004,8.33078532,0
Ventura,2017,9,8.33078532,19.416667,3.829197029766323,0,350,11.953833913978496,11.884958489071035,11.340056985352708,0.0,-1.0,-1.8369701987210297e-16,9.048197964187327,0
Ventura,2017,10,9.048197964187327,25.708333,5.327869811755386,0,363,8.33078532,11.953833913978496,10.723192574349843,0.0,-0.8660254037844386,0.5000000000000001,6.294783022222223,0
Ventura,2017,11,6.294783022222223,18.208333,3.2629072457193526,0,360,9.048197964187327,8.33078532,9.77760573272194,0.0,-0.5000000000000004,0.8660254037844384,23.39661985094851,1
Ventura,2017,12,23.39661985094851,557.083333,61.56659333904118,33,369,6.294783022222223,9.048197964187327,7.891255435469849,0.0,-2.4492935982947064e-16,1.0,7.042922444134078,0
Ventura,2018,1,7.042922444134078,32.791667,5.29963984350961,0,358,23.39661985094851,6.294783022222223,12.913200279119351,33.0,0.49999999999999994,0.8660254037844387,7.263474534591195,0
Ventura,2018,2,7.263474534591195,28.708333,5.0903015424461096,0,318,7.042922444134078,23.39661985094851,12.24477510576827,0.0,0.8660254037844386,0.5000000000000001,5.2933870931506855,0
Ventura,2018,3,5.2933870931506855,15.208333,3.700503469284744,0,365,7.263474534591195,7.042922444134078,12.567672276557927,0.0,1.0,6.123233995736766e-17,10.28911168888889,0
Ventura,2018,4,10.28911168888889,18.666667,4.199846412092471,0,360,5.2933870931506855,7.263474534591195,6.533261357291985,0.0,0.8660254037844387,-0.49999999999999983,8.845489494318182,0
Ventura,2018,5,8.845489494318182,18.416667,3.098882794750239,0,352,10.28911168888889,5.2933870931506855,7.615324438876922,0.0,0.49999999999999994,-0.8660254037844387,11.262962376770538,1
Ventura,2018,6,11.262962376770538,20.0,2.8218750044834553,0,353,8.845489494318182,10.28911168888889,8.142662758785917,0.0,1.2246467991473532e-16,-1.0,9.60464272173913,0
Ventura,2018,7,9.60464272173913,21.791667,4.515726186035953,0,345,11.262962376770538,8.845489494318182,10.132521186659202,0.0,-0.4999999999999998,-0.8660254037844388,13.68295498915989,1
Ventura,2018,8,13.68295498915989,33.916667,6.472072208994581,0,369,9.60464272173913,11.262962376770538,9.904364864275948,0.0,-0.8660254037844384,-0.5000000000000004,11.709836054285717,1
Ventura,2018,9,11.709836054285717,22.916667,3.90547782467565,0,350,13.68295498915989,9.60464272173913,11.516853362556517,0.0,-1.0,-1.8369701987210297e-16,8.754132175287356,0
Ventura,2018,10,8.754132175287356,18.217391,3.911421832024108,0,348,11.709836054285717,13.68295498915989,11.665811255061579,0.0,-0.8660254037844386,0.5000000000000001,9.110976442896936,0
Ventura,2018,11,9.110976442896936,41.5,6.749017325489477,4,359,8.754132175287356,11.709836054285717,11.382307739577653,0.0,-0.5000000000000004,0.8660254037844384,5.837895635097493,0
Ventura,2018,12,5.837895635097493,22.125,3.604226045090007,0,359,9.110976442896936,8.754132175287356,9.858314890823335,4.0,-2.4492935982947064e-16,1.0,5.788952051204819,0
Ventura,2019,1,5.788952051204819,24.5,4.543332237007122,0,332,5.837895635097493,9.110976442896936,7.901001417760594,0.0,0.49999999999999994,0.8660254037844387,3.795137039393939,0
Ventura,2019,2,3.795137039393939,10.083333,1.9057630932360696,0,330,5.788952051204819,5.837895635097493,6.912608043066414,0.0,0.8660254037844386,0.5000000000000001,4.149887153846153,0
Ventura,2019,3,4.149887153846153,12.083333,2.3644454611386534,0,364,3.795137039393939,5.788952051204819,5.140661575232082,0.0,1.0,6.123233995736766e-17,6.559157602777778,0
Ventura,2019,4,6.559157602777778,17.708333,3.3902187783934083,0,360,4.149887153846153,3.795137039393939,4.577992081481635,0.0,0.8660254037844387,-0.49999999999999983,6.729875717741935,0
Ventura,2019,5,6.729875717741935,16.041667,3.4687793774452356,0,372,6.559157602777778,4.149887153846153,4.834727265339288,0.0,0.49999999999999994,-0.8660254037844387,8.320455089136491,0
Ventura,2019,6,8.320455089136491,17.041667,3.186543940516614,0,359,6.729875717741935,6.559157602777778,5.8129734914552875,0.0,1.2246467991473532e-16,-1.0,10.335376293010754,0
Ventura,2019,7,10.335376293010754,19.75,3.00327638994102,0,372,8.320455089136491,6.729875717741935,7.203162803218734,0.0,-0.4999999999999998,-0.8660254037844388,8.090359518817205,0
Ventura,2019,8,8.090359518817205,13.75,2.3361197757925938,0,372,10.335376293010754,8.320455089136491,8.461902366629724,0.0,-0.8660254037844384,-0.5000000000000004,7.730334901734103,0
Ventura,2019,9,7.730334901734103,13.625,2.8014091645590433,0,346,8.090359518817205,10.335376293010754,8.915396966988148,0.0,-1.0,-1.8369701987210297e-16,6.490188641666667,0
Ventura,2019,10,6.490188641666667,14.625,3.7478587623396984,0,360,7.730334901734103,8.090359518817205,8.71869023785402,0.0,-0.8660254037844386,0.5000000000000001,7.349669061452514,0
Ventura,2019,11,7.349669061452514,25.5,4.46156979779462,0,358,6.490188641666667,7.730334901734103,7.436961020739324,0.0,-0.5000000000000004,0.8660254037844384,4.203887944444444,0
Ventura,2019,12,4.203887944444444,15.916667,2.829296131475318,0,360,7.349669061452514,6.490188641666667,7.190064201617759,0.0,-2.4492935982947064e-16,1.0,4.100803431034483,0
Ventura,2020,1,4.100803431034483,14.958333,3.3022288392876975,0,348,4.203887944444444,7.349669061452514,6.014581882521206,0.0,0.49999999999999994,0.8660254037844387,5.44624250882353,0
Ventura,2020,2,5.44624250882353,16.25,3.615783458153856,0,340,4.100803431034483,4.203887944444444,5.218120145643812,0.0,0.8660254037844386,0.5000000000000001,2.8784739783783784,0
Ventura,2020,3,2.8784739783783784,10.75,2.334897799341335,0,370,5.44624250882353,4.100803431034483,4.583644628100817,0.0,1.0,6.123233995736766e-17,4.691174797222222,0
Ventura,2020,4,4.691174797222222,10.736842,2.6758314730843864,0,360,2.8784739783783784,5.44624250882353,4.141839972745462,0.0,0.8660254037844387,-0.49999999999999983,6.778998172043011,0
Ventura,2020,5,6.778998172043011,15.25,3.263728439160467,0,372,4.691174797222222,2.8784739783783784,4.338630428141375,0.0,0.49999999999999994,-0.8660254037844387,6.067842447222222,0
Ventura,2020,6,6.067842447222222,13.0,2.4606035983140524,0,360,6.778998172043011,4.691174797222222,4.782882315881202,0.0,1.2246467991473532e-16,-1.0,7.992683069892474,0
Ventura,2020,7,7.992683069892474,21.916667,3.485793340781578,0,372,6.067842447222222,6.778998172043011,5.846005138829149,0.0,-0.4999999999999998,-0.8660254037844388,11.10943154032258,0
Ventura,2020,8,11.10943154032258,35.782609,6.856401826660104,2,372,7.992683069892474,6.067842447222222,6.9465078963859,0.0,-0.8660254037844384,-0.5000000000000004,15.316679752777777,1
Ventura,2020,9,15.316679752777777,58.791667,8.503270784073502,10,360,11.10943154032258,7.992683069892474,8.389985685812423,2.0,-1.0,-1.8369701987210297e-16,14.215185255376344,1
Ventura,2020,10,14.215185255376344,38.333333,8.39622473677915,6,372,15.316679752777777,11.10943154032258,11.472931454330942,10.0,-0.8660254037844386,0.5000000000000001,5.510581797222223,0
Ventura,2020,11,5.510581797222223,17.5,3.5003011973213405,0,360,14.215185255376344,15.316679752777777,13.547098849492231,6.0,-0.5000000000000004,0.8660254037844384,3.926692864130435,0
Yolo,2015,2,6.1000000000000005,11.3,3.8148831349509695,0,4,15.05,,15.05,0.0,0.8660254037844386,0.5000000000000001,4.35,0
Yolo,2015,3,4.35,7.8,2.0403431084011334,0,6,6.1000000000000005,15.05,10.575000000000001,0.0,1.0,6.123233995736766e-17,4.74,0
Yolo,2015,4,4.74,7.1,2.2277791632026727,0,5,4.35,6.1000000000000005,8.5,0.0,0.8660254037844387,-0.49999999999999983,5.96,0
Yolo,2015,5,5.96,7.7,1.4892951352905175,0,5,4.74,4.35,5.0633333333333335,0.0,0.49999999999999994,-0.8660254037844387,6.15,0
Yolo,2015,6,6.15,9.5,2.378374795247096,0,4,5.96,4.74,5.016666666666667,0.0,1.2246467991473532e-16,-1.0,6.6,0
Yolo,2015,7,6.6,9.4,2.4809272460110554,0,5,6.15,5.96,5.616666666666667,0.0,-0.4999999999999998,-0.8660254037844388,7.24,0
Yolo,2015,8,7.24,11.8,3.5267548823245427,0,5,6.6,6.15,6.236666666666667,0.0,-0.8660254037844384,-0.5000000000000004,8.825,0
Yolo,2015,9,8.825,14.3,3.935627861811463,0,4,7.24,6.6,6.663333333333334,0.0,-1.0,-1.8369701987210297e-16,7.183333333333334,0
Yolo,2015,10,7.183333333333334,13.2,3.7058962028997335,0,6,8.825,7.24,7.555,0.0,-0.8660254037844386,0.5000000000000001,11.48,1
Yolo,2015,11,11.48,29.4,11.283040370396623,0,5,7.183333333333334,8.825,7.7494444444444435,0.0,-0.5000000000000004,0.8660254037844384,6.5,0
Yolo,2015,12,6.5,17.3,7.226340706055867,0,4,11.48,7.183333333333334,9.162777777777778,0.0,-2.4492935982947064e-16,1.0,5.3,0
Yolo,2016,1,5.3,9.4,3.204372013359248,0,6,6.5,11.48,8.387777777777778,0.0,0.49999999999999994,0.8660254037844387,7.9,0
Yolo,2016,2,7.9,12.8,4.678318786344799,0,4,5.3,6.5,7.760000000000001,0.0,0.8660254037844386,0.5000000000000001,3.1833333333333336,0
Yolo,2016,3,3.1833333333333336,5.2,1.511842143435176,0,6,7.9,5.3,6.566666666666666,0.0,1.0,6.123233995736766e-17,4.26,0
Yolo,2016,4,4.26,8.9,2.7373344698812385,0,5,3.1833333333333336,7.9,5.461111111111111,0.0,0.8660254037844387,-0.49999999999999983,5.8,0
Yolo,2016,5,5.8,7.2,1.5604486534327235,0,5,4.26,3.1833333333333336,5.114444444444445,0.0,0.49999999999999994,-0.8660254037844387,6.0200000000000005,0
Yolo,2016,6,6.0200000000000005,10.5,3.4967127419906827,0,5,5.8,4.26,4.414444444444444,0.0,1.2246467991473532e-16,-1.0,6.76,0
Yolo,2016,7,6.76,7.1,0.304959013639538,0,5,6.0200000000000005,5.8,5.359999999999999,0.0,-0.4999999999999998,-0.8660254037844388,7.625,0
Yolo,2016,8,7.625,9.5,1.8300728582946275,0,4,6.76,6.0200000000000005,6.1933333333333325,0.0,-0.8660254037844384,-0.5000000000000004,9.8,0
Yolo,2016,9,9.8,10.9,1.6822603841260722,0,5,7.625,6.76,6.801666666666667,0.0,-1.0,-1.8369701987210297e-16,6.68,0
Yolo,2016,10,6.68,13.3,4.3951109201020175,0,5,9.8,7.625,8.061666666666667,0.0,-0.8660254037844386,0.5000000000000001,6.540000000000001,0
Yolo,2016,11,6.540000000000001,12.3,3.5317134651610687,0,5,6.68,9.8,8.035000000000002,0.0,-0.5000000000000004,0.8660254037844384,7.340000000000001,0
Yolo,2016,12,7.340000000000001,16.4,6.250839943559585,0,5,6.540000000000001,6.68,7.673333333333335,0.0,-2.4492935982947064e-16,1.0,6.133333333333333,0
Yolo,2017,1,6.133333333333333,12.6,3.83023062839128,0,6,7.340000000000001,6.540000000000001,6.853333333333334,0.0,0.49999999999999994,0.8660254037844387,2.325,0
Yolo,2017,2,2.325,3.7,1.129527924990495,0,4,6.133333333333333,7.340000000000001,6.671111111111112,0.0,0.8660254037844386,0.5000000000000001,5.8,0
Yolo,2017,3,5.8,9.1,2.7166155414412247,0,5,2.325,6.133333333333333,5.266111111111111,0.0,1.0,6.123233995736766e-17,3.34,0
Yolo,2017,4,3.34,5.1,1.6471186963907611,0,5,5.8,2.325,4.752777777777777,0.0,0.8660254037844387,-0.49999999999999983,4.66,0
Yolo,2017,5,4.66,7.0,1.6682325976913412,0,5,3.34,5.8,3.8216666666666668,0.0,0.49999999999999994,-0.8660254037844387,7.18,0
Yolo,2017,6,7.18,10.8,3.2698623824252917,0,5,4.66,3.34,4.6000000000000005,0.0,1.2246467991473532e-16,-1.0,9.44,0
Yolo,2017,7,9.44,11.5,2.226656686604381,0,5,7.18,4.66,5.06,0.0,-0.4999999999999998,-0.8660254037844388,11.04,0
Yolo,2017,8,11.04,14.4,3.213720585240727,0,5,9.44,7.18,7.093333333333333,0.0,-0.8660254037844384,-0.5000000000000004,15.14,1
Yolo,2017,9,15.14,40.6,14.817320945434098,1,5,11.04,9.44,9.219999999999999,0.0,-1.0,-1.8369701987210297e-16,20.7,1
Yolo,2017,10,20.7,60.1,22.446491930811817,1,5,15.14,11.04,11.873333333333333,1.0,-0.8660254037844386,0.5000000000000001,3.9,0
Yolo,2017,11,3.9,5.4,1.1313708498984762,0,5,20.7,15.14,15.626666666666665,1.0,-0.5000000000000004,0.8660254037844384,13.5,1
Yolo,2017,12,13.5,27.1,11.242108343189011,0,5,3.9,20.7,13.246666666666668,0.0,-2.4492935982947064e-16,1.0,9.28,0
Yolo,2018,1,9.28,17.4,6.377852303087614,0,5,13.5,3.9,12.700000000000001,0.0,0.49999999999999994,0.8660254037844387,5.640000000000001,0
Yolo,2018,2,5.640000000000001,8.9,2.3136551169091732,0,5,9.28,13.5,8.893333333333333,0.0,0.8660254037844386,0.5000000000000001,3.85,0
Yolo,2018,3,3.85,6.0,1.95021366350801,0,4,5.640000000000001,9.28,9.473333333333334,0.0,1.0,6.123233995736766e-17,6.4,0
Yolo,2018,4,6.4,11.0,2.85657137141714,0,5,3.85,5.640000000000001,6.256666666666667,0.0,0.8660254037844387,-0.49999999999999983,6.56,0
Yolo,2018,5,6.56,10.3,2.6368541863364388,0,5,6.4,3.85,5.296666666666667,0.0,0.49999999999999994,-0.8660254037844387,8.22,0
Yolo,2018,6,8.22,11.0,1.7426990560621765,0,5,6.56,6.4,5.603333333333333,0.0,1.2246467991473532e-16,-1.0,10.3,0
Yolo,2018,7,10.3,16.8,4.239103678845329,0,5,8.22,6.56,7.06,0.0,-0.4999999999999998,-0.8660254037844388,18.64,1
Yolo,2018,8,18.64,33.0,9.152759146836544,0,5,10.3,8.22,8.360000000000001,0.0,-0.8660254037844384,-0.5000000000000004,8.959999999999999,0
Yolo,2018,9,8.959999999999999,13.6,4.099146252575039,0,5,18.64,10.3,12.386666666666668,0.0,-1.0,-1.8369701987210297e-16,8.1,0
Yolo,2018,10,8.1,12.5,3.3756480859236495,0,5,8.959999999999999,18.64,12.633333333333333,0.0,-0.8660254037844386,0.5000000000000001,57.32000000000001,1
Yolo,2018,11,57.32000000000001,165.4,71.1329178369621,2,5,8.1,8.959999999999999,11.9,0.0,-0.5000000000000004,0.8660254037844384,9.72,0
Yolo,2018,12,9.72,20.9,8.035981582855948,0,5,57.32000000000001,8.1,24.793333333333337,2.0,-2.4492935982947064e-16,1.0,15.0,1
Yolo,2019,1,15.0,27.0,10.486181383134664,0,3,9.72,57.32000000000001,25.04666666666667,0.0,0.49999999999999994,0.8660254037844387,2.5,0
Yolo,2019,2,2.5,3.5,1.186029791643813,0,4,15.0,9.72,27.346666666666668,0.0,0.8660254037844386,0.5000000000000001,2.9200000000000004,0
Yolo,2019,3,2.9200000000000004,4.4,1.493987951758648,0,5,2.5,15.0,9.073333333333332,0.0,1.0,6.123233995736766e-17,5.16,0
Yolo,2019,4,5.16,14.3,5.445456821975545,0,5,2.9200000000000004,2.5,6.8066666666666675,0.0,0.8660254037844387,-0.49999999999999983,5.04,0
Yolo,2019,5,5.04,7.3,2.1617122842783676,0,5,5.16,2.9200000000000004,3.526666666666667,0.0,0.49999999999999994,-0.8660254037844387,5.9,0
Yolo,2019,6,5.9,7.0,1.7454703282114727,0,4,5.04,5.16,4.373333333333334,0.0,1.2246467991473532e-16,-1.0,6.7,0
Yolo,2019,7,6.7,7.9,1.3693063937629153,0,5,5.9,5.04,5.366666666666667,0.0,-0.4999999999999998,-0.8660254037844388,9.16,0
Yolo,2019,8,9.16,11.6,1.7271363582531634,0,5,6.7,5.9,5.88,0.0,-0.8660254037844384,-0.5000000000000004,6.24,0
Yolo,2019,9,6.24,12.0,3.2253681960359195,0,5,9.16,6.7,7.253333333333334,0.0,-1.0,-1.8369701987210297e-16,9.68,0
Yolo,2019,10,9.68,15.7,3.597499131341104,0,5,6.24,9.16,7.366666666666667,0.0,-0.8660254037844386,0.5000000000000001,17.975,1
Yolo,2019,11,17.975,27.8,6.989217886621268,0,4,9.68,6.24,8.36,0.0,-0.5000000000000004,0.8660254037844384,11.3,1
Yolo,2019,12,11.3,23.8,11.55811403300729,0,3,17.975,9.68,11.298333333333332,0.0,-2.4492935982947064e-16,1.0,6.166666666666667,0
Yolo,2020,2,6.166666666666667,9.0,4.481443219916251,0,3,11.3,17.975,12.985,0.0,0.8660254037844386,0.5000000000000001,4.26,0
Yolo,2020,3,4.26,9.7,3.373870181260684,0,5,6.166666666666667,11.3,11.813888888888888,0.0,1.0,6.123233995736766e-17,5.05,0
Yolo,2020,4,5.05,7.2,2.7886675432303987,0,4,4.26,6.166666666666667,7.242222222222221,0.0,0.8660254037844387,-0.49999999999999983,6.15,0
Yolo,2020,5,6.15,7.0,1.569500982265807,0,4,5.05,4.26,5.158888888888888,0.0,0.49999999999999994,-0.8660254037844387,5.3,0
Yolo,2020,6,5.3,7.7,2.412467616362964,0,4,6.15,5.05,5.1533333333333315,0.0,1.2246467991473532e-16,-1.0,6.866666666666667,0
Yolo,2020,7,6.866666666666667,11.0,5.220472520120504,0,3,5.3,6.15,5.499999999999999,0.0,-0.4999999999999998,-0.8660254037844388,36.4,1
Yolo,2020,8,36.4,54.1,25.79786812897531,2,3,6.866666666666667,5.3,6.105555555555554,0.0,-0.8660254037844384,-0.5000000000000004,52.125,1
Yolo,2020,9,52.125,134.0,58.45062731342867,2,4,36.4,6.866666666666667,16.188888888888886,2.0,-1.0,-1.8369701987210297e-16,16.759999999999998,1
Yolo,2020,10,16.759999999999998,29.1,10.56399545626559,0,5,52.125,36.4,31.79722222222222,2.0,-0.8660254037844386,0.5000000000000001,15.02,1
Yolo,2020,11,15.02,20.3,4.170971109945501,0,5,16.759999999999998,52.125,35.095,0.0,-0.5000000000000004,0.8660254037844384,10.65,0
