NAME,year,month,avg_pm25,max_pm25,std_pm25,days_above_35,obs_count
Alameda,2015,1,19.21207196370968,38.75,7.841203472122002,8,248
Alameda,2015,2,10.360743771300449,26.708333,5.384689613247045,0,223
Alameda,2015,3,8.980110459227468,20.26087,3.2775808754422004,0,233
Alameda,2015,4,7.926694165919282,16.916667,3.477618567459905,0,223
Alameda,2015,5,7.39500616532258,15.26087,3.1220733818256545,0,248
Alameda,2015,6,9.257430561403508,18.375,3.83373021474969,0,228
Alameda,2015,7,5.991522789473684,16.478261,2.6219779983921545,0,247
Alameda,2015,8,9.99693338271605,44.791667,7.933150199054571,2,243
Alameda,2015,9,7.9411944,15.583333,2.7462315835047866,0,240
Alameda,2015,10,7.80623233467742,14.875,3.2969738458348163,0,248
Alameda,2015,11,8.451312213043478,23.875,4.466136647663343,0,230
Alameda,2015,12,8.238377489878543,21.125,4.053787817355898,0,247
Alameda,2016,1,7.957035359649123,22.375,4.086733980477744,0,228
Alameda,2016,2,9.464466193965517,21.956522,4.372386404652159,0,232
Alameda,2016,3,5.827590286290323,12.375,2.5154680685860535,0,248
Alameda,2016,4,7.090990829166667,16.916667,3.0416217077448118,0,240
Alameda,2016,5,7.895722630081301,19.0,4.033713420083752,0,246
Alameda,2016,6,8.465073433333334,18.26087,3.8988560860851504,0,240
Alameda,2016,7,6.8502323441558435,17.478261,3.642713936365138,0,308
Alameda,2016,8,6.658694235099338,13.608696,2.3871857595192307,0,302
Alameda,2016,9,10.156837110204082,19.666667,2.836533220402797,0,245
Alameda,2016,10,5.508600321192053,10.208333,2.052491305892803,0,302
Alameda,2016,11,7.88770343,16.458333,3.361070323215959,0,300
Alameda,2016,12,9.195122407942238,23.916667,4.576851236511453,0,277
Alameda,2017,1,9.08034599661017,28.291667,6.1931978243176475,0,295
Alameda,2017,2,6.285680423357664,29.043478,4.819758998519576,0,274
Alameda,2017,3,6.697648781758957,15.833333,2.8181656964731148,0,307
Alameda,2017,4,6.78465239261745,15.625,2.9920495366702213,0,298
Alameda,2017,5,8.053697503311257,22.8,4.071632726459768,0,302
Alameda,2017,6,8.220448066666666,20.208333,4.343041750337604,0,300
Alameda,2017,7,9.424833686468647,19.916667,3.7131084777086634,0,303
Alameda,2017,8,10.995213326797385,25.833333,4.319490090230147,0,306
Alameda,2017,9,14.347013166666665,56.083333,12.121316057816255,28,300
Alameda,2017,10,16.198726055194804,70.875,13.272832177650923,24,308
Alameda,2017,11,9.269210580000001,24.208333,4.747799707622812,0,300
Alameda,2017,12,18.01576432686084,44.208333,8.752324395201983,11,309
Alameda,2018,1,14.03310618446602,39.086957,7.785696926208567,6,309
Alameda,2018,2,9.355391356115108,32.833333,5.204251946466151,0,278
Alameda,2018,3,7.716583762987012,18.541667,3.7410404149132477,0,308
Alameda,2018,4,9.13077345480226,19.625,4.080650316281647,0,354
Alameda,2018,5,8.147555862903227,22.521739,4.088336270366858,0,372
Alameda,2018,6,10.487333353932584,28.35,3.708197367544344,0,356
Alameda,2018,7,8.361539460916442,21.208333,3.127067970928178,0,371
Alameda,2018,8,14.326300564864864,48.416667,8.59545613038088,12,370
Alameda,2018,9,11.480326605555554,23.916667,4.785436407237046,0,360
Alameda,2018,10,8.742718505747126,21.291667,4.231213821965403,0,348
Alameda,2018,11,44.02833272413793,172.666667,47.63716527793236,144,348
Alameda,2018,12,8.919109695652173,25.625,5.250099254868993,0,368
Alameda,2019,1,9.089432983870967,29.333333,5.609311274432413,0,372
Alameda,2019,2,4.2776680625,9.875,2.011016583248359,0,336
Alameda,2019,3,5.280086203252033,15.130435,2.7179253339939926,0,369
Alameda,2019,4,7.271800854651163,18.583333,4.413728013292405,0,344
Alameda,2019,5,6.348074232432433,15.5,3.131030680042395,0,370
Alameda,2019,6,8.180202761111111,18.958333,3.6492323690433475,0,360
Alameda,2019,7,7.773801350404312,19.458333,2.9875848684603072,0,371
Alameda,2019,8,6.7756915164835165,19.416667,3.3605761694732474,0,364
Alameda,2019,9,6.27983048502994,13.909091,2.7956539742354147,0,334
Alameda,2019,10,8.711593153424658,28.791667,3.9127082506995587,0,365
Alameda,2019,11,11.461391538888888,26.083333,5.064916842942943,0,360
Alameda,2019,12,6.485112193820225,18.045455,3.2921689591600027,0,356
Alameda,2020,1,7.3567974623655905,23.181818,3.394294041114649,0,372
Alameda,2020,2,8.690519349854227,19.083333,3.8582155247895966,0,343
Alameda,2020,3,5.131800807692308,14.208333,2.957323898961938,0,364
Alameda,2020,4,5.309871283333333,13.26087,2.562190351086395,0,360
Alameda,2020,5,5.88927785326087,15.041667,3.1908514538722357,0,368
Alameda,2020,6,6.815876627777778,18.043478,3.4473083326916987,0,360
Alameda,2020,7,7.6024357388888895,41.125,4.988606875792665,2,360
Alameda,2020,8,16.74372567385445,99.916667,16.102017846706474,36,371
Alameda,2020,9,32.005523815126054,167.708333,38.970137221145436,72,357
Alameda,2020,10,14.731446566395663,103.958333,14.489455100916196,25,369
Alameda,2020,11,9.5610453796034,27.583333,4.738834080659866,0,353
Alameda,2020,12,12.121325407713499,35.25,6.6971745110474625,0,363
Butte,2015,1,23.786956521739132,39.0,7.919039447480419,2,23
Butte,2015,2,8.75925925925926,24.6,5.622705293256514,0,27
Butte,2015,3,5.709677419354839,12.8,2.4218938648242037,0,31
Butte,2015,4,5.1,9.7,2.6267851073127395,0,27
Butte,2015,5,6.338461538461539,10.0,1.9508104824563404,0,26
Butte,2015,6,7.461538461538462,14.6,2.97739173412931,0,26
Butte,2015,7,6.23103448275862,11.0,1.8386919745677637,0,29
Butte,2015,8,9.15925925925926,16.8,4.355037689429712,0,27
Butte,2015,9,8.52962962962963,22.6,4.676604193282428,0,27
Butte,2015,10,7.453333333333333,12.8,2.7167086238914986,0,30
Butte,2015,11,12.733333333333333,25.7,7.039118936507526,0,30
Butte,2015,12,11.148275862068965,22.7,5.395806618480634,0,29
Butte,2016,1,8.246666666666666,26.8,5.9258483072822195,0,30
Butte,2016,2,7.45,18.3,3.8216246302868124,0,28
Butte,2016,3,3.5214285714285714,6.8,1.615975142561191,0,28
Butte,2016,4,4.319999999999999,9.6,2.4569956422848818,0,30
Butte,2016,5,4.469230769230769,9.3,1.8362503600041542,0,26
Butte,2016,6,5.825,16.5,3.0300501157082707,0,28
Butte,2016,7,8.564,20.9,5.130373605628866,0,25
Butte,2016,8,9.555172413793104,14.5,2.5214205473015956,0,29
Butte,2016,9,11.242857142857144,19.8,3.6299605723222057,0,28
Butte,2016,10,5.493333333333334,12.4,2.742001953435423,0,30
Butte,2016,11,8.033333333333333,15.6,3.4128715633161915,0,27
Butte,2016,12,17.99473684210526,37.2,7.399510020130503,1,19
Butte,2017,1,8.748148148148148,30.9,7.691172280877023,0,27
Butte,2017,2,4.7153846153846155,12.3,3.201086354060735,0,26
Butte,2017,3,4.613793103448275,9.6,1.9829134657891352,0,29
Butte,2017,4,3.470833333333333,6.1,1.1536253504822795,0,24
Butte,2017,5,5.47741935483871,9.5,2.260783002622374,0,31
Butte,2017,6,5.765,10.2,2.7187990769920147,0,20
Butte,2017,7,8.0,10.9,1.2459589853215263,0,30
Butte,2017,8,12.75,23.8,3.855875747191263,0,28
Butte,2017,9,15.588461538461539,45.2,10.268021305902202,1,26
Butte,2017,10,7.7,34.9,6.481612789100108,0,24
Butte,2017,11,10.045454545454545,23.9,5.645624287275376,0,22
Butte,2017,12,19.85,35.7,9.03226973422097,1,30
Butte,2018,1,12.203448275862069,24.4,5.786590580114678,0,29
Butte,2018,2,6.9222222222222225,15.1,3.516590714941142,0,27
Butte,2018,3,3.767741935483871,8.5,1.903398206152038,0,31
Butte,2018,4,4.538461538461538,9.2,2.081744830295379,0,26
Butte,2018,5,5.516666666666667,11.7,2.395697772276786,0,30
Butte,2018,6,6.5814814814814815,10.4,2.495694297883863,0,27
Butte,2018,7,11.936666666666667,42.8,9.664384788145252,2,30
Butte,2018,8,26.24516129032258,61.4,15.783680151972952,8,31
Butte,2018,9,11.366666666666667,26.3,6.266293703746196,0,30
Butte,2018,10,7.6466666666666665,15.6,4.339770638570926,0,30
Butte,2018,11,61.736,411.7,106.81527621709046,8,25
Butte,2018,12,12.043333333333333,29.0,6.575171865242099,0,30
Butte,2019,1,12.64074074074074,34.6,9.473455192080305,0,27
Butte,2019,2,4.673076923076923,10.5,2.916238356829934,0,26
Butte,2019,3,4.0344827586206895,8.5,1.6945871520118243,0,29
Butte,2019,4,4.632142857142857,11.6,2.758697165857473,0,28
Butte,2019,5,5.051612903225807,9.2,2.276381773449837,0,31
Butte,2019,6,6.32,10.3,2.6470639146837867,0,20
Butte,2019,7,7.7935011129032254,13.875,2.2094570197417807,0,62
Butte,2019,8,7.1158090000000005,10.416667,1.711580530555457,0,53
Butte,2019,9,3.779594405405405,7.1,2.209242684649632,0,37
Butte,2019,10,5.5572378387096775,16.666667,3.692736221122419,0,62
Butte,2019,11,10.616859933333334,15.75,3.4830875382427187,0,60
Butte,2019,12,11.465024548387095,23.291667,5.556428954275678,0,62
Butte,2020,1,11.81385735483871,23.5,6.557111948402105,0,62
Butte,2020,2,10.032953448275862,22.791667,5.357994403216988,0,58
Butte,2020,3,4.684446737704919,13.227273,2.6530178972940037,0,61
Butte,2020,4,4.163433266666667,7.125,1.5355263048597592,0,60
Butte,2020,5,4.06885725,8.291667,1.7960211591850699,0,56
Butte,2020,6,5.628349283333334,12.958333,3.3334405166733507,0,60
Butte,2020,7,8.35370093220339,13.333333,2.0783349275048977,0,59
Butte,2020,8,32.365408096774196,134.375,35.74896897713587,22,62
Butte,2020,9,60.74346453333333,329.333333,70.71718836232095,32,60
Butte,2020,10,19.136440903225807,76.625,21.56976766806171,10,62
Butte,2020,11,12.744497749999999,34.5,7.232217240662646,0,60
Butte,2020,12,17.158327483870966,39.5,8.283221999006214,2,62
Calaveras,2015,1,11.054230951612903,24.166667,5.283504318803145,0,62
Calaveras,2015,2,6.446933178571428,13.375,3.155801230458333,0,56
Calaveras,2015,3,5.10077085483871,13.833333,2.334723443579391,0,62
Calaveras,2015,4,4.77530795,10.5,1.9672654026031073,0,60
Calaveras,2015,5,5.301034403225806,8.166667,1.3357104886911524,0,62
Calaveras,2015,6,5.3520657499999995,10.583333,2.5315856720772456,0,60
Calaveras,2015,7,4.865356032258064,9.541667,1.6703962351163726,0,62
Calaveras,2015,8,6.969166177419355,18.916667,4.147195473279315,0,62
Calaveras,2015,9,31.221286183333333,270.166667,64.50549722041771,8,60
Calaveras,2015,10,6.3178875,12.086957,1.9356295410679973,0,62
Calaveras,2015,11,8.794725,23.0,4.2333210985188865,0,60
Calaveras,2015,12,8.779710112903226,19.666667,4.28050446893493,0,62
Calaveras,2016,1,7.831206193548387,21.541667,5.058443241622995,0,62
Calaveras,2016,2,9.395272810344828,13.625,2.484939495914853,0,58
Calaveras,2016,3,7.053837774193548,11.083333,2.0528557977680473,0,62
Calaveras,2016,4,5.807530183333333,9.833333,1.8856871349257256,0,60
Calaveras,2016,5,6.484479583333334,10.666667,2.1514464025607447,0,60
Calaveras,2016,6,6.368060466666666,10.375,2.2900862788462977,0,60
Calaveras,2016,7,7.01985529032258,11.916667,2.499610563856484,0,62
Calaveras,2016,8,9.793200714285714,19.583333,3.622106495764709,0,56
Calaveras,2016,9,9.590404549999999,15.416667,2.5937295100941427,0,60
Calaveras,2016,10,5.389760677419355,8.458333,1.6994807508168321,0,62
Calaveras,2016,11,7.929888162790697,18.416667,3.4246143834509932,0,43
Calaveras,2016,12,14.487809694915253,27.625,4.629277670049519,0,59
Calaveras,2017,1,12.085117654545455,17.772727,3.2808989968190074,0,55
Calaveras,2017,2,9.966718589285716,14.272727,2.077687586747385,0,56
Calaveras,2017,6,9.350672857142857,10.913043,1.319799622882129,0,7
Calaveras,2017,7,11.08146404,14.25,1.7387242196098487,0,50
Calaveras,2017,8,14.637695016129033,22.541667,3.0657905099380995,0,62
Calaveras,2017,9,15.647121783333334,39.666667,9.016700420173,6,60
Calaveras,2017,10,15.223448177419355,52.916667,8.701068963501797,2,62
Calaveras,2017,11,12.027273266666667,20.625,2.99140652907896,0,60
Calaveras,2017,12,15.96211429032258,21.958333,2.9025437266514214,0,62
Calaveras,2018,1,13.61163514516129,20.826087,3.3464525025470286,0,62
Calaveras,2018,2,14.073827454545455,19.166667,2.203764516602139,0,55
Calaveras,2018,3,9.354062032258065,13.75,2.115654199460934,0,62
Calaveras,2018,4,10.258283866666666,15.181818,2.182967725183594,0,60
Calaveras,2018,5,11.43011922580645,15.875,1.8186303894568614,0,62
Calaveras,2018,6,12.218713750000001,15.25,1.497998366272871,0,60
Calaveras,2018,7,17.540323112903227,49.958333,10.774269738554425,6,62
Calaveras,2018,8,30.467311161290322,67.75,16.265410821444526,22,62
Calaveras,2018,9,12.913266916666666,24.043478,4.383544003027306,0,60
Calaveras,2018,10,9.909995803921568,14.0,1.8074910267989495,0,51
Calaveras,2018,11,16.52649705,37.333333,9.039120030284622,4,60
Calaveras,2018,12,16.618495822580645,33.791667,5.246344111684029,0,62
Calaveras,2019,1,8.849624782608696,24.875,5.861782844583545,0,46
Calaveras,2019,2,4.252099218181818,10.375,2.542041562055874,0,55
Calaveras,2019,3,4.512349693548388,8.666667,1.8380300676475914,0,62
Calaveras,2019,4,4.843788827586207,8.5,1.9614822615268528,0,58
Calaveras,2019,5,4.93666435483871,8.041667,1.840726432609772,0,62
Calaveras,2019,6,5.135335983333333,7.869565,1.5636587168570166,0,60
Calaveras,2019,7,5.599926661290322,9.708333,1.3635805504623764,0,62
Calaveras,2019,8,5.598909838709678,8.958333,1.4407799298371289,0,62
Calaveras,2019,9,3.6449335499999997,6.125,1.2242819172336918,0,60
Calaveras,2019,10,5.820843789473684,10.75,2.340204710649932,0,57
Calaveras,2019,11,6.89636735,10.291667,1.923634434275521,0,60
Calaveras,2019,12,7.269194409090909,12.791667,3.35529908811546,0,44
Calaveras,2020,1,9.821838467741935,17.833333,3.3572199847272284,0,62
Calaveras,2020,2,10.479668086206896,18.25,3.0875404305543186,0,58
Calaveras,2020,3,5.232000919354839,10.130435,2.2124252662627235,0,62
Calaveras,2020,4,4.752859130434783,7.958333,1.638310372413408,0,46
Calaveras,2020,5,4.380114967741936,7.583333,1.1594571697842757,0,62
Calaveras,2020,6,6.078418813559322,10.5,2.1970584223438663,0,59
Calaveras,2020,7,9.525264048387097,21.043478,2.45127720117492,0,62
Calaveras,2020,8,30.546820935483872,134.291667,38.86052922577444,16,62
Calaveras,2020,9,40.5175924,110.541667,32.63817798260431,24,55
Calaveras,2020,10,13.53770085483871,50.25,11.887525781926225,6,62
Calaveras,2020,11,7.91039902,14.791667,3.5011023659226717,0,50
Calaveras,2020,12,9.564767403225806,16.791667,3.276956131909783,0,62
Colusa,2015,1,8.176492029850747,20.4,4.413856952759804,0,67
Colusa,2015,2,5.6079282,23.3,3.5539574046700593,0,60
Colusa,2015,3,4.328519158730159,9.85,2.030223765339524,0,63
Colusa,2015,4,4.523880184615384,9.4,1.9545802864144106,0,65
Colusa,2015,5,6.2274240625,10.608696,1.9017136743479206,0,64
Colusa,2015,6,10.269780296875,18.0,2.9161113789329636,0,64
Colusa,2015,7,8.79534946551724,24.608696,3.854090145457963,0,58
Colusa,2015,8,14.96998077419355,132.5,20.63534210855898,9,62
Colusa,2015,9,4.6939538125,10.4,2.0966872799180307,0,48
Colusa,2015,10,7.291665018181819,16.0,3.4690131329976657,0,55
Colusa,2015,11,4.8030156153846155,23.6,3.5792787720070427,0,65
Colusa,2015,12,5.120438343283582,24.3,3.976178255066447,0,67
Colusa,2016,1,2.361529488888889,8.6,2.12393772662099,0,45
Colusa,2016,2,3.240651596774194,13.0,2.6338554422890015,0,62
Colusa,2016,3,1.7465013939393939,6.818182,1.8340126498185916,0,66
Colusa,2016,4,3.7996635076923075,7.5,1.942438660639894,0,65
Colusa,2016,5,2.9901206181818183,8.6,2.33143813901627,0,55
Colusa,2016,6,4.580345630769231,11.708333,2.5556980380597136,0,65
Colusa,2016,7,6.583621402985075,16.608696,2.909978934913921,0,67
Colusa,2016,8,8.487491646153845,14.8,2.699880968246976,0,65
Colusa,2016,9,9.401532907692308,31.0,6.050573899665854,0,65
Colusa,2016,10,3.196060223880597,9.217391,2.4934802150427853,0,67
Colusa,2016,11,4.220884799999999,10.541667,2.706883330595171,0,65
Colusa,2016,12,5.327388268656716,18.0,3.599998287486519,0,67
Colusa,2017,1,4.861356838235294,15.636364,3.0240344803670225,0,68
Colusa,2017,2,2.444416627118644,8.347826,2.3221979765875416,0,59
Colusa,2017,3,1.1415853181818183,6.8,2.9339203409456207,0,66
Colusa,2017,4,1.2741912615384614,5.130435,2.233682332951376,0,65
Colusa,2017,5,4.48543653125,10.565217,3.0084641968973633,0,64
Colusa,2017,6,4.181025483870968,50.636364,8.88534843381568,2,62
Colusa,2017,7,2.5341280769230767,10.4,3.123318393165754,0,65
Colusa,2017,8,3.9828932833333335,18.5,5.761795684812446,0,60
Colusa,2017,9,9.083005421875,37.708333,10.528976930896743,3,64
Colusa,2017,10,11.053494924242424,137.208333,24.197886747191255,5,66
Colusa,2017,11,4.758508828125,12.25,2.045446546315184,0,64
Colusa,2017,12,6.8071378125,20.9,5.034241052254373,0,64
Colusa,2018,1,3.1371632575757573,17.4,3.547008943156179,0,66
Colusa,2018,2,1.254571037037037,8.6,3.470141630628934,0,54
Colusa,2018,3,0.5530504032258065,4.863636,2.6957457051342804,0,62
Colusa,2018,4,-1.2217069047619047,8.5,3.085710694768924,0,63
Colusa,2018,5,4.264947061538462,8.791667,2.4965594248110916,0,65
Colusa,2018,6,6.3511036615384615,13.208333,2.973727731077171,0,65
Colusa,2018,7,16.766083328125,64.875,17.818921332588534,10,64
Colusa,2018,8,40.36940297014925,118.25,30.424795572401635,25,67
Colusa,2018,9,12.715641061538461,31.25,6.772178289247229,0,65
Colusa,2018,10,7.599605785714286,16.9,3.3263815369088414,0,56
Colusa,2018,11,22.250536153846156,113.2,26.738884939202862,16,65
Colusa,2018,12,6.426442326923077,15.8,2.997812231786856,0,52
Colusa,2019,1,6.790606365079365,26.5,4.5205046167319285,0,63
Colusa,2019,2,5.7006250000000005,10.0,2.0529028747895333,0,40
Colusa,2019,3,4.941279555555556,8.545455,1.569096394045474,0,63
Colusa,2019,4,3.3243589692307696,11.375,2.6156493681551742,0,65
Colusa,2019,5,4.574066940298508,7.8,1.8288924276730396,0,67
Colusa,2019,6,5.226004650793651,9.166667,1.8533826231467676,0,63
Colusa,2019,7,8.327163104477613,17.75,2.672947247164387,0,67
Colusa,2019,8,8.306746047619049,13.2,1.98726953901874,0,63
Colusa,2019,9,6.195820827586207,13.0,2.3818276154351987,0,58
Colusa,2019,10,6.419099465517242,15.7,3.03611207256925,0,58
Colusa,2019,11,8.904469590163934,19.6,4.5005996974806575,0,61
Colusa,2019,12,6.569115,24.2,4.780368570063879,0,36
Colusa,2020,1,7.76,22.2,8.124838459932603,0,5
Colusa,2020,2,8.2,18.6,7.413838412050805,0,5
Colusa,2020,3,5.7863636666666665,9.5,3.2656375453379187,0,6
Colusa,2020,4,3.411495384615385,6.4,1.5773909531972163,0,13
Colusa,2020,5,4.64,7.6,1.9907285098676815,0,5
Colusa,2020,6,5.375,10.5,3.672760088362248,0,4
Colusa,2020,7,8.64,12.2,2.438852189043034,0,5
Colusa,2020,8,33.93427001818182,95.541667,31.86648582779878,24,55
Colusa,2020,9,46.66462974,119.0,34.858287963458224,29,50
Colusa,2020,10,20.776987257575758,104.916667,27.135808583263255,10,66
Colusa,2020,11,7.586683519230769,22.7,4.854965713351751,0,52
Colusa,2020,12,11.061594974358973,23.25,5.933609503238171,0,39
Contra Costa,2015,1,19.10655681451613,33.26087,7.178523390643077,0,124
Contra Costa,2015,2,10.30289170909091,26.217391,5.749812971335158,0,110
Contra Costa,2015,3,6.822707362831858,18.222222,2.8801776392602165,0,113
Contra Costa,2015,4,6.243777137931034,14.583333,3.12414995596774,0,116
Contra Costa,2015,5,5.439841974358974,12.291667,4.110194870124448,0,117
Contra Costa,2015,6,9.128776742857143,18.0,3.8566963459377077,0,105
Contra Costa,2015,7,6.136051008130082,17.529412,2.622137019449137,0,123
Contra Costa,2015,8,10.311871766129032,30.833333,7.21735371732547,0,124
Contra Costa,2015,9,7.350800008849557,13.5,2.1414531540919897,0,113
Contra Costa,2015,10,7.527083330645161,14.541667,2.9037524415501434,0,124
Contra Costa,2015,11,8.129515781818181,19.375,4.030508208128268,0,110
Contra Costa,2015,12,9.368493848214285,17.916667,3.7245356759465005,0,112
Contra Costa,2016,1,7.9219722288135594,18.833333,3.936486842381589,0,118
Contra Costa,2016,2,7.6178479351851855,16.333333,3.690698154601802,0,108
Contra Costa,2016,3,4.869996870967742,10.625,2.1041353631186737,0,124
Contra Costa,2016,4,6.369370066666666,13.217391,2.705195365440908,0,120
Contra Costa,2016,5,6.911342943548387,19.5,4.395479841792159,0,124
Contra Costa,2016,6,6.262572466666667,18.0,4.204016103254032,0,120
Contra Costa,2016,7,5.037985040322581,16.25,3.6236103800234827,0,124
Contra Costa,2016,8,4.395399423076923,10.625,2.5365235612743815,0,104
Contra Costa,2016,9,10.032202049382716,17.291667,3.089246269342633,0,81
Contra Costa,2016,10,7.004362923076923,11.75,1.818755525506939,0,117
Contra Costa,2016,11,8.671278316666667,17.625,2.948552989613538,0,120
Contra Costa,2016,12,10.56180081147541,20.791667,3.818548823920103,0,122
Contra Costa,2017,1,10.162897387096775,27.333333,6.048471891763933,0,124
Contra Costa,2017,2,7.992293330357143,30.583333,4.626105388859889,0,112
Contra Costa,2017,3,7.224128272727272,15.25,1.933637694619707,0,121
Contra Costa,2017,4,7.954597570175438,14.833333,2.3505275370392047,0,114
Contra Costa,2017,5,9.176446790322581,19.25,3.041568602506427,0,124
Contra Costa,2017,6,9.720080966666666,17.875,3.795990547259641,0,120
Contra Costa,2017,7,10.17356672580645,17.041667,2.932603221615728,0,124
Contra Costa,2017,8,13.264126169354839,25.708333,3.8760885119233546,0,124
Contra Costa,2017,9,14.463673674999999,49.291667,10.360386378169796,10,120
Contra Costa,2017,10,19.324329166666665,89.416667,18.527915491032804,16,120
Contra Costa,2017,11,9.898970116666668,25.0,3.950350140999273,0,120
Contra Costa,2017,12,17.686211401639344,42.625,8.067149286230203,4,122
Contra Costa,2018,1,14.691634290322579,53.375,9.971127658824692,6,124
Contra Costa,2018,2,9.685399303571428,26.375,4.3457644815437115,0,112
Contra Costa,2018,3,8.149778245614035,13.75,2.659259415957935,0,114
Contra Costa,2018,4,10.071810521008404,19.083333,3.247128817480223,0,119
Contra Costa,2018,5,9.237188163934427,20.958333,3.5564052634989727,0,122
Contra Costa,2018,6,13.054005035714285,17.681818,3.2000328659636184,0,112
Contra Costa,2018,7,10.62620966935484,17.958333,3.5627368895447598,0,124
Contra Costa,2018,8,14.419799887931035,41.791667,7.981840716692811,4,116
Contra Costa,2018,9,9.795373549999999,18.416667,4.160407976038223,0,120
Contra Costa,2018,10,7.453556298387097,23.5,4.128912694863968,0,124
Contra Costa,2018,11,41.791011931623935,195.416667,49.70420702258773,47,117
Contra Costa,2018,12,9.139146870967743,26.0,5.272809466023528,0,124
Contra Costa,2019,1,8.989619798387096,28.291667,5.7542356056529425,0,124
Contra Costa,2019,2,3.919879850877193,11.0,2.414010147996762,0,114
Contra Costa,2019,3,4.057384323308271,10.454545,2.2874412388319416,0,133
Contra Costa,2019,4,7.3072346015625,15.166667,4.008234600599643,0,128
Contra Costa,2019,5,6.568994907692308,13.291667,2.5689490209685357,0,130
Contra Costa,2019,6,8.367922884615385,17.208333,3.187150069337291,0,130
Contra Costa,2019,7,8.087955888059701,13.521739,2.3979733354374932,0,134
Contra Costa,2019,8,7.037018253846154,15.375,2.7613753406761123,0,130
Contra Costa,2019,9,6.018756620967742,10.875,1.9628074664942936,0,124
Contra Costa,2019,10,8.294490059701491,35.958333,5.2114182501428115,2,134
Contra Costa,2019,11,10.270616661538462,17.416667,3.752704770069769,0,130
Contra Costa,2019,12,7.882989390243902,25.5,3.7803830278640165,0,123
Contra Costa,2020,1,7.56230926119403,18.333333,3.242695137477346,0,134
Contra Costa,2020,2,8.336600105691057,17.0,3.479528318038476,0,123
Contra Costa,2020,3,6.230256045045045,16.541667,2.8489712364484334,0,111
Contra Costa,2020,4,6.179984896825396,14.416667,2.5310733001810872,0,126
Contra Costa,2020,5,6.850699748091603,15.958333,3.2308749005695288,0,131
Contra Costa,2020,6,6.8045234959349585,16.291667,3.235810243579659,0,123
Contra Costa,2020,7,8.170657431818181,22.875,3.8831441257170596,0,132
Contra Costa,2020,8,17.047111772727273,80.916667,16.589948598048124,16,132
Contra Costa,2020,9,31.184548682170544,145.5,35.44805764033551,29,129
Contra Costa,2020,10,15.060872353846152,96.333333,14.671386443160666,9,130
Contra Costa,2020,11,8.12326469047619,21.375,3.680502933556301,0,126
Contra Costa,2020,12,10.535172436090226,24.291667,5.368640686622301,0,133
Del Norte,2016,10,4.997444822580645,7.5625,1.705321617403308,0,62
Del Norte,2016,11,5.74849335,11.641667,2.4766250158769947,0,60
Del Norte,2016,12,9.284377779661016,18.8375,3.209051977694202,0,59
Del Norte,2017,1,8.885426677419353,15.575,3.1274167337658114,0,62
Del Norte,2017,2,5.7478422857142855,10.854167,2.4632936642607426,0,56
Del Norte,2017,3,4.184139790322581,9.4625,1.743876182391325,0,62
Del Norte,2017,4,4.6525019,10.190909,2.0490586472158476,0,40
Del Norte,2017,5,2.787911606060606,5.7125,1.344571931794673,0,33
Del Norte,2017,6,2.8080645483870965,5.420833,1.6742006583503033,0,31
Del Norte,2017,7,2.8520135409836067,5.5,1.1805580349907352,0,61
Del Norte,2017,8,5.041627573770492,24.269565,4.202343988869242,0,61
Del Norte,2017,9,21.459166666666665,35.89,12.497544842221346,1,3
Del Norte,2017,10,12.4616668,16.004167,1.8590940491463732,0,15
Del Norte,2017,11,7.5083174,17.345833,3.0520682229924923,0,60
Del Norte,2017,12,10.217831548387096,33.479167,7.379634120239679,0,62
Del Norte,2018,1,10.046303790322579,24.483333,4.84987313614954,0,62
Del Norte,2018,2,8.85193850909091,17.654167,3.4802858419962184,0,55
Del Norte,2018,3,5.307603693548388,11.058333,2.420395185804268,0,62
Del Norte,2018,4,7.139361039215687,14.225,3.2746138845622514,0,51
Fresno,2015,1,31.787534610344828,80.75,16.51205438838737,90,290
Fresno,2015,2,16.66162182845188,41.0,9.212138066149251,8,239
Fresno,2015,3,8.93676517301038,21.458333,3.7615381731629127,0,289
Fresno,2015,4,7.757660342657342,15.275,3.1230435755723005,0,286
Fresno,2015,5,7.654561345724907,12.291667,1.7968554100321605,0,269
Fresno,2015,6,9.275332641638226,20.583333,3.4838931332440533,0,293
Fresno,2015,7,9.27173796013289,20.791667,3.6553431354355457,0,301
Fresno,2015,8,11.390170661016949,32.041667,5.259087764291351,0,295
Fresno,2015,9,11.928712216783218,34.291667,6.091406665191362,0,286
Fresno,2015,10,11.631626614285713,24.708333,4.564275650487492,0,280
Fresno,2015,11,18.381236653846155,43.0,9.723128874261405,14,260
Fresno,2015,12,18.11371765333333,42.4,10.095431432689885,15,300
Fresno,2016,1,15.694038655405405,48.6,10.786918949281821,22,296
Fresno,2016,2,16.564293961651916,45.208333,10.130122667474602,20,339
Fresno,2016,3,7.996194391812865,27.125,5.291833358134932,0,342
Fresno,2016,4,7.1253637993421055,25.630769,4.035822235742756,0,304
Fresno,2016,5,6.174191290030211,12.634783,3.0360570856244644,0,331
Fresno,2016,6,6.943155492917847,14.133333,2.8257226246055036,0,353
Fresno,2016,7,8.78364983898305,24.0,4.615213499356859,0,354
Fresno,2016,8,12.137916692982456,33.708333,4.586203608523989,0,342
Fresno,2016,9,11.077147908554572,30.565217,4.431949732066721,0,339
Fresno,2016,10,8.182425533527697,23.620833,4.785920829085248,0,343
Fresno,2016,11,16.976166559077807,50.620833,11.298633613614113,18,347
Fresno,2016,12,19.128479606060605,53.8375,13.4415640296295,45,363
Fresno,2017,1,8.586130034267912,40.086957,8.780116843185095,7,321
Fresno,2017,2,6.751959384615385,34.9,6.758469998418767,0,325
Fresno,2017,3,8.609963614649681,24.285714,5.221235407705134,0,314
Fresno,2017,4,6.047947727536233,18.554167,3.1225433264559492,0,345
Fresno,2017,5,7.738429321329639,19.041667,3.241854489740875,0,361
Fresno,2017,6,7.309480505813954,18.166667,3.451886626016758,0,344
Fresno,2017,7,9.711048983333333,22.0,2.9693686866219706,0,360
Fresno,2017,8,13.61029168888889,22.434783,3.784480980472838,0,360
Fresno,2017,9,12.561522403508773,38.75,7.812897415108899,4,342
Fresno,2017,10,15.391167806094185,45.125,8.251828833189334,9,361
Fresno,2017,11,14.75673044,54.3,11.474920106387737,21,350
Fresno,2017,12,35.940222548476456,88.3,19.92591971911263,169,361
Fresno,2018,1,21.590027666666668,96.908333,18.43338348419068,47,354
Fresno,2018,2,15.590986888888889,59.7,13.200946975055004,32,324
Fresno,2018,3,5.543169709039549,14.691304,3.3007093025680483,0,354
Fresno,2018,4,6.435722565217392,15.129167,3.000911848236363,0,345
Fresno,2018,5,6.616497103641456,13.3,2.5038052931630146,0,357
Fresno,2018,6,7.98246072189349,18.208333,2.4768027370099865,0,338
Fresno,2018,7,13.626819142045456,49.769565,9.851742893419965,23,352
Fresno,2018,8,23.668577060773483,63.8,13.99083777572299,84,362
Fresno,2018,9,10.656624175438596,25.695833,4.998357188541165,0,342
Fresno,2018,10,9.991755825842697,26.1375,4.681846815681738,0,356
Fresno,2018,11,25.34182795601173,94.583333,21.09031669582962,84,341
Fresno,2018,12,17.23988558806818,57.8,9.31474596468033,11,352
Fresno,2019,1,15.055769454277288,51.3,11.755457569406822,25,339
Fresno,2019,2,6.168430533950617,23.5,4.964690824848943,0,324
Fresno,2019,3,5.313953305555556,12.885714,2.936422465069236,0,360
Fresno,2019,4,6.353496232258065,15.266667,3.296884400715858,0,310
Fresno,2019,5,6.105872281879194,14.5,2.912858222530024,0,298
Fresno,2019,6,7.7966083656250005,16.4625,3.101727191248886,0,320
Fresno,2019,7,8.691672937313433,36.029167,4.2257293844182,4,335
Fresno,2019,8,8.575246008426966,15.84375,2.229751125308064,0,356
Fresno,2019,9,6.836599355987055,14.7,3.0780837793904943,0,309
Fresno,2019,10,10.971938396666665,27.0,5.728500152854687,0,300
Fresno,2019,11,16.664440386861315,37.6,9.59583257585587,2,274
Fresno,2019,12,10.482136118421053,40.1,8.159628334022585,6,304
Fresno,2020,1,14.740336009546539,47.333333,8.073286725274395,10,419
Fresno,2020,2,13.234275621134021,31.0,6.439719451410487,0,388
Fresno,2020,3,5.218109014669927,20.416667,4.04996082573235,0,409
Fresno,2020,4,5.5596107493670885,17.370833,3.5214285944564363,0,395
Fresno,2020,5,5.419488376847291,17.6,3.3508180393669416,0,406
Fresno,2020,6,6.853749856079404,14.8,3.416203595227245,0,403
Fresno,2020,7,9.648332140811457,37.0,3.8324818087296633,1,419
Fresno,2020,8,31.737834603286387,153.541667,36.917571323654805,103,426
Fresno,2020,9,48.06437482238443,248.0,41.39356230457224,192,411
Fresno,2020,10,31.19921699529412,131.666667,23.464297699288956,122,425
Fresno,2020,11,20.40513213022113,61.791667,13.754048222650997,59,407
Fresno,2020,12,21.746725930107527,47.857143,11.54015051296033,47,372
Humboldt,2015,1,11.892116719512195,30.533333,6.165698174160154,0,82
Humboldt,2015,2,7.421396364864864,16.095833,3.8026110044520243,0,74
Humboldt,2015,3,6.35589530120482,18.943478,3.5628055898239253,0,83
Humboldt,2015,4,5.486238915254237,12.7,2.527019211835156,0,59
Humboldt,2015,5,4.75,8.6,1.690892559288976,0,18
Humboldt,2015,6,5.95,13.1,3.4483405620064485,0,20
Humboldt,2015,7,4.9,12.0,2.7958616033815336,0,20
Humboldt,2015,8,4.6499999999999995,10.9,2.7503679407533475,0,22
Humboldt,2015,9,4.125,8.0,1.3859729624460857,0,20
Humboldt,2015,10,4.575,9.2,2.122777475508518,0,20
Humboldt,2015,11,6.5600000000000005,18.6,5.412597391855022,0,20
Humboldt,2015,12,4.3149999999999995,13.5,3.6285817150999775,0,20
Humboldt,2016,1,4.095454545454545,16.4,3.869228700391169,0,22
Humboldt,2016,2,5.4,13.8,2.8576008036360103,0,18
Humboldt,2016,3,4.659090909090909,8.7,2.1205702492061373,0,22
Humboldt,2016,4,5.275,11.0,2.4065189243663414,0,16
Humboldt,2016,5,5.75,12.9,3.0389575775082376,0,20
Humboldt,2016,6,3.9157894736842107,7.0,1.5571566530395275,0,19
Humboldt,2016,7,4.6947368421052635,9.2,2.1968345115973187,0,19
Humboldt,2016,8,3.6090909090909093,9.0,2.1747269321542944,0,22
Humboldt,2016,9,5.1899999999999995,10.4,2.5279282135044063,0,20
Humboldt,2016,10,2.626315789473684,5.2,1.3080273974633023,0,19
Humboldt,2016,11,5.216666666666667,14.6,3.8701345165860306,0,18
Humboldt,2016,12,6.9799999999999995,20.0,6.455320123335235,0,20
Humboldt,2017,1,6.881818181818182,21.2,6.196284321586558,0,22
Humboldt,2017,2,3.85,9.8,2.4666871416021645,0,12
Humboldt,2017,3,4.427272727272728,9.8,2.2755618686781114,0,11
Humboldt,2017,4,4.411111111111111,8.8,2.0866209354131806,0,18
Humboldt,2017,5,5.0227272727272725,12.5,3.4768529582808783,0,22
Humboldt,2017,6,5.01,15.9,3.5980842856047426,0,20
Humboldt,2017,7,5.625,14.6,3.187289724746353,0,20
Humboldt,2017,8,8.120000000000001,20.8,5.450504563799575,0,20
Humboldt,2017,9,12.078947368421053,52.0,14.506419228410895,2,19
Humboldt,2017,10,9.585714285714285,30.5,7.810460019376945,0,21
Humboldt,2017,11,4.2625,8.2,1.8126046767802717,0,8
Humboldt,2017,12,10.294736842105262,25.7,7.127059054072298,0,19
Humboldt,2018,1,5.165,13.2,4.120203750710446,0,20
Humboldt,2018,2,6.285,11.6,2.652362402800468,0,20
Humboldt,2018,3,3.55,9.0,2.3143715754981273,0,20
Humboldt,2018,4,6.615384615384615,13.6,3.3288752239172705,0,13
Humboldt,2018,5,5.64,12.2,3.2042333109670884,0,10
Humboldt,2018,6,5.3,10.5,2.296857756926962,0,10
Humboldt,2018,7,5.045454545454546,9.9,2.615478402267408,0,11
Humboldt,2018,8,7.51111111111111,12.3,3.7327752559069385,0,9
Humboldt,2018,9,6.2700000000000005,10.5,3.028402585889502,0,10
Humboldt,2018,10,7.45,12.2,2.011770916934187,0,10
Humboldt,2018,11,17.21,39.6,14.138242072085514,2,10
Humboldt,2018,12,11.145454545454545,14.9,3.0140881328732365,0,11
Humboldt,2019,1,8.36,18.3,5.541199228406149,0,10
Humboldt,2019,2,5.26,9.1,2.9929918142220164,0,5
Humboldt,2019,3,5.84,9.3,2.199090721184554,0,10
Humboldt,2019,4,5.611111111111111,13.3,4.03963007107224,0,9
Humboldt,2019,5,4.91,8.4,2.6417376436311346,0,10
Humboldt,2019,6,6.575,9.9,2.3968729628413765,0,8
Humboldt,2019,7,5.1000000000000005,9.4,2.3588132609428833,0,6
Humboldt,2019,8,6.090909090909091,11.5,2.8469122028803575,0,11
Humboldt,2019,9,4.819999999999999,8.9,2.0492817169817226,0,10
Humboldt,2019,10,9.287500000000001,17.6,3.8409215784012796,0,8
Humboldt,2019,11,11.129999999999999,18.7,4.876713374121278,0,10
Humboldt,2019,12,7.44,13.7,3.9112941876343466,0,10
Humboldt,2020,1,9.009090909090908,18.3,4.528455486245734,0,11
Humboldt,2020,2,9.277777777777779,12.7,3.291571728588707,0,9
Humboldt,2020,3,7.25,10.1,4.030508652763321,0,2
Humboldt,2020,4,8.260000000000002,13.3,3.085935838607148,0,5
Humboldt,2020,5,4.7,7.3,1.9413626371414712,0,10
Humboldt,2020,6,6.2700000000000005,10.3,2.8833044314543765,0,10
Humboldt,2020,7,5.0600000000000005,12.2,3.362935225860488,0,10
Humboldt,2020,8,5.68,9.5,3.1371607829019186,0,10
Humboldt,2020,9,21.48,97.0,28.975729307282137,2,10
Humboldt,2020,10,9.51,19.5,4.3841760913539956,0,10
Humboldt,2020,11,9.86,18.0,4.668618639383602,0,10
Humboldt,2020,12,16.1,36.6,8.015263217414912,1,10
Imperial,2015,1,18.441363325581396,102.791667,18.33695778272589,18,172
Imperial,2015,2,15.598953929936306,37.875,8.833778047847456,6,157
Imperial,2015,3,9.604969553571427,26.444444,5.011079275418287,0,168
Imperial,2015,4,11.066203585798817,28.0,4.523747280315511,0,169
Imperial,2015,5,10.175407101123595,26.208333,4.2765787080971895,0,178
Imperial,2015,6,12.91001125925926,24.958333,4.575397378828813,0,162
Imperial,2015,7,9.701728841463414,17.695652,3.6794575535178367,0,164
Imperial,2015,8,10.606205378531074,18.7,3.003646589708507,0,177
Imperial,2015,9,9.267558697674419,20.416667,3.8301689553522698,0,172
Imperial,2015,10,8.749769420454545,20.083333,4.262289605000681,0,176
Imperial,2015,11,12.639421116279069,33.083333,8.147557885626204,0,172
Imperial,2015,12,15.37090856302521,48.217391,11.882777200219518,11,119
Imperial,2016,1,12.57037037037037,45.3,8.669631004087202,2,54
Imperial,2016,2,8.302272727272728,30.8,6.514973402518075,0,44
Imperial,2016,3,8.677999999999999,26.3,4.878494665783864,0,50
Imperial,2016,4,10.409803921568628,31.7,6.051157076194959,0,51
Imperial,2016,5,10.129411764705884,32.3,6.192650292650056,0,51
Imperial,2016,6,14.768627450980393,28.4,4.567821808962273,0,51
Imperial,2016,7,13.733962264150943,31.3,4.722122379585199,0,53
Imperial,2016,8,11.833928571428572,25.8,4.110398201710313,0,56
Imperial,2016,9,10.825490196078432,57.9,8.91481560408862,2,51
Imperial,2016,10,10.785106382978723,27.9,5.3025825833884035,0,47
Imperial,2016,11,11.169811320754716,34.8,6.9654527961951755,0,53
Imperial,2016,12,15.803703703703704,39.5,9.758962266262005,2,54
Imperial,2017,1,8.109803921568627,30.7,5.8997713481781915,0,51
Imperial,2017,2,8.242222222222223,29.6,5.45733405148475,0,45
Imperial,2017,3,7.833962264150943,21.3,3.767367137988382,0,53
Imperial,2017,4,7.678846153846154,16.5,2.684255951857602,0,52
Imperial,2017,5,9.211320754716981,28.2,5.097611068596382,0,53
Imperial,2017,6,12.852,26.5,5.268436626722952,0,50
Imperial,2017,7,12.656862745098039,27.6,3.9192986567476997,0,51
Imperial,2017,8,10.236363636363636,25.1,3.799148675083817,0,44
Imperial,2017,9,8.916666666666666,19.7,3.5485887715405333,0,48
Imperial,2017,10,12.234545454545454,29.8,6.093111416510182,0,55
Imperial,2017,11,11.017021276595743,21.9,5.521433302769197,0,47
Imperial,2017,12,18.393877551020406,49.1,12.842725050965386,6,49
Imperial,2018,1,13.628,90.6,13.042677826963263,2,50
Imperial,2018,2,12.085106382978724,39.2,8.38850089533555,2,47
Imperial,2018,3,6.305660377358491,19.9,3.8769741916136504,0,53
Imperial,2018,4,12.944230769230769,55.1,7.908209025115425,1,52
Imperial,2018,5,12.45,50.1,7.62391747378333,1,52
Imperial,2018,6,13.083333333333334,29.5,5.038166389409532,0,48
Imperial,2018,7,14.839473684210526,47.5,6.753519181665704,1,38
Imperial,2018,8,11.132142857142856,15.5,1.664454881608406,0,28
Imperial,2018,9,9.28918918918919,18.5,2.953038339648748,0,37
Imperial,2018,10,6.452777777777778,19.0,4.061349959319375,0,36
Imperial,2018,11,13.322916666666666,44.9,9.696747416582163,2,48
Imperial,2018,12,12.244000000000002,40.1,8.18774993387022,1,50
Imperial,2019,1,14.004761904761907,53.1,9.4423527550968,1,42
Imperial,2019,2,9.393333333333333,24.7,6.770034241890039,0,45
Imperial,2019,3,6.5120000000000005,17.1,3.448669663649969,0,50
Imperial,2019,4,7.391836734693877,27.0,4.582340956264143,0,49
Imperial,2019,5,7.496078431372549,20.7,3.2414170224957917,0,51
Imperial,2019,6,11.041666666666666,22.3,3.855023433619939,0,48
Imperial,2019,7,12.309803921568626,23.1,3.6651469221279953,0,51
Imperial,2019,8,9.017391304347827,13.5,2.3360274301877055,0,46
Imperial,2019,9,8.628571428571428,14.6,2.8760505327039487,0,49
Imperial,2019,10,10.53921568627451,28.9,5.231561083706184,0,51
Imperial,2019,11,11.016981132075472,28.9,6.7717380977871375,0,53
Imperial,2019,12,9.23076923076923,27.0,5.538157776151245,0,52
Imperial,2020,1,14.339622641509434,40.6,9.23651490266593,2,53
Imperial,2020,2,10.456249999999999,28.7,5.828722214994849,0,48
Imperial,2020,3,5.027272727272727,13.5,2.596468723410669,0,55
Imperial,2020,4,6.040384615384616,17.2,3.195846545641402,0,52
Imperial,2020,5,7.750943396226416,13.7,2.191997915628346,0,53
Imperial,2020,6,10.308,26.8,4.434550802091068,0,50
Imperial,2020,7,9.709433962264152,13.8,2.354232207923505,0,53
Imperial,2020,8,10.894545454545455,28.5,3.9467013034243132,0,55
Imperial,2020,9,14.252941176470587,33.3,5.629257604380046,0,51
Imperial,2020,10,15.911111111111111,31.3,4.6744050844018386,0,54
Imperial,2020,11,11.922916666666666,34.4,6.159001009881092,0,48
Imperial,2020,12,17.533430328571427,46.166667,10.569325110431997,6,70
Inyo,2015,1,4.800184138888889,12.55,2.20839884307505,0,72
Inyo,2015,2,5.83779309375,44.245833,7.8577354748620305,2,64
Inyo,2015,3,5.023384,28.520833,4.928316661269408,0,73
Inyo,2015,4,8.353963069230769,64.029167,8.626383654152171,2,130
Inyo,2015,5,6.368730932835821,17.25,2.8762572239970035,0,134
Inyo,2015,6,7.206022333333333,28.354167,3.4818874387027376,0,129
Inyo,2015,7,6.32684723880597,20.545833,3.2184553359622785,0,134
Inyo,2015,8,15.123366969465648,97.1625,14.670681370996354,6,131
Inyo,2015,9,8.397886061538461,31.083333,5.524924314936241,0,130
Inyo,2015,10,3.592168527559055,20.233333,2.5986554819927608,0,127
Inyo,2015,11,5.561578876923077,130.225,16.253153221509333,2,130
Inyo,2015,12,3.7560353388429752,22.0,2.6411354031483167,0,121
Inyo,2016,1,2.5362013851851852,6.565217,1.4411134301075428,0,135
Inyo,2016,2,3.676566556451613,25.7125,3.788848658253372,0,124
Inyo,2016,3,3.2826545,15.9,2.9528139098585644,0,134
Inyo,2016,4,4.7088869375,39.808333,6.387970408946133,2,128
Inyo,2016,5,4.479181390977444,22.083333,3.294455031300866,0,133
Inyo,2016,6,6.8733277692307695,20.7875,3.7952152208390357,0,130
Inyo,2016,7,7.017924716417911,19.8375,4.379159427994138,0,134
Inyo,2016,8,11.318684192592592,56.8625,8.19251358557295,4,135
Inyo,2016,9,5.987003125984252,24.743478,3.6920317798728726,0,127
Inyo,2016,10,4.541714352,17.279167,2.50273315443132,0,125
Inyo,2016,11,5.22288826984127,40.833333,5.4022971737601955,2,126
Inyo,2016,12,3.820105030075188,14.0,2.1162311399453033,0,133
Inyo,2017,1,2.834000976377953,6.183333,1.2236556854300076,0,127
Inyo,2017,2,2.8728252857142857,16.079167,2.61975546884122,0,119
Inyo,2017,3,7.495762402985075,189.941667,24.048630398679883,4,134
Inyo,2017,4,6.358993248062015,37.229167,6.483874271375262,2,129
Inyo,2017,5,5.021457799999999,11.4125,2.6968837721424705,0,135
Inyo,2017,6,7.089420907563025,16.43913,2.8932836707361282,0,119
Inyo,2017,7,10.432376969465649,50.504167,6.605551513164747,2,131
Inyo,2017,8,8.517543208955223,21.463636,4.017008301069403,0,134
Inyo,2017,9,6.030465441860465,19.729167,3.456769646042743,0,129
Inyo,2017,10,6.726471443877551,48.745833,6.1707284487217375,2,196
Inyo,2017,11,4.744695298969073,61.0375,6.851706038241498,3,194
Inyo,2017,12,4.968447809782608,56.008333,7.512042033815968,4,184
Inyo,2018,1,3.1700380999999997,9.716667,1.6343796363505658,0,200
Inyo,2018,2,4.163206611111112,26.516667,4.8362474715828006,0,180
Inyo,2018,3,2.388168393939394,13.495833,1.7789026334399616,0,198
Inyo,2018,4,5.571555764397906,21.270833,3.544040624161177,0,191
Inyo,2018,5,7.100261274111675,156.0,18.42835751076221,3,197
Inyo,2018,6,7.091144630208333,44.054167,6.498281076988385,4,192
Inyo,2018,7,13.529609303482587,65.3625,12.619236143265118,12,201
Inyo,2018,8,26.095518819095478,247.4875,40.24055103403646,23,199
Inyo,2018,9,4.079878932989691,9.858333,1.7731558033834462,0,194
Inyo,2018,10,3.6361396666666668,15.108333,2.0714560131099304,0,189
Inyo,2018,11,3.8398176994818654,11.55,2.0977337440113852,0,193
Inyo,2018,12,3.2130600346534655,16.7625,2.588225717181962,0,202
Inyo,2019,1,2.587818482587065,19.333333,2.235903767459078,0,201
Inyo,2019,2,2.554488098901099,13.466667,2.2413832361186996,0,182
Inyo,2019,3,3.375351547619048,26.458333,3.6304344106504933,0,168
Inyo,2019,4,4.5083986000000005,63.491667,8.011713174833146,3,195
Inyo,2019,5,4.142351562189055,9.8375,2.2515028159151496,0,201
Inyo,2019,6,5.390712435897435,13.509091,2.3030534999237515,0,195
Inyo,2019,7,5.207493355,9.970833,1.445187096711862,0,200
Inyo,2019,8,5.590354742574257,12.0625,1.6413255410362448,0,202
Inyo,2019,9,5.200568191489362,20.0125,3.0021767865557005,0,188
Inyo,2019,10,8.58236092,98.920833,17.138338801119783,14,200
Inyo,2019,11,4.493690271794872,31.470833,4.076830210813274,0,195
Inyo,2019,12,3.9740087860696516,12.0,2.74873921676674,0,201
Inyo,2020,1,2.6401203645833333,7.208333,1.1714216229414707,0,192
Inyo,2020,2,3.727703713483146,18.558333,2.910179328597473,0,178
Inyo,2020,3,2.5845192060301505,22.866667,2.2966306727107932,0,199
Inyo,2020,4,3.2217505561497326,6.008333,1.3331079700693091,0,187
Inyo,2020,5,4.233824715053763,15.004167,1.8793877913954302,0,186
Inyo,2020,6,5.42455368041237,16.133333,2.92155334265778,0,194
Inyo,2020,7,6.022084841085271,16.55,2.0268634790653812,0,258
Inyo,2020,8,17.18518579204893,66.870833,14.411403331042282,38,327
Inyo,2020,9,70.30850525396826,379.070833,80.240598938052,160,315
Inyo,2020,10,40.15226818412698,311.083333,48.71344415538785,119,315
Inyo,2020,11,9.001453825396824,30.573913,7.8549491168710635,0,315
Inyo,2020,12,10.023276274760383,40.67,10.163144399379405,6,313
Kern,2015,1,19.9302726779661,107.8,24.610857041897702,27,118
Kern,2015,2,11.862995786407767,50.3,13.691627005173343,11,103
Kern,2015,3,7.941087462809917,37.181818,6.703550004851386,2,121
Kern,2015,4,8.676141460176991,42.25,5.475801862906497,2,113
Kern,2015,5,7.1124939666666664,14.0,2.3376791325058686,0,120
Kern,2015,6,7.885268292035398,22.5,3.5009033446039086,0,113
Kern,2015,7,7.1184537500000005,19.8,3.1472737495036447,0,120
Kern,2015,8,10.64977674789916,46.4,6.953572839487897,2,119
Kern,2015,9,8.873303166666666,34.8,6.3712278334594465,0,108
Kern,2015,10,7.536739092592592,20.6,5.243091480124267,0,108
Kern,2015,11,11.538920429824561,61.0,13.760204806590561,6,114
Kern,2015,12,11.758625737864078,62.0,12.933337006861006,7,103
Kern,2016,1,8.594532486725663,54.6,11.69000545571575,4,113
Kern,2016,2,11.06752793069307,48.8,13.029717146448679,9,101
Kern,2016,3,5.603978495145631,29.0,4.102928405617627,0,103
Kern,2016,4,6.869252514018692,21.5,3.538610379906572,0,107
Kern,2016,5,6.940493307017544,14.3,2.8312281360374962,0,114
Kern,2016,6,10.140363837837839,18.8,2.7260803843007397,0,111
Kern,2016,7,11.215632815789474,25.708333,4.43193696014731,0,114
Kern,2016,8,14.908883605042018,25.8,3.6588293353556622,0,119
Kern,2016,9,11.81451163063063,42.2,5.101471962006408,1,111
Kern,2016,10,9.437797444444445,26.8,4.6765747885839195,0,117
Kern,2016,11,15.445464000000001,55.7,12.489378602536114,13,115
Kern,2016,12,14.897732059829059,66.4,14.543400281000153,12,117
Kern,2017,1,8.888002554545455,47.6,9.600845602285187,4,110
Kern,2017,2,5.20259454,26.8,5.577983383048749,0,100
Kern,2017,3,7.283576555555555,33.2,7.410620778576735,0,99
Kern,2017,4,5.399037184210526,12.8,3.154567258321338,0,114
Kern,2017,5,6.127875017094017,18.5,3.685743748059727,0,117
Kern,2017,6,8.31085907017544,16.9,3.9764188462418737,0,114
Kern,2017,7,11.332928124999999,45.7,5.820165961646993,1,112
Kern,2017,8,9.787679914529916,19.8,5.693969622241401,0,117
Kern,2017,9,8.290383403508772,32.7,5.5435049326460035,0,114
Kern,2017,10,12.72049128301887,36.0,8.026314848736332,1,106
Kern,2017,11,10.354532011627906,62.6,10.597861553393145,8,172
Kern,2017,12,18.504725196629213,101.8,23.418163029869163,34,178
Kern,2018,1,14.240983927710841,100.9,20.698753614342042,17,166
Kern,2018,2,10.2542768,62.4,12.695591636723007,10,165
Kern,2018,3,4.788572637426901,28.1,4.329680963118636,0,171
Kern,2018,4,7.619735164705883,14.2,2.585824835020187,0,170
Kern,2018,5,8.28727175141243,15.043478,2.3388062967728285,0,177
Kern,2018,6,10.05962863803681,18.375,2.199350317601841,0,163
Kern,2018,7,14.546140750000001,38.0,6.2680644495363245,1,176
Kern,2018,8,17.966636394117646,49.4,9.41738757246909,12,170
Kern,2018,9,8.980083441558442,27.2,4.146207890203742,0,154
Kern,2018,10,7.011151046052631,23.5,3.776435918971286,0,152
Kern,2018,11,11.629609051282051,96.5,17.4219960124846,13,156
Kern,2018,12,8.566196710059172,53.3,12.746489059387423,10,169
Kern,2019,1,8.086735491428572,83.7,14.297302502032194,13,175
Kern,2019,2,3.9004107826086956,25.9,3.6635689549353248,0,161
Kern,2019,3,5.365869488764045,17.208333,3.8778179563072084,0,178
Kern,2019,4,5.8275741395348835,15.4,3.1812504448198453,0,172
Kern,2019,5,6.386947966101696,13.7,2.987591418481599,0,177
Kern,2019,6,8.21228969767442,15.583333,2.8261831519554623,0,172
Kern,2019,7,9.552747372881356,35.4,3.5320951846893007,0,177
Kern,2019,8,8.569544245810055,16.4,2.5411291114893904,0,179
Kern,2019,9,8.222277286549708,34.125,4.393047768202856,0,171
Kern,2019,10,8.625764754285715,49.3,6.2476675872974266,1,175
Kern,2019,11,10.498612487804877,46.7,11.854441285039101,6,164
Kern,2019,12,5.251873681818181,28.2,6.006547053997416,0,176
Kern,2020,1,7.654980417142856,37.7,9.215833479392707,2,175
Kern,2020,2,7.338594448051947,31.9,7.263875367863346,0,154
Kern,2020,3,3.7304409096385545,16.5,3.1637223165596766,0,166
Kern,2020,4,5.6349705723270445,14.1,2.8904528231887126,0,159
Kern,2020,5,6.275548880952381,15.5,2.7338388755355125,0,168
Kern,2020,6,8.070031643274854,17.3,2.9783295810430626,0,171
Kern,2020,7,10.560127202312138,143.9,14.717234184606676,2,173
Kern,2020,8,21.970717189944136,158.6,25.53691694489213,28,179
Kern,2020,9,31.967974618181817,125.409091,23.232826238209338,37,110
Kern,2020,10,21.031168213017754,81.4,15.664545594945404,25,169
Kern,2020,11,11.716889058479532,50.1,13.146374021142272,13,171
Kern,2020,12,10.833353118644068,48.5,13.23462334025888,18,177
Kings,2015,1,42.23368320689655,99.2,23.97594844184122,27,58
Kings,2015,2,21.706538018867928,59.777778,12.42014021558526,8,53
Kings,2015,3,12.020113357142858,24.416667,5.846926961033442,0,56
Kings,2015,4,9.9434843,18.208333,3.8206503565744385,0,60
Kings,2015,5,8.667403,14.75,2.423169451595697,0,62
Kings,2015,6,9.125072433333333,14.708333,2.970531729694507,0,60
Kings,2015,7,8.696230725806451,20.521739,3.3992028544104813,0,62
Kings,2015,8,11.558456129032258,24.5,5.341224121976314,0,62
Kings,2015,9,13.114655866666668,31.666667,5.7482217197826,0,60
Kings,2015,10,17.499159548387095,33.583333,7.256406363616088,0,62
Kings,2015,11,22.301525583333333,51.0,12.834233183623315,10,60
Kings,2015,12,22.676764838709676,45.416667,11.65005869276289,10,62
Kings,2016,1,18.231031830985916,43.25,11.782982021371549,13,71
Kings,2016,2,24.71828644117647,45.9,10.888834506071538,11,68
Kings,2016,3,12.1165421369863,30.125,7.092668097031659,0,73
Kings,2016,4,9.687969338709676,21.25,4.09918975038924,0,62
Kings,2016,5,8.456784819444444,13.875,3.084678356327044,0,72
Kings,2016,6,9.01209525,17.958333,2.8973442405880423,0,72
Kings,2016,7,10.830545486111111,21.916667,4.300567631288833,0,72
Kings,2016,8,14.634848985915493,27.166667,4.1964228341882786,0,71
Kings,2016,9,15.21039790140845,23.782609,4.3812253281719595,0,71
Kings,2016,10,13.512292957142856,32.583333,7.06317491605474,0,70
Kings,2016,11,26.284330999999998,59.791667,15.54969787389533,20,69
Kings,2016,12,23.287677513888887,51.333333,11.947903526994557,11,72
Kings,2017,1,13.26560987121212,46.2,9.999269564814378,5,132
Kings,2017,2,10.576101953271028,38.041667,8.279127030554443,2,107
Kings,2017,3,14.118483697478991,40.416667,8.699218898379034,2,119
Kings,2017,4,7.63437303125,16.75,3.5070517800793652,0,128
Kings,2017,5,8.87291422962963,22.375,3.4389446714207437,0,135
Kings,2017,6,8.532909715384616,14.541667,2.809426180269391,0,130
Kings,2017,7,11.039080229007633,22.217391,2.590026742015102,0,131
Kings,2017,8,15.934887097014926,23.208333,3.819880676303773,0,134
Kings,2017,9,13.6620306796875,38.666667,7.832029820767724,4,128
Kings,2017,10,20.970918143939397,37.826087,8.349901153336175,2,132
Kings,2017,11,21.900897099999998,59.854167,14.512357592721589,24,130
Kings,2017,12,50.30704854477612,113.4375,24.944429711207544,86,134
Kings,2018,1,28.34130981889764,102.654167,21.37458313333523,29,127
Kings,2018,2,20.312368708333334,67.1,16.20034172682137,22,120
Kings,2018,3,8.522993276119402,21.4625,5.558777886049961,0,134
Kings,2018,4,8.508003188679245,19.395833,3.485506038860962,0,106
Kings,2018,5,7.529928552238807,13.1,2.0199325880392904,0,134
Kings,2018,6,9.34117033070866,18.433333,2.38558175465668,0,127
Kings,2018,7,13.901575855263157,34.3375,6.862769017541552,0,76
Kings,2018,8,24.11913296296296,50.0375,12.754937228229922,31,135
Kings,2018,9,13.88520665891473,24.8,5.253665821631471,0,129
Kings,2018,10,14.066019537313434,34.283333,6.880117893053083,0,134
Kings,2018,11,37.117825,111.5,27.708002768280995,51,128
Kings,2018,12,21.231285365671642,44.008333,7.933482200655844,6,134
Kings,2019,1,20.010525257575758,47.1,13.214741395153116,26,132
Kings,2019,2,7.394167675,20.9125,4.811861179093332,0,120
Kings,2019,3,7.428130258064517,21.383333,4.104979301146834,0,124
Kings,2019,4,8.208268606299214,21.083333,3.7998250561380678,0,127
Kings,2019,5,7.625717251968504,17.891667,3.380840353651819,0,127
Kings,2019,6,8.626168923076923,20.26875,2.984250413122056,0,117
Kings,2019,7,9.098653864661653,18.981818,2.639910875564004,0,133
Kings,2019,8,9.746389091603053,17.704545,2.435978123423356,0,131
Kings,2019,9,9.558376814516128,17.958333,3.7712083700614105,0,124
Kings,2019,10,16.679913634920634,34.4625,6.419510855299062,0,126
Kings,2019,11,27.643378107692307,58.8,14.807408027618507,51,130
Kings,2019,12,12.15610368548387,37.066667,5.605442884386824,1,124
Kings,2020,1,16.577043533333335,31.477778,6.289482170983084,0,135
Kings,2020,2,19.305165943548385,35.108333,6.4963142872950765,0,124
Kings,2020,3,7.581751507575758,23.5,4.594834161467782,0,132
Kings,2020,4,7.417884221311475,13.956522,3.1621260807887577,0,122
Kings,2020,5,7.1845479689922485,16.975,2.979505224311865,0,129
Kings,2020,6,8.449962024193548,16.611765,2.9945639897393823,0,124
Kings,2020,7,12.136297418032786,39.35,4.851280925234099,2,122
Kings,2020,8,33.51770094074074,147.0,37.03535234744329,42,135
Kings,2020,9,37.999985515384616,117.916667,24.01079715877557,56,130
Kings,2020,10,29.835232791044778,94.75,19.91926312788386,34,134
Kings,2020,11,25.22525275,58.521739,13.107122096665405,28,128
Kings,2020,12,27.044936372093023,49.9,12.425955622969452,40,129
Lake,2015,1,2.7600000000000002,3.2,0.3577708763999663,0,5
Lake,2015,2,2.75,4.2,1.0723805294763609,0,4
Lake,2015,3,2.6833333333333336,4.4,1.1178849076119899,0,6
Lake,2015,4,3.28,5.7,1.5990622251807465,0,5
Lake,2015,5,3.7399999999999998,5.7,1.312630945848832,0,5
Lake,2015,6,4.54,6.8,1.6652327164693828,0,5
Lake,2015,7,3.0799999999999996,4.6,1.0281050529979898,0,5
Lake,2015,8,13.580000000000002,54.6,23.07968803948615,1,5
Lake,2015,9,3.0599999999999996,4.5,0.9762171889492625,0,5
Lake,2015,10,2.52,3.3,0.957601169589929,0,5
Lake,2015,11,2.04,3.8,1.3501851724856113,0,5
Lake,2015,12,2.12,4.0,1.103177229641729,0,5
Lake,2016,1,1.55,2.1,0.6442049363362563,0,6
Lake,2016,2,2.375,2.8,0.2986078811194818,0,4
Lake,2016,3,2.1666666666666665,4.1,1.4052283325732748,0,6
Lake,2016,4,2.44,4.8,1.4310835055998652,0,5
Lake,2016,5,3.44,5.0,1.5436968614336173,0,5
Lake,2016,6,3.2,4.7,1.5684387141358123,0,5
Lake,2016,7,3.12,3.8,0.49699094559156703,0,5
Lake,2016,8,5.26,7.8,1.569394787808345,0,5
Lake,2016,9,6.279999999999999,9.3,2.756265589525073,0,5
Lake,2016,10,2.2,3.0,0.6480740698407861,0,5
Lake,2016,11,2.04,3.0,0.6841052550594827,0,5
Lake,2016,12,2.08,3.5,0.9602083107326242,0,5
Lake,2017,1,2.85,4.3,0.973139250056229,0,6
Lake,2017,2,1.3,2.0,0.5099019513592785,0,4
Lake,2017,3,0.9800000000000001,2.1,0.867179335547152,0,5
Lake,2017,4,2.38,5.0,1.8074844397670482,0,5
Lake,2017,5,2.85,4.1,0.9894442884771226,0,6
Lake,2017,6,4.1,5.5,1.2389511693363868,0,5
Lake,2017,7,4.85,6.8,2.151743479135001,0,4
Lake,2017,8,11.88,21.6,6.380595583485919,0,5
Lake,2017,9,13.375,40.7,18.521766474430382,1,4
Lake,2017,10,21.1,85.3,36.230097984962725,1,5
Lake,2017,11,3.46,5.0,1.2660963628413124,0,5
Lake,2017,12,3.6,7.5,2.3334523779156067,0,5
Lake,2018,1,2.82,5.2,1.3863621460498696,0,5
Lake,2018,2,1.64,2.7,0.7092249290598858,0,5
Lake,2018,3,1.6199999999999999,2.6,0.7463243262818116,0,5
Lake,2018,4,4.279999999999999,6.5,1.4359665734271114,0,5
Lake,2018,5,2.7399999999999998,4.3,1.176010204037363,0,5
Lake,2018,6,3.78,4.7,0.6610597552415364,0,5
Lake,2018,7,3.95,5.8,1.885912687975418,0,4
Lake,2018,8,33.88,71.8,23.18980379390908,1,5
Lake,2018,9,4.96,11.6,3.7400534755535246,0,5
Lake,2018,10,3.8800000000000003,5.4,1.3773162309360911,0,5
Lake,2018,11,40.739999999999995,157.9,67.45719383431245,2,5
Lake,2018,12,4.5200000000000005,9.1,2.9936599673309594,0,5
Lake,2019,1,3.06,6.9,2.548136574047789,0,5
Lake,2019,2,1.42,4.2,1.613071604114337,0,5
Lake,2019,3,2.62,5.4,1.6361540269791228,0,5
Lake,2019,4,3.08,7.9,2.748090245970827,0,5
Lake,2019,5,2.9,5.2,1.4474114826130127,0,5
Lake,2019,6,2.8,4.2,1.564182427553342,0,4
Lake,2019,7,4.22,5.6,0.9654014708917736,0,5
Lake,2019,8,3.8166666666666664,5.3,1.3688194426828788,0,6
Lake,2019,9,2.58,5.1,1.5594870951694342,0,5
Lake,2019,10,3.38,5.4,1.7079227148791014,0,5
Lake,2019,11,4.540000000000001,8.3,2.314735406045365,0,5
Lake,2019,12,3.08,5.8,1.5959323293924463,0,5
Lake,2020,1,2.8,3.6,0.9354143466934854,0,5
Lake,2020,2,3.6799999999999997,6.2,2.210656011232865,0,5
Lake,2020,3,3.9200000000000004,6.9,2.032732151563506,0,5
Lake,2020,4,3.3600000000000003,5.1,1.4046351839534705,0,5
Lake,2020,5,2.9,5.8,1.649242250247064,0,5
Lake,2020,6,3.54,6.9,2.398541223327212,0,5
Lake,2020,7,6.0600000000000005,7.7,1.4791889669680478,0,5
Lake,2020,8,32.03333333333333,111.5,46.28804021198852,2,6
Lake,2020,9,32.760000000000005,84.8,32.989286139593865,2,5
Lake,2020,10,10.059999999999999,21.8,6.6688079894385925,0,5
Lake,2020,11,4.5,6.3,1.5116216457830975,0,5
Lake,2020,12,4.720000000000001,8.4,2.4993999279827146,0,5
Los Angeles,2015,1,17.629655172413795,53.8,11.257868385032427,10,145
Los Angeles,2015,2,17.020666666666667,56.4,12.504475959257944,16,150
Los Angeles,2015,3,11.022155688622755,45.3,6.7473546909149995,2,167
Los Angeles,2015,4,9.573493975903615,48.8,5.305482226672637,2,166
Los Angeles,2015,5,9.606395348837209,25.6,3.8928506708720843,0,172
Los Angeles,2015,6,10.885714285714284,21.9,4.159084291386402,0,161
Los Angeles,2015,7,9.444047619047618,70.3,6.791009399815139,3,168
Los Angeles,2015,8,11.701704545454545,19.6,3.1044755606210708,0,176
Los Angeles,2015,9,9.93953488372093,17.2,2.9366918201829124,0,172
Los Angeles,2015,10,8.827906976744186,17.0,3.0031815941102358,0,172
Los Angeles,2015,11,9.201724137931034,22.1,3.7955171936629233,0,174
Los Angeles,2015,12,10.944318181818183,29.7,5.7038003963181385,0,176
Los Angeles,2016,1,11.955392892561981,35.670833,6.9384979549196455,2,363
Los Angeles,2016,2,11.80959546884273,33.208333,6.882878821020359,0,337
Los Angeles,2016,3,9.836810452991452,39.8,5.979526163848079,3,351
Los Angeles,2016,4,9.399415923303835,18.7,3.454587250019515,0,339
Los Angeles,2016,5,8.445590032448377,23.925,3.5855577621015735,0,339
Los Angeles,2016,6,12.565190745398771,33.354167,5.388676083316488,0,326
Los Angeles,2016,7,11.929052697222222,64.8875,6.279549773268137,4,360
Los Angeles,2016,8,11.14883787534626,20.442857,3.2471195098351853,0,361
Los Angeles,2016,9,10.534590695156695,19.434783,3.502535049287751,0,351
Los Angeles,2016,10,9.396056307692309,23.938889,4.243189690039546,0,351
Los Angeles,2016,11,12.06758581120944,29.1,4.858475966723439,0,339
Los Angeles,2016,12,13.286414327044026,46.5,7.835283351273176,4,318
Los Angeles,2017,1,10.92479131142857,53.4,6.762450301611027,3,350
Los Angeles,2017,2,8.107476646875,21.741667,4.465389374882733,0,320
Los Angeles,2017,3,10.941249116666667,40.020833,7.001540450152306,6,360
Los Angeles,2017,4,9.565197418397625,20.466667,3.207631008727743,0,337
Los Angeles,2017,5,10.069095864721485,20.558333,3.4609257622483676,0,377
Los Angeles,2017,6,10.938207750708216,26.6,3.578621649080311,0,353
Los Angeles,2017,7,11.926578167115904,54.9,4.466186526485298,1,371
Los Angeles,2017,8,12.578772825842696,28.215,4.126996745404731,0,356
Los Angeles,2017,9,10.561303895890411,21.7,3.623039642040604,0,365
Los Angeles,2017,10,13.335537972527472,36.3,5.846695140011894,1,364
Los Angeles,2017,11,11.637635886426594,37.75,7.501858950910034,3,361
Los Angeles,2017,12,21.52077696185286,89.970833,14.845662579885191,53,367
Los Angeles,2018,1,16.804953518413598,111.008333,15.321529776296744,27,353
Los Angeles,2018,2,11.865690428571428,38.883333,8.590511253775247,6,301
Los Angeles,2018,3,7.233732578461538,30.425,5.026445208156138,0,325
Los Angeles,2018,4,11.267023273504273,28.7,4.579552128098793,0,351
Los Angeles,2018,5,8.275685283783783,17.070833,2.973896982513514,0,370
Los Angeles,2018,6,10.52239646531792,17.7,2.6840932768740515,0,346
Los Angeles,2018,7,11.102509246498599,42.4,4.561428833823199,1,357
Los Angeles,2018,8,14.408584156164382,40.416667,5.758975009699798,2,365
Los Angeles,2018,9,12.310447545454545,27.183333,4.019598324290638,0,363
Los Angeles,2018,10,11.008358854227405,43.0,6.829633326756364,3,343
Los Angeles,2018,11,13.475760495081966,47.4,8.939834574139963,15,305
Los Angeles,2018,12,14.044377461756373,48.991304,10.077750287249161,15,353
Los Angeles,2019,1,11.357446549723756,37.4375,7.565835054779788,2,362
Los Angeles,2019,2,7.056585268882174,19.1,4.159266991237772,0,331
Los Angeles,2019,3,7.145793048648649,17.283333,3.6785988346466194,0,370
Los Angeles,2019,4,8.919045167597766,22.5,4.472480008530653,0,358
Los Angeles,2019,5,7.932900183999999,19.6,3.60796792765095,0,375
Los Angeles,2019,6,8.407684041551246,16.3,2.733784513005371,0,361
Los Angeles,2019,7,12.063251857541898,70.0,5.412983181239827,3,358
Los Angeles,2019,8,9.830063671957673,17.275,2.66629498518857,0,378
Los Angeles,2019,9,9.552707229281767,19.073913,2.486645613946818,0,362
Los Angeles,2019,10,11.836352807799443,51.2,4.522713142944546,1,359
Los Angeles,2019,11,15.086812096418733,43.5,8.032815007747775,5,363
Los Angeles,2019,12,11.772486743869209,45.409524,7.032080577003615,2,367
Los Angeles,2020,1,15.644080124645892,47.3,9.33783523342698,12,353
Los Angeles,2020,2,11.99490240116279,27.3,5.665067627935971,0,344
Los Angeles,2020,3,6.09619723180593,22.055,3.4993707428780905,0,371
Los Angeles,2020,4,7.48838318018018,18.7,3.5615330875626676,0,333
Los Angeles,2020,5,9.641373611413044,19.6,4.019134830760553,0,368
Los Angeles,2020,6,8.449007598290597,16.670833,2.576285926369457,0,351
Los Angeles,2020,7,12.73312089673913,175.0,13.743640812727417,15,368
Los Angeles,2020,8,13.17260800530504,74.75,7.947047761263682,8,377
Los Angeles,2020,9,23.184723767705382,102.7,16.083795608235786,65,353
Los Angeles,2020,10,19.644363631884058,61.895833,9.980514966405298,27,345
Los Angeles,2020,11,15.582970710674156,40.6,7.493139923728651,4,356
Los Angeles,2020,12,16.509016280991734,43.2,8.781066336149308,15,363
Madera,2015,1,30.911987436619718,62.083333,14.329763745441793,20,71
Madera,2015,2,16.98524684375,36.208333,8.925516437573101,4,64
Madera,2015,3,8.860870166666666,20.0,4.078186304509759,0,72
Madera,2015,4,7.841167080645161,14.041667,3.96239868978327,0,62
Madera,2015,5,8.14153962857143,13.291667,2.1389187073240437,0,70
Madera,2015,6,10.646664698630136,16.041667,2.913337416360448,0,73
Madera,2015,7,10.457085819444444,17.708333,2.695267918842469,0,72
Madera,2015,8,10.780230277777777,25.818182,5.59700280803195,0,72
Madera,2015,9,11.108719043478262,26.666667,4.856881862633836,0,69
Madera,2015,10,11.21581851388889,22.75,4.302137055221182,0,72
Madera,2015,11,16.94165637142857,33.041667,8.312240698574943,0,70
Madera,2015,12,18.825928140845072,43.791667,8.865882655330202,2,71
Madera,2016,1,14.65028923287671,37.083333,10.631105341350649,10,73
Madera,2016,2,17.743332253731342,32.75,6.774129775643964,0,67
Madera,2016,3,10.490003986301371,21.291667,4.2343173470585205,0,73
Madera,2016,4,8.739553616666665,15.0,3.3545066932366616,0,60
Madera,2016,5,7.38749706557377,13.75,2.7143417193202164,0,61
Madera,2016,6,6.521934650793651,11.217391,2.432473005730602,0,63
Madera,2016,7,7.623539421875,16.166667,3.8747851562464675,0,64
Madera,2016,8,9.834420276923076,18.25,3.763280014089532,0,65
Madera,2016,9,11.238014225806452,21.0,4.102269544362344,0,62
Madera,2016,10,9.214857461538461,19.5,4.308623080786541,0,65
Madera,2016,11,18.31621670967742,36.583333,7.633874678818637,2,62
Madera,2016,12,21.159129446153845,47.708333,10.158611510615808,7,65
Madera,2017,1,12.0310745,33.7,8.042813427513948,0,64
Madera,2017,2,9.19220694736842,24.791667,6.02439049022171,0,57
Madera,2017,3,10.221785870967741,15.916667,3.9630190603550743,0,62
Madera,2017,4,6.89308406,13.75,3.501697770116653,0,50
Madera,2017,5,6.583623555555556,13.333333,2.5461555793650934,0,63
Madera,2017,6,5.075152355932203,10.166667,2.4042690021751305,0,59
Madera,2017,7,9.33534303125,15.833333,1.9997800232118705,0,64
Madera,2017,8,14.194695421875,21.291667,3.6787335426015226,0,64
Madera,2017,9,11.232585274193548,37.833333,8.480560684313717,2,62
Madera,2017,10,15.032965177419355,45.541667,8.337770440958908,2,62
Madera,2017,11,14.887757016666665,40.541667,11.161538745801629,4,60
Madera,2017,12,33.64943552380952,70.6375,14.270479872152737,24,63
Madera,2018,1,23.064129317460317,81.7,18.984549060161452,10,63
Madera,2018,2,16.401506241379312,45.391667,11.8942545706795,8,58
Madera,2018,3,6.511305169230769,14.816667,3.544261408717904,0,65
Madera,2018,4,7.083334366666667,13.545833,2.6673954599455634,0,60
Madera,2018,5,6.907274066666667,11.4625,2.0721732352464546,0,60
Madera,2018,6,8.071124169491526,12.82,1.6365941163497204,0,59
Madera,2018,7,13.54286370967742,50.285714,10.33255894814976,2,62
Madera,2018,8,23.290961393442622,48.5,12.555937209331807,15,61
Madera,2018,9,12.387569532258064,23.575,5.288032577332849,0,62
Madera,2018,10,10.664745,23.414286,4.3240967788423195,0,62
Madera,2018,11,24.796332050847457,80.027273,18.692466718467973,14,59
Madera,2018,12,16.90468084375,31.3,6.461397574970185,0,64
Madera,2019,1,13.921554609375,33.220833,8.34664415739131,0,64
Madera,2019,2,6.3153297543859646,17.966667,3.934673414237525,0,57
Madera,2019,3,6.030070952380952,10.366667,2.2075017506858323,0,63
Madera,2019,4,7.215946746031746,11.291667,2.4131851361280763,0,63
Madera,2019,5,7.128269327586207,13.491667,2.7545770623795893,0,58
Madera,2019,6,8.448558825396825,14.4375,2.625529926081821,0,63
Madera,2019,7,8.993473746031746,16.65,2.473172062032091,0,63
Madera,2019,8,9.870278288135593,17.95,2.7933354247238507,0,59
Madera,2019,9,11.946098285714285,19.736364,4.132484583746311,0,35
Madera,2019,10,11.775029588235295,22.125,5.185319818019352,0,51
Madera,2019,11,15.433882968253968,26.8,6.501771708688174,0,63
Madera,2019,12,9.872271296875,31.2,6.199332854226099,0,64
Madera,2020,1,13.39330546153846,24.958333,5.307834013849797,0,65
Madera,2020,2,12.620875583333333,23.6,4.115427614478387,0,60
Madera,2020,3,5.695092230769231,17.7,4.408145613974026,0,65
Madera,2020,4,5.765153096774193,10.5,2.555497963698216,0,62
Madera,2020,5,5.207224076923077,12.75,2.779172241547822,0,65
Madera,2020,6,6.8696775,15.125,3.3388642158746222,0,62
Madera,2020,7,9.162296523076922,22.833333,3.9191156510606255,0,65
Madera,2020,8,32.03234669230769,138.125,36.80546114888885,21,65
Madera,2020,9,47.101702161290326,199.75,42.0941959164278,29,62
Madera,2020,10,29.027647723076925,86.583333,21.177000691319183,18,65
Madera,2020,11,18.034794306451616,42.875,9.740614875646823,6,62
Madera,2020,12,19.61211180952381,34.913043,7.570392685424895,0,63
Marin,2015,1,21.99919937096774,36.333333,7.930350628263355,4,62
Marin,2015,2,13.1191135,31.0,5.713134494880527,0,56
Marin,2015,3,11.279038096774192,17.75,2.5652838339818556,0,62
Marin,2015,4,6.525663375,15.0,4.00986979298346,0,56
Marin,2015,5,5.907491790322581,12.0,2.2660318052032924,0,62
Marin,2015,6,7.232135469387755,15.708333,3.818099962827334,0,49
Marin,2015,7,3.022602081967213,6.625,1.8919246846501079,0,61
Marin,2015,8,5.26212796875,13.208333,4.479548294022659,0,32
Marin,2015,9,5.1120322666666675,8.333333,1.412863088685535,0,60
Marin,2015,10,6.095670116666667,10.875,2.328458070737154,0,60
Marin,2015,11,8.908380029411765,18.130435,3.841974643612196,0,34
Marin,2015,12,9.243785322580646,19.083333,3.6726659930106513,0,62
Marin,2016,1,8.333722225806452,14.875,3.056433909398001,0,62
Marin,2016,2,8.404757293103449,15.083333,3.2209510694795576,0,58
Marin,2016,3,3.9107016451612906,8.375,2.1629958774710425,0,62
Marin,2016,4,5.34923901923077,8.25,1.9353289570840657,0,52
Marin,2016,5,6.064305725806452,13.916667,3.0272650778301586,0,62
Marin,2016,6,6.795133689655172,15.666667,3.3362990295732136,0,58
Marin,2016,7,4.92575385483871,12.291667,2.775491089847739,0,62
Marin,2016,8,4.566374483870967,8.625,1.993348928372878,0,62
Marin,2016,9,9.052587138888889,14.0,2.4842369831797697,0,36
Marin,2016,10,5.800636951612904,7.875,1.1851552514860373,0,62
Marin,2016,11,7.642638866666667,14.708333,2.4077863989639625,0,60
Marin,2016,12,7.860214532258064,14.833333,2.794248663562387,0,62
Marin,2017,1,8.72901472580645,26.608696,5.4646708090828735,0,62
Marin,2017,2,7.078174410714285,21.041667,3.410707027134717,0,56
Marin,2017,3,7.097107596774193,14.125,2.2693312305109354,0,62
Marin,2017,4,6.817022983333334,12.086957,2.139130894911941,0,60
Marin,2017,5,7.262505854838709,15.26087,2.78796399315352,0,62
Marin,2017,6,7.61353865,13.041667,2.929698044780197,0,60
Marin,2017,7,8.245412612903225,16.26087,3.345846494084212,0,62
Marin,2017,8,11.105101693548386,28.458333,4.002594802265428,0,62
Marin,2017,9,13.5873004,42.958333,10.592900101375442,6,60
Marin,2017,10,17.385115661290325,74.708333,17.812612575219024,8,62
Marin,2017,11,8.17455559322034,18.217391,3.093998114367474,0,59
Marin,2017,12,13.040720806451612,36.875,7.10862895410115,2,62
Marin,2018,1,13.277781677419354,44.333333,9.388511935541864,2,62
Marin,2018,2,7.444597553571429,17.458333,3.2512977690973286,0,56
Marin,2018,3,6.000166050000001,9.291667,1.5146207295112308,0,60
Marin,2018,4,8.719202916666667,15.166667,2.907549871643608,0,60
Marin,2018,5,7.185118462962963,17.0,3.7000825115033438,0,54
Marin,2018,6,8.471950466666666,12.833333,2.8218198403595074,0,60
Marin,2018,7,6.315036225806451,15.833333,2.7932424984654762,0,62
Marin,2018,8,12.702942183333333,34.416667,6.113811513108918,0,60
Marin,2018,9,9.531555518518518,15.291667,3.3606281143873717,0,54
Marin,2018,10,7.96749914516129,15.166667,3.010446648276134,0,62
Marin,2018,11,39.09202128333333,167.666667,44.878316333920914,24,60
Marin,2018,12,7.087985032258064,27.166667,5.411516538277336,0,62
Marin,2019,1,7.187099322580646,19.583333,4.503226659336239,0,62
Marin,2019,2,3.3297397818181818,7.782609,1.607694327378241,0,55
Marin,2019,3,4.094397444444445,8.333333,1.8243683641571875,0,54
Marin,2019,4,6.944057966666667,14.458333,3.367512049308534,0,60
Marin,2019,5,6.219362193548387,11.708333,2.2496016479810987,0,62
Marin,2019,6,6.998650084745762,14.208333,3.1811567740563924,0,59
Marin,2019,7,6.774532499999999,10.833333,2.3358465947417892,0,62
Marin,2019,8,6.346137116666667,12.0,2.5505218867196984,0,60
Marin,2019,9,5.5712439499999995,9.583333,1.6178002014071236,0,60
Marin,2019,10,6.425787210526316,18.368421,3.069455363387539,0,57
Marin,2019,11,9.579613483333333,15.958333,3.0740593907540292,0,60
Marin,2019,12,6.58256779032258,14.75,3.016476453495076,0,62
Marin,2020,1,6.695377532258065,16.0,2.4899082376771733,0,62
Marin,2020,2,7.087699879310344,13.875,3.1055349308434184,0,58
Marin,2020,3,4.4869897142857145,11.166667,2.419179850014273,0,56
Marin,2020,4,4.736061733333333,10.181818,1.7228011469866171,0,60
Marin,2020,5,5.099012387096774,9.583333,2.1931631204822613,0,62
Marin,2020,6,5.452451683333334,13.043478,2.9684410357578215,0,60
Marin,2020,7,5.058377903225807,11.458333,3.1405137793840887,0,62
Marin,2020,8,11.625924177419355,40.958333,9.87265978495318,4,62
Marin,2020,9,26.7487802,155.541667,36.34930361019857,10,60
Marin,2020,10,11.737178596774193,50.583333,10.747690319335405,4,62
Marin,2020,11,6.170555533333333,18.833333,3.672961035953447,0,60
Marin,2020,12,8.662540903225807,20.25,5.373415468862369,0,62
Mendocino,2015,1,12.720262696428572,38.291667,6.490252999802163,2,112
Mendocino,2015,2,5.923823848214285,13.5,2.883626769324493,0,112
Mendocino,2015,3,6.206160815789474,13.181818,2.90586806811736,0,114
Mendocino,2015,4,7.031368025000001,15.125,3.3703789838737697,0,120
Mendocino,2015,5,6.231238783333334,14.142857,1.7041645911587486,0,120
Mendocino,2015,6,8.25136329661017,14.541667,2.7296102284748156,0,118
Mendocino,2015,7,6.89906987394958,11.25,1.6382029176553448,0,119
Mendocino,2015,8,14.000354720588236,73.416667,15.099118548022084,12,136
Mendocino,2015,9,6.624747943548387,22.333333,3.848077175545004,0,124
Mendocino,2015,10,5.806656233870967,13.041667,2.4725685689097427,0,124
Mendocino,2015,11,9.9718146,25.869565,4.2777699737455315,0,120
Mendocino,2015,12,9.003080782258063,18.625,3.380313674460699,0,124
Mendocino,2016,1,6.532511113636364,23.076923,4.005917258410062,0,88
Mendocino,2016,2,6.647222580357143,10.45,1.994901465982997,0,112
Mendocino,2016,3,4.695056341463415,10.5,2.018864856900392,0,123
Mendocino,2016,4,5.043678322033898,10.0,1.8120081059577176,0,118
Mendocino,2016,5,4.803585680327869,9.652174,1.9826077001310918,0,122
Mendocino,2016,6,5.140033225,12.791667,2.3857948919557592,0,120
Mendocino,2016,7,6.077412903225807,10.272727,2.0469569308174993,0,124
Mendocino,2016,8,7.082221403225807,11.416667,1.9542930451306961,0,124
Mendocino,2016,9,8.767091599999999,19.173913,3.6645946537608056,0,120
Mendocino,2016,10,4.70504325,9.826087,2.1577807077077216,0,124
Mendocino,2016,11,6.763094783333333,14.0,2.5498712396451446,0,120
Mendocino,2016,12,10.498490766666666,18.25,4.474552006137696,0,120
Mendocino,2017,1,7.351277032786886,15.875,3.9613582098918014,0,122
Mendocino,2017,2,4.975239678571429,15.625,3.1898143762577136,0,112
Mendocino,2017,3,5.023041564516129,10.347826,2.2572543580795297,0,124
Mendocino,2017,4,5.1031361083333335,10.045455,2.012192247621111,0,120
Mendocino,2017,5,4.9290245403225805,9.583333,1.9171216434921623,0,124
Mendocino,2017,6,4.838025366666667,14.333333,2.3462514317214964,0,120
Mendocino,2017,7,6.862380425,9.958333,1.6597834031955263,0,120
Mendocino,2017,8,14.990118720588235,47.625,8.07521390432011,6,136
Mendocino,2017,9,12.860032242647058,53.083333,10.128090434616636,8,136
Mendocino,2017,10,15.608754516129032,127.380952,19.539909955906012,10,124
Mendocino,2017,11,8.778939941666666,20.217391,3.4539204912040806,0,120
Mendocino,2017,12,17.117011806451615,32.291667,5.480414233400933,0,124
Mendocino,2018,1,8.387708169354838,21.916667,4.262880047700675,0,124
Mendocino,2018,2,8.925813464285714,14.125,2.6836323361335754,0,112
Mendocino,2018,3,5.86058710483871,10.708333,2.0651337491877038,0,124
Mendocino,2018,4,6.668912783333334,10.347826,2.0598124332789034,0,120
Mendocino,2018,5,4.5950227258064515,8.833333,1.9858330701087965,0,124
Mendocino,2018,6,3.9302284333333333,7.791667,1.8655334047248513,0,120
Mendocino,2018,7,8.191280295081967,36.291667,7.787316207002829,2,122
Mendocino,2018,8,19.26990705691057,59.541667,13.204300689882395,15,123
Mendocino,2018,9,8.193528866666666,20.5,4.610671144501786,0,120
Mendocino,2018,10,6.422724099173554,13.5,2.855293665425386,0,121
Mendocino,2018,11,36.863758872881355,263.25,50.858241836668775,46,118
Mendocino,2018,12,10.123007258064515,22.565217,3.9396234252019817,0,124
Mendocino,2019,1,9.661457801652892,23.583333,5.284833390213594,0,121
Mendocino,2019,2,5.301918330357142,13.954545,3.0768217905318274,0,112
Mendocino,2019,3,4.307408056451613,8.913043,2.1343199463865234,0,124
Mendocino,2019,4,4.037072355932203,10.333333,2.5565636947210173,0,118
Mendocino,2019,5,4.014056786885246,9.875,1.8139308537968455,0,122
Mendocino,2019,6,4.741683216666667,8.291667,1.6199490517582613,0,120
Mendocino,2019,7,5.288472435483871,15.958333,3.163816755966267,0,124
Mendocino,2019,8,4.371553080645161,9.333333,1.750099836843971,0,124
Mendocino,2019,9,4.116431605042017,10.611111,1.783340263647288,0,119
Mendocino,2019,10,7.225659394495413,16.478261,3.087905719349143,0,109
Mendocino,2019,11,8.112557433333333,14.875,3.101620196700156,0,120
Mendocino,2019,12,7.179833959677419,24.782609,4.153350219661019,0,124
Mendocino,2020,1,7.502169217741935,14.73913,3.2649107046870367,0,124
Mendocino,2020,2,9.207648396551724,19.458333,4.301476402265095,0,116
Mendocino,2020,3,4.953939024193549,9.291667,2.0955660095762725,0,124
Mendocino,2020,4,3.9597953583333334,8.190476,1.5803729617256785,0,120
Mendocino,2020,5,3.4926768387096776,6.416667,1.388675523019912,0,124
Mendocino,2020,6,3.5185645130434784,6.708333,2.0174634858216662,0,115
Mendocino,2020,7,5.414991314516129,11.291667,1.8508828867970288,0,124
Mendocino,2020,8,17.155110758064517,108.333333,22.922861141049687,26,124
Mendocino,2020,9,44.24032005833333,433.869565,70.52023121243784,43,120
Mendocino,2020,10,16.33719179032258,117.75,18.676466761038924,14,124
Mendocino,2020,11,9.328709733333334,19.434783,4.24000827073353,0,120
Mendocino,2020,12,11.872521080645162,25.333333,5.287362480913023,0,124
Merced,2015,1,28.42323233333333,61.208333,12.88087179063368,19,72
Merced,2015,2,18.21515052307692,38.083333,10.005507762058885,7,65
Merced,2015,3,8.671312876923079,34.0,4.752156179511654,0,65
Merced,2015,4,6.489536029850747,11.791667,3.1292969554302306,0,67
Merced,2015,5,7.5320812264150945,12.583333,2.8259944249390183,0,53
Merced,2015,6,9.662653351851851,16.041667,3.3042696086061256,0,54
Merced,2015,7,8.188796757142857,14.291667,2.4735793901774916,0,70
Merced,2015,8,11.500793722222221,28.25,5.824382945655469,0,72
Merced,2015,9,11.088720391304348,40.375,6.568689324150576,2,69
Merced,2015,10,11.125582869565218,20.5,3.6178874384683017,0,69
Merced,2015,11,15.989880171428572,41.1,10.002611020710972,5,70
Merced,2015,12,14.910469486486486,42.625,8.189147027736137,2,74
Merced,2016,1,13.526692493150684,43.041667,10.75565482134648,4,73
Merced,2016,2,15.782984746268658,34.958333,8.719076702318064,0,67
Merced,2016,3,5.505220955882353,24.4,3.9553060763050283,0,68
Merced,2016,4,7.131809285714286,12.625,2.8345633030237516,0,63
Merced,2016,5,8.685521861111111,14.375,3.1790209314109226,0,72
Merced,2016,6,8.373350647058823,15.333333,2.606575997160767,0,68
Merced,2016,7,9.671014041666666,17.541667,3.4110052199185703,0,72
Merced,2016,8,12.920978835616438,22.25,3.714372539277907,0,73
Merced,2016,9,13.875524537313431,22.5,3.9260654661163343,0,67
Merced,2016,10,11.036178805555556,22.041667,4.33057076010306,0,72
Merced,2016,11,16.214603014492756,38.541667,8.096668798672795,2,69
Merced,2016,12,19.442914114285713,42.8,9.624657529237792,6,70
Merced,2017,1,10.678256078947369,30.75,8.016594129245387,0,76
Merced,2017,2,9.734895828125,39.083333,8.75180325421324,2,64
Merced,2017,3,9.5144584375,19.458333,4.125086506501705,0,64
Merced,2017,4,7.121480328571429,12.375,2.4378986558878806,0,70
Merced,2017,5,8.750859228571429,16.0,2.9013553939922394,0,70
Merced,2017,6,7.788219471428571,16.375,3.0154480080420374,0,70
Merced,2017,7,8.620596056338028,11.791667,1.6575167767664885,0,71
Merced,2017,8,15.564809154929579,21.583333,4.164309042139447,0,71
Merced,2017,9,15.518139671428571,48.25,10.616619915033318,6,70
Merced,2017,10,15.441190471428571,47.478261,8.255683061574477,2,70
Merced,2017,11,17.031243123076926,44.791667,11.377614002845156,6,65
Merced,2017,12,31.969091430555554,69.333333,14.289836710706188,26,72
Merced,2018,1,20.51651465277778,66.956522,14.789524966207235,9,72
Merced,2018,2,15.953156545454545,52.333333,11.744123599215692,5,66
Merced,2018,3,6.334405194444445,11.666667,3.3051411416206458,0,72
Merced,2018,4,7.3607447580645164,13.416667,2.8677878091569586,0,62
Merced,2018,5,7.333594999999999,12.25,2.3697892946972146,0,72
Merced,2018,6,8.63843204347826,11.541667,1.8351941292349738,0,69
Merced,2018,7,13.404685356164382,40.0,9.528976023178412,5,73
Merced,2018,8,24.036282208333333,50.333333,11.6853337699459,12,72
Merced,2018,9,13.812986514285713,24.666667,5.105637000887716,0,70
Merced,2018,10,11.811660333333332,19.416667,3.2460842260236924,0,72
Merced,2018,11,32.097612941176465,94.7,26.29747593319199,21,68
Merced,2018,12,19.042788383561643,35.6,7.332569053386166,2,73
Merced,2019,1,16.411865930555553,41.6,8.731018761822135,3,72
Merced,2019,2,7.821921523076923,16.541667,3.2955185244664467,0,65
Merced,2019,3,8.127947753424658,13.375,2.688879144782924,0,73
Merced,2019,4,7.2067270983606555,11.708333,2.3466590512715073,0,61
Merced,2019,5,6.344072069444445,10.375,1.88641137926557,0,72
Merced,2019,6,6.77893,12.2,1.8121467658230306,0,70
Merced,2019,7,7.163989541666666,17.125,2.8257801134390688,0,72
Merced,2019,8,7.096773890410958,15.0,2.116433931803373,0,73
Merced,2019,9,6.226733985714286,10.916667,2.0715381625989937,0,70
Merced,2019,10,11.022391194444445,21.2,4.087213835973844,0,72
Merced,2019,11,15.816780542857142,29.5,6.505424488985895,0,70
Merced,2019,12,10.560379633802818,25.4,5.540528926836831,0,71
Merced,2020,1,14.303658625,29.3,5.708534029212257,0,72
Merced,2020,2,13.405780895522389,23.25,4.596327812461528,0,67
Merced,2020,3,7.052129205479452,14.416667,3.363435797642435,0,73
Merced,2020,4,6.591735919354839,10.416667,1.94551588357439,0,62
Merced,2020,5,5.703042397058823,10.708333,2.066082177584975,0,68
Merced,2020,6,5.328720710144927,9.7,1.818583513925614,0,69
Merced,2020,7,7.479372972222222,23.125,2.9749284434988907,0,72
Merced,2020,8,27.389279328767124,116.916667,31.37733407516199,16,73
Merced,2020,9,35.60910594285714,117.416667,27.42066877005306,26,70
Merced,2020,10,21.967315347222222,82.333333,19.337798057022177,12,72
Merced,2020,11,15.605201842857143,38.7,7.676900195086129,1,70
Merced,2020,12,17.31722562857143,28.7,6.950637224606153,0,70
Mono,2018,4,3.457082239583333,7.4375,1.7036745087889715,0,96
Mono,2018,5,3.1983948114754095,5.625,0.9799796781054233,0,122
Mono,2018,6,6.145585142857143,42.5125,8.158015830170967,4,112
Mono,2018,7,24.432687588709676,98.691667,24.60647009183621,28,124
Mono,2018,8,42.552129701612905,194.941667,49.22513739809831,44,124
Mono,2018,9,4.2823324000000005,11.945833,2.5127568902816293,0,120
Mono,2018,10,5.098842285714285,14.625,3.2930442120789474,0,210
Mono,2018,11,8.31441100862069,41.845833,8.485178553194936,4,232
Mono,2018,12,8.742303173387096,43.683333,10.778277731588112,14,248
Mono,2019,1,11.281412092592591,40.3,11.915320593998713,7,216
Mono,2019,2,5.359490095454546,45.725,7.823147278168501,4,220
Mono,2019,3,5.2781492845849804,32.520833,6.002100895803869,0,253
Mono,2019,4,3.577484,8.929167,2.1063721036987557,0,250
Mono,2019,5,3.957502698412698,9.141667,2.0044458845127853,0,252
Mono,2019,6,4.071390618473895,8.529167,1.661525800250139,0,249
Mono,2019,7,4.021406608527132,7.375,1.186258580722675,0,258
Mono,2019,8,5.837623503875969,20.266667,2.996757010423783,0,258
Mono,2019,9,3.738154836065574,6.816667,1.3485769011154696,0,244
Mono,2019,10,6.492012986301369,31.033333,5.656773920206956,0,219
Mono,2019,11,5.869940948,20.875,4.59460137897061,0,250
Mono,2019,12,7.9342836624999995,37.554167,9.786935676746364,4,240
Mono,2020,1,7.153828928870293,27.625,7.396257434969356,0,239
Mono,2020,2,6.792277934497816,18.208333,5.197559716947781,0,229
Mono,2020,3,3.939306625498008,14.283333,3.168949029176397,0,251
Mono,2020,4,3.8323894106280196,12.213043,2.131221470257407,0,207
Mono,2020,5,3.6707421879699247,6.316667,1.106857096200634,0,133
Mono,2020,6,4.11109818125,6.95,1.3249476211470943,0,160
Mono,2020,7,4.492004625,16.291667,2.356627526234176,0,200
Mono,2020,8,11.543326395209581,63.2875,13.001480418966613,12,167
Mono,2020,9,195.2247184266055,824.104167,223.1859256047355,158,218
Mono,2020,10,88.17619642412451,487.45,121.57263803014082,127,257
Mono,2020,11,12.22286859090909,69.666667,14.453741877141217,17,220
Mono,2020,12,9.284946845238096,32.5,8.907948427350325,0,252
Monterey,2015,1,5.48084245026178,12.916667,2.0463817813937277,0,191
Monterey,2015,2,5.159955807228916,13.9,2.5312068835193284,0,166
Monterey,2015,3,5.059899786458334,9.541667,1.9342152794609555,0,192
Monterey,2015,4,5.830257836065573,11.909091,2.5956465046301216,0,183
Monterey,2015,5,5.563691989473685,22.666667,3.366568215774893,0,190
Monterey,2015,6,6.412715005494506,13.416667,3.1668386311119274,0,182
Monterey,2015,7,4.778814759162303,11.041667,2.4792619619787777,0,191
Monterey,2015,8,8.263548408376963,23.083333,5.562295621875045,0,191
Monterey,2015,9,6.9108440218579235,43.208333,5.159773400138793,3,183
Monterey,2015,10,4.74168184816754,9.458333,2.070859618166405,0,191
Monterey,2015,11,4.520241711864407,8.833333,1.7227201124009828,0,177
Monterey,2015,12,4.617655832432432,16.583333,2.014965626461385,0,185
Monterey,2016,1,3.848091335078534,20.9,2.6520710725380328,0,191
Monterey,2016,2,3.9035995593220343,15.545455,1.7430897256632074,0,177
Monterey,2016,3,3.3432476229508197,7.166667,1.7605063406133463,0,183
Monterey,2016,4,5.337596951351351,9.791667,1.916675046157975,0,185
Monterey,2016,5,5.6990071884816755,12.541667,2.683572088162241,0,191
Monterey,2016,6,5.9551162594594595,12.304348,3.0682843691056636,0,185
Monterey,2016,7,6.533881560209424,63.791667,7.606272677076618,2,191
Monterey,2016,8,12.926224084210526,77.041667,14.598273239048572,14,190
Monterey,2016,9,9.67990064,104.791667,12.412909225087288,6,175
Monterey,2016,10,3.44507377486911,7.1,1.5617044052916627,0,191
Monterey,2016,11,3.960183195530726,10.217391,2.002994807789733,0,179
Monterey,2016,12,4.749172436464088,14.375,2.578368554849306,0,181
Monterey,2017,1,4.00286967539267,15.9,2.322256081610712,0,191
Monterey,2017,2,3.338273162790698,30.285714,3.2055479786950456,0,172
Monterey,2017,3,4.051237281081081,11.9,1.7209585065515647,0,185
Monterey,2017,4,4.67616812972973,11.916667,2.201018829213539,0,185
Monterey,2017,5,5.832564078947368,15.9,2.7625338937045023,0,190
Monterey,2017,6,6.430721233695652,16.3,3.0806658886904206,0,184
Monterey,2017,7,6.739367209424084,15.541667,3.317364826121666,0,191
Monterey,2017,8,7.857665607329843,17.5,3.155631150339195,0,191
Monterey,2017,9,8.78338227027027,43.625,8.480478558483485,7,185
Monterey,2017,10,8.661224075268818,29.2,6.260608767897007,0,186
Monterey,2017,11,3.08446413372093,8.416667,1.4580438185098499,0,172
Monterey,2017,12,6.133945945054945,18.375,3.0475584215082443,0,182
Monterey,2018,1,4.589756434554974,18.291667,2.682094456399001,0,191
Monterey,2018,2,4.283049057803468,8.375,1.4071626720264274,0,173
Monterey,2018,3,2.9222574627659577,7.958333,1.6932037321646447,0,188
Monterey,2018,4,5.883419458100558,11.833333,2.4198766172228474,0,179
Monterey,2018,5,5.59009722513089,14.666667,3.1691953273551796,0,191
Monterey,2018,6,7.582556765027323,13.5,2.259101111709088,0,183
Monterey,2018,7,5.622604937172775,11.791667,2.4368424851027983,0,191
Monterey,2018,8,11.470867657894738,40.375,8.252227693852072,7,190
Monterey,2018,9,7.220646684782609,13.5,2.753683554094102,0,184
Monterey,2018,10,5.764668246073299,11.916667,2.3469929037754267,0,191
Monterey,2018,11,13.72809944102564,64.083333,14.61281751609615,22,195
Monterey,2018,12,4.869800810055866,15.652174,2.395717312712446,0,179
Monterey,2019,1,3.5731267958115183,18.833333,2.3941899854669324,0,191
Monterey,2019,2,2.4850882280701754,5.708333,0.9725585602971474,0,171
Monterey,2019,3,3.19991373015873,7.208333,1.5226590252816259,0,189
Monterey,2019,4,5.2509519664804465,20.708333,3.224561522765025,0,179
Monterey,2019,5,4.4631197015706805,10.416667,1.9948129350557364,0,191
Monterey,2019,6,6.160294593406594,53.083333,5.712590831026145,2,182
Monterey,2019,7,5.255907130890052,15.043478,3.0748147772124277,0,191
Monterey,2019,8,4.326519947916666,12.0,2.6561390404879166,0,192
Monterey,2019,9,4.4121948444444445,13.826087,2.4452892975674034,0,180
Monterey,2019,10,5.838389945054946,14.652174,2.445639752260728,0,182
Monterey,2019,11,5.964388935135135,12.6,2.5734926095464172,0,185
Monterey,2019,12,2.892850911111111,13.625,2.223053992025994,0,180
Monterey,2020,1,3.1165913560209426,10.541667,1.6732368751610374,0,191
Monterey,2020,2,4.492771826815642,18.166667,2.3278863107887267,0,179
Monterey,2020,3,2.4383385894736844,10.1,2.043550788222374,0,190
Monterey,2020,4,3.2746398478260867,8.2,1.6733360175709335,0,184
Monterey,2020,5,5.618630282608696,18.666667,3.3865575698151162,0,184
Monterey,2020,6,6.289095896739131,27.25,4.235959248025494,0,184
Monterey,2020,7,5.566134468421052,24.666667,4.064375661603411,0,190
Monterey,2020,8,21.339632793650793,200.347826,38.21496547568853,26,189
Monterey,2020,9,21.227170356756755,94.458333,24.238293928595155,37,185
Monterey,2020,10,10.717429760869566,62.833333,10.944213974323938,10,184
Monterey,2020,11,4.476944384615385,12.833333,2.2411356636108732,0,182
Monterey,2020,12,5.44704779144385,15.2,3.041112322968353,0,187
Napa,2015,1,24.059881967741937,34.625,5.795982431411394,0,62
Napa,2015,2,13.363580553571428,24.75,4.685398167056921,0,56
Napa,2015,3,10.67304229032258,15.291667,2.3530524211529555,0,62
Napa,2015,4,10.477028966666666,18.416667,2.8128552394360393,0,60
Napa,2015,5,12.185694258064517,18.333333,2.3765166442094037,0,62
Napa,2015,6,13.74450045,23.083333,4.392921014599489,0,60
Napa,2015,7,3.5924396774193545,8.727273,2.1412228993429854,0,62
Napa,2015,8,7.361472516129032,38.25,9.626878082693164,2,62
Napa,2015,9,4.856769316666667,10.875,2.857962562164561,0,60
Napa,2015,10,4.5187295645161285,10.083333,2.8903417158611484,0,62
Napa,2015,11,10.88731334,19.541667,4.562520209476881,0,50
Napa,2015,12,12.066159822580644,34.791667,6.027139780565349,0,62
Napa,2016,1,6.957988532258065,14.208333,2.955473584860331,0,62
Napa,2016,2,7.870825310344827,11.916667,2.516014692318384,0,58
Napa,2016,3,4.047223135593221,7.956522,2.8334085676648235,0,59
Napa,2016,4,5.466896133333333,9.291667,2.0649566510538766,0,60
Napa,2016,5,6.122469875,12.625,3.0895413471529283,0,56
Napa,2016,6,7.47844881632653,19.173913,7.4375416158462,0,49
Napa,2016,7,10.43117214516129,16.041667,2.780341006076289,0,62
Napa,2016,8,9.779195903225807,13.916667,2.213348016529404,0,62
Napa,2016,9,10.848033192307692,22.041667,3.995024989828322,0,52
Napa,2016,10,6.7405446451612905,10.041667,2.1953981513643495,0,62
Napa,2016,11,10.69808245,22.541667,3.4350751420673906,0,60
Napa,2016,12,15.707803177419354,24.363636,5.400118053361476,0,62
Napa,2017,1,12.83821293548387,25.333333,5.960665235452708,0,62
Napa,2017,2,9.344277589285714,15.708333,2.6537598576957646,0,56
Napa,2017,3,9.258812516129032,12.125,1.5700603881991992,0,62
Napa,2017,4,8.66741545,12.708333,1.7969474234330354,0,60
Napa,2017,5,8.740521241935484,16.608696,2.565332943491771,0,62
Napa,2017,6,9.024590516666667,15.666667,3.628796276805778,0,60
Napa,2017,7,10.919221803278688,17.782609,2.583090016391904,0,61
Napa,2017,8,13.180487387096774,31.125,4.623715581923873,0,62
Napa,2017,9,13.651794509433962,54.25,13.47341231808665,6,53
Napa,2017,10,36.203184338709676,199.136364,48.17099531939997,20,62
Napa,2017,11,13.353774711864407,22.0625,3.2937918604264524,0,59
Napa,2017,12,19.020476838709676,31.5,5.59526509803833,0,62
Napa,2018,1,15.803284225806452,30.26087,5.731937215153474,0,62
Napa,2018,2,12.26908,18.125,3.142404552163124,0,56
Napa,2018,3,7.9502804838709675,12.458333,2.1975069940782017,0,62
Napa,2018,4,7.244993966666667,15.0,2.674676250314159,0,60
Napa,2018,5,6.7630609999999995,16.26087,3.198553160772287,0,62
Napa,2018,6,9.391606283333335,12.708333,2.7387350130320067,0,60
Napa,2018,7,7.281105087719298,14.217391,2.301607048809198,0,57
Napa,2018,8,12.375812322580646,25.375,4.787054120135328,0,62
Napa,2018,9,8.802726433962265,14.043478,3.1047319655088863,0,53
Napa,2018,10,6.645069410714286,13.75,3.0544411709796955,0,56
Napa,2018,11,34.21831521666666,117.958333,36.710878612009935,24,60
Napa,2018,12,7.4728728387096774,20.041667,3.684132085865883,0,62
Napa,2019,1,8.400174806451613,21.521739,4.794589318292173,0,62
Napa,2019,2,3.577752107142857,6.608696,1.4354263019757731,0,56
Napa,2019,3,3.3970722096774195,9.130435,1.7038173273319805,0,62
Napa,2019,4,5.4911459166666665,13.708333,3.730438657340803,0,60
Napa,2019,5,5.037634387096774,12.375,2.366568485152839,0,62
Napa,2019,6,7.576825559322034,14.0,3.2702726856440463,0,59
Napa,2019,7,7.323572419354838,12.458333,2.494029755616752,0,62
Napa,2019,8,5.76092214516129,13.166667,2.7986993843526253,0,62
Napa,2019,9,3.6452898833333336,7.791667,1.6384147301945593,0,60
Napa,2019,10,5.874991649122808,18.375,4.220294831367897,0,57
Napa,2019,11,8.659870519230768,12.708333,2.4833068627849606,0,52
Napa,2019,12,6.6507655,12.625,2.7055463948391716,0,62
Napa,2020,1,7.318120096774193,16.208333,2.9197865324431764,0,62
Napa,2020,2,7.949300362068965,13.416667,2.960479945547448,0,58
Napa,2020,3,5.022537403846154,11.75,2.471109479959656,0,52
Napa,2020,4,4.4785359,9.583333,1.5586520704442426,0,60
Napa,2020,5,4.576011016129033,8.291667,1.5253751826988202,0,62
Napa,2020,6,5.779812783333333,12.875,3.0929243108538262,0,60
Napa,2020,7,6.53061774137931,12.666667,3.3012904934615115,0,58
Napa,2020,8,15.668631822580647,51.291667,14.368632549402676,10,62
Napa,2020,9,26.399902816666668,91.75,27.64727639947939,12,60
Napa,2020,10,21.09535256896552,148.583333,32.30568984201095,6,58
Napa,2020,11,7.356153035087719,17.0,3.7203663464696066,0,57
Napa,2020,12,10.546353419354839,20.708333,4.7437610414096785,0,62
Nevada,2015,1,4.422222222222222,11.0,3.032234233110042,0,9
Nevada,2015,2,4.4625,6.8,1.8267359649698378,0,8
Nevada,2015,3,3.322222222222222,6.1,1.585699985635506,0,9
Nevada,2015,4,4.514285714285714,6.5,1.2005950905399254,0,7
Nevada,2015,5,5.1125,6.9,0.8609587678861284,0,8
Nevada,2015,6,4.883333333333334,7.0,2.0614719660152225,0,6
Nevada,2015,7,4.9,6.4,0.9606545387688245,0,8
Nevada,2015,8,7.05,11.5,3.0044966300530276,0,6
Nevada,2015,9,3.6399999999999997,4.4,0.47749345545253313,0,5
Nevada,2015,10,4.869230769230769,7.3,1.4991022954780944,0,13
Nevada,2015,11,5.6899999999999995,12.7,3.637291422045928,0,10
Nevada,2015,12,7.05,12.8,4.308944186224742,0,6
Nevada,2016,1,5.905882352941177,16.3,5.210022863221822,0,17
Nevada,2016,2,5.507142857142857,8.3,2.250286916993299,0,14
Nevada,2016,3,3.36875,6.1,1.674800983201686,0,16
Nevada,2016,4,3.707142857142857,6.6,1.5847660762659947,0,14
Nevada,2016,5,4.864285714285714,7.1,1.6592895341807463,0,14
Nevada,2016,6,5.621428571428572,15.3,3.262886539772502,0,14
Nevada,2016,7,7.433333333333334,22.1,5.600212580999131,0,15
Nevada,2016,8,10.38125,15.8,2.9116361379815303,0,16
Nevada,2016,9,6.866666666666666,11.7,1.917091050325491,0,15
Nevada,2016,10,4.883333333333334,21.0,5.405524671083925,0,12
Nevada,2016,11,4.942857142857143,7.1,1.4420681119699026,0,14
Nevada,2016,12,4.1499999999999995,13.1,3.7802116342871597,0,12
Nevada,2017,1,6.246666666666667,18.5,5.783457525769594,0,15
Nevada,2017,2,4.891666666666667,31.8,8.700100138747969,0,12
Nevada,2017,3,5.076923076923077,9.7,2.292071059890976,0,13
Nevada,2017,4,4.007142857142857,6.6,1.8087242787344666,0,14
Nevada,2017,5,3.9181818181818184,6.6,1.6684233166784632,0,11
Nevada,2017,6,5.08,9.6,3.4076384784774336,0,5
Nevada,2017,7,6.245454545454546,9.2,1.666351485349736,0,11
Nevada,2017,8,9.085714285714285,12.5,2.5645083927925247,0,14
Nevada,2017,9,10.127272727272727,32.4,8.568090908608628,0,11
Nevada,2017,10,9.625,68.1,15.77345872026804,1,16
Nevada,2017,11,3.930769230769231,7.5,1.8803300310426962,0,13
Nevada,2017,12,2.8366875185185187,27.6,4.577464026472056,0,54
Nevada,2018,1,2.136864069444444,9.4,2.465651261508055,0,72
Nevada,2018,2,2.356997261538462,6.6,2.268921647016811,0,65
Nevada,2018,3,1.482341844155844,8.3,1.7384226380101173,0,77
Nevada,2018,4,2.5998461643835618,9.9,1.985587795513138,0,73
Nevada,2018,5,2.435712731343284,7.1,2.016726285026843,0,67
Nevada,2018,6,2.428116917808219,8.2,2.6683359967449167,0,73
Nevada,2018,7,9.21940511392405,50.333333,12.849136373982514,8,79
Nevada,2018,8,19.25730355263158,61.083333,16.602949622500056,14,76
Nevada,2018,9,4.219938933333333,18.0,4.368536383636736,0,75
Nevada,2018,10,3.082172582089552,9.041667,2.817365606372949,0,67
Nevada,2018,11,16.74252839189189,142.875,30.099724320966384,6,74
Nevada,2018,12,7.2320994999999995,14.3,3.202405614223462,0,74
Nevada,2019,1,7.242596986486487,22.0,3.9124439000781255,0,74
Nevada,2019,2,7.006123171428571,18.6,3.005386511736774,0,70
Nevada,2019,3,6.233382532467533,10.875,2.0013047310295415,0,77
Nevada,2019,4,4.90564252,9.333333,1.6930960652370954,0,75
Nevada,2019,5,5.408276831168831,8.458333,1.6351194479203022,0,77
Nevada,2019,6,5.350259054054054,10.041667,2.2512510366356024,0,74
Nevada,2019,7,6.191948987012987,9.2,1.3447563547671737,0,77
Nevada,2019,8,6.121281295774648,9.041667,1.3113742558074322,0,71
Nevada,2019,9,4.484748337837837,6.958333,1.2750384824456777,0,74
Nevada,2019,10,5.8832016176470585,15.8,3.0296444807464167,0,68
Nevada,2019,11,6.576597078947368,27.1,3.110655088735519,0,76
Nevada,2019,12,6.923690839999999,16.875,2.7504547507947295,0,75
Nevada,2020,1,7.055945302631579,12.409091,2.5581746192709156,0,76
Nevada,2020,2,7.367693208333334,12.041667,2.9764243638924706,0,72
Nevada,2020,3,5.893762727272727,11.458333,2.045649064549161,0,77
Nevada,2020,4,6.387742492307693,10.833333,2.0487941880840097,0,65
Nevada,2020,5,5.1145674477611935,8.5,1.15563579449545,0,67
Nevada,2020,6,4.268284136363636,10.652174,2.6941245771598545,0,66
Nevada,2020,7,7.075,9.3,1.5214377171848763,0,12
Nevada,2020,8,32.05611134210526,134.291667,37.10666100033008,30,76
Nevada,2020,9,45.40798926153846,202.208333,52.90139695667549,30,65
Nevada,2020,10,11.20823123611111,60.541667,13.406698827046013,4,72
Nevada,2020,11,5.553094246376811,11.041667,2.3246981222007426,0,69
Nevada,2020,12,5.39697870967742,10.458333,1.9477303715387069,0,62
Orange,2015,1,15.068571428571428,43.9,9.594262115776203,1,35
Orange,2015,2,13.95945945945946,45.8,11.161353448879344,2,37
Orange,2015,3,8.407894736842104,21.9,4.580887532259965,0,38
Orange,2015,4,8.0325,20.2,3.692430753825299,0,40
Orange,2015,5,7.1230769230769235,13.6,2.492458260059263,0,39
Orange,2015,6,8.53,14.5,2.9580138866892014,0,40
Orange,2015,7,6.6684210526315795,22.8,3.4214826297222025,0,38
Orange,2015,8,8.966666666666667,14.0,2.7868056470241536,0,36
Orange,2015,9,7.774358974358974,11.5,2.328961587977055,0,39
Orange,2015,10,6.868421052631579,12.2,2.3797881865547397,0,19
Orange,2015,11,6.497058823529412,13.8,2.662931318783147,0,34
Orange,2015,12,7.006666666666666,14.1,3.6923601949869154,0,15
Orange,2016,1,13.604825884615385,38.370833,6.588186543456694,2,104
Orange,2016,2,11.069062402597403,28.9625,7.374428123694032,0,77
Orange,2016,3,11.020863336633663,29.395833,6.091063460820761,0,101
Orange,2016,4,9.74587912371134,18.4875,3.4663562832729107,0,97
Orange,2016,5,8.701718817204302,18.318182,4.148466390706882,0,93
Orange,2016,6,12.556604737373737,27.409091,5.250226341888728,0,99
Orange,2016,7,12.043170291262134,25.173913,4.0243283483697025,0,103
Orange,2016,8,11.462087757575757,18.666667,2.93014385928693,0,99
Orange,2016,9,11.35020406060606,22.583333,3.947082179785447,0,99
Orange,2016,10,9.28800213265306,24.0,4.1877976950413816,0,98
Orange,2016,11,11.178358319587629,21.666667,4.575105767912546,0,97
Orange,2016,12,12.990510873786407,45.570833,9.089702522531931,3,103
Orange,2017,1,9.611050134146343,18.195833,4.100923774141968,0,82
Orange,2017,2,8.227422887500001,16.7,3.6770026088980337,0,80
Orange,2017,3,11.8231356407767,44.166667,8.80323992682055,5,103
Orange,2017,4,9.38267265,17.845833,3.141729719484653,0,100
Orange,2017,5,9.179407363636363,17.108333,3.2185264329943166,0,110
Orange,2017,6,11.414000213592233,31.754167,4.838576487789278,0,103
Orange,2017,7,12.537265351851852,45.4,6.040803422557139,3,108
Orange,2017,8,12.965932364485981,25.754167,4.4096647081651446,0,107
Orange,2017,9,11.985227631067962,27.779167,4.218141288844952,0,103
Orange,2017,10,15.094490243589744,32.283333,6.814602627925426,0,78
Orange,2017,11,14.83629123076923,45.879167,9.099739813302506,2,91
Orange,2017,12,20.552233752688174,56.208333,15.197238113062676,16,93
Orange,2018,1,17.95334856190476,68.083333,15.964764810920759,13,105
Orange,2018,2,10.507912797979799,28.179167,6.840888004173449,0,99
Orange,2018,3,7.214572314814815,22.266667,4.722636713972867,0,108
Orange,2018,4,11.36395743809524,19.429167,3.810112244020628,0,105
Orange,2018,5,7.0116031111111115,14.083333,2.8278605309842173,0,108
Orange,2018,6,10.306920914285714,13.375,2.2313947792798405,0,105
Orange,2018,7,12.15518832,41.179167,7.909076702467873,6,100
Orange,2018,8,13.619702128712872,28.1125,4.707802721787885,0,101
Orange,2018,9,12.707768762886598,23.55,3.444572684348684,0,97
Orange,2018,10,10.447559156862745,27.8,5.508802782514762,0,102
Orange,2018,11,11.61804041,32.1,6.888606169090794,0,100
Orange,2018,12,13.776346797979796,54.1,10.122815039184573,6,99
Orange,2019,1,9.017343237623763,23.8,5.654591331974974,0,101
Orange,2019,2,5.402245034482759,11.0625,2.267276808735011,0,87
Orange,2019,3,6.179889235294118,12.729167,2.9405605239097863,0,102
Orange,2019,4,7.379675545454546,14.5,3.3527105054183948,0,99
Orange,2019,5,6.155958088235295,13.0,3.2350893718703717,0,102
Orange,2019,6,7.793991020618556,14.845833,3.1617872322535185,0,97
Orange,2019,7,12.30922461764706,37.141667,4.976220156358381,3,102
Orange,2019,8,9.954059990291261,18.675,2.7134340228366702,0,103
Orange,2019,9,9.738712597938145,17.195833,3.2496807115363353,0,97
Orange,2019,10,10.065589489583333,18.15,2.779551454071038,0,96
Orange,2019,11,14.135401636363637,36.1,8.57368701201637,3,99
Orange,2019,12,9.414172747572817,24.2,4.992287663294725,0,103
Orange,2020,1,12.2799468,41.4,6.875905743721105,1,165
Orange,2020,2,9.523610623376625,23.3,4.022060906410278,0,154
Orange,2020,3,4.66842119375,17.195833,3.1882524064613293,0,160
Orange,2020,4,6.979145496503496,13.783333,3.452563814980088,0,143
Orange,2020,5,9.116630159509203,16.795833,3.769056700925631,0,163
Orange,2020,6,7.755540128205128,14.0,2.334645507992351,0,156
Orange,2020,7,10.705116054545455,55.070833,6.788050425586525,3,165
Orange,2020,8,10.643909466666667,18.175,2.405626584012772,0,165
Orange,2020,9,19.81507442948718,56.7375,11.911509219474361,22,156
Orange,2020,10,20.440355175757578,64.870833,12.739764262486544,24,165
Orange,2020,11,13.167686007042253,32.2,5.941259606795891,0,142
Orange,2020,12,12.669845660194175,28.1875,6.073991477918019,0,103
Placer,2015,1,12.722502943396226,29.1,5.620222207786678,0,53
Placer,2015,2,7.130118033333333,18.0,3.9342597347142445,0,60
Placer,2015,3,5.7509106617647054,9.333333,1.7164719287194672,0,68
Placer,2015,4,6.111662323076923,11.291667,2.22953545291206,0,65
Placer,2015,5,6.890141686567165,11.125,1.8528267313833489,0,67
Placer,2015,6,7.38633676923077,13.208333,2.4363506249346307,0,65
Placer,2015,7,6.7211006493506495,14.75,2.436936509989738,0,77
Placer,2015,8,7.406937141414142,18.416667,3.5012671390805106,0,99
Placer,2015,9,9.325991250000001,109.833333,17.341712986880665,2,76
Placer,2015,10,7.291965044117647,17.3,3.230889684476687,0,68
Placer,2015,11,7.64363375,16.9,3.189697866130492,0,68
Placer,2015,12,8.310027202898551,20.1,3.420238703407592,0,69
Placer,2016,1,6.531895309859155,20.2,3.913061388542347,0,71
Placer,2016,2,6.520226046875,11.7,2.097394253614508,0,64
Placer,2016,3,3.6728566901408453,7.521739,1.7981692725077962,0,71
Placer,2016,4,3.220107253731343,12.8,2.351689369519104,0,67
Placer,2016,5,4.81078630882353,8.791667,2.002133403943405,0,68
Placer,2016,6,7.054885080000001,26.5,4.533945034479581,0,75
Placer,2016,7,7.820716444444444,28.666667,6.626852523412508,0,90
Placer,2016,8,7.0462398828125,15.416667,2.395998746115839,0,128
Placer,2016,9,6.571751233870968,13.833333,2.4042154572209546,0,124
Placer,2016,10,4.25218027027027,9.304348,2.510485335401865,0,74
Placer,2016,11,4.961496378787879,18.7,3.1054796539975182,0,66
Placer,2016,12,8.191950914285714,21.2,5.439271816135827,0,70
Placer,2017,1,4.5032641267605635,15.041667,3.8843826227454277,0,71
Placer,2017,2,2.6121201612903224,8.083333,2.5015754295347508,0,62
Placer,2017,3,2.7873112898550723,7.6,2.247445670417243,0,69
Placer,2017,4,2.762011446153846,6.8,2.1577987430881103,0,65
Placer,2017,5,3.9319616714285717,7.583333,1.9035380671632305,0,70
Placer,2017,6,4.765758194029851,9.208333,2.1636607202195144,0,67
Placer,2017,7,7.0427908875,24.458333,3.3319160484647283,0,80
Placer,2017,8,8.87570536036036,19.208333,3.7374187105320433,0,111
Placer,2017,9,8.852303691489361,29.791667,7.13853034971171,0,94
Placer,2017,10,6.601353703703704,28.583333,5.550582527864264,0,81
Placer,2017,11,5.277417865671642,11.083333,3.234964468031416,0,67
Placer,2017,12,8.65183762295082,17.625,4.007811322165542,0,61
Placer,2018,1,6.4336439,15.8,3.736265333569591,0,70
Placer,2018,2,4.147129650793651,11.8,2.11730131721195,0,63
Placer,2018,3,1.7333333285714285,5.3,1.5137033228639467,0,70
Placer,2018,4,3.166222015151515,8.0,1.6509700156597773,0,66
Placer,2018,5,3.865945742857143,9.333333,1.9202423493999863,0,70
Placer,2018,6,6.8370022424242425,12.416667,2.109408428197179,0,66
Placer,2018,7,12.681114342857143,46.652174,10.657336263363128,6,70
Placer,2018,8,24.17100067692308,60.708333,15.259278831501154,16,65
Placer,2018,9,9.840696223880597,26.416667,5.144989418107028,0,67
Placer,2018,10,6.231521753623189,10.916667,2.3998240957392336,0,69
Placer,2018,11,17.51603251190476,172.8,29.651527008934256,8,84
Placer,2018,12,10.396770642857144,25.2,5.800118099500955,0,70
Placer,2019,1,7.8565665737704915,28.2,6.178127832579786,0,61
Placer,2019,2,4.710109421875,11.130435,2.720405586716739,0,64
Placer,2019,3,5.3335313623188405,10.208333,2.112945216816259,0,69
Placer,2019,4,6.942211411764706,13.5,3.0253668911318483,0,68
Placer,2019,5,7.4022575645161295,12.25,2.707216579315208,0,62
Placer,2019,6,7.873131863636364,12.166667,2.421726749441746,0,66
Placer,2019,7,7.445826884057971,11.0,1.5627833445913053,0,69
Placer,2019,8,7.160854267605634,10.833333,1.7756866356823287,0,71
Placer,2019,9,5.4426093088235294,11.782609,1.6623318363901762,0,68
Placer,2019,10,8.807521463768115,20.956522,4.234552054246152,0,69
Placer,2019,11,7.613156323529411,12.695652,2.579891197096714,0,68
Placer,2019,12,8.604822391304348,18.0,3.373957800326574,0,69
Placer,2020,1,8.847046565217392,23.0,3.927116816734996,0,69
Placer,2020,2,9.589959863636365,18.583333,3.6657146006860075,0,66
Placer,2020,3,5.679945605263158,10.0,2.114873069419669,0,38
Placer,2020,4,5.685020499999999,9.73913,1.6557818742505321,0,58
Placer,2020,5,4.798216757142858,7.875,1.1754943719595685,0,70
Placer,2020,6,5.651412661538461,11.761905,2.609846799373045,0,65
Placer,2020,7,6.825257925373134,11.7,1.655718925346871,0,67
Placer,2020,8,31.390352558823533,117.041667,34.742988347357226,24,68
Placer,2020,9,39.92282607462686,146.0,36.03025004256657,28,67
Placer,2020,10,14.548913115942028,61.75,12.935568776893312,6,69
Placer,2020,11,7.191588656716418,17.9,3.5061183014122674,0,67
Placer,2020,12,10.10574618,26.583333,5.199334851604416,0,100
Plumas,2015,1,32.946666666666665,52.5,12.687106315731205,6,15
Plumas,2015,2,19.82777777777778,47.9,11.761642820204385,2,18
Plumas,2015,3,11.84,30.0,6.757015847095131,0,20
Plumas,2015,4,7.835000000000001,16.6,4.631502541235801,0,20
Plumas,2015,5,6.588888888888889,14.0,2.7924033268618778,0,18
Plumas,2015,6,4.2368421052631575,6.6,0.9523132808038127,0,19
Plumas,2015,7,4.694444444444445,10.2,1.8293271737162633,0,18
Plumas,2015,8,5.723809523809524,11.8,2.735307069033523,0,21
Plumas,2015,9,5.405555555555555,13.5,3.0081208170007407,0,18
Plumas,2015,10,9.799999999999999,32.1,8.114801291467339,0,19
Plumas,2015,11,23.2375,57.3,12.57981849365615,2,16
Plumas,2015,12,20.770588235294117,50.3,10.961681252543013,2,17
Plumas,2016,1,15.763636363636364,47.1,10.405412073667865,3,44
Plumas,2016,2,17.225641025641025,45.6,10.126248277794485,2,39
Plumas,2016,3,9.984444444444446,24.0,6.772771540767807,0,45
Plumas,2016,4,5.975609756097561,14.1,2.6699981730148132,0,41
Plumas,2016,5,4.306818181818182,11.2,1.9544103645729334,0,44
Plumas,2016,6,4.665,9.2,1.6700299398513787,0,40
Plumas,2016,7,6.475,19.7,4.3050605700301015,0,44
Plumas,2016,8,8.418181818181818,15.7,2.9660303694028274,0,44
Plumas,2016,9,6.015384615384615,10.7,1.816378476317854,0,39
Plumas,2016,10,9.317499999999999,25.0,5.226455753528364,0,40
Plumas,2016,11,14.426829268292684,37.7,6.895071587381959,1,41
Plumas,2016,12,20.075000000000003,57.2,13.025784868044282,4,36
Plumas,2017,1,15.969999999999999,54.9,10.150841824380368,2,40
Plumas,2017,2,12.115384615384615,32.2,8.171759407977106,0,39
Plumas,2017,3,10.507142857142858,37.0,8.306987739016305,2,42
Plumas,2017,4,5.909523809523809,18.5,3.6968549272425912,0,42
Plumas,2017,5,4.906976744186046,10.1,1.8461537041769547,0,43
Plumas,2017,6,4.6625,8.6,2.004698007821652,0,40
Plumas,2017,7,12.620930232558141,108.5,19.400411853010883,2,43
Plumas,2017,8,21.365000000000002,109.7,22.311553290983806,7,40
Plumas,2017,9,10.746875,25.8,7.34047481873728,0,32
Plumas,2017,10,12.642857142857142,56.2,9.754977182542909,1,35
Plumas,2017,11,16.349999999999998,53.0,13.006022513498184,5,38
Plumas,2017,12,26.848387096774193,56.7,12.432990280372135,5,31
Plumas,2018,1,19.738709677419354,46.8,10.585231139638374,3,31
Plumas,2018,2,16.343589743589742,33.8,6.550644599531081,0,39
Plumas,2018,3,9.72325581395349,30.1,6.872749405105795,0,43
Plumas,2018,4,6.7,21.6,4.051893117770733,0,38
Plumas,2018,5,4.411363636363636,8.3,1.3896989650750466,0,44
Plumas,2018,6,4.711904761904762,7.4,1.3169073862193992,0,42
Plumas,2018,7,13.006976744186046,56.2,13.896392052287343,4,43
Plumas,2018,8,17.065,39.2,11.711194513074956,3,40
Plumas,2018,9,6.527500000000001,13.4,2.5296181428662208,0,40
Plumas,2018,10,9.011627906976743,17.8,4.596904201656008,0,43
Plumas,2018,11,18.88095238095238,31.1,7.1732986627488335,0,42
Plumas,2018,12,15.023076923076923,70.6,11.67269556967662,1,39
Plumas,2019,1,22.45,49.0,10.554075919687072,4,28
Plumas,2019,2,10.241666666666667,24.7,6.346984660901134,0,36
Plumas,2019,3,10.253658536585366,30.5,6.847192766418061,0,41
Plumas,2019,4,4.468571428571429,8.3,1.3783561028335485,0,35
Plumas,2019,5,3.5952380952380953,6.5,1.6530758294844046,0,42
Plumas,2019,6,4.883333333333333,10.2,2.155641115280134,0,42
Plumas,2019,7,4.65609756097561,9.8,1.6226596655626535,0,41
Plumas,2019,8,4.8533333333333335,9.5,1.2194633693108248,0,45
Plumas,2019,9,5.187179487179487,25.1,4.212648840861324,0,39
Plumas,2019,10,10.319047619047618,17.7,4.248514121617058,0,42
Plumas,2019,11,16.176923076923078,27.6,4.810157100972107,0,39
Plumas,2019,12,15.051282051282051,48.1,9.876443846341282,1,39
Plumas,2020,1,14.656818181818181,39.8,7.757558886218661,1,44
Plumas,2020,2,16.796969696969697,40.6,7.182726016652941,1,33
Plumas,2020,3,13.942857142857141,21.5,6.3201404908574474,0,14
Plumas,2020,4,8.258333333333333,16.4,3.6018829250907918,0,12
Plumas,2020,5,4.166666666666667,7.0,1.312411613185529,0,12
Plumas,2020,6,3.9896551724137934,10.0,2.374168249481761,0,29
Plumas,2020,7,7.175000000000001,16.1,2.7306069445664067,0,36
Plumas,2020,8,31.423529411764708,141.3,39.907666604706954,11,34
Plumas,2020,9,88.85909090909091,453.4,123.18561163309582,14,22
Plumas,2020,10,15.078947368421053,66.9,14.792184895990015,4,38
Plumas,2020,11,16.93076923076923,33.3,8.097730476275236,0,39
Plumas,2020,12,23.926923076923078,59.6,10.403136361398237,1,26
Riverside,2015,1,10.075969516431924,56.6,11.260652089994096,14,213
Riverside,2015,2,12.26497179651163,49.9,11.386500464489185,15,172
Riverside,2015,3,7.792170452054794,26.4,5.2023373977525145,0,146
Riverside,2015,4,10.781216441340783,28.9,5.201077684638763,0,179
Riverside,2015,5,10.96180938888889,26.25,4.495155429777381,0,216
Riverside,2015,6,12.474579814479638,29.583333,4.05224146339358,0,221
Riverside,2015,7,12.130202530303029,27.958333,5.34023403852145,0,198
Riverside,2015,8,13.977394793859649,25.791667,4.004292041427052,0,228
Riverside,2015,9,11.413042552380952,27.458333,3.981506368845251,0,210
Riverside,2015,10,9.469630388601036,20.375,3.8061124040005216,0,193
Riverside,2015,11,6.811390379807692,20.5,3.4121516333612467,0,208
Riverside,2015,12,8.587721064814815,32.2,5.489585958062904,0,216
Riverside,2016,1,11.946434610526316,45.6,8.155070677686696,7,285
Riverside,2016,2,9.408325424124513,40.1,7.992770582047987,1,257
Riverside,2016,3,9.8073239270073,29.2,6.320404786086844,0,274
Riverside,2016,4,8.469110955390335,22.8,3.655820640591976,0,269
Riverside,2016,5,10.486580848056537,23.958333,5.387408148338798,0,283
Riverside,2016,6,13.78027643283582,25.714286,4.136408853343554,0,268
Riverside,2016,7,13.91487969090909,56.958333,6.733390610695985,6,275
Riverside,2016,8,13.045639548611112,26.666667,4.076820355673453,0,288
Riverside,2016,9,11.675684027237354,23.625,4.364357123557414,0,257
Riverside,2016,10,11.848049907258066,39.0,7.24703720155944,4,248
Riverside,2016,11,9.400303560869565,25.4,4.970625560080106,0,230
Riverside,2016,12,11.607972588447653,39.5,9.256860025854,7,277
Riverside,2017,1,7.576864746527779,21.4,3.98887936611849,0,288
Riverside,2017,2,8.579031542510121,28.5,5.755351190676758,0,247
Riverside,2017,3,9.099912230496454,32.7,5.851741109221141,0,282
Riverside,2017,4,9.340957307116105,18.208333,3.036466742483037,0,267
Riverside,2017,5,11.248148072202167,35.545455,4.947644980343702,2,277
Riverside,2017,6,13.770877041198501,34.0,5.56473182387135,0,267
Riverside,2017,7,14.821698559139785,59.7,7.141328109570668,4,279
Riverside,2017,8,12.91064797810219,28.875,6.100424847998288,0,274
Riverside,2017,9,10.379327378676471,23.041667,5.290895440679756,0,272
Riverside,2017,10,11.773366557446808,31.958333,7.356393602267018,0,235
Riverside,2017,11,12.918475791469195,45.8,10.05223515598109,13,211
Riverside,2017,12,11.5811826146789,62.2,12.690626166108943,15,218
Riverside,2018,1,12.617630427046263,89.175,13.886491459866328,10,281
Riverside,2018,2,9.429879098245614,33.633333,7.259559452975916,0,285
Riverside,2018,3,7.222612047619047,26.0,5.345800141493777,0,294
Riverside,2018,4,10.721916860946745,30.4,5.828078293495792,0,338
Riverside,2018,5,9.62448292481203,26.041667,5.153557805864971,0,399
Riverside,2018,6,12.665909986807389,30.416667,5.699900137143582,0,379
Riverside,2018,7,12.77978103307888,48.521739,5.972922758124156,4,393
Riverside,2018,8,14.366496538265306,69.0,6.467345710501625,2,392
Riverside,2018,9,12.58390824127907,32.2,5.3285561767042635,0,344
Riverside,2018,10,9.11512981865285,31.7,6.401137343376304,0,386
Riverside,2018,11,10.013904390532545,34.4,7.146060730001048,0,338
Riverside,2018,12,9.848700318766067,64.8,10.429215929925261,15,389
Riverside,2019,1,7.875619897849463,36.4,7.809562092989358,3,372
Riverside,2019,2,6.470944822888283,21.8,4.595939205746529,0,367
Riverside,2019,3,5.849387266247379,20.2,3.886640048930871,0,477
Riverside,2019,4,7.114366013972056,21.5,3.938042746748429,0,501
Riverside,2019,5,7.461271021912351,22.0,4.38972612527468,0,502
Riverside,2019,6,10.634125628803245,23.833333,4.576000047978182,0,493
Riverside,2019,7,11.17589022095238,58.295833,6.223491342992525,6,525
Riverside,2019,8,9.348020133587786,19.952381,3.324844088582049,0,524
Riverside,2019,9,8.48087523076923,17.916667,3.330073891064911,0,507
Riverside,2019,10,8.199276340344168,26.6,4.6994364823612464,0,523
Riverside,2019,11,9.799391594142259,46.7,9.571997352144042,16,478
Riverside,2019,12,6.8259550077220075,38.1,6.1124650355011125,1,518
Riverside,2020,1,9.063419667247386,40.3,7.69646967500284,5,574
Riverside,2020,2,8.349733388170055,36.4,6.5909077827683396,1,541
Riverside,2020,3,4.498614863636363,18.1,2.901951749515791,0,594
Riverside,2020,4,6.613321645714286,19.541667,4.277697921762221,0,525
Riverside,2020,5,9.378274075601375,23.375,4.833394482012286,0,582
Riverside,2020,6,9.218847068965518,30.1,4.482705097768054,0,551
Riverside,2020,7,11.165449194881889,36.291667,4.7472111441458855,2,508
Riverside,2020,8,12.172067283557046,25.458333,3.93407618079121,0,596
Riverside,2020,9,17.514709993006992,64.875,11.657860516617951,50,572
Riverside,2020,10,15.524292188135593,49.875,8.94566590132066,21,590
Riverside,2020,11,10.520875494296579,37.041667,7.2386326676181385,3,526
Riverside,2020,12,8.928902931608134,36.809524,7.161198580805757,2,541
Sacramento,2015,1,22.036794807909605,54.5,9.611996841903524,14,177
Sacramento,2015,2,10.690139241830066,31.958333,6.2309338800820955,0,153
Sacramento,2015,3,6.383744097142857,13.5,2.608755115369985,0,175
Sacramento,2015,4,5.471824636363636,16.541667,2.8735336750022666,0,143
Sacramento,2015,5,6.463485965317919,12.1,2.21621153518137,0,173
Sacramento,2015,6,7.153775277777777,15.5,3.2662430761473242,0,108
Sacramento,2015,7,6.36842161452514,11.5,2.1443335905268412,0,179
Sacramento,2015,8,8.179193443181818,24.166667,4.8265461467260655,0,176
Sacramento,2015,9,7.673881867549668,38.125,5.568560192628404,4,151
Sacramento,2015,10,6.4749448,19.521739,4.087200922921089,0,165
Sacramento,2015,11,9.031116136645963,30.3,6.626850479550555,0,161
Sacramento,2015,12,8.327264877906977,30.7,5.508466865747476,0,172
Sacramento,2016,1,6.591416367231639,26.7,6.029394966808852,0,177
Sacramento,2016,2,6.66174090797546,18.1,4.0813232712646395,0,163
Sacramento,2016,3,3.3052464802259887,10.3,2.087090732005266,0,177
Sacramento,2016,4,3.9758446976744186,10.8,2.3164379086552587,0,172
Sacramento,2016,5,4.869138751445087,10.4,2.6071177814616964,0,173
Sacramento,2016,6,6.07970707051282,21.583333,3.5004394532425476,0,156
Sacramento,2016,7,5.922803302857142,14.708333,2.623972696693605,0,175
Sacramento,2016,8,7.556869094444445,13.666667,2.559313486565672,0,180
Sacramento,2016,9,8.699020067073171,18.9,2.6699175213379416,0,164
Sacramento,2016,10,5.735953195804196,11.5,2.0647770523063342,0,143
Sacramento,2016,11,9.38730854819277,24.7,4.520287598767559,0,166
Sacramento,2016,12,13.862420532163743,46.8,7.913041652984564,3,171
Sacramento,2017,1,8.089480751445087,25.3,5.677879221823878,0,173
Sacramento,2017,2,5.4509287468354435,27.0,4.217241158266014,0,158
Sacramento,2017,3,5.217639936416185,14.3,2.3722235244086236,0,173
Sacramento,2017,4,4.571563257309942,9.5,1.7769973959126386,0,171
Sacramento,2017,5,5.271530222222222,10.208333,2.042893719362278,0,207
Sacramento,2017,6,6.129500482142857,14.25,3.6017191865677183,0,224
Sacramento,2017,7,9.525985312217195,36.791667,3.9152398489463964,2,221
Sacramento,2017,8,12.796048396624473,22.541667,3.558190176613085,0,237
Sacramento,2017,9,12.191142896995707,46.9,8.889658059529117,5,233
Sacramento,2017,10,10.536526835680752,42.0,6.781354763978278,1,213
Sacramento,2017,11,7.721048713043478,27.1,5.585429116124673,0,230
Sacramento,2017,12,13.652503302521009,40.3,8.73600947049697,5,238
Sacramento,2018,1,11.223521384615385,42.7,6.30357435826428,3,234
Sacramento,2018,2,8.970654550724639,32.8,4.891749353036648,0,207
Sacramento,2018,3,5.494744995370371,13.333333,2.612913187324518,0,216
Sacramento,2018,4,6.823216008695653,18.608696,3.041972876966309,0,230
Sacramento,2018,5,6.565925204347826,13.166667,2.7385246304849087,0,230
Sacramento,2018,6,8.331748847826086,14.958333,2.631624602683981,0,230
Sacramento,2018,7,9.711304620833333,25.916667,5.473231879389513,0,240
Sacramento,2018,8,20.797141114893616,45.916667,9.325073289926825,16,235
Sacramento,2018,9,9.151371217391304,19.625,4.144541087932532,0,230
Sacramento,2018,10,6.049185058823529,15.9,2.745528447222506,0,221
Sacramento,2018,11,28.82131872072072,228.4,42.722443091718795,53,222
Sacramento,2018,12,10.886104369294605,30.3,6.917666774020821,0,241
Sacramento,2019,1,10.058862820083682,41.4,8.392413385213068,3,239
Sacramento,2019,2,3.271313212962963,12.8,2.473724764386983,0,216
Sacramento,2019,3,3.8136576329113923,10.5,2.0295414073708318,0,237
Sacramento,2019,4,5.332902021459227,15.833333,3.583696798152265,0,233
Sacramento,2019,5,5.940999518518518,11.583333,2.566189511142551,0,216
Sacramento,2019,6,6.410495447368421,14.666667,2.6542296109072243,0,228
Sacramento,2019,7,6.462892054726368,22.4,3.1378773154149044,0,201
Sacramento,2019,8,5.3536307863247865,14.3,2.4697327066888124,0,117
Sacramento,2019,9,4.530857890909091,18.0,2.86510791839898,0,110
Sacramento,2019,10,8.045451820754717,21.0,4.310622909738292,0,106
Sacramento,2019,11,10.737157383928572,25.7,5.9052347178266125,0,112
Sacramento,2019,12,8.059249018181818,29.6,5.4421448027950765,0,110
Sacramento,2020,1,11.028578427350427,30.2,6.779062966433493,0,117
Sacramento,2020,2,9.86430989719626,27.5,5.159570580675848,0,107
Sacramento,2020,3,4.864903717948717,12.7,2.962744242232123,0,117
Sacramento,2020,4,4.613332625,8.4,1.6575999740350371,0,104
Sacramento,2020,5,4.538059792792793,9.0,1.5100936850180713,0,111
Sacramento,2020,6,6.247681145454545,56.3,5.49517134269282,1,110
Sacramento,2020,7,7.747381413793104,64.0,5.7972736423457425,1,116
Sacramento,2020,8,25.399097403508772,97.5,25.429661480396764,28,114
Sacramento,2020,9,36.99767726785715,147.3,35.64728713149521,37,112
Sacramento,2020,10,19.585833311926603,76.8,16.80511831521602,12,109
Sacramento,2020,11,11.829596285714286,39.1,7.831374916877591,3,105
Sacramento,2020,12,12.200953443137255,32.5,6.235568117969672,0,255
San Benito,2015,1,5.516199161290323,12.75,2.5770454885353815,0,62
San Benito,2015,2,4.999598892857143,14.652174,3.2638847699644593,0,56
San Benito,2015,3,3.8986749344262295,8.875,2.005894249551796,0,61
San Benito,2015,4,3.4524753166666664,7.333333,2.0436462038299816,0,60
San Benito,2015,5,3.8636044838709678,8.041667,2.081650923376733,0,62
San Benito,2015,6,4.989676650000001,10.333333,2.6663619528702003,0,60
San Benito,2015,7,3.321234951612903,7.166667,1.9656687584601105,0,62
San Benito,2015,8,6.097381037037037,23.3,5.078769017251117,0,54
San Benito,2015,9,4.139432383333333,7.958333,1.9062071975055337,0,60
San Benito,2015,10,4.2585729193548385,7.434783,1.556150762933043,0,62
San Benito,2015,11,3.846452816666667,8.833333,1.9066521492404436,0,60
San Benito,2015,12,3.7222156935483874,9.0,1.9539928308466872,0,62
San Benito,2016,1,3.7047367096774195,15.0,3.105169492953415,0,62
San Benito,2016,2,3.517005827586207,8.791667,1.972674076812222,0,58
San Benito,2016,3,1.9570301451612904,5.5,1.6514236239111189,0,62
San Benito,2016,4,2.92609355,7.041667,1.8161217490872714,0,60
San Benito,2016,5,3.574538370967742,9.458333,2.691548116326652,0,62
San Benito,2016,6,4.146932355932203,9.125,2.5028902112617915,0,59
San Benito,2016,7,6.982545754716981,16.25,4.396364916408794,0,53
San Benito,2016,8,8.00876685483871,20.416667,3.826558401412405,0,62
San Benito,2016,9,6.879532833333333,12.333333,2.308571941401475,0,60
San Benito,2016,10,2.821821071428572,5.695652,1.5390123009800896,0,56
San Benito,2016,11,3.2913539166666665,7.208333,1.6547277443234603,0,60
San Benito,2016,12,3.3772126451612903,6.913043,1.796654516081515,0,62
San Benito,2017,1,2.1248193548387095,6.833333,1.8675790672613366,0,62
San Benito,2017,2,1.7722233571428572,4.0,1.3033415236779153,0,56
San Benito,2017,3,3.1748284032258063,8.0,1.4111310030025326,0,62
San Benito,2017,4,3.1541661,7.409091,1.8508868746798817,0,60
San Benito,2017,5,4.140377887096775,10.791667,2.161707056648921,0,62
San Benito,2017,6,4.330508983333333,8.26087,2.494300157175525,0,60
San Benito,2017,7,5.598571919354839,13.333333,2.559397851821357,0,62
San Benito,2017,8,7.653669951612903,14.083333,3.0118918058346513,0,62
San Benito,2017,9,7.674118883333334,42.083333,8.420854172185738,2,60
San Benito,2017,10,8.68273143548387,34.333333,8.695131000246477,0,62
San Benito,2017,11,4.107067942307692,12.375,2.7929779815703597,0,52
San Benito,2017,12,7.841532225806452,24.541667,5.059849443860796,0,62
San Benito,2018,1,5.686767209677419,16.0,3.3093196837632144,0,62
San Benito,2018,2,4.034724964285714,6.166667,1.1403672212263745,0,56
San Benito,2018,3,2.4208742741935483,6.416667,1.6887783190683585,0,62
San Benito,2018,4,5.416539816666667,9.416667,2.139116425447044,0,60
San Benito,2018,5,5.141580442622951,12.217391,2.876658992158169,0,61
San Benito,2018,6,6.94913645,11.25,1.9244448320551772,0,60
San Benito,2018,7,5.69893986440678,15.454545,2.9846660399196834,0,59
San Benito,2018,8,12.62943918032787,36.708333,8.000543508032212,2,61
San Benito,2018,9,7.237315272727273,11.846154,2.594566319818447,0,55
San Benito,2018,10,5.8868166071428565,14.230769,2.363525716962388,0,56
San Benito,2018,11,17.760863677419355,52.75,18.1415337100915,18,62
San Benito,2018,12,6.0712358,15.521739,3.039595559884515,0,60
San Benito,2019,1,3.7457732741935486,7.75,1.8089623413068785,0,62
San Benito,2019,2,2.987531351851852,6.0,1.1854068772179889,0,54
San Benito,2019,3,2.974404333333333,5.909091,1.6108388789313057,0,60
San Benito,2019,4,5.172140416666666,10.041667,2.5795512981897484,0,60
San Benito,2019,5,4.599028306451612,9.458333,1.7180401796368565,0,62
San Benito,2019,6,5.459728283333333,12.916667,2.3219800092497267,0,60
San Benito,2019,7,6.1253304516129035,19.25,2.9930721647241834,0,62
San Benito,2019,8,5.329968693548387,9.791667,2.0290881322124714,0,62
San Benito,2019,9,4.9110024333333335,8.5,1.5223887145008792,0,60
San Benito,2019,10,6.243153333333333,14.375,2.9610645114445484,0,54
San Benito,2019,11,7.47615945,14.333333,2.882395419709862,0,60
San Benito,2019,12,4.2116584516129025,7.458333,1.8361330922944044,0,62
San Benito,2020,1,5.715162416666667,10.458333,2.2957461017779948,0,60
San Benito,2020,2,6.575530982758621,11.208333,2.5888121194031886,0,58
San Benito,2020,3,4.073308032786885,9.583333,2.0918758034346743,0,61
San Benito,2020,4,4.74022506779661,8.428571,1.5478367437210983,0,59
San Benito,2020,5,4.974485725806452,7.666667,1.5995972225433912,0,62
San Benito,2020,6,5.678039483333333,10.458333,2.167759701316604,0,60
San Benito,2020,7,7.7434857419354834,24.75,4.042701038992461,0,62
San Benito,2020,8,17.70376979032258,84.833333,18.82208180688623,10,62
San Benito,2020,9,22.65858091666667,89.041667,21.584544487282866,12,60
San Benito,2020,10,15.31320120967742,73.958333,16.570877330011015,6,62
San Benito,2020,11,5.241867962962964,13.958333,2.5481615644063482,0,54
San Benito,2020,12,6.138034951612903,13.583333,2.6967321109132563,0,62
San Bernardino,2015,1,17.932499999999997,45.1,11.792944163832969,5,40
San Bernardino,2015,2,19.984444444444442,53.5,15.62112432741399,8,45
San Bernardino,2015,3,12.309433962264151,39.4,7.691060348796151,1,53
San Bernardino,2015,4,9.759090909090908,37.3,5.6084370903304706,1,44
San Bernardino,2015,5,10.774074074074074,18.4,3.492373641921332,0,54
San Bernardino,2015,6,13.678846153846154,35.3,5.333296686337139,0,52
San Bernardino,2015,7,12.163157894736841,50.5,8.17639528457523,1,57
San Bernardino,2015,8,15.643984991666667,24.879167,4.424528420269576,0,120
San Bernardino,2015,9,13.518630292035398,26.7875,5.061414206789421,0,113
San Bernardino,2015,10,12.203277547008547,24.478261,4.913555592595151,0,117
San Bernardino,2015,11,11.608120342105263,21.375,4.19611851033555,0,114
San Bernardino,2015,12,15.096066888888888,35.228571,6.773251409698394,0,117
San Bernardino,2016,1,13.889984139664806,41.6,8.850686146929748,3,179
San Bernardino,2016,2,11.95352037195122,42.266667,8.96159925615761,3,164
San Bernardino,2016,3,11.602138893258427,32.983333,7.61624545948341,0,178
San Bernardino,2016,4,9.436804476190476,21.1,4.735290083190656,0,168
San Bernardino,2016,5,7.719334694444444,22.365217,5.162210949216914,0,216
San Bernardino,2016,6,10.74602494090909,27.408333,5.875930120511796,0,220
San Bernardino,2016,7,12.736050921739132,58.8,9.042198074662656,9,230
San Bernardino,2016,8,12.174606481481483,26.066667,5.653029261799009,0,243
San Bernardino,2016,9,9.60919554112554,25.854167,5.78799227819681,0,231
San Bernardino,2016,10,8.629419835443038,28.9,5.744408879883477,0,237
San Bernardino,2016,11,9.932611415584416,24.2,5.697477904713984,0,231
San Bernardino,2016,12,11.89967694893617,44.1,7.655524915435739,4,235
San Bernardino,2017,1,7.300460575630252,23.2,5.624089480002538,0,238
San Bernardino,2017,2,7.268093862068966,26.8,6.573669335288138,0,203
San Bernardino,2017,3,9.922286305676856,27.979167,5.782696765446924,0,229
San Bernardino,2017,4,10.081759942982456,21.391667,4.550889429963587,0,228
San Bernardino,2017,5,10.74623546090535,26.8,5.005247078589501,0,243
San Bernardino,2017,6,12.2799785,25.7,5.116516558890593,0,206
San Bernardino,2017,7,13.28137218579235,67.8,5.908340255425475,2,183
San Bernardino,2017,8,13.358539836820084,34.991667,5.604742126682823,0,239
San Bernardino,2017,9,11.773261555555557,25.191667,4.954612132838623,0,234
San Bernardino,2017,10,13.53916665560166,33.9375,6.831390807679511,0,241
San Bernardino,2017,11,13.377338151960785,51.333333,9.800716419255162,14,204
San Bernardino,2017,12,15.114515472906405,49.65,8.411775548174933,9,203
San Bernardino,2018,1,14.035952840336135,67.670833,10.847620183862261,11,238
San Bernardino,2018,2,10.553582995121952,34.883333,6.529473283581804,0,205
San Bernardino,2018,3,8.188053609958505,30.604167,6.034766083402165,0,241
San Bernardino,2018,4,10.805310980582524,34.883333,5.674426067030057,0,206
San Bernardino,2018,5,9.281022426778243,19.141667,3.467798127280324,0,239
San Bernardino,2018,6,12.211665693617022,27.045833,4.6529130017229114,0,235
San Bernardino,2018,7,13.246173555555556,70.683333,7.485102307368753,3,234
San Bernardino,2018,8,15.644696437499999,33.470833,6.356463227869824,0,240
San Bernardino,2018,9,11.598962318965517,26.8625,5.79485581285524,0,232
San Bernardino,2018,10,9.638213738396624,34.304167,6.39229834043604,0,237
San Bernardino,2018,11,11.930938847161572,33.483333,6.564094832798954,0,229
San Bernardino,2018,12,12.818010933884297,46.3,8.75258584194055,11,242
San Bernardino,2019,1,10.079879378151261,43.641667,8.021520318222318,4,238
San Bernardino,2019,2,8.06038347142857,24.066667,5.55943866545104,0,210
San Bernardino,2019,3,7.844623784482758,24.583333,4.899334931482696,0,232
San Bernardino,2019,4,9.108066429906541,23.7,4.934709559818406,0,214
San Bernardino,2019,5,8.413793544680852,20.116667,4.338743113057964,0,235
San Bernardino,2019,6,10.190521960698689,20.841667,3.790586580734785,0,229
San Bernardino,2019,7,13.531728855932203,81.3,9.575868061601517,5,236
San Bernardino,2019,8,11.000126888429751,20.081818,4.260845294143526,0,242
San Bernardino,2019,9,10.303609456896552,20.3375,3.6950225755974224,0,232
San Bernardino,2019,10,11.302760185654009,32.8,5.495565996428802,0,237
San Bernardino,2019,11,14.556955107623319,46.5,9.153518007571176,11,223
San Bernardino,2019,12,11.030811244131455,35.1375,7.082334346201342,0,213
San Bernardino,2020,1,13.542230504132231,49.7875,9.131950652532115,10,242
San Bernardino,2020,2,11.552149691964287,36.966667,7.5681914594280775,2,224
San Bernardino,2020,3,6.108785757201646,23.095833,3.8416784029570104,0,243
San Bernardino,2020,4,7.768705294117647,19.7875,4.552337533973132,0,221
San Bernardino,2020,5,9.751490330357143,24.845833,4.617010271023715,0,224
San Bernardino,2020,6,9.899193991189428,19.316667,3.2033650426101627,0,227
San Bernardino,2020,7,11.924709419087137,53.404167,6.174426263564435,4,241
San Bernardino,2020,8,14.97765437037037,53.1,7.993057477023183,7,243
San Bernardino,2020,9,22.42470482832618,65.65,12.483003983375896,34,233
San Bernardino,2020,10,18.756147874476987,47.275,8.660475459023562,15,239
San Bernardino,2020,11,13.593495042056075,33.104167,6.237097438694029,0,214
San Bernardino,2020,12,11.725167214285715,33.6,4.765931251955868,0,182
San Diego,2015,1,7.0599593830845775,29.4,6.4639215133841645,0,201
San Diego,2015,2,6.990881251461988,33.5,5.645581808939806,0,171
San Diego,2015,3,7.02983868159204,25.173913,4.3756498787367,0,201
San Diego,2015,4,7.798789036842106,18.25,3.4863446699590703,0,190
San Diego,2015,5,6.349628037234043,17.0,2.7844422773045334,0,188
San Diego,2015,6,6.65949167032967,15.0,3.3131705725301077,0,182
San Diego,2015,7,4.469807857142857,12.7,2.600827409206365,0,182
San Diego,2015,8,8.153861369565218,16.9,4.160119283640289,0,184
San Diego,2015,9,6.520536792349727,12.9,3.51829788312049,0,183
San Diego,2015,10,5.08836397752809,13.1,3.1056441331025826,0,178
San Diego,2015,11,5.918168214285714,23.391304,3.9399185270305033,0,182
San Diego,2015,12,6.5506876,31.285714,4.71268499292273,0,170
San Diego,2016,1,6.868394947368421,23.625,4.541591693022818,0,190
San Diego,2016,2,7.063387536144577,32.666667,5.64334979295241,0,166
San Diego,2016,3,7.412048291666667,34.4,4.308935505283121,0,192
San Diego,2016,4,7.000706715846995,13.4,3.151362549040784,0,183
San Diego,2016,5,5.6774684278074865,13.6,2.736194383259718,0,187
San Diego,2016,6,8.781488751351352,23.5,4.310444280006353,0,185
San Diego,2016,7,7.707125608465608,17.1,3.729769900469592,0,189
San Diego,2016,8,7.600201744565217,14.4,3.078530100107899,0,184
San Diego,2016,9,7.8669122499999995,15.7,3.4919609843787445,0,180
San Diego,2016,10,6.391048040229885,13.1,2.477837820907232,0,174
San Diego,2016,11,6.142027935294118,16.7,3.0309356051799625,0,170
San Diego,2016,12,6.734489439306358,23.9,4.909269274955629,0,173
San Diego,2017,1,5.1327149062499995,18.333333,3.4948959955068872,0,160
San Diego,2017,2,4.709478757961783,23.333333,3.8558040668131235,0,157
San Diego,2017,3,5.945539779069767,26.208333,4.132048073144451,0,172
San Diego,2017,4,6.6054655902777775,14.7,3.0399513156729316,0,144
San Diego,2017,5,6.482668335260116,14.4,3.2490820194467425,0,173
San Diego,2017,6,7.101654145348837,14.954545,2.6851391832667306,0,172
San Diego,2017,7,9.274343891891892,15.5,2.5305716503718663,0,111
San Diego,2017,8,9.614811142857143,20.5,3.599030583937868,0,105
San Diego,2017,9,8.54434288,15.9,3.1252014964180894,0,125
San Diego,2017,10,10.466176597560976,18.6,4.329137139945871,0,164
San Diego,2017,11,6.499929084656085,21.5,4.721227345700991,0,189
San Diego,2017,12,10.414976419354838,42.7,8.231176885312639,3,186
San Diego,2018,1,9.354683242290749,41.9,6.951013619502655,2,227
San Diego,2018,2,8.806650181818183,52.708333,6.316252978336708,2,220
San Diego,2018,3,5.202058430555555,13.666667,2.695500729109176,0,216
San Diego,2018,4,11.693930315270936,22.083333,4.313753478688521,0,203
San Diego,2018,5,8.607458475,23.166667,4.447296250370821,0,240
San Diego,2018,6,10.507665568281938,20.923077,4.93394224226919,0,227
San Diego,2018,7,12.145009153846154,21.541667,4.512961437372067,0,182
San Diego,2018,8,17.45027030120482,52.125,9.142590847046819,8,166
San Diego,2018,9,14.420772058823529,25.125,4.667915044390775,0,136
San Diego,2018,10,11.407209747191011,26.375,5.959747837462105,0,178
San Diego,2018,11,10.70345644318182,24.541667,4.62875420164089,0,176
San Diego,2018,12,11.566481461111112,31.541667,5.423549331109512,0,180
San Diego,2019,1,8.772768011764706,26.75,4.341909881213224,0,170
San Diego,2019,2,6.206935807453416,17.083333,2.7537440110061437,0,161
San Diego,2019,3,7.002682,21.208333,3.827152469978642,0,174
San Diego,2019,4,11.605986597701149,25.625,5.8055016259618855,0,174
San Diego,2019,5,10.55180558888889,27.375,5.786480193719862,0,180
San Diego,2019,6,11.283646545454546,23.958333,5.03116803312794,0,176
San Diego,2019,7,16.26105072826087,24.583333,4.9412417473272034,0,184
San Diego,2019,8,14.264726677248678,25.166667,4.996121234323022,0,189
San Diego,2019,9,12.978252714285714,22.208333,4.4003548641751316,0,175
San Diego,2019,10,14.315391606557377,29.458333,5.362929518393577,0,183
San Diego,2019,11,15.208195956043955,36.458333,8.453775022206443,5,182
San Diego,2019,12,9.230537411428571,23.958333,4.732448162227622,0,175
San Diego,2020,1,12.45270835,30.083333,6.419460479932322,0,200
San Diego,2020,2,11.713706732240436,27.833333,5.501323167050794,0,183
San Diego,2020,3,6.967351119791666,20.291667,4.252467999861288,0,192
San Diego,2020,4,10.725173604166665,23.791667,6.280263902932083,0,192
San Diego,2020,5,14.002336867724868,27.166667,6.175716615878294,0,189
San Diego,2020,6,11.416442655913977,25.083333,4.9045261929401125,0,186
San Diego,2020,7,14.036767155778895,25.958333,5.364792915734717,0,199
San Diego,2020,8,16.554822365482234,30.541667,6.244658227446567,0,197
San Diego,2020,9,28.757084827956987,96.75,20.736690884098092,47,186
San Diego,2020,10,27.640916689999997,93.0,19.206126731802506,40,200
San Diego,2020,11,20.384201385416667,36.916667,9.107386486667071,12,192
San Diego,2020,12,20.521105547738692,35.791667,9.223819550226356,3,199
San Francisco,2015,1,19.638452532258064,35.458333,7.981735071046551,1,62
San Francisco,2015,2,10.293144160714286,26.666667,5.35208023049003,0,56
San Francisco,2015,3,8.290982951612902,16.375,2.8452593752209943,0,62
San Francisco,2015,4,6.656966016666667,14.083333,2.965222373280173,0,60
San Francisco,2015,5,6.0977792580645165,15.125,3.9253167354449285,0,62
San Francisco,2015,6,5.094887483333333,13.625,3.974821628383962,0,60
San Francisco,2015,7,2.1244923870967742,9.958333,2.8016834559531727,0,62
San Francisco,2015,8,5.51869062295082,25.75,7.006390903750433,0,61
San Francisco,2015,9,5.473580864406779,10.75,2.5949763005929056,0,59
San Francisco,2015,10,5.121528704918033,11.083333,3.755203330671671,0,61
San Francisco,2015,11,7.894716211538461,19.416667,4.745028635782137,0,52
San Francisco,2015,12,8.53578779032258,20.26087,4.206252796130107,0,62
San Francisco,2016,1,9.394962612903225,19.625,4.404615531307539,0,62
San Francisco,2016,2,9.836175655172415,19.375,4.048147015614669,0,58
San Francisco,2016,3,5.9489422741935485,11.208333,2.6128039400875553,0,62
San Francisco,2016,4,9.026002416666667,13.5,2.0747661618419597,0,60
San Francisco,2016,5,8.508143838709676,15.173913,4.158853992437234,0,62
San Francisco,2016,6,6.558309716666667,14.875,3.940954866733429,0,60
San Francisco,2016,7,4.683158016129032,12.666667,3.4321765086994365,0,62
San Francisco,2016,8,5.014422612903226,11.043478,2.454615335871052,0,62
San Francisco,2016,9,8.281194627906977,16.478261,4.023634427189682,0,43
San Francisco,2016,10,4.732328193548388,8.458333,2.4515793425178174,0,62
San Francisco,2016,11,10.651121327586207,16.375,2.9031584609321532,0,58
San Francisco,2016,12,9.531956888888889,19.125,4.612362894961854,0,54
San Francisco,2017,1,8.098245274193548,27.041667,6.761851509895805,0,62
San Francisco,2017,2,6.085804910714286,25.041667,4.4711623632671,0,56
San Francisco,2017,3,6.744686870967742,14.0,2.6033057369445567,0,62
San Francisco,2017,4,6.503073683333333,14.583333,3.351704321916353,0,60
San Francisco,2017,5,7.8278576935483875,17.5,4.136076696423409,0,62
San Francisco,2017,6,8.017361116666667,15.666667,4.387524769403901,0,60
San Francisco,2017,7,7.5327657,14.708333,3.802715520722297,0,60
San Francisco,2017,8,8.57439808064516,20.833333,4.113084332179311,0,62
San Francisco,2017,9,14.286594733333335,49.75,12.381547491720099,8,60
San Francisco,2017,10,16.05356575925926,49.916667,12.889434791224268,4,54
San Francisco,2017,11,9.228025366666666,23.5,4.843833540039395,0,60
San Francisco,2017,12,17.572743741935483,41.434783,7.7767335278445495,2,62
San Francisco,2018,1,14.043577548387097,39.5,7.9607729890424395,2,62
San Francisco,2018,2,10.356683923076922,26.727273,4.653207410842159,0,52
San Francisco,2018,3,6.656991370967742,14.0,3.4162674875609893,0,62
San Francisco,2018,4,7.088716259259259,15.3125,4.08526061136411,0,54
San Francisco,2018,5,3.724405129032258,15.391304,4.2551915913003215,0,62
San Francisco,2018,6,7.029607483333334,14.666667,4.3137130219382875,0,60
San Francisco,2018,7,6.780286596774194,15.478261,2.64296201196918,0,62
San Francisco,2018,8,12.087950426229508,46.434783,8.720766096784741,2,61
San Francisco,2018,9,10.534100233333334,21.375,4.298907638547529,0,60
San Francisco,2018,10,8.35984557142857,17.833333,4.102347659173357,0,56
San Francisco,2018,11,43.30852051666667,177.458333,46.83574117046407,24,60
San Francisco,2018,12,9.969541838709677,30.375,6.113020940929732,0,62
San Francisco,2019,1,9.860428766666667,25.434783,5.610195833157747,0,60
San Francisco,2019,2,4.781559964285714,7.041667,1.1786408562956041,0,56
San Francisco,2019,3,5.909718306451613,12.208333,1.990089168143969,0,62
San Francisco,2019,4,8.46021135,17.625,4.601998944131649,0,60
San Francisco,2019,5,6.574119225806451,12.75,3.0023187827839704,0,62
San Francisco,2019,6,8.784921483333333,16.875,3.65919144125304,0,60
San Francisco,2019,7,7.551010967741936,13.083333,2.8801758752997113,0,62
San Francisco,2019,8,6.8482622096774195,15.708333,3.496049027229373,0,62
San Francisco,2019,9,6.516807924528302,12.458333,2.7398989762847927,0,53
San Francisco,2019,10,9.390743322580645,18.916667,3.5283102104361603,0,62
San Francisco,2019,11,11.006316450000002,22.041667,4.328998399533109,0,60
San Francisco,2019,12,6.517701564516129,14.541667,3.0707275515436834,0,62
San Francisco,2020,1,7.404119951612903,16.333333,2.831712073057462,0,62
San Francisco,2020,2,9.696901551724139,19.916667,3.759165016029921,0,58
San Francisco,2020,3,5.301846661290322,13.375,3.4231377038154225,0,62
San Francisco,2020,4,5.866618316666666,12.958333,2.657921311279171,0,60
San Francisco,2020,5,6.740964467741936,15.083333,3.625943673162216,0,62
San Francisco,2020,6,7.736914799999999,18.0,4.156660288115773,0,60
San Francisco,2020,7,7.763826516129032,23.0,4.665319435674443,0,62
San Francisco,2020,8,13.759309258064516,39.791667,9.163756886968114,2,62
San Francisco,2020,9,31.17920895,147.333333,40.48975335391257,10,60
San Francisco,2020,10,13.168805467741937,47.208333,9.82818645609598,4,62
San Francisco,2020,11,7.5202234500000005,18.25,4.196334021058168,0,60
San Francisco,2020,12,10.715614758064516,28.708333,6.476445204011278,0,62
San Joaquin,2015,1,27.822647961538465,62.125,12.41072264863536,46,182
San Joaquin,2015,2,15.570889042424243,42.416667,9.692886126548377,12,165
San Joaquin,2015,3,8.471065494623655,22.833333,4.005307490847171,0,186
San Joaquin,2015,4,6.461674066666666,14.875,3.1775885732268785,0,180
San Joaquin,2015,5,7.400535403225806,24.761905,3.0129304819296596,0,186
San Joaquin,2015,6,9.425590847457627,18.708333,3.371704994447531,0,118
San Joaquin,2015,7,8.501086946236558,14.173913,2.2468195827913164,0,186
San Joaquin,2015,8,12.912644489247311,39.125,8.567488974129832,4,186
San Joaquin,2015,9,10.584589748603351,25.208333,3.6389906174348643,0,179
San Joaquin,2015,10,11.576005569060774,24.208333,4.06215085792996,0,181
San Joaquin,2015,11,16.08907518888889,42.708333,9.996827100974304,8,180
San Joaquin,2015,12,16.57286088172043,37.291667,8.467957674815619,2,186
San Joaquin,2016,1,15.057754869318183,39.458333,8.88106778204551,8,176
San Joaquin,2016,2,15.814093554054054,34.625,8.32434489626582,0,148
San Joaquin,2016,3,9.053696412087913,24.083333,4.262590379811389,0,182
San Joaquin,2016,4,9.82351887150838,18.875,3.5068746756646365,0,179
San Joaquin,2016,5,9.158753299999999,18.478261,3.986229204820887,0,180
San Joaquin,2016,6,9.208055994186047,21.590909,3.9361040127875038,0,172
San Joaquin,2016,7,9.808371808139535,23.875,3.8976078475238007,0,172
San Joaquin,2016,8,10.935696177419356,19.5,3.040252148118183,0,186
San Joaquin,2016,9,10.357059695945946,23.695652,3.2212220840935877,0,148
San Joaquin,2016,10,7.193814263157895,17.75,3.158918614794088,0,171
San Joaquin,2016,11,13.791796416666665,43.708333,8.015839547839963,4,180
San Joaquin,2016,12,20.11251493888889,50.875,10.195565106194293,12,180
San Joaquin,2017,1,12.293833206703912,37.708333,8.487818405718173,2,179
San Joaquin,2017,2,7.964888850340136,50.083333,9.42597304033801,6,147
San Joaquin,2017,3,7.67335861827957,17.416667,3.8556918745738034,0,186
San Joaquin,2017,4,6.475289405555555,14.125,2.346330004971981,0,180
San Joaquin,2017,5,6.082714527173914,12.208333,2.765070919723655,0,184
San Joaquin,2017,6,6.968414216783217,17.666667,3.4081319704006727,0,143
San Joaquin,2017,7,9.512718878980891,15.875,2.4097552519401257,0,157
San Joaquin,2017,8,13.251376735955056,22.791667,3.4829444594848735,0,178
San Joaquin,2017,9,11.983127913793103,40.416667,8.439442619568071,6,174
San Joaquin,2017,10,15.331472994623656,53.75,9.80876952297232,8,186
San Joaquin,2017,11,13.171790112359552,37.041667,8.069969310016113,4,178
San Joaquin,2017,12,31.022712815028903,51.583333,12.49798914712013,70,173
San Joaquin,2018,1,19.620418566666668,66.375,13.044433428709878,18,180
San Joaquin,2018,2,14.544210155688623,47.875,11.182630310832348,10,167
San Joaquin,2018,3,8.69015623655914,24.875,5.0575907807978036,0,186
San Joaquin,2018,4,8.999452301675976,18.291667,3.2417697328205657,0,179
San Joaquin,2018,5,7.019406372972973,23.833333,3.2098908459960005,0,185
San Joaquin,2018,6,8.489090662650602,15.73913,2.334785962134581,0,166
San Joaquin,2018,7,11.358358973118278,41.833333,8.266024610031625,4,186
San Joaquin,2018,8,18.934375435483872,41.958333,8.412313613569825,10,186
San Joaquin,2018,9,10.605913220338984,23.25,4.40349037584363,0,177
San Joaquin,2018,10,9.746763313186813,21.291667,4.535118696109059,0,182
San Joaquin,2018,11,50.269048283333326,188.083333,52.125624919755865,76,180
San Joaquin,2018,12,17.69987424731183,42.125,9.280814700680233,6,186
San Joaquin,2019,1,20.739795744360904,50.125,13.15207161437042,21,133
San Joaquin,2019,2,6.415182176056338,21.833333,4.29152274948484,0,142
San Joaquin,2019,3,6.184958695652174,20.375,4.194402997962253,0,184
San Joaquin,2019,4,6.359742483146067,13.916667,2.7831049449399003,0,178
San Joaquin,2019,5,5.612575810650887,10.958333,1.7625142924571156,0,169
San Joaquin,2019,6,6.578984829113924,14.8,2.5883186800934266,0,158
San Joaquin,2019,7,6.925634756906077,14.978947,2.7755500911690194,0,181
San Joaquin,2019,8,7.21257690647482,13.05,2.575956121627598,0,139
San Joaquin,2019,9,5.546434430379747,13.083333,2.7487765374561213,0,158
San Joaquin,2019,10,9.849298741935483,23.75,4.856548119373371,0,186
San Joaquin,2019,11,17.231493188888887,32.916667,8.171741221899028,0,180
San Joaquin,2019,12,10.913747935897435,28.0,6.733540662021685,0,156
San Joaquin,2020,1,13.574856196721312,33.833333,6.747765866609369,0,183
San Joaquin,2020,2,13.678459071005918,33.833333,7.7985940041087565,0,169
San Joaquin,2020,3,5.616152397849463,18.826087,4.035450037899028,0,186
San Joaquin,2020,4,4.385389811111112,9.291667,1.7129487886751558,0,180
San Joaquin,2020,5,4.278985505376344,9.125,1.756781327694222,0,186
San Joaquin,2020,6,5.178456311111111,11.5,2.2811793161186236,0,180
San Joaquin,2020,7,7.179638779569892,21.291667,3.1661195082512306,0,186
San Joaquin,2020,8,23.67339488172043,102.0,26.003506553638424,38,186
San Joaquin,2020,9,35.82235197222222,140.041667,35.445731888339544,51,180
San Joaquin,2020,10,22.7713203172043,98.875,22.645070534591714,24,186
San Joaquin,2020,11,16.636844774390244,46.0,9.50200104176136,5,164
San Joaquin,2020,12,20.392341355932203,43.0,10.288757915335195,18,177
San Luis Obispo,2015,1,9.75129325910931,29.125,5.005286839459295,0,247
San Luis Obispo,2015,2,9.024012767772513,24.083333,5.095375777322558,0,211
San Luis Obispo,2015,3,8.709690731707317,30.391304,6.012374772764852,0,246
San Luis Obispo,2015,4,9.712241927350428,36.0,6.825744112781704,2,234
San Luis Obispo,2015,5,7.0348071774193555,23.375,4.341288738625372,0,248
San Luis Obispo,2015,6,6.473960175,23.25,4.398842857552114,0,240
San Luis Obispo,2015,7,5.3998852894736835,19.75,3.8169737392789456,0,228
San Luis Obispo,2015,8,8.52989517427386,28.375,5.023862660978902,0,241
San Luis Obispo,2015,9,7.231394138121547,21.75,3.911330653134446,0,181
San Luis Obispo,2015,10,7.784925876344086,16.130435,3.499269771227815,0,186
San Luis Obispo,2015,11,9.292371067415731,18.333333,3.612296534302836,0,178
San Luis Obispo,2015,12,8.708010752688173,26.956522,4.937754322763157,0,186
San Luis Obispo,2016,1,6.66374826344086,23.347826,4.195391256903544,0,186
San Luis Obispo,2016,2,7.992958316455696,18.875,3.8261220768704285,0,158
San Luis Obispo,2016,3,6.669560521505376,23.541667,5.4995217885286,0,186
San Luis Obispo,2016,4,8.18403721111111,27.652174,6.138561773041966,0,180
San Luis Obispo,2016,5,4.8617822989130435,19.583333,3.6601418183427583,0,184
San Luis Obispo,2016,6,7.986144751243781,30.208333,5.514769477425484,0,201
San Luis Obispo,2016,7,5.822292450413222,29.375,5.450928978658879,0,242
San Luis Obispo,2016,8,8.61552529032258,24.666667,5.057651029110036,0,248
San Luis Obispo,2016,9,7.65571902173913,26.25,4.309915161994992,0,230
San Luis Obispo,2016,10,5.463669399159664,32.541667,5.145693144131469,0,238
San Luis Obispo,2016,11,6.368893760504202,14.214286,2.832746867523103,0,238
San Luis Obispo,2016,12,6.5438847276422765,28.695652,4.640488971933363,0,246
San Luis Obispo,2017,1,5.661959630081301,17.565217,3.5919608723937886,0,246
San Luis Obispo,2017,2,3.9849893452914795,13.666667,3.0804886962710807,0,223
San Luis Obispo,2017,3,6.194292488789237,29.375,4.576240297251788,0,223
San Luis Obispo,2017,4,7.9844286,26.958333,6.120651597709228,0,240
San Luis Obispo,2017,5,7.785825134146342,30.125,5.545135292427551,0,246
San Luis Obispo,2017,6,7.945783476851852,32.166667,6.5188728865571735,0,216
San Luis Obispo,2017,7,8.148043603448276,23.25,5.070937200682107,0,232
San Luis Obispo,2017,8,7.481859185483871,16.458333,3.6089117120434944,0,248
San Luis Obispo,2017,9,9.569317428571427,25.625,5.402322663371122,0,238
San Luis Obispo,2017,10,11.319780904347825,25.666667,5.678585043291774,0,230
San Luis Obispo,2017,11,5.820188754166667,14.875,2.9668848778891297,0,240
San Luis Obispo,2017,12,11.978131289795918,26.782609,5.354107939157542,0,245
San Luis Obispo,2018,1,6.051298387096774,23.478261,3.902949732183292,0,248
San Luis Obispo,2018,2,8.135241870192306,18.0,3.422429744733494,0,208
San Luis Obispo,2018,3,2.5907226394849787,12.25,2.4266931662142146,0,233
San Luis Obispo,2018,4,6.888120879166666,20.125,4.1149188117056665,0,240
San Luis Obispo,2018,5,5.523438438095239,29.5,5.489070179113313,0,210
San Luis Obispo,2018,6,7.916514370833334,29.583333,5.674031251856618,0,240
San Luis Obispo,2018,7,5.814078254545454,22.708333,4.704267054102945,0,220
San Luis Obispo,2018,8,12.128890122448981,46.875,9.1671612714673,8,245
San Luis Obispo,2018,9,7.864758573275862,26.333333,3.303924796843712,0,232
San Luis Obispo,2018,10,6.973532432098765,14.041667,2.688074257325903,0,243
San Luis Obispo,2018,11,9.359692719148937,32.041667,7.153372942205486,0,235
San Luis Obispo,2018,12,5.881749528225806,16.304348,3.3202388920469965,0,248
San Luis Obispo,2019,1,5.184403144032922,17.375,3.241823168947928,0,243
San Luis Obispo,2019,2,3.2568856968325792,6.652174,1.6293686678087849,0,221
San Luis Obispo,2019,3,4.136394572614107,18.166667,3.3216140083596164,0,241
San Luis Obispo,2019,4,6.070740233333334,21.0,4.762131270474154,0,240
San Luis Obispo,2019,5,4.937734446351932,17.125,3.548079824375775,0,233
San Luis Obispo,2019,6,4.927026123404255,20.875,3.516266587836475,0,235
San Luis Obispo,2019,7,6.609437687500001,23.666667,3.73912946496808,0,240
San Luis Obispo,2019,8,5.078432334677419,26.208333,3.25287561553911,0,248
San Luis Obispo,2019,9,7.0593355213675215,25.708333,4.538330592535889,0,234
San Luis Obispo,2019,10,8.057832718367347,22.083333,3.3813641470479974,0,245
San Luis Obispo,2019,11,7.6412345313807535,18.916667,3.1712724302932265,0,239
San Luis Obispo,2019,12,4.726679370833334,15.047619,2.2885256514630243,0,240
San Luis Obispo,2020,1,5.696764506276151,16.714286,2.444191897605862,0,239
San Luis Obispo,2020,2,7.985622277056278,19.583333,2.623652656795732,0,231
San Luis Obispo,2020,3,4.705867823529412,11.875,2.6362684580120828,0,238
San Luis Obispo,2020,4,6.501255221757322,20.083333,4.600268615351268,0,239
San Luis Obispo,2020,5,8.019038274678111,24.375,4.967647814030671,0,233
San Luis Obispo,2020,6,6.630186255230125,23.125,4.7517192886104604,0,239
San Luis Obispo,2020,7,5.91301492920354,20.541667,3.88620376227164,0,226
San Luis Obispo,2020,8,17.370057504032257,242.181818,33.9784704322743,22,248
San Luis Obispo,2020,9,18.0281822375,113.791667,19.274722448688106,32,240
San Luis Obispo,2020,10,12.335601677419355,68.416667,12.513740317020542,18,248
San Luis Obispo,2020,11,7.715735741666666,17.916667,3.6199502545674713,0,240
San Luis Obispo,2020,12,7.741396008064516,21.875,3.5168578499197385,0,248
San Mateo,2015,1,14.028646564516128,25.083333,6.281948855454254,0,62
San Mateo,2015,2,7.094733803571429,17.833333,4.651784744506111,0,56
San Mateo,2015,3,5.767789241935484,12.583333,2.881086539009037,0,62
San Mateo,2015,4,4.2450796,11.125,2.8392758042835573,0,60
San Mateo,2015,5,3.7653273387096773,9.708333,2.784729965326891,0,62
San Mateo,2015,6,4.0012055,12.5,3.5008457780624354,0,60
San Mateo,2015,7,1.6955352741935483,6.0,1.9456880153914302,0,62
San Mateo,2015,8,6.951764854838709,34.666667,8.443568796587133,0,62
San Mateo,2015,9,3.6455193833333337,7.916667,2.150288059094836,0,60
San Mateo,2015,10,6.015445290322581,13.5,3.104140060951321,0,62
San Mateo,2015,11,5.849364206896552,13.833333,3.462645458019046,0,58
San Mateo,2015,12,5.362123084745763,16.166667,3.3027770034856787,0,59
San Mateo,2016,1,6.716840258064516,15.416667,3.575246765636869,0,62
San Mateo,2016,2,6.0013561875,13.909091,4.162380048408274,0,48
San Mateo,2016,3,3.9496806666666666,10.5,5.191680020334156,0,60
San Mateo,2016,4,8.93220465,12.909091,1.7945277074859955,0,60
San Mateo,2016,5,10.299838548387097,18.333333,3.4833133783696106,0,62
San Mateo,2016,6,11.610126816666668,19.5,3.3058902833648127,0,60
San Mateo,2016,7,10.471674854838708,17.166667,2.970924282302549,0,62
San Mateo,2016,8,11.101427516129032,15.5,1.894727542664296,0,62
San Mateo,2016,9,10.1714979,18.416667,3.043830939991094,0,50
San Mateo,2016,10,5.7119683709677425,9.75,1.8522800109449888,0,62
San Mateo,2016,11,7.427814049999999,17.727273,3.953042037718574,0,60
San Mateo,2016,12,7.062692854838709,14.041667,3.168245595799611,0,62
San Mateo,2017,1,6.909151451612903,20.913043,4.742631000103506,0,62
San Mateo,2017,2,5.261567749999999,20.583333,4.087221531108452,0,56
San Mateo,2017,3,6.036401370967742,13.086957,2.5723682214038357,0,62
San Mateo,2017,4,5.302597916666667,10.782609,2.296671305442352,0,60
San Mateo,2017,5,5.738899854838709,13.875,3.0599087283591033,0,62
San Mateo,2017,6,6.684180383333333,15.125,3.611591562792828,0,60
San Mateo,2017,7,9.269819081967213,14.695652,2.564124754730187,0,61
San Mateo,2017,8,11.608628,25.041667,4.7153410554827255,0,62
San Mateo,2017,9,13.416727616666666,47.916667,11.01150386513326,6,60
San Mateo,2017,10,16.451478148148148,60.833333,15.357843571550468,6,54
San Mateo,2017,11,6.889579859649123,16.208333,4.009717300473129,0,57
San Mateo,2017,12,15.252489064516128,35.25,8.123128566329196,0,62
San Mateo,2018,1,12.481605098360657,27.25,6.606619395440946,0,61
San Mateo,2018,2,6.944762290909091,15.695652,3.122938979865201,0,55
San Mateo,2018,3,3.8273699193548385,9.166667,2.963541390423844,0,62
San Mateo,2018,4,8.279510866666666,16.043478,3.6590571412612234,0,60
San Mateo,2018,5,6.696148459016394,17.181818,3.5939683208563933,0,61
San Mateo,2018,6,9.29093125862069,14.541667,2.651238582068829,0,58
San Mateo,2018,7,7.862775709677419,15.083333,3.237572917902593,0,62
San Mateo,2018,8,12.376495483870967,43.958333,7.743223352881084,2,62
San Mateo,2018,9,8.866594233333334,14.583333,3.5120899931707443,0,60
San Mateo,2018,10,6.830442925925926,15.636364,3.404066296365496,0,54
San Mateo,2018,11,34.58834043333333,120.916667,36.35196935635441,24,60
San Mateo,2018,12,8.29036985483871,18.608696,4.053474039860918,0,62
San Mateo,2019,1,9.575811819672131,18.625,3.8416664402951293,0,61
San Mateo,2019,2,4.059178892857143,8.333333,2.0878750826113373,0,56
San Mateo,2019,3,5.613008903225807,10.708333,2.5360575820943847,0,62
San Mateo,2019,4,7.0312028,15.0,3.8197942884365337,0,60
San Mateo,2019,5,5.37989164516129,10.375,2.577857821660656,0,62
San Mateo,2019,6,6.6900301833333335,13.75,3.265461146669993,0,60
San Mateo,2019,7,6.1344037903225805,12.875,2.6112977306855454,0,62
San Mateo,2019,8,6.936938983870967,13.833333,3.06632907121809,0,62
San Mateo,2019,9,6.5210557954545445,10.541667,2.3773015170855065,0,44
San Mateo,2019,10,9.17395462962963,20.2,3.8493354537359434,0,54
San Mateo,2019,11,12.262082634615384,32.923077,6.818098539672222,0,52
San Mateo,2019,12,5.701537983870968,10.541667,2.61877389883744,0,62
San Mateo,2020,1,6.819941852459016,12.583333,2.2905668593083157,0,61
San Mateo,2020,2,8.596525068965517,17.208333,3.575162894258773,0,58
San Mateo,2020,3,5.164761532258065,11.708333,2.7252538204742325,0,62
San Mateo,2020,4,4.433145016666667,9.608696,1.9096277264064552,0,60
San Mateo,2020,5,4.663709661290322,10.583333,2.4794812376771502,0,62
San Mateo,2020,6,5.29090305,11.458333,2.5587755921874664,0,60
San Mateo,2020,7,6.6554231290322585,16.208333,3.1249868294691354,0,62
San Mateo,2020,8,16.03214220967742,51.625,13.032199667131039,4,62
San Mateo,2020,9,29.33574551666667,124.166667,35.618287396615536,10,60
San Mateo,2020,10,13.102563870967742,47.041667,10.060963066600333,4,62
San Mateo,2020,11,7.82953676923077,21.416667,4.165129431849098,0,52
San Mateo,2020,12,9.960988462962963,21.583333,5.466757402241644,0,54
Santa Barbara,2015,1,7.544814975206611,18.375,3.094387517572319,0,242
Santa Barbara,2015,2,9.2117550625,23.291667,4.768351434777516,0,224
Santa Barbara,2015,3,8.075492883064516,16.416667,3.512780030304708,0,248
Santa Barbara,2015,4,8.68054683490566,21.4,3.577491544024533,0,212
Santa Barbara,2015,5,7.583393549356223,17.708333,3.1950456137811885,0,233
Santa Barbara,2015,6,8.461172504166667,16.583333,3.3547572241916463,0,240
Santa Barbara,2015,7,6.746662706422019,14.25,2.784033267855521,0,218
Santa Barbara,2015,8,11.13273484647303,21.708333,4.381496143346093,0,241
Santa Barbara,2015,9,9.31186647647059,13.791667,2.056612002088464,0,170
Santa Barbara,2015,10,7.521277473118279,15.041667,2.8652066049494014,0,186
Santa Barbara,2015,11,5.49712741954023,10.958333,1.7244139947214685,0,174
Santa Barbara,2015,12,5.443533284946237,10.208333,1.9598903354234738,0,186
Santa Barbara,2016,1,5.362137951612903,9.958333,1.6233931588416508,0,186
Santa Barbara,2016,2,5.623289901162791,12.25,2.280091839300963,0,172
Santa Barbara,2016,3,6.1206345061728396,16.583333,2.964780940721024,0,162
Santa Barbara,2016,4,7.058975849162011,13.125,2.7989864506793545,0,179
Santa Barbara,2016,5,6.297172887417219,13.041667,2.6442036209467794,0,151
Santa Barbara,2016,6,8.53880975,26.041667,4.52318376429745,0,164
Santa Barbara,2016,7,8.723941272727272,20.75,3.408118241761844,0,154
Santa Barbara,2016,8,9.905406484076433,17.333333,2.439432670286111,0,157
Santa Barbara,2016,9,9.66586173888889,30.916667,4.093500142130037,0,180
Santa Barbara,2016,10,5.414968602150537,11.478261,2.318130590653161,0,186
Santa Barbara,2016,11,6.426399183908046,12.0,2.203495359030184,0,174
Santa Barbara,2016,12,5.885964693548386,13.0,2.5980877375035876,0,186
Santa Barbara,2017,1,4.755639589147286,9.304348,1.9485224194539676,0,129
Santa Barbara,2017,2,4.096645398692811,11.416667,2.2514411118003324,0,153
Santa Barbara,2017,3,7.3500884285714285,19.416667,3.3251508540134385,0,154
Santa Barbara,2017,4,7.570144266666667,19.083333,3.185243440291743,0,180
Santa Barbara,2017,5,8.047069255555556,17.041667,3.1297796910101368,0,180
Santa Barbara,2017,6,7.517176294444444,16.458333,3.2977625165067272,0,180
Santa Barbara,2017,7,8.51270158988764,19.583333,3.8309434910213693,0,178
Santa Barbara,2017,8,8.30014766507177,17.666667,2.738446115549076,0,209
Santa Barbara,2017,9,8.694308554166666,17.5,3.1854321681166122,0,240
Santa Barbara,2017,10,9.796807453441295,19.958333,3.890595132483521,0,247
Santa Barbara,2017,11,5.476652454545455,12.208333,2.5380286207895937,0,220
Santa Barbara,2017,12,25.136510595041322,231.666667,34.285975679927766,54,242
Santa Barbara,2018,1,6.008506076612902,14.916667,2.9342465873745174,0,248
Santa Barbara,2018,2,6.845595575892857,30.291667,4.3145525270231335,0,224
Santa Barbara,2018,3,3.7627309959349597,11.043478,2.2060260432098118,0,246
Santa Barbara,2018,4,7.8923672,14.583333,2.930028499026815,0,240
Santa Barbara,2018,5,6.6199789879032265,12.208333,2.689484142198737,0,248
Santa Barbara,2018,6,8.838943323529412,13.166667,2.2092892891985203,0,238
Santa Barbara,2018,7,7.6894285413223145,21.416667,4.163417169303081,0,242
Santa Barbara,2018,8,12.707644802419354,40.695652,7.203609558868415,10,248
Santa Barbara,2018,9,8.9687313625,14.458333,2.3088517151452645,0,240
Santa Barbara,2018,10,6.977254146341464,12.75,2.2803151815056704,0,246
Santa Barbara,2018,11,9.166238226890757,30.25,6.178394889221468,0,238
Santa Barbara,2018,12,4.951930846153846,12.416667,2.255199687703122,0,234
Santa Barbara,2019,1,4.565891592741935,11.304348,2.404111359663195,0,248
Santa Barbara,2019,2,2.7491675892857144,8.5,1.4901873465943325,0,224
Santa Barbara,2019,3,3.8779555483870967,10.5,2.0911070868264248,0,248
Santa Barbara,2019,4,6.246208331896552,15.916667,3.5489236954977725,0,232
Santa Barbara,2019,5,5.316770833333334,13.166667,2.7732703494468542,0,240
Santa Barbara,2019,6,5.561804171945701,12.833333,2.549375546727039,0,221
Santa Barbara,2019,7,7.110492117886179,22.583333,3.7244965698697716,0,246
Santa Barbara,2019,8,4.9253882809917355,18.5,3.1314820849503926,0,242
Santa Barbara,2019,9,5.614494,10.416667,2.0435116474403054,0,240
Santa Barbara,2019,10,7.258416573770492,16.041667,2.893982202509943,0,244
Santa Barbara,2019,11,7.760082428571429,26.333333,4.510611627954794,0,231
Santa Barbara,2019,12,2.915238896551724,13.375,2.257291968313779,0,232
Santa Barbara,2020,1,3.6318473951612904,10.791667,2.221750160598475,0,248
Santa Barbara,2020,2,5.342290228448276,14.166667,2.576129274232461,0,232
Santa Barbara,2020,3,2.8113994516129033,10.833333,2.619963845282703,0,248
Santa Barbara,2020,4,5.03606605982906,13.541667,3.04299777568544,0,234
Santa Barbara,2020,5,6.359391359504132,14.833333,3.5788775759921805,0,242
Santa Barbara,2020,6,5.793083575107296,13.666667,2.9866741694594934,0,233
Santa Barbara,2020,7,6.9184243292682925,35.583333,4.834321154894789,2,246
Santa Barbara,2020,8,11.739234536290322,50.666667,10.204383300802274,12,248
Santa Barbara,2020,9,18.64114615948276,88.458333,18.25674349221925,36,232
Santa Barbara,2020,10,12.219815298387097,52.291667,8.468815272730698,8,248
Santa Barbara,2020,11,7.531096662393162,18.333333,3.1832002414777674,0,234
Santa Barbara,2020,12,7.565214415966387,15.833333,2.962997843492559,0,238
Santa Clara,2015,1,16.955201182291667,33.0,6.640452254585777,0,192
Santa Clara,2015,2,10.145405045197741,29.2,5.975381930372975,0,177
Santa Clara,2015,3,7.376809184615385,17.6,2.90299944232643,0,195
Santa Clara,2015,4,6.431392673796791,15.416667,2.7727792227258288,0,187
Santa Clara,2015,5,6.176555517948718,16.375,2.7668193093705358,0,195
Santa Clara,2015,6,8.162166554973822,42.25,4.9766597309405425,2,191
Santa Clara,2015,7,5.535468803030303,14.782609,2.7989286731385357,0,198
Santa Clara,2015,8,10.256410637305699,49.458333,9.838511316012255,9,193
Santa Clara,2015,9,7.115465867403315,13.4,2.7066895726379396,0,181
Santa Clara,2015,10,7.298589390625,14.625,3.2366621625300183,0,192
Santa Clara,2015,11,9.152100511235956,21.6,5.017753003805378,0,178
Santa Clara,2015,12,8.75796112755102,20.9,3.9250187259065474,0,196
Santa Clara,2016,1,7.870988730964466,26.583333,4.586944297545208,0,197
Santa Clara,2016,2,9.533143448087431,24.458333,5.003034221393697,0,183
Santa Clara,2016,3,5.650727788359789,9.833333,2.2508672224668413,0,189
Santa Clara,2016,4,6.859825935828877,11.541667,2.202648849839579,0,187
Santa Clara,2016,5,7.8083716315789475,16.625,3.4998988672687723,0,190
Santa Clara,2016,6,8.327331432432432,16.0,3.4077779145135363,0,185
Santa Clara,2016,7,7.624548103626943,19.666667,3.62943284152388,0,193
Santa Clara,2016,8,8.469456816326531,15.318182,2.6102422420881286,0,196
Santa Clara,2016,9,9.865216843137254,18.583333,3.592990836925307,0,153
Santa Clara,2016,10,5.202920871794872,11.25,3.101212384764407,0,195
Santa Clara,2016,11,7.551378419354839,19.458333,4.339362331777404,0,186
Santa Clara,2016,12,8.578904696335078,20.3,4.97141477683407,0,191
Santa Clara,2017,1,7.488925036458333,34.75,6.601318688826018,0,192
Santa Clara,2017,2,3.738617835227273,13.708333,3.2319582631419976,0,176
Santa Clara,2017,3,5.394385134408602,12.434783,3.111154881946298,0,186
Santa Clara,2017,4,5.121214386243387,14.791667,3.0846644869837405,0,189
Santa Clara,2017,5,5.998482908536586,13.75,3.1559059388306965,0,164
Santa Clara,2017,6,7.196975686746987,15.291667,3.9611662548200144,0,166
Santa Clara,2017,7,8.353695037433155,16.347826,3.569104698937703,0,187
Santa Clara,2017,8,11.412194072164949,26.375,4.389528847628789,0,194
Santa Clara,2017,9,11.732306177419353,46.541667,10.028447968808335,12,186
Santa Clara,2017,10,13.88209027368421,49.708333,11.244730354779287,15,190
Santa Clara,2017,11,7.423093231578947,21.041667,4.41427003621253,0,190
Santa Clara,2017,12,17.221985354497352,47.458333,10.119334801892558,10,189
Santa Clara,2018,1,10.44666928426396,45.083333,8.217049016385792,6,197
Santa Clara,2018,2,7.556948898809524,23.416667,3.7935449407777546,0,168
Santa Clara,2018,3,5.347997958762887,14.791667,3.2875898720183523,0,194
Santa Clara,2018,4,7.5471843,18.565217,3.9638091925624543,0,190
Santa Clara,2018,5,6.830949540816326,18.333333,3.5863691744798243,0,196
Santa Clara,2018,6,7.975474216931216,24.25,3.36862305132434,0,189
Santa Clara,2018,7,7.159977203045686,14.75,3.0919421225914383,0,197
Santa Clara,2018,8,14.039780921052632,45.304348,8.434652405981895,8,190
Santa Clara,2018,9,9.770459236842106,21.666667,4.5849584848737095,0,190
Santa Clara,2018,10,8.950694263473054,20.416667,4.848618928277975,0,167
Santa Clara,2018,11,33.88041022395833,138.416667,35.73420549339252,74,192
Santa Clara,2018,12,10.72600848979592,27.956522,4.953754888105185,0,196
Santa Clara,2019,1,8.884857239795918,20.041667,4.709057100787246,0,196
Santa Clara,2019,2,4.764726632768362,9.826087,1.85888046111425,0,177
Santa Clara,2019,3,5.7774187333333336,14.409091,2.8807233452510865,0,195
Santa Clara,2019,4,6.4875355789473685,16.833333,3.8046252829886633,0,190
Santa Clara,2019,5,6.404871642857143,13.166667,2.7053165517704225,0,196
Santa Clara,2019,6,7.68341486631016,18.166667,3.51936959398359,0,187
Santa Clara,2019,7,7.558888530612244,29.9,3.469311143774425,0,196
Santa Clara,2019,8,6.905885416243655,15.083333,3.0532858014534447,0,197
Santa Clara,2019,9,5.810794838323353,13.583333,2.6558956763400663,0,167
Santa Clara,2019,10,8.791239791878173,17.0,3.3084260087309048,0,197
Santa Clara,2019,11,13.722194021052632,34.4,7.135970978820685,0,190
Santa Clara,2019,12,6.603114239795919,15.291667,3.4441560873181385,0,196
Santa Clara,2020,1,8.541904671794873,18.958333,3.5751008201630765,0,195
Santa Clara,2020,2,9.276842540983607,18.791667,3.9029761762382083,0,183
Santa Clara,2020,3,5.346869875647668,12.458333,2.6903676669196597,0,193
Santa Clara,2020,4,5.2118149,20.1,2.176939749526644,0,190
Santa Clara,2020,5,5.480423540816326,10.541667,2.472922307860065,0,196
Santa Clara,2020,6,5.453787536842105,13.625,2.3652799079904785,0,190
Santa Clara,2020,7,7.823671581632653,27.833333,3.932540949964816,0,196
Santa Clara,2020,8,17.946629826530614,85.375,17.16917043153156,30,196
Santa Clara,2020,9,27.979017484210527,123.125,31.342130949832164,40,190
Santa Clara,2020,10,17.02029882142857,79.75,15.833449844788376,16,196
Santa Clara,2020,11,12.165007389473685,31.583333,5.835412623219142,0,190
Santa Clara,2020,12,13.750597111111112,37.041667,7.717325321399428,3,180
Santa Cruz,2015,1,10.91477914516129,32.583333,6.537991600436633,0,124
Santa Cruz,2015,2,5.495031044642857,13.333333,2.663748974639688,0,112
Santa Cruz,2015,3,4.658778525423728,10.0,2.2893646846028215,0,118
Santa Cruz,2015,4,4.531397958333333,11.666667,2.476209485573584,0,120
Santa Cruz,2015,5,4.331722419354839,10.125,2.5198903006653555,0,124
Santa Cruz,2015,6,4.807331466666667,13.041667,2.919881412888127,0,120
Santa Cruz,2015,7,2.5226167983870966,7.304348,1.9561110480812463,0,124
Santa Cruz,2015,8,6.1757731499999995,24.416667,5.639613676370619,0,120
Santa Cruz,2015,9,4.536863888888889,9.0,1.8948983968462314,0,108
Santa Cruz,2015,10,4.50690610483871,8.583333,2.0079035317888354,0,124
Santa Cruz,2015,11,6.987633941666667,19.833333,4.42341060977845,0,120
Santa Cruz,2015,12,6.492102772357724,20.652174,4.665657642575033,0,123
Santa Cruz,2016,1,5.329192130081301,17.833333,3.2606472683564243,0,123
Santa Cruz,2016,2,6.698131704347826,13.875,2.329585798022864,0,115
Santa Cruz,2016,3,4.798124536585366,8.583333,1.6602061011681668,0,123
Santa Cruz,2016,4,5.4963546249999995,10.916667,1.8506902080336722,0,120
Santa Cruz,2016,5,5.146508982758621,11.541667,2.904044712450179,0,116
Santa Cruz,2016,6,5.847180720338983,12.173913,2.9691583065798466,0,118
Santa Cruz,2016,7,4.2822569999999995,9.125,2.12399917466013,0,124
Santa Cruz,2016,8,4.358713427419355,12.5,2.0292404173708127,0,124
Santa Cruz,2016,9,6.373230283333333,10.666667,1.967907380477663,0,120
Santa Cruz,2016,10,3.2950989910714283,9.5,1.8794098281683997,0,112
Santa Cruz,2016,11,4.8921341583333335,12.791667,2.4879465532092992,0,120
Santa Cruz,2016,12,6.696177306451612,22.375,4.813306677520221,0,124
Santa Cruz,2017,1,4.94265025203252,18.541667,3.594450352567011,0,123
Santa Cruz,2017,2,3.6779782589285714,13.625,2.4457696539811726,0,112
Santa Cruz,2017,3,4.367712725806451,9.166667,1.6651165028427168,0,124
Santa Cruz,2017,4,4.544844327586207,11.458333,2.431216239790006,0,116
Santa Cruz,2017,5,4.956652975806452,15.130435,3.038385770452329,0,124
Santa Cruz,2017,6,5.382203341666667,14.916667,3.0060711949334955,0,120
Santa Cruz,2017,7,6.31682574796748,14.958333,3.153403803341806,0,123
Santa Cruz,2017,8,7.040816669354839,14.958333,2.805398676629395,0,124
Santa Cruz,2017,9,8.275236591666667,35.0,7.232497041327919,0,120
Santa Cruz,2017,10,12.049523675,47.304348,10.8949580140661,10,120
Santa Cruz,2017,11,5.475427875,12.333333,2.0780625965698465,0,112
Santa Cruz,2017,12,10.426787901785714,23.75,4.545528001458936,0,112
Santa Cruz,2018,1,5.750409048387096,14.0,2.858047719778236,0,124
Santa Cruz,2018,2,5.695327776785715,9.875,1.52547898591443,0,112
Santa Cruz,2018,3,3.5188056218487396,9.304348,1.7637485317042785,0,119
Santa Cruz,2018,4,5.568163233333333,10.708333,2.4505723397924886,0,120
Santa Cruz,2018,5,4.608930193548387,11.0,2.8279883055369446,0,124
Santa Cruz,2018,6,6.535783641666667,12.875,2.329583495826707,0,120
Santa Cruz,2018,7,4.858418756097561,10.043478,2.1293387434054596,0,123
Santa Cruz,2018,8,10.383835422764228,40.75,8.241777475139747,2,123
Santa Cruz,2018,9,6.403922108333333,12.043478,3.2283768646994204,0,120
Santa Cruz,2018,10,6.494991512396694,22.833333,4.001826814876045,0,121
Santa Cruz,2018,11,20.87321074590164,92.0,22.044019599870637,28,122
Santa Cruz,2018,12,7.292137238938054,15.75,2.81047793314784,0,113
Santa Cruz,2019,1,6.640441542372881,16.833333,3.1273284016841854,0,118
Santa Cruz,2019,2,4.802836411214954,8.416667,1.7339577558796164,0,107
Santa Cruz,2019,3,4.489278634146341,9.166667,1.915140238865476,0,123
Santa Cruz,2019,4,6.312090907563025,21.375,3.632034258098686,0,119
Santa Cruz,2019,5,5.256655346774193,13.0,2.401784821160578,0,124
Santa Cruz,2019,6,6.197968275,11.916667,2.8663146504745467,0,120
Santa Cruz,2019,7,5.77157245,11.125,2.333211610385251,0,120
Santa Cruz,2019,8,4.547200798387097,9.416667,2.3090031718263,0,124
Santa Cruz,2019,9,4.515203933333334,10.166667,2.274436695798805,0,120
Santa Cruz,2019,10,6.639718759259259,14.565217,2.8873451012130635,0,108
Santa Cruz,2019,11,8.356092114035087,16.833333,3.3639323415522755,0,114
Santa Cruz,2019,12,4.549024336134454,15.208333,2.8498857213024573,0,119
Santa Cruz,2020,1,5.512917024193548,13.416667,2.184738122943206,0,124
Santa Cruz,2020,2,6.302172620689655,11.913043,2.580572502094349,0,116
Santa Cruz,2020,3,3.5252016611570247,12.0,2.747130107640846,0,121
Santa Cruz,2020,4,3.4541892807017542,9.333333,2.4954438544518616,0,114
Santa Cruz,2020,5,3.4076017661290323,9.73913,2.587682481460784,0,124
Santa Cruz,2020,6,3.1211051000000003,10.666667,3.0125486213769523,0,120
Santa Cruz,2020,7,3.8528985645161287,13.041667,3.006344415081651,0,124
Santa Cruz,2020,8,37.328219129032256,387.833333,74.85930101777714,30,124
Santa Cruz,2020,9,21.959307601694913,90.458333,23.855550672643314,26,118
Santa Cruz,2020,10,9.564312630252102,53.583333,9.8863368742899,8,119
Santa Cruz,2020,11,7.261462868421053,21.916667,4.31802622295441,0,114
Santa Cruz,2020,12,9.681428774193549,23.5,5.40330450189547,0,124
Shasta,2015,1,9.06,15.3,6.0665476178795466,0,5
Shasta,2015,2,8.05,19.7,8.16925129168314,0,4
Shasta,2015,3,3.8333333333333335,8.8,2.637170200549572,0,6
Shasta,2015,4,3.62,5.3,1.1122050170719424,0,5
Shasta,2015,5,3.94,6.3,1.668232597691341,0,5
Shasta,2015,6,6.04,12.4,3.6198066246693346,0,5
Shasta,2015,7,5.725,8.4,2.051625371910444,0,4
Shasta,2015,8,23.419999999999998,64.6,23.38091101732351,1,5
Shasta,2015,9,6.460000000000001,9.9,2.7428087793355194,0,5
Shasta,2015,10,4.94,7.9,2.6903531366718387,0,5
Shasta,2015,11,6.94,15.3,5.814464721709128,0,5
Shasta,2015,12,8.200000000000001,11.3,2.6888659319497505,0,3
Shasta,2016,1,3.283333333333333,7.0,2.1876166635557217,0,6
Shasta,2016,2,5.4,8.8,3.2455097185701565,0,4
Shasta,2016,3,4.566666666666666,9.2,3.102042337987453,0,6
Shasta,2016,4,3.08,5.0,1.7108477430794362,0,5
Shasta,2016,5,4.0,5.3,1.2529964086141667,0,5
Shasta,2016,6,3.4200000000000004,5.5,1.8673510650116116,0,5
Shasta,2016,7,7.05,11.0,3.3090784215548594,0,4
Shasta,2016,8,9.5,12.5,3.365511352924941,0,4
Shasta,2016,9,5.275,7.3,1.8445866745696717,0,4
Shasta,2016,10,3.7000000000000006,4.2,0.5,0,3
Shasta,2016,11,6.34,12.6,3.6322169538726623,0,5
Shasta,2016,12,6.3,10.7,2.8275431031197384,0,5
Shasta,2017,1,7.26,13.7,4.144031853159432,0,5
Shasta,2017,2,1.95,2.4,0.6454972243679027,0,4
Shasta,2017,3,4.46,6.9,2.109028212234251,0,5
Shasta,2017,4,3.22,4.7,1.1031772296417293,0,5
Shasta,2017,5,2.92,6.3,2.00174923504419,0,5
Shasta,2017,6,4.220000000000001,6.1,2.203860249652868,0,5
Shasta,2017,7,8.0,13.0,3.7329612909860184,0,5
Shasta,2017,8,14.440000000000001,19.1,4.230602793929016,0,5
Shasta,2017,9,20.779999999999998,67.3,26.630001877581606,1,5
Shasta,2017,10,11.15,32.2,14.069470494656153,0,4
Shasta,2017,11,5.659999999999999,8.1,1.6087262041752162,0,5
Shasta,2017,12,10.0,16.1,4.616817085395522,0,5
Shasta,2018,1,9.34,17.3,5.249095160120457,0,5
Shasta,2018,2,3.5,4.8,1.3527749258468682,0,3
Shasta,2018,3,2.9,4.7,1.0295630140987,0,5
Shasta,2018,4,4.6,9.3,3.2085822414268894,0,5
Shasta,2018,5,5.15,6.8,1.7136705245369268,0,4
Shasta,2018,6,6.35,9.7,3.0171730698343,0,4
Shasta,2018,7,36.06,131.0,53.90879334579842,1,5
Shasta,2018,8,53.61999999999999,102.8,36.53432632470455,3,5
Shasta,2018,9,7.7,7.7,0.0,0,1
Shasta,2018,10,8.5,15.3,5.191659978593873,0,4
Shasta,2018,11,17.6,51.7,20.05355330109854,1,5
Shasta,2018,12,6.959999999999999,11.8,3.801710141502111,0,5
Shasta,2019,1,13.12,22.6,7.891577789010255,0,5
Shasta,2019,2,5.125,8.3,3.0346608816582235,0,4
Shasta,2019,3,5.175,9.7,3.8187039686260045,0,4
Shasta,2019,4,5.2,7.4,2.2516660498395407,0,3
Shasta,2019,5,3.8,5.0,1.5999999999999999,0,5
Shasta,2019,6,5.0,9.4,2.6711420778386166,0,5
Shasta,2019,7,4.725,5.8,1.0045728777279757,0,4
Shasta,2019,8,6.640000000000001,7.5,0.6913754406977443,0,5
Shasta,2019,9,3.2800000000000002,4.9,1.0545141061171257,0,5
Shasta,2019,10,4.58,9.9,3.050737615725089,0,5
Shasta,2019,11,6.466666666666666,9.9,3.5019042438840806,0,3
Shasta,2019,12,14.819999999999999,24.1,7.984171841838076,0,5
Shasta,2020,1,10.75,27.7,11.492171248288985,0,4
Shasta,2020,2,7.08,13.6,5.76341912409639,0,5
Shasta,2020,3,5.5,10.3,3.248845948948642,0,5
Shasta,2020,4,4.48,7.3,1.796385259347226,0,5
Shasta,2020,5,3.6799999999999997,6.7,1.7152259326397792,0,5
Shasta,2020,6,3.8599999999999994,5.3,1.7544229820656134,0,5
Shasta,2020,7,7.24,11.9,3.3433516117812077,0,5
Shasta,2020,8,7.62,12.6,3.2752099169366224,0,5
Shasta,2020,9,45.96,68.3,19.952643935077873,3,5
Shasta,2020,10,8.84,17.7,6.337822970074188,0,5
Shasta,2020,11,12.483333333333334,17.4,4.001707968688703,0,6
Shasta,2020,12,17.7,17.7,0.0,0,1
Siskiyou,2015,2,8.025,10.6,2.8312247055529407,0,4
Siskiyou,2015,3,5.233333333333333,9.0,2.110608127215156,0,6
Siskiyou,2015,4,3.4200000000000004,4.9,0.9418067742376885,0,5
Siskiyou,2015,5,2.9,4.8,1.408900280360537,0,5
Siskiyou,2015,6,4.18,5.9,1.2597618822618821,0,5
Siskiyou,2015,7,4.7,9.5,3.514967994164385,0,5
Siskiyou,2015,8,30.860000000000003,51.0,13.797572250218517,2,5
Siskiyou,2015,9,3.9799999999999995,6.4,1.441180072024312,0,5
Siskiyou,2015,10,4.75,6.2,1.8119970566569177,0,4
Siskiyou,2015,11,7.42,15.4,4.658540543990145,0,5
Siskiyou,2015,12,6.76,9.3,2.534363825499409,0,5
Siskiyou,2016,1,4.816666666666666,7.8,1.788202076574867,0,6
Siskiyou,2016,2,6.6,9.1,2.767670500619609,0,4
Siskiyou,2016,3,3.6166666666666667,5.8,1.6533803756748375,0,6
Siskiyou,2016,4,2.54,4.2,1.551773179301666,0,5
Siskiyou,2016,5,3.9333333333333336,5.0,1.1015141094572205,0,3
Siskiyou,2016,6,2.52,5.3,2.1111608181282637,0,5
Siskiyou,2016,7,3.72,7.9,2.630019011338131,0,5
Siskiyou,2016,8,5.08,7.9,1.9162463307205577,0,5
Siskiyou,2016,9,5.8,11.5,3.2916561181265576,0,5
Siskiyou,2016,10,3.78,8.0,2.6836542251191746,0,5
Siskiyou,2016,11,5.4,7.5,1.2942179105544787,0,5
Siskiyou,2016,12,13.325,25.1,7.899525302193798,0,4
Siskiyou,2017,1,14.459999999999999,19.2,3.045980958574758,0,5
Siskiyou,2017,2,3.975,7.4,2.3865945054267876,0,4
Siskiyou,2017,3,4.1,7.6,2.1412613105363856,0,5
Siskiyou,2017,4,2.46,4.8,1.6607227342335023,0,5
Siskiyou,2017,5,2.6999999999999997,3.4,0.9077444574328174,0,6
Siskiyou,2017,6,3.9,5.8,1.9390719429665315,0,5
Siskiyou,2017,7,6.74,9.6,1.8968394766031205,0,5
Siskiyou,2017,8,32.6,53.5,17.720609470331432,2,4
Siskiyou,2017,9,28.580000000000002,78.8,31.1099983927997,2,5
Siskiyou,2017,10,11.36,29.2,10.377523789421057,0,5
Siskiyou,2017,11,6.02,8.6,2.6281171967779517,0,5
Siskiyou,2017,12,17.380000000000003,33.7,11.06467351529181,0,5
Siskiyou,2018,1,9.8,13.3,2.6542418879974,0,5
Siskiyou,2018,2,7.040000000000001,10.6,2.751908428709066,0,5
Siskiyou,2018,3,3.38,4.9,1.047377677822093,0,5
Siskiyou,2018,4,3.8,5.8,1.2409673645990857,0,5
Siskiyou,2018,5,3.62,4.4,0.8438009243891594,0,5
Siskiyou,2018,6,4.0,7.5,2.007485989988473,0,5
Siskiyou,2018,7,36.03656068333333,143.208333,35.06056554630688,26,60
Siskiyou,2018,8,59.959703499999996,128.583333,34.90398180793686,42,62
Siskiyou,2018,9,15.7520356,60.347826,13.43991366762391,6,60
Siskiyou,2018,10,5.544606096774194,10.958333,1.9612389691049785,0,62
Siskiyou,2018,11,10.393039066666667,21.833333,4.548874953438165,0,60
Siskiyou,2018,12,12.75618864516129,23.666667,4.363539764318332,0,62
Siskiyou,2019,1,10.97821414516129,24.666667,4.46982355564335,0,62
Siskiyou,2019,2,7.494222285714286,13.166667,2.268383138951937,0,56
Siskiyou,2019,3,4.925165444444445,8.217391,1.4990391406338053,0,54
Siskiyou,2019,4,2.5619202833333334,5.833333,1.086899696076984,0,60
Siskiyou,2019,5,2.67521035483871,7.125,1.681520130941137,0,62
Siskiyou,2019,6,2.1966908,4.583333,1.1193702199077988,0,60
Siskiyou,2019,7,11.675438258064515,73.958333,20.373216185221715,8,62
Siskiyou,2019,8,3.400270818181818,6.833333,1.4025193259759479,0,66
Siskiyou,2019,9,1.7420833333333334,6.434783,1.3127966060146492,0,60
Siskiyou,2019,10,4.093133435483871,7.791667,1.935483306917588,0,62
Siskiyou,2019,11,8.595301933333333,14.375,3.0715293528836516,0,60
Siskiyou,2019,12,9.442291951612903,18.833333,4.716895197275228,0,62
Siskiyou,2020,1,7.660314403225807,13.869565,3.0512468505773467,0,62
Siskiyou,2020,2,7.174599068965517,13.333333,2.8854177830391063,0,58
Siskiyou,2020,3,3.8960963225806453,7.708333,1.5607624298773919,0,62
Siskiyou,2020,4,2.5110930000000002,5.25,1.094733286303788,0,60
Siskiyou,2020,5,1.9411874999999998,4.333333,1.0312322400118195,0,62
Siskiyou,2020,6,1.47988965,3.208333,0.7741274709354458,0,60
Siskiyou,2020,7,4.890782213114754,17.75,3.515823488567035,0,61
Siskiyou,2020,8,11.465634403225806,60.125,13.643997481886386,6,62
Siskiyou,2020,9,59.497561499999996,309.25,72.8975219590106,32,60
Siskiyou,2020,10,12.782066822580646,70.125,17.234194561564607,8,62
Siskiyou,2020,11,7.652408583333334,22.416667,4.752727464081688,0,60
Siskiyou,2020,12,11.123024912280702,20.277778,4.121081580449774,0,57
Solano,2015,1,25.3706863697479,42.375,7.11576059219078,11,119
Solano,2015,2,11.136051353535354,32.625,6.104524103551639,0,99
Solano,2015,3,6.630399725806452,13.708333,3.270410903126368,0,124
Solano,2015,4,5.451699891666666,13.666667,3.1605708555820864,0,120
Solano,2015,5,5.263791491935484,12.583333,2.9013545343984948,0,124
Solano,2015,6,5.177153649999999,17.041667,4.809942655735586,0,120
Solano,2015,7,4.222933641025641,11.0,3.445937997786535,0,117
Solano,2015,8,8.978175453703704,30.625,8.322035910625003,0,108
Solano,2015,9,9.022747608333333,14.833333,2.132087210158349,0,120
Solano,2015,10,8.61137056097561,14.375,2.9382310112703687,0,123
Solano,2015,11,12.658531,24.458333,5.223674714748472,0,113
Solano,2015,12,12.118998764705882,21.458333,4.947368193365239,0,102
Solano,2016,1,10.238871930555554,20.166667,4.280463642877451,0,72
Solano,2016,2,11.492123370689656,21.041667,4.295580108352001,0,116
Solano,2016,3,5.893200677419355,10.041667,1.8861913541517785,0,124
Solano,2016,4,6.878270915966386,13.583333,2.148679878267448,0,119
Solano,2016,5,6.236697540322581,14.916667,3.969774089914002,0,124
Solano,2016,6,6.472477575,17.583333,4.25367379218345,0,120
Solano,2016,7,5.53146729032258,16.5,3.7853404277291913,0,124
Solano,2016,8,5.7714469596774185,12.916667,2.7562539831343753,0,124
Solano,2016,9,9.851404471698112,16.833333,2.571911758142048,0,106
Solano,2016,10,6.246675387096775,12.458333,2.1025846029056754,0,124
Solano,2016,11,9.578278547826088,19.791667,4.113248374180859,0,115
Solano,2016,12,12.482372830645161,23.0,5.276631650375747,0,124
Solano,2017,1,9.837745435483871,22.583333,5.231827723731488,0,124
Solano,2017,2,6.896258763636364,19.5,3.868874809723849,0,110
Solano,2017,3,6.811489008064516,11.333333,2.1749715246360357,0,124
Solano,2017,4,6.582387291666667,12.291667,2.607970066863506,0,120
Solano,2017,5,7.372224177419355,19.958333,3.5739386309031986,0,124
Solano,2017,6,8.004490308333335,17.375,4.180740537317604,0,120
Solano,2017,7,9.018256177419355,17.956522,3.448921739460786,0,124
Solano,2017,8,10.271210250000001,28.583333,4.2461874507116795,0,124
Solano,2017,9,13.118383816666666,49.166667,12.522040094800092,16,120
Solano,2017,10,20.159620814516128,101.958333,24.212390362869616,16,124
Solano,2017,11,8.796268125000001,24.913043,4.501576551423122,0,120
Solano,2017,12,18.735586410714287,38.583333,8.528436366131519,4,112
Solano,2018,1,13.543463940677967,48.0,9.327536056154074,4,118
Solano,2018,2,9.551904928571428,22.869565,4.713528181018991,0,112
Solano,2018,3,6.41682604032258,12.166667,2.4137188559184284,0,124
Solano,2018,4,7.796876350000001,18.0,3.4579961611932557,0,120
Solano,2018,5,7.056301105769231,18.583333,4.091171960124955,0,104
Solano,2018,6,9.154216134453781,13.666667,3.050254465015256,0,119
Solano,2018,7,7.080949040322581,15.958333,2.3970949079258332,0,124
Solano,2018,8,12.79461655,31.75,5.979069332222183,0,120
Solano,2018,9,9.705570491379309,16.458333,3.3728050858864216,0,116
Solano,2018,10,8.653420921875,14.958333,3.885790354539327,0,64
Solano,2018,11,47.75003821296296,197.25,49.13954048794502,50,108
Solano,2018,12,11.658435596774193,23.083333,4.454844836394111,0,124
Solano,2019,1,12.466985153225805,30.608696,6.5251406909444984,0,124
Solano,2019,2,6.2942405625,11.173913,2.226825518005096,0,112
Solano,2019,3,6.60869564516129,12.041667,2.093058600837346,0,124
Solano,2019,4,8.490884666666666,16.708333,3.823950948364598,0,120
Solano,2019,5,7.526957669354839,15.958333,2.7981572994903705,0,124
Solano,2019,6,9.332450883333333,15.916667,3.3026276524059655,0,120
Solano,2019,7,8.925590209677418,14.875,2.628373360073929,0,124
Solano,2019,8,8.020715112903225,17.291667,3.106279307311563,0,124
Solano,2019,9,6.596132241666667,11.333333,2.0293075101247564,0,120
Solano,2019,10,8.868224641666666,19.416667,3.3297051654668968,0,120
Solano,2019,11,12.725242596153846,22.666667,4.165658015612456,0,104
Solano,2019,12,9.30898785483871,20.75,3.9445750155637636,0,124
Solano,2020,1,9.50381895967742,25.416667,4.240574564094516,0,124
Solano,2020,2,10.720389990825687,20.416667,4.13409278034197,0,109
Solano,2020,3,6.473665008928571,15.166667,2.9577649566470683,0,112
Solano,2020,4,6.106321905172414,12.875,2.237225455313581,0,116
Solano,2020,5,6.27426660483871,12.458333,2.5220474886796755,0,124
Solano,2020,6,6.5046788583333335,13.956522,3.2812363025663878,0,120
Solano,2020,7,7.4890515483870965,18.041667,3.9264366039806737,0,124
Solano,2020,8,17.50020158064516,52.291667,15.647807487925075,20,124
Solano,2020,9,30.310193816666665,153.291667,37.569238755803184,20,120
Solano,2020,10,15.707208701612903,69.291667,13.642519929698132,8,124
Solano,2020,11,12.316694383333333,27.833333,6.155857636363095,0,120
Solano,2020,12,15.86551835483871,29.875,7.0249441039289895,0,124
Sonoma,2015,1,16.276763758064515,25.583333,5.997390217976278,0,62
Sonoma,2015,2,7.087234714285715,14.958333,2.7744736552385425,0,56
Sonoma,2015,3,6.380632081081081,9.666667,1.8548697441808168,0,37
Sonoma,2015,4,4.529220719298245,10.416667,2.102438047563554,0,57
Sonoma,2015,5,5.072498838709678,13.166667,2.859383519671835,0,62
Sonoma,2015,6,5.757463766666667,15.5,3.732395702858753,0,60
Sonoma,2015,7,4.0686009677419355,8.291667,1.8844059260692787,0,62
Sonoma,2015,8,7.469758032258064,29.916667,7.39198031582362,0,62
Sonoma,2015,9,4.681675068965517,8.083333,1.4392673648683616,0,58
Sonoma,2015,10,4.553154580645161,9.958333,2.441419049492031,0,62
Sonoma,2015,11,6.471397879310344,14.0,3.5696218182783372,0,58
Sonoma,2015,12,7.052254677419355,16.478261,4.006516361634937,0,62
Sonoma,2016,1,5.619237683333334,15.291667,3.4995855736980888,0,60
Sonoma,2016,2,6.073838068965517,9.833333,2.4572107066300672,0,58
Sonoma,2016,3,3.0214177096774195,6.0,1.4943950898946563,0,62
Sonoma,2016,4,4.700929966666666,8.708333,1.904774714178867,0,60
Sonoma,2016,5,3.974485758064516,10.083333,3.0042731983575597,0,62
Sonoma,2016,6,4.088925133333333,10.666667,3.124401211744786,0,60
Sonoma,2016,7,2.8956846557377047,13.166667,3.1069376759388714,0,61
Sonoma,2016,8,0.9389083387096774,5.0,1.93735290482418,0,62
Sonoma,2016,9,5.594312038461538,8.833333,1.6085585002519684,0,52
Sonoma,2016,10,3.594214048387097,7.130435,1.4609935882668794,0,62
Sonoma,2016,11,6.0663828833333335,12.458333,2.308916083355543,0,60
Sonoma,2016,12,9.584811838709678,18.75,4.288619937292623,0,62
Sonoma,2017,1,8.549108596774193,19.541667,4.875419271890076,0,62
Sonoma,2017,2,6.421604875,20.125,3.4025966082537678,0,56
Sonoma,2017,3,4.780972419354839,8.708333,1.5506385624301664,0,62
Sonoma,2017,4,5.29672315,8.708333,1.5767217756034928,0,60
Sonoma,2017,5,5.539311596774193,11.458333,2.3002145600345205,0,62
Sonoma,2017,6,5.7923116666666665,17.521739,3.6162604665086433,0,60
Sonoma,2017,7,6.560226693548388,12.478261,2.8502680358088126,0,62
Sonoma,2017,8,8.694466516129031,19.666667,4.086006819191877,0,62
Sonoma,2017,9,11.816322466666666,61.125,11.674257083144232,2,60
Sonoma,2017,10,14.466019000000001,81.826087,18.053670848329542,6,62
Sonoma,2017,11,6.871896116666666,13.869565,2.471451070601265,0,60
Sonoma,2017,12,12.377372596774194,21.291667,4.621410454622482,0,62
Sonoma,2018,1,9.98658835483871,27.833333,5.963146259425707,0,62
Sonoma,2018,2,6.386950053571428,14.333333,2.298990632186754,0,56
Sonoma,2018,3,4.63630785483871,7.833333,1.5783487340233182,0,62
Sonoma,2018,4,5.336407033333333,11.166667,2.4504794959719787,0,60
Sonoma,2018,5,4.975868426229508,14.916667,3.4141533651403266,0,61
Sonoma,2018,6,6.386686448979591,10.958333,2.5208009689060398,0,49
Sonoma,2018,7,4.027840129032258,12.125,2.4202757073475616,0,62
Sonoma,2018,8,8.123154177419355,18.826087,4.500041731486842,0,62
Sonoma,2018,9,4.026431166666667,11.583333,2.7456842859257935,0,60
Sonoma,2018,10,1.4868214754098361,7.333333,2.866791048150578,0,61
Sonoma,2018,11,38.25824315,175.380952,47.67961507903658,26,60
Sonoma,2018,12,7.082672903225807,16.541667,3.4523358804854243,0,62
Sonoma,2019,1,7.396436080645161,26.125,4.950061307066969,0,62
Sonoma,2019,2,3.251649509433962,8.541667,2.3105041700826368,0,53
Sonoma,2019,3,3.601465509803922,9.285714,1.8550617621287584,0,51
Sonoma,2019,4,5.280098233333334,13.916667,3.4448207512519446,0,60
Sonoma,2019,5,5.042549080645161,10.291667,1.88962273597822,0,62
Sonoma,2019,6,6.201129266666667,11.125,2.801945890692993,0,60
Sonoma,2019,7,5.980354548387097,12.125,2.2518923725771116,0,62
Sonoma,2019,8,5.645281919354838,12.565217,2.735161519247341,0,62
Sonoma,2019,9,4.543723293103448,9.541667,1.5994815070193897,0,58
Sonoma,2019,10,6.855303781818182,28.041667,5.092257550946657,0,55
Sonoma,2019,11,7.688119145833333,13.958333,2.7273802924638137,0,48
Sonoma,2019,12,6.620476838709677,11.708333,2.6009547648057834,0,62
Sonoma,2020,1,7.248276064516129,16.333333,3.1224339990818533,0,62
Sonoma,2020,2,6.461670068965517,10.26087,2.362017533482845,0,58
Sonoma,2020,3,4.708242732142857,9.291667,2.105980909594693,0,56
Sonoma,2020,4,3.99500605,7.833333,1.141269432242447,0,60
Sonoma,2020,5,3.975179548387097,7.375,1.553476703412204,0,62
Sonoma,2020,6,5.1479589500000005,11.583333,2.586786669813594,0,60
Sonoma,2020,7,5.959104344827587,12.565217,3.2593304902105524,0,58
Sonoma,2020,8,9.25154914516129,34.0,7.199050017389543,0,62
Sonoma,2020,9,23.991241749999997,124.333333,34.6904375409898,10,60
Sonoma,2020,10,11.87707458064516,58.916667,12.756008044092889,4,62
Sonoma,2020,11,6.3841968499999995,13.0,2.875532624361815,0,60
Sonoma,2020,12,9.769687951612903,16.958333,3.7673652364399985,0,62
Stanislaus,2015,1,27.99487470833333,82.875,14.132231720943127,6,48
Stanislaus,2015,2,20.11337410526316,49.041667,11.568447136409434,6,57
Stanislaus,2015,3,7.0989914380165295,17.0,4.617971416494989,0,121
Stanislaus,2015,4,4.628604216666667,10.916667,2.8961327652151776,0,120
Stanislaus,2015,5,5.30190920472441,11.458333,2.0851334878966705,0,127
Stanislaus,2015,6,7.3932527352941175,17.043478,3.975601764714863,0,102
Stanislaus,2015,7,8.431646652892562,16.208333,3.0927275735688387,0,121
Stanislaus,2015,8,12.648072595238094,36.833333,7.971209926264801,2,126
Stanislaus,2015,9,10.736807983739837,36.791667,5.283903967357999,2,123
Stanislaus,2015,10,12.061164776,29.958333,5.2316192026167245,0,125
Stanislaus,2015,11,19.75165756910569,51.458333,13.012048612557487,19,123
Stanislaus,2015,12,18.886482015873018,38.916667,9.359327634408674,6,126
Stanislaus,2016,1,16.928865677165355,52.25,10.37403511887349,8,127
Stanislaus,2016,2,18.778431112068965,38.208333,9.462950224348264,4,116
Stanislaus,2016,3,9.601027380952381,28.208333,5.102594615423008,0,126
Stanislaus,2016,4,7.293455026086957,18.375,3.644612798531937,0,115
Stanislaus,2016,5,6.761555016129032,13.8,3.221541649342681,0,124
Stanislaus,2016,6,7.327533699186992,15.75,3.0337972438483094,0,123
Stanislaus,2016,7,7.101828325396825,17.958333,3.5818075724625404,0,126
Stanislaus,2016,8,9.11741572440945,15.541667,2.8360588740139088,0,127
Stanislaus,2016,9,12.522135563636363,28.125,5.034514825445657,0,110
Stanislaus,2016,10,9.333793647540984,18.625,3.6134087596922133,0,122
Stanislaus,2016,11,15.596404379310345,45.541667,9.443425223768974,5,116
Stanislaus,2016,12,22.66643840944882,53.666667,12.593807780814329,28,127
Stanislaus,2017,1,13.13302930952381,40.625,10.28895420347094,5,126
Stanislaus,2017,2,9.808982666666667,50.25,10.589685491668632,6,105
Stanislaus,2017,3,8.938847968,23.041667,5.327827061280212,0,125
Stanislaus,2017,4,5.9432131463414635,13.125,3.2671286605730216,0,123
Stanislaus,2017,5,5.394758196850393,11.916667,2.6966426895734097,0,127
Stanislaus,2017,6,5.228106426229508,11.333333,2.8552961036418614,0,122
Stanislaus,2017,7,7.662261795275591,17.958333,2.274739902620022,0,127
Stanislaus,2017,8,12.931653992,22.0,3.913870457027862,0,125
Stanislaus,2017,9,14.034528478260869,41.166667,10.405023402928066,8,115
Stanislaus,2017,10,17.590076484126982,45.916667,9.35384671638438,4,126
Stanislaus,2017,11,15.411922951219513,41.0,10.21187013356339,8,123
Stanislaus,2017,12,37.59347745238095,74.5,17.571739706193398,79,126
Stanislaus,2018,1,21.16591634645669,64.125,13.758961607119772,15,127
Stanislaus,2018,2,14.60746255339806,40.916667,10.475143813813721,6,103
Stanislaus,2018,3,8.057020271929824,19.583333,5.160458857201742,0,114
Stanislaus,2018,4,7.652614058333333,17.565217,3.4277776845797274,0,120
Stanislaus,2018,5,6.991095598425197,12.958333,2.208232913402192,0,127
Stanislaus,2018,6,9.122715314049588,15.25,2.616767738532726,0,121
Stanislaus,2018,7,13.137087732283463,39.041667,8.318152409728373,4,127
Stanislaus,2018,8,21.86960761417323,53.166667,11.046689850363311,14,127
Stanislaus,2018,9,12.287208950819672,25.541667,5.649987820873173,0,122
Stanislaus,2018,10,10.876437897637794,23.166667,5.569317068051712,0,127
Stanislaus,2018,11,49.82257366393442,189.826087,51.09099857053273,53,122
Stanislaus,2018,12,18.20836995967742,37.791667,8.946483431456038,2,124
Stanislaus,2019,1,17.897939098214287,43.461538,11.326316372877551,11,112
Stanislaus,2019,2,6.343419962962963,20.125,4.701308696924035,0,108
Stanislaus,2019,3,5.97187536,18.041667,4.2643199522912125,0,125
Stanislaus,2019,4,5.922829845528455,13.666667,3.1956165934246648,0,123
Stanislaus,2019,5,5.225011065573771,11.25,2.257967798259907,0,122
Stanislaus,2019,6,5.9342531951219515,13.375,2.507117861754451,0,123
Stanislaus,2019,7,6.944773136,21.291667,3.4032563702968783,0,125
Stanislaus,2019,8,7.066358811023622,14.791667,2.8881334184766234,0,127
Stanislaus,2019,9,6.046051089430894,16.708333,3.504583573491569,0,123
Stanislaus,2019,10,10.57617976984127,36.478261,5.865774917161988,2,126
Stanislaus,2019,11,20.167313032520326,40.625,9.20825464718243,4,123
Stanislaus,2019,12,12.798240584745763,26.652174,6.850747716417909,0,118
Stanislaus,2020,1,14.402911848739496,30.708333,6.154771082220669,0,119
Stanislaus,2020,2,13.400881220338983,31.458333,7.359537398032029,0,118
Stanislaus,2020,3,6.011263228346457,18.375,3.995514090672341,0,127
Stanislaus,2020,4,4.436683303278688,8.75,1.9690631084384949,0,122
Stanislaus,2020,5,4.623626709677419,12.625,2.0038448479677653,0,124
Stanislaus,2020,6,5.731729598360656,10.625,2.3756552151335426,0,122
Stanislaus,2020,7,8.139899952755906,36.291667,4.775010589694762,2,127
Stanislaus,2020,8,26.93488868503937,108.0,29.670560722563426,35,127
Stanislaus,2020,9,35.95112716528926,118.541667,32.15931522632806,44,121
Stanislaus,2020,10,22.01784850793651,86.916667,20.762387008515926,16,126
Stanislaus,2020,11,17.328695,38.25,9.351817687054476,6,122
Stanislaus,2020,12,21.532391805084746,38.333333,9.473396777902048,10,118
Sutter,2015,1,23.248387096774195,36.1,7.941111213918865,1,31
Sutter,2015,2,10.633333333333333,32.3,8.021962606368284,0,24
Sutter,2015,3,6.4678571428571425,13.3,2.7886082512314236,0,28
Sutter,2015,4,5.662068965517241,12.3,2.8813952217016885,0,29
Sutter,2015,5,6.3966666666666665,10.0,1.7418744032741305,0,30
Sutter,2015,6,8.511111111111111,15.3,3.680295526638954,0,18
Sutter,2015,7,6.457142857142857,10.4,2.03750547764382,0,28
Sutter,2015,8,9.385714285714286,25.0,4.7470625838094,0,28
Sutter,2015,9,8.76206896551724,26.3,4.220901544956568,0,29
Sutter,2015,10,8.942857142857143,17.6,3.900657928495176,0,28
Sutter,2015,11,10.348275862068967,26.3,6.76971304992502,0,29
Sutter,2015,12,9.771428571428572,27.3,5.750224288241231,0,28
Sutter,2016,1,7.046666666666667,14.3,3.5450532152353613,0,30
Sutter,2016,2,8.734615384615385,15.3,3.710627149977998,0,26
Sutter,2016,3,4.133333333333334,8.6,1.9701799906105786,0,30
Sutter,2016,4,4.92,8.8,2.396750673954938,0,30
Sutter,2016,5,5.9,10.0,2.387746496873848,0,31
Sutter,2016,6,8.076666666666666,40.1,6.5109289200772915,1,30
Sutter,2016,7,7.741935483870968,18.0,3.267595873987315,0,31
Sutter,2016,8,8.067857142857143,13.3,2.3694121120256297,0,28
Sutter,2016,9,10.46551724137931,17.1,2.785071922906758,0,29
Sutter,2016,10,7.36551724137931,20.4,3.9135548201154995,0,29
Sutter,2016,11,10.166666666666666,18.7,4.232929518394124,0,27
Sutter,2016,12,15.226666666666667,33.8,8.12760020285639,0,30
Sutter,2017,1,6.889285714285714,23.0,6.423068338287152,0,28
Sutter,2017,2,4.373913043478261,15.0,3.12558611104372,0,23
Sutter,2017,3,5.416129032258064,10.7,2.51755129364409,0,31
Sutter,2017,4,4.083333333333333,10.7,1.8991982579468913,0,30
Sutter,2017,5,5.373333333333334,9.3,2.1167530980633806,0,30
Sutter,2017,6,5.7,11.0,2.6947479783212875,0,25
Sutter,2017,7,8.48076923076923,15.6,2.40383347688965,0,26
Sutter,2017,8,12.454545454545455,26.3,4.229570199117644,0,22
Sutter,2017,9,13.385714285714286,45.0,10.44806252766562,2,28
Sutter,2017,10,14.64516129032258,31.6,7.314863348446887,0,31
Sutter,2017,11,9.910344827586206,21.1,5.481615040138796,0,29
Sutter,2017,12,19.96451612903226,33.6,9.702595817171705,0,31
Sutter,2018,1,12.85,40.6,9.30768129205565,2,30
Sutter,2018,2,8.417857142857143,24.5,5.283941680463522,0,28
Sutter,2018,3,4.4399999999999995,10.8,2.9513994342836174,0,30
Sutter,2018,4,5.593333333333334,10.1,2.2286432138663748,0,30
Sutter,2018,5,6.06551724137931,11.7,2.0785083700420777,0,29
Sutter,2018,6,7.539130434782609,11.6,2.21969267537705,0,23
Sutter,2018,7,11.74,22.8,5.01099480797149,0,30
Sutter,2018,8,21.996666666666666,52.8,12.934436349457249,5,30
Sutter,2018,9,11.553333333333335,30.8,5.596534231316633,0,30
Sutter,2018,10,8.91851851851852,18.5,4.853788134978623,0,27
Sutter,2018,11,11.1625,47.0,11.469837255456882,1,16
Sutter,2018,12,12.92,32.9,8.487410555112465,0,30
Sutter,2019,1,13.6,39.3,11.689708538466036,2,29
Sutter,2019,2,4.7749999999999995,13.8,3.4860170416701655,0,28
Sutter,2019,3,4.874193548387097,14.3,3.136767735736421,0,31
Sutter,2019,4,5.978571428571429,15.3,4.020443788186604,0,28
Sutter,2019,5,5.445161290322581,8.8,1.9717739406732913,0,31
Sutter,2019,6,7.241379310344827,11.3,2.3217169203260073,0,29
Sutter,2019,7,9.4,20.6,3.4395348522729066,0,26
Sutter,2019,8,7.493333333333334,12.0,1.882759041724512,0,30
Sutter,2019,9,5.741379310344827,11.8,2.2337536060214416,0,29
Sutter,2019,10,10.841935483870968,28.2,5.519467014941955,0,31
Sutter,2019,11,15.33,24.3,5.567278168629311,0,30
Sutter,2019,12,10.509677419354839,31.2,7.199507151590756,0,31
Sutter,2020,1,12.751724137931035,33.1,8.53173155635793,0,29
Sutter,2020,2,11.482608695652175,26.9,7.266839513966104,0,23
Sutter,2020,3,5.253571428571428,13.5,2.950264538403437,0,28
Sutter,2020,4,5.404787,7.8,1.5543010823547667,0,51
Sutter,2020,5,5.09359685483871,10.625,2.2610515028615747,0,62
Sutter,2020,6,7.391563568965517,13.708333,3.1709356226944165,0,58
Sutter,2020,7,13.077822596774194,71.791667,11.191483275550093,2,62
Sutter,2020,8,32.847539693548384,131.25,31.59858778231199,22,62
Sutter,2020,9,49.57256916666667,252.958333,57.50402568160187,28,60
Sutter,2020,10,25.449209915254237,91.166667,21.959842428855836,10,59
Sutter,2020,11,14.745446833333334,26.583333,6.799658662559131,0,60
Sutter,2020,12,14.829601241935485,34.333333,7.444954455569356,0,62
Tehama,2016,3,1.4555405409836064,6.0,1.7630836507156962,0,61
Tehama,2016,4,3.03300725,10.0,2.768960547150119,0,60
Tehama,2016,5,2.843047435483871,8.083333,2.0898526706855667,0,62
Tehama,2016,6,3.9822213166666667,9.708333,2.1954481281509115,0,60
Tehama,2016,7,4.911476328125,12.083333,3.647146737705788,0,64
Tehama,2016,8,8.724527121212121,16.458333,4.023300251866976,0,66
Tehama,2016,9,8.586852409090909,32.041667,6.698600312434058,0,66
Tehama,2016,10,3.269758064516129,9.708333,2.7877575318116445,0,62
Tehama,2016,11,5.017325433333334,12.041667,2.8324757156018805,0,60
Tehama,2016,12,6.849022483870967,23.708333,4.981763046911343,0,62
Tehama,2017,1,4.741339370967742,19.291667,4.363817492624226,0,62
Tehama,2017,2,3.684766777777778,12.181818,3.168198976914628,0,54
Tehama,2017,3,3.3791373728813556,7.136364,1.809859595312594,0,59
Tehama,2017,4,1.6055978333333334,7.666667,1.6502499127931407,0,60
Tehama,2017,5,5.5183242741935485,11.458333,3.2060293769791346,0,62
Tehama,2017,6,6.81074935,13.0,3.4220301804894726,0,60
Tehama,2017,7,7.934514661290323,14.958333,2.853450818918425,0,62
Tehama,2017,8,16.179686193548388,85.958333,14.008880807975386,2,62
Tehama,2017,9,16.33938435185185,69.083333,16.902752519510493,8,54
Tehama,2017,10,5.416737444444444,22.875,5.898538206264554,0,54
Tehama,2017,11,7.26249894,21.916667,5.236795027422065,0,50
Tehama,2017,12,7.991910338709678,15.458333,4.305795591375807,0,62
Tehama,2018,1,10.25950772580645,27.625,4.997282594487719,0,62
Tehama,2018,2,4.892954178571428,11.416667,2.3589394462672115,0,56
Tehama,2018,3,4.297942112903226,7.375,1.6731971620079271,0,62
Tehama,2018,4,5.136485550000001,11.130435,2.4309021598185776,0,60
Tehama,2018,5,6.282789822580645,12.291667,2.2158444900758996,0,62
Tehama,2018,6,5.6300381206896555,9.791667,2.4604977572226,0,58
Tehama,2018,7,16.158380048387098,67.25,17.799613717738765,10,62
Tehama,2018,8,32.71955140322581,87.583333,21.735361048307983,20,62
Tehama,2018,9,12.653437133333334,56.956522,12.804214751906454,4,60
Tehama,2018,10,2.380639306451613,9.875,3.1135295241720136,0,62
Tehama,2018,11,20.770821233333333,130.75,29.646596150054894,14,60
Tehama,2018,12,5.159823532258065,17.041667,4.336552685321597,0,62
Tehama,2019,1,6.376416964285714,19.333333,6.271537455794726,0,56
Tehama,2019,2,4.040394232142857,11.434783,2.8089831950557027,0,56
Tehama,2019,3,4.096889983870968,8.458333,1.94009873612336,0,62
Tehama,2019,4,4.2595833333333335,8.75,2.1140658843941798,0,60
Tehama,2019,5,4.407110887096774,7.791667,1.8407338460857248,0,62
Tehama,2019,6,4.889728233333333,11.875,2.9831197710550508,0,60
Tehama,2019,7,7.6978670483870975,17.041667,3.5220585575688603,0,62
Tehama,2019,8,6.32277614516129,9.583333,1.5659548888711967,0,62
Tehama,2019,9,4.212270533333333,10.541667,2.389059066164408,0,60
Tehama,2019,10,4.191023346938775,12.875,2.904879685762997,0,49
Tehama,2019,11,6.10143725,11.26087,2.474502426762632,0,60
Tehama,2019,12,8.313589112903227,22.625,4.836071001064598,0,62
Tehama,2020,1,9.799010754385966,27.5,5.71411610434328,0,57
Tehama,2020,2,8.901959489795917,17.541667,5.220636772453654,0,49
Tehama,2020,3,4.411210548387096,12.636364,2.6448423146506324,0,62
Tehama,2020,4,3.8048853333333335,6.541667,1.5942559777898802,0,60
Tehama,2020,5,3.3882340166666665,7.166667,1.4918915375814132,0,60
Tehama,2020,6,3.9837024137931034,9.875,2.6704800588412776,0,58
Tehama,2020,7,7.8093385,15.083333,2.7487139677590915,0,62
Tehama,2020,8,28.50349907142857,113.583333,30.101523178754544,14,56
Tehama,2020,9,53.803852666666664,142.958333,36.355969842964114,38,60
Tehama,2020,10,17.59529570967742,82.625,22.564637947161902,10,62
Tehama,2020,11,8.39123025,20.782609,4.09199735714163,0,60
Tehama,2020,12,8.93904864516129,20.458333,3.9425237088419585,0,62
Tulare,2015,1,41.82857142857143,86.3,23.9001892799837,3,7
Tulare,2015,2,23.400000000000002,32.0,10.76090808701305,0,8
Tulare,2015,3,10.42,14.4,2.8843639776483747,0,10
Tulare,2015,4,9.744444444444445,16.4,3.659272848227879,0,9
Tulare,2015,5,7.863636363636363,12.5,2.293587899895152,0,11
Tulare,2015,6,9.685714285714285,13.7,3.085141040227373,0,7
Tulare,2015,7,8.577777777777778,12.6,2.307475773316904,0,9
Tulare,2015,8,9.940000000000001,13.0,2.251221890440833,0,5
Tulare,2015,9,18.669999999999998,45.6,12.359885831907098,1,10
Tulare,2015,10,15.988888888888889,26.8,6.233667548972363,0,9
Tulare,2015,11,20.57,32.3,7.389639895000146,0,10
Tulare,2015,12,20.77777777777778,39.8,10.420386002660575,1,9
Tulare,2016,1,16.854545454545455,43.0,12.49882903606283,1,11
Tulare,2016,2,21.32222222222222,33.3,10.243629456615679,0,9
Tulare,2016,3,10.299999999999999,25.3,7.166728681902224,0,11
Tulare,2016,4,9.11111111111111,21.7,5.4473489984680725,0,9
Tulare,2016,5,7.754545454545454,13.9,3.461029799456698,0,11
Tulare,2016,6,9.03,12.2,2.2355958688655893,0,10
Tulare,2016,7,10.566666666666666,17.9,3.8069016273079614,0,9
Tulare,2016,8,14.1,18.8,3.2639444439716394,0,10
Tulare,2016,9,14.4625,20.7,2.7391017818672907,0,8
Tulare,2016,10,10.2,21.0,5.134685968976097,0,9
Tulare,2016,11,26.89090909090909,48.0,12.548980400451228,4,11
Tulare,2016,12,24.78,40.7,11.031147819797457,2,10
Tulare,2017,1,9.059999999999999,20.8,6.791023486927431,0,5
Tulare,2017,2,8.0375,19.3,5.796042368966702,0,8
Tulare,2017,3,15.030000000000001,33.7,8.719333562708666,0,10
Tulare,2017,4,7.56,11.6,2.860924481507488,0,10
Tulare,2017,5,8.11111111111111,11.0,2.6360218343388415,0,9
Tulare,2017,6,10.345454545454546,13.9,3.169972755833602,0,11
Tulare,2017,7,11.25,14.1,2.0976176963403033,0,8
Tulare,2017,8,15.825000000000001,22.5,4.296536660233131,0,12
Tulare,2017,9,13.322222222222223,20.1,4.4982712728830005,0,9
Tulare,2017,10,18.43,33.5,7.219272047020315,0,10
Tulare,2017,11,22.363636363636363,60.7,17.95696370365952,3,11
Tulare,2017,12,53.760000000000005,86.1,24.28470940964933,6,10
Tulare,2018,1,32.333333333333336,86.8,22.346196544378643,3,9
Tulare,2018,2,18.2,63.4,22.318960549272898,1,6
Tulare,2018,3,8.76,16.3,5.6059888611297755,0,10
Tulare,2018,4,8.35,13.2,3.0804941883477794,0,10
Tulare,2018,5,9.379999999999999,15.2,3.1293591818276294,0,10
Tulare,2018,6,9.85,13.8,2.514071509634433,0,10
Tulare,2018,7,13.166666666666666,26.0,5.252142420003479,0,9
Tulare,2018,8,25.490000000000002,64.6,17.985824665243705,3,10
Tulare,2018,9,13.98,21.5,3.427276210377889,0,10
Tulare,2018,10,13.955555555555556,25.4,5.908492005391713,0,9
Tulare,2018,11,30.785714285714285,41.3,10.085208404957655,4,7
Tulare,2018,12,25.811111111111114,46.8,9.213094545868456,1,9
Tulare,2019,1,23.10909090909091,47.2,17.397784602957614,3,11
Tulare,2019,2,8.440000000000001,21.8,7.7667882680037055,0,5
Tulare,2019,3,8.709999999999999,14.8,3.936284203831493,0,10
Tulare,2019,4,8.78,15.4,3.929037201826083,0,10
Tulare,2019,5,8.975,13.3,3.4652355104461714,0,8
Tulare,2019,6,9.71,17.1,3.2346904368458858,0,10
Tulare,2019,7,10.933333333333334,18.3,3.4510867853474796,0,9
Tulare,2019,8,10.672727272727274,13.5,2.2838961925144097,0,11
Tulare,2019,9,9.9,14.9,2.257333727111602,0,10
Tulare,2019,10,15.84,30.0,5.970147960198864,0,10
Tulare,2019,11,22.59,42.3,13.46785885811929,3,10
Tulare,2019,12,13.122222222222222,30.1,8.873243175099194,0,9
Tulare,2020,1,21.77777777777778,39.7,9.80532735019308,1,9
Tulare,2020,2,18.3,25.9,5.457628998540876,0,8
Tulare,2020,3,8.08,13.3,4.017959681231259,0,10
Tulare,2020,4,7.627272727272728,14.5,4.00402070651262,0,11
Tulare,2020,5,8.25,14.8,4.708609136464823,0,6
Tulare,2020,6,9.7,14.2,2.983659200080033,0,10
Tulare,2020,7,11.5,21.3,4.132795663954365,0,10
Tulare,2020,8,30.99090909090909,127.1,35.30310055917056,4,11
Tulare,2020,9,38.12,91.8,20.701250633181022,4,10
Tulare,2020,10,30.360000000000003,83.4,21.78155182717705,2,10
Tulare,2020,11,29.95,43.8,12.256993468583106,4,10
Tulare,2020,12,15.359617544444445,44.75,13.31486816339984,11,90
Ventura,2015,1,6.242182274285715,27.291667,5.46116363126285,0,350
Ventura,2015,2,9.753803382089552,32.5,7.894923784489974,0,335
Ventura,2015,3,7.806094450549451,23.125,5.275967275320728,0,364
Ventura,2015,4,8.373495827777777,18.652174,3.311977795042057,0,360
Ventura,2015,5,9.768604684636118,19.25,3.036876622822824,0,371
Ventura,2015,6,11.054737269113149,19.125,3.646201635778475,0,327
Ventura,2015,7,8.285931369047619,33.0,4.833265974240806,0,336
Ventura,2015,8,12.414297327956989,24.375,5.1011655059743655,0,372
Ventura,2015,9,9.615975520588236,17.916667,3.8514271126849864,0,340
Ventura,2015,10,7.053026392473118,15.208333,2.3085109016663568,0,372
Ventura,2015,11,4.532839361111111,12.125,2.453745372922695,0,360
Ventura,2015,12,5.30958962972973,17.458333,2.877901554022879,0,370
Ventura,2016,1,6.646491977591036,18.956522,3.6158119610688146,0,357
Ventura,2016,2,4.971875603448276,13.833333,2.992608435466423,0,348
Ventura,2016,3,8.252156299450549,22.416667,4.436338815474016,0,364
Ventura,2016,4,7.893350444444444,14.833333,2.968437223058005,0,360
Ventura,2016,5,8.998294167115903,17.958333,3.577478321937349,0,371
Ventura,2016,6,12.643315464788731,28.916667,4.525011007039419,0,355
Ventura,2016,7,11.71264251923077,31.416667,3.8038706841975225,0,364
Ventura,2016,8,11.700495505376344,19.125,3.290159162648369,0,372
Ventura,2016,9,10.646518023809524,21.541667,3.7885339488324115,0,336
Ventura,2016,10,6.906500732394367,16.458333,3.2608450138417444,0,355
Ventura,2016,11,6.280891040935672,16.416667,3.141503695654108,0,342
Ventura,2016,12,8.298987022038569,35.333333,6.768832178059448,0,363
Ventura,2017,1,5.093078390449438,13.375,2.478574143604186,0,356
Ventura,2017,2,5.514206604938272,17.041667,3.4785910580263875,0,324
Ventura,2017,3,6.630549896358544,21.666667,4.105541585762148,0,357
Ventura,2017,4,7.710515011111112,18.173913,3.499115834583406,0,360
Ventura,2017,5,8.742113865384615,20.043478,3.3612114389424756,0,364
Ventura,2017,6,10.181378553008596,21.833333,3.687999682935796,0,349
Ventura,2017,7,11.884958489071037,31.375,4.061824340959686,0,366
Ventura,2017,8,11.953833913978496,24.625,3.975188760871379,0,372
Ventura,2017,9,8.33078532,19.416667,3.829197029766323,0,350
Ventura,2017,10,9.048197964187327,25.708333,5.327869811755386,0,363
Ventura,2017,11,6.294783022222223,18.208333,3.2629072457193526,0,360
Ventura,2017,12,23.39661985094851,557.083333,61.56659333904118,33,369
Ventura,2018,1,7.042922444134078,32.791667,5.29963984350961,0,358
Ventura,2018,2,7.263474534591195,28.708333,5.0903015424461096,0,318
Ventura,2018,3,5.2933870931506855,15.208333,3.7005034692847443,0,365
Ventura,2018,4,10.28911168888889,18.666667,4.199846412092471,0,360
Ventura,2018,5,8.845489494318182,18.416667,3.098882794750239,0,352
Ventura,2018,6,11.262962376770538,20.0,2.8218750044834553,0,353
Ventura,2018,7,9.60464272173913,21.791667,4.515726186035953,0,345
Ventura,2018,8,13.68295498915989,33.916667,6.472072208994581,0,369
Ventura,2018,9,11.709836054285715,22.916667,3.90547782467565,0,350
Ventura,2018,10,8.754132175287356,18.217391,3.911421832024108,0,348
Ventura,2018,11,9.110976442896936,41.5,6.749017325489477,4,359
Ventura,2018,12,5.837895635097493,22.125,3.604226045090007,0,359
Ventura,2019,1,5.788952051204819,24.5,4.543332237007122,0,332
Ventura,2019,2,3.795137039393939,10.083333,1.9057630932360698,0,330
Ventura,2019,3,4.149887153846153,12.083333,2.3644454611386534,0,364
Ventura,2019,4,6.559157602777778,17.708333,3.3902187783934083,0,360
Ventura,2019,5,6.729875717741935,16.041667,3.4687793774452356,0,372
Ventura,2019,6,8.320455089136491,17.041667,3.186543940516614,0,359
Ventura,2019,7,10.335376293010754,19.75,3.00327638994102,0,372
Ventura,2019,8,8.090359518817205,13.75,2.3361197757925938,0,372
Ventura,2019,9,7.730334901734103,13.625,2.8014091645590433,0,346
Ventura,2019,10,6.490188641666667,14.625,3.7478587623396984,0,360
Ventura,2019,11,7.349669061452514,25.5,4.46156979779462,0,358
Ventura,2019,12,4.203887944444444,15.916667,2.829296131475318,0,360
Ventura,2020,1,4.100803431034483,14.958333,3.3022288392876975,0,348
Ventura,2020,2,5.44624250882353,16.25,3.615783458153856,0,340
Ventura,2020,3,2.8784739783783784,10.75,2.334897799341335,0,370
Ventura,2020,4,4.691174797222222,10.736842,2.6758314730843864,0,360
Ventura,2020,5,6.778998172043011,15.25,3.263728439160467,0,372
Ventura,2020,6,6.067842447222222,13.0,2.4606035983140524,0,360
Ventura,2020,7,7.992683069892474,21.916667,3.485793340781578,0,372
Ventura,2020,8,11.10943154032258,35.782609,6.856401826660104,2,372
Ventura,2020,9,15.316679752777777,58.791667,8.503270784073502,10,360
Ventura,2020,10,14.215185255376344,38.333333,8.39622473677915,6,372
Ventura,2020,11,5.510581797222223,17.5,3.5003011973213405,0,360
Ventura,2020,12,3.926692864130435,15.166667,3.130458364026632,0,368
Yolo,2015,1,15.049999999999999,20.8,5.211813503954261,0,6
Yolo,2015,2,6.1000000000000005,11.3,3.8148831349509695,0,4
Yolo,2015,3,4.35,7.8,2.0403431084011334,0,6
Yolo,2015,4,4.74,7.1,2.2277791632026727,0,5
Yolo,2015,5,5.96,7.7,1.4892951352905175,0,5
Yolo,2015,6,6.15,9.5,2.378374795247096,0,4
Yolo,2015,7,6.6,9.4,2.4809272460110554,0,5
Yolo,2015,8,7.24,11.8,3.5267548823245427,0,5
Yolo,2015,9,8.825,14.3,3.935627861811463,0,4
Yolo,2015,10,7.183333333333334,13.2,3.7058962028997335,0,6
Yolo,2015,11,11.48,29.4,11.283040370396623,0,5
Yolo,2015,12,6.5,17.3,7.226340706055867,0,4
Yolo,2016,1,5.3,9.4,3.204372013359248,0,6
Yolo,2016,2,7.9,12.8,4.678318786344799,0,4
Yolo,2016,3,3.1833333333333336,5.2,1.5118421434351759,0,6
Yolo,2016,4,4.26,8.9,2.7373344698812385,0,5
Yolo,2016,5,5.8,7.2,1.5604486534327235,0,5
Yolo,2016,6,6.0200000000000005,10.5,3.4967127419906827,0,5
Yolo,2016,7,6.76,7.1,0.30495901363953803,0,5
Yolo,2016,8,7.625,9.5,1.8300728582946277,0,4
Yolo,2016,9,9.8,10.9,1.6822603841260722,0,5
Yolo,2016,10,6.68,13.3,4.3951109201020175,0,5
Yolo,2016,11,6.540000000000001,12.3,3.5317134651610687,0,5
Yolo,2016,12,7.340000000000001,16.4,6.250839943559585,0,5
Yolo,2017,1,6.133333333333333,12.6,3.83023062839128,0,6
Yolo,2017,2,2.325,3.7,1.129527924990495,0,4
Yolo,2017,3,5.8,9.1,2.7166155414412247,0,5
Yolo,2017,4,3.34,5.1,1.6471186963907611,0,5
Yolo,2017,5,4.66,7.0,1.6682325976913412,0,5
Yolo,2017,6,7.18,10.8,3.2698623824252917,0,5
Yolo,2017,7,9.440000000000001,11.5,2.226656686604381,0,5
Yolo,2017,8,11.040000000000001,14.4,3.213720585240727,0,5
Yolo,2017,9,15.14,40.6,14.817320945434098,1,5
Yolo,2017,10,20.7,60.1,22.446491930811817,1,5
Yolo,2017,11,3.9,5.4,1.1313708498984762,0,5
Yolo,2017,12,13.5,27.1,11.242108343189013,0,5
Yolo,2018,1,9.28,17.4,6.377852303087614,0,5
Yolo,2018,2,5.640000000000001,8.9,2.3136551169091732,0,5
Yolo,2018,3,3.8499999999999996,6.0,1.95021366350801,0,4
Yolo,2018,4,6.4,11.0,2.85657137141714,0,5
Yolo,2018,5,6.56,10.3,2.6368541863364388,0,5
Yolo,2018,6,8.22,11.0,1.7426990560621765,0,5
Yolo,2018,7,10.3,16.8,4.239103678845329,0,5
Yolo,2018,8,18.64,33.0,9.152759146836543,0,5
Yolo,2018,9,8.959999999999999,13.6,4.099146252575039,0,5
Yolo,2018,10,8.1,12.5,3.3756480859236495,0,5
Yolo,2018,11,57.32000000000001,165.4,71.1329178369621,2,5
Yolo,2018,12,9.719999999999999,20.9,8.035981582855948,0,5
Yolo,2019,1,15.0,27.0,10.486181383134664,0,3
Yolo,2019,2,2.5,3.5,1.186029791643813,0,4
Yolo,2019,3,2.9200000000000004,4.4,1.493987951758648,0,5
Yolo,2019,4,5.16,14.3,5.445456821975545,0,5
Yolo,2019,5,5.04,7.3,2.1617122842783676,0,5
Yolo,2019,6,5.9,7.0,1.7454703282114727,0,4
Yolo,2019,7,6.7,7.9,1.3693063937629153,0,5
Yolo,2019,8,9.16,11.6,1.7271363582531634,0,5
Yolo,2019,9,6.24,12.0,3.2253681960359195,0,5
Yolo,2019,10,9.68,15.7,3.5974991313411038,0,5
Yolo,2019,11,17.975,27.8,6.989217886621268,0,4
Yolo,2019,12,11.299999999999999,23.8,11.55811403300729,0,3
Yolo,2020,2,6.166666666666667,9.0,4.481443219916251,0,3
Yolo,2020,3,4.26,9.7,3.373870181260684,0,5
Yolo,2020,4,5.05,7.2,2.7886675432303987,0,4
Yolo,2020,5,6.15,7.0,1.569500982265807,0,4
Yolo,2020,6,5.3,7.7,2.412467616362964,0,4
Yolo,2020,7,6.866666666666667,11.0,5.220472520120504,0,3
Yolo,2020,8,36.4,54.1,25.79786812897531,2,3
Yolo,2020,9,52.125,134.0,58.45062731342867,2,4
Yolo,2020,10,16.759999999999998,29.1,10.56399545626559,0,5
Yolo,2020,11,15.02,20.3,4.170971109945501,0,5
Yolo,2020,12,10.65,22.4,8.689265408153519,0,4
