NAME,year,month,fire_count,avg_frp,next_month_fire,label_next_month
Alameda,2015,1,8,0.5075000000000001,6.0,0
Alameda,2015,2,6,0.455,11.0,0
Alameda,2015,3,11,0.921818181818182,12.0,0
Alameda,2015,4,12,0.6108333333333333,10.0,0
Alameda,2015,5,10,12.705,9.0,0
Alameda,2015,6,9,0.4455555555555555,10.0,0
Alameda,2015,7,10,15.398,36.0,0
Alameda,2015,8,36,2.1683333333333334,12.0,0
Alameda,2015,9,12,0.41,9.0,0
Alameda,2015,10,9,0.5055555555555555,7.0,0
Alameda,2015,11,7,2.2114285714285713,3.0,0
Alameda,2015,12,3,0.68,6.0,0
Alameda,2016,2,6,0.6016666666666667,6.0,0
Alameda,2016,3,6,1.3133333333333332,5.0,0
Alameda,2016,4,5,0.5740000000000001,3.0,0
Alameda,2016,5,3,0.52,15.0,0
Alameda,2016,6,15,1.5306666666666666,22.0,0
Alameda,2016,7,22,5.954090909090908,9.0,0
Alameda,2016,8,9,0.5022222222222221,14.0,0
Alameda,2016,9,14,0.5042857142857143,8.0,0
Alameda,2016,10,8,0.6174999999999999,5.0,0
Alameda,2016,11,5,0.678,4.0,0
Alameda,2016,12,4,0.7125,2.0,0
Alameda,2017,1,2,0.505,3.0,0
Alameda,2017,2,3,0.6233333333333334,11.0,0
Alameda,2017,3,11,0.5181818181818182,7.0,0
Alameda,2017,4,7,1.9,16.0,0
Alameda,2017,5,16,0.40375,15.0,0
Alameda,2017,6,15,1.600666666666667,35.0,0
Alameda,2017,7,35,0.776,33.0,0
Alameda,2017,8,33,7.253636363636364,21.0,0
Alameda,2017,9,21,0.7571428571428571,21.0,0
Alameda,2017,10,21,0.5138095238095238,3.0,0
Alameda,2017,11,3,0.3733333333333333,7.0,0
Alameda,2017,12,7,0.7757142857142857,1.0,0
Alameda,2018,1,1,0.64,12.0,0
Alameda,2018,2,12,0.8275,14.0,0
Alameda,2018,3,14,0.5342857142857144,11.0,0
Alameda,2018,4,11,0.6354545454545455,17.0,0
Alameda,2018,5,17,9.26764705882353,13.0,0
Alameda,2018,6,13,0.4123076923076923,28.0,0
Alameda,2018,7,28,1.9639285714285717,20.0,0
Alameda,2018,8,20,0.4445,29.0,0
Alameda,2018,9,29,0.8124137931034482,26.0,0
Alameda,2018,10,26,0.5123076923076924,10.0,0
Alameda,2018,11,10,0.45,3.0,0
Alameda,2018,12,3,0.43,7.0,0
Alameda,2019,1,7,2.5271428571428567,4.0,0
Alameda,2019,2,4,0.4775,6.0,0
Alameda,2019,3,6,0.5216666666666666,10.0,0
Alameda,2019,4,10,0.641,6.0,0
Alameda,2019,5,6,0.3816666666666666,17.0,0
Alameda,2019,6,17,3.385294117647059,20.0,0
Alameda,2019,7,20,3.5375,19.0,0
Alameda,2019,8,19,24.968421052631577,21.0,0
Alameda,2019,9,21,0.7028571428571428,21.0,0
Alameda,2019,10,21,1.7014285714285713,3.0,0
Alameda,2019,11,3,0.4033333333333333,3.0,0
Alameda,2020,1,3,0.6133333333333333,5.0,0
Alameda,2020,2,5,0.532,3.0,0
Alameda,2020,3,3,0.6966666666666667,10.0,0
Alameda,2020,4,10,15.771999999999997,8.0,0
Alameda,2020,5,8,0.50875,11.0,0
Alameda,2020,6,11,1.1581818181818182,19.0,0
Alameda,2020,7,19,3.347368421052632,981.0,1
Alameda,2020,8,981,14.061926605504588,13.0,0
Alameda,2020,9,13,16.959230769230768,13.0,0
Alameda,2020,10,13,0.4769230769230769,12.0,0
Alameda,2020,11,12,0.8291666666666666,3.0,0
Alpine,2015,6,810,21.761814814814816,1.0,0
Alpine,2016,5,1,3.66,62.0,1
Alpine,2016,8,62,24.990161290322582,19.0,0
Alpine,2016,9,19,5.987894736842105,1.0,0
Alpine,2017,3,1,8.7,131.0,1
Alpine,2017,8,131,11.090152671755725,189.0,1
Alpine,2017,9,189,9.044497354497356,1864.0,1
Alpine,2018,8,1864,8.509833690987124,33.0,0
Alpine,2018,9,33,2.455757575757576,2.0,0
Alpine,2018,11,2,0.845,6.0,0
Alpine,2019,6,6,4.19,10.0,0
Alpine,2019,7,10,13.732,1.0,0
Alpine,2019,8,1,0.55,9.0,0
Alpine,2019,9,9,6.1066666666666665,2.0,0
Alpine,2020,7,2,1.325,54.0,1
Alpine,2020,8,54,29.405,1283.0,1
Alpine,2020,9,1283,21.246071706936867,3.0,0
Amador,2015,1,7,8.354285714285714,16.0,0
Amador,2015,3,16,6.408125,1.0,0
Amador,2015,4,1,9.1,108.0,1
Amador,2015,9,108,15.861018518518518,20.0,0
Amador,2015,10,20,6.0024999999999995,13.0,0
Amador,2015,11,13,8.423076923076923,3.0,0
Amador,2015,12,3,4.576666666666667,4.0,0
Amador,2016,2,4,4.0875,1.0,0
Amador,2016,3,1,2.87,2.0,0
Amador,2016,4,2,3.85,4.0,0
Amador,2016,7,4,15.31,3.0,0
Amador,2016,9,3,26.51,29.0,0
Amador,2016,10,29,7.589310344827586,5.0,0
Amador,2016,11,5,2.496,8.0,0
Amador,2017,3,8,12.24375,1.0,0
Amador,2017,4,1,0.3,16.0,0
Amador,2017,5,16,6.3575,3.0,0
Amador,2017,6,3,15.063333333333333,1.0,0
Amador,2017,7,1,6.55,1.0,0
Amador,2017,10,1,0.76,8.0,0
Amador,2017,11,8,4.23625,1.0,0
Amador,2017,12,1,2.07,4.0,0
Amador,2018,1,4,1.62,5.0,0
Amador,2018,2,5,3.526,5.0,0
Amador,2018,3,5,3.582,8.0,0
Amador,2018,4,8,17.76875,3.0,0
Amador,2018,5,3,7.87,1.0,0
Amador,2018,6,1,12.46,2.0,0
Amador,2018,7,2,1.29,1.0,0
Amador,2018,11,1,0.87,8.0,0
Amador,2018,12,8,4.275,12.0,0
Amador,2019,1,12,6.324166666666667,2.0,0
Amador,2019,2,2,6.07,8.0,0
Amador,2019,3,8,5.9375,4.0,0
Amador,2019,4,4,7.1,1.0,0
Amador,2019,5,1,4.29,2.0,0
Amador,2019,7,2,4.0,1.0,0
Amador,2019,9,1,1.73,4.0,0
Amador,2019,11,4,9.5975,8.0,0
Amador,2019,12,8,5.05875,4.0,0
Amador,2020,1,4,3.8325,10.0,0
Amador,2020,2,10,3.78,8.0,0
Amador,2020,4,8,8.668750000000001,4.0,0
Amador,2020,9,4,8.235,2.0,0
Amador,2020,10,2,13.765,3.0,0
Butte,2015,1,5,2.502,11.0,0
Butte,2015,2,11,5.506363636363637,42.0,0
Butte,2015,3,42,8.418809523809523,25.0,0
Butte,2015,4,25,9.7668,12.0,0
Butte,2015,5,12,8.104166666666666,3.0,0
Butte,2015,6,3,15.706666666666669,15.0,0
Butte,2015,7,15,26.100666666666665,11.0,0
Butte,2015,8,11,6.3536363636363635,57.0,1
Butte,2015,9,57,45.47,48.0,1
Butte,2015,10,48,10.131666666666666,27.0,0
Butte,2015,11,27,8.514444444444443,5.0,0
Butte,2015,12,5,3.8,2.0,0
Butte,2016,1,2,1.195,18.0,0
Butte,2016,2,18,4.978888888888889,8.0,0
Butte,2016,3,8,2.4075,44.0,0
Butte,2016,4,44,6.339772727272727,8.0,0
Butte,2016,5,8,6.48375,6.0,0
Butte,2016,6,6,8.4,24.0,0
Butte,2016,7,24,8.84,22.0,0
Butte,2016,8,22,9.846363636363636,52.0,1
Butte,2016,9,52,6.533461538461538,15.0,0
Butte,2016,10,15,4.862666666666667,23.0,0
Butte,2016,11,23,7.6378260869565215,1.0,0
Butte,2016,12,1,2.07,3.0,0
Butte,2017,3,3,0.6733333333333333,10.0,0
Butte,2017,4,10,7.462000000000001,23.0,0
Butte,2017,5,23,11.33304347826087,8.0,0
Butte,2017,6,8,4.75,234.0,1
Butte,2017,7,234,7.844358974358974,217.0,1
Butte,2017,8,217,15.583410138248848,92.0,1
Butte,2017,9,92,8.199021739130433,302.0,1
Butte,2017,10,302,9.122582781456954,22.0,0
Butte,2017,11,22,4.245909090909091,8.0,0
Butte,2017,12,8,2.3375,8.0,0
Butte,2018,1,8,2.58,42.0,0
Butte,2018,2,42,6.417380952380953,6.0,0
Butte,2018,3,6,3.5383333333333336,30.0,0
Butte,2018,4,30,6.4863333333333335,13.0,0
Butte,2018,5,13,7.1084615384615395,26.0,0
Butte,2018,6,26,8.152307692307692,11.0,0
Butte,2018,7,11,4.732727272727273,8.0,0
Butte,2018,8,8,7.78,38.0,0
Butte,2018,9,38,8.284210526315789,105.0,1
Butte,2018,10,105,8.164190476190477,4660.0,1
Butte,2018,11,4660,21.715060085836907,13.0,0
Butte,2018,12,13,5.105384615384616,14.0,0
Butte,2019,1,14,4.892142857142857,12.0,0
Butte,2019,3,12,4.034166666666667,20.0,0
Butte,2019,4,20,5.618,32.0,0
Butte,2019,5,32,5.50625,59.0,1
Butte,2019,6,59,8.212881355932204,35.0,0
Butte,2019,7,35,7.863714285714286,12.0,0
Butte,2019,8,12,5.409166666666667,56.0,1
Butte,2019,9,56,5.898392857142857,116.0,1
Butte,2019,10,116,11.182586206896552,75.0,1
Butte,2019,11,75,7.768933333333333,30.0,0
Butte,2019,12,30,5.206,5.0,0
Butte,2020,1,5,2.962,53.0,1
Butte,2020,2,53,4.994716981132075,67.0,1
Butte,2020,3,67,7.110298507462686,48.0,1
Butte,2020,4,48,3.56875,31.0,0
Butte,2020,5,31,5.836451612903226,16.0,0
Butte,2020,6,16,5.950625,13.0,0
Butte,2020,7,13,15.553076923076922,160.0,1
Butte,2020,8,160,8.5085625,3993.0,1
Butte,2020,9,3993,11.22250438266967,73.0,1
Butte,2020,10,73,7.643013698630138,89.0,1
Butte,2020,11,89,7.15629213483146,42.0,0
Calaveras,2015,1,1,1.1,1.0,0
Calaveras,2015,2,1,3.2,4.0,0
Calaveras,2015,3,4,11.3725,2.0,0
Calaveras,2015,4,2,5.275,1.0,0
Calaveras,2015,6,1,2.08,1.0,0
Calaveras,2015,8,1,1.08,2692.0,1
Calaveras,2015,9,2692,25.40375557206538,2.0,0
Calaveras,2015,11,2,0.8500000000000001,1.0,0
Calaveras,2015,12,1,1.77,2.0,0
Calaveras,2016,1,2,12.845,2.0,0
Calaveras,2016,2,2,3.61,10.0,0
Calaveras,2016,3,10,4.213,6.0,0
Calaveras,2016,4,6,2.81,5.0,0
Calaveras,2016,5,5,8.443999999999999,29.0,0
Calaveras,2016,7,29,34.19310344827586,18.0,0
Calaveras,2016,8,18,76.54666666666667,24.0,0
Calaveras,2016,11,24,8.030833333333332,8.0,0
Calaveras,2016,12,8,3.15125,2.0,0
Calaveras,2017,1,2,1.605,1.0,0
Calaveras,2017,2,1,2.99,27.0,0
Calaveras,2017,3,27,9.367407407407407,12.0,0
Calaveras,2017,4,12,8.358333333333333,10.0,0
Calaveras,2017,5,10,5.542,12.0,0
Calaveras,2017,7,12,23.719166666666663,1.0,0
Calaveras,2017,8,1,0.84,8.0,0
Calaveras,2017,10,8,34.792500000000004,23.0,0
Calaveras,2017,11,23,1.912608695652174,30.0,0
Calaveras,2018,1,30,4.852333333333333,27.0,0
Calaveras,2018,2,27,3.4385185185185185,2.0,0
Calaveras,2018,3,2,3.03,17.0,0
Calaveras,2018,4,17,3.7423529411764704,7.0,0
Calaveras,2018,5,7,3.597142857142857,34.0,0
Calaveras,2018,6,34,2.003823529411765,1.0,0
Calaveras,2018,8,1,4.34,18.0,0
Calaveras,2018,10,18,7.723888888888889,1.0,0
Calaveras,2018,11,1,3.22,23.0,0
Calaveras,2018,12,23,3.152608695652174,21.0,0
Calaveras,2019,1,21,6.874761904761905,1.0,0
Calaveras,2019,3,1,1.89,13.0,0
Calaveras,2019,4,13,3.047692307692308,4.0,0
Calaveras,2019,5,4,3.94,7.0,0
Calaveras,2019,6,7,4.442857142857143,2.0,0
Calaveras,2019,9,2,14.490000000000002,3.0,0
Calaveras,2019,10,3,3.3866666666666667,21.0,0
Calaveras,2019,11,21,29.18047619047619,11.0,0
Calaveras,2019,12,11,3.411818181818182,14.0,0
Calaveras,2020,1,14,6.688571428571429,29.0,0
Calaveras,2020,2,29,4.077241379310345,11.0,0
Calaveras,2020,3,11,5.0636363636363635,19.0,0
Calaveras,2020,4,19,5.977368421052631,7.0,0
Calaveras,2020,5,7,4.908571428571428,65.0,1
Calaveras,2020,6,65,5.525384615384616,5.0,0
Calaveras,2020,7,5,9.066,41.0,0
Calaveras,2020,8,41,1.5743902439024389,2.0,0
Calaveras,2020,10,2,11.25,5.0,0
Calaveras,2020,11,5,2.604,16.0,0
Colusa,2015,1,21,5.718571428571429,26.0,0
Colusa,2015,2,26,14.55,111.0,1
Colusa,2015,3,111,8.396396396396396,22.0,0
Colusa,2015,4,22,4.513636363636364,17.0,0
Colusa,2015,5,17,18.57764705882353,10.0,0
Colusa,2015,6,10,6.392,3.0,0
Colusa,2015,7,3,1.9933333333333336,288.0,1
Colusa,2015,8,288,8.643194444444445,23.0,0
Colusa,2015,9,23,11.216956521739132,190.0,1
Colusa,2015,10,190,16.45684210526316,54.0,1
Colusa,2015,11,54,14.001481481481482,7.0,0
Colusa,2015,12,7,9.047142857142855,1.0,0
Colusa,2016,1,1,3.91,45.0,0
Colusa,2016,2,45,9.450888888888889,14.0,0
Colusa,2016,3,14,10.057857142857143,36.0,0
Colusa,2016,4,36,5.780555555555555,8.0,0
Colusa,2016,5,8,8.67375,11.0,0
Colusa,2016,6,11,10.753636363636362,49.0,1
Colusa,2016,7,49,11.592653061224487,24.0,0
Colusa,2016,8,24,25.977500000000003,40.0,0
Colusa,2016,9,40,8.722249999999999,86.0,1
Colusa,2016,10,86,13.96674418604651,84.0,1
Colusa,2016,11,84,8.87202380952381,2.0,0
Colusa,2017,1,2,1.985,1.0,0
Colusa,2017,2,1,2.75,20.0,0
Colusa,2017,3,20,3.31,69.0,1
Colusa,2017,4,69,5.9571014492753624,30.0,0
Colusa,2017,5,30,6.137333333333333,42.0,0
Colusa,2017,6,42,5.662619047619048,28.0,0
Colusa,2017,7,28,11.112142857142857,11.0,0
Colusa,2017,8,11,10.875454545454543,29.0,0
Colusa,2017,9,29,5.330689655172414,191.0,1
Colusa,2017,10,191,11.472094240837697,48.0,1
Colusa,2017,11,48,13.32875,70.0,1
Colusa,2017,12,70,12.971714285714285,6.0,0
Colusa,2018,1,6,3.0583333333333336,88.0,1
Colusa,2018,2,88,7.105,50.0,1
Colusa,2018,3,50,5.5162,25.0,0
Colusa,2018,4,25,6.5152,27.0,0
Colusa,2018,5,27,9.322962962962963,20.0,0
Colusa,2018,6,20,17.0855,26.0,0
Colusa,2018,7,26,7.388846153846154,2566.0,1
Colusa,2018,8,2566,22.09263834762276,29.0,0
Colusa,2018,9,29,12.806206896551725,126.0,1
Colusa,2018,10,126,14.77031746031746,34.0,0
Colusa,2018,11,34,5.373235294117647,21.0,0
Colusa,2018,12,21,17.583333333333332,6.0,0
Colusa,2019,1,6,4.048333333333333,11.0,0
Colusa,2019,2,11,4.658181818181818,13.0,0
Colusa,2019,3,13,5.718461538461539,48.0,1
Colusa,2019,4,48,8.233958333333334,18.0,0
Colusa,2019,5,18,8.315,26.0,0
Colusa,2019,6,26,9.08423076923077,22.0,0
Colusa,2019,7,22,13.503181818181815,5.0,0
Colusa,2019,8,5,4.351999999999999,15.0,0
Colusa,2019,9,15,17.505999999999997,120.0,1
Colusa,2019,10,120,12.622416666666668,151.0,1
Colusa,2019,11,151,13.750993377483445,3.0,0
Colusa,2019,12,3,2.2466666666666666,15.0,0
Colusa,2020,1,15,4.554666666666666,110.0,1
Colusa,2020,2,110,11.026545454545456,47.0,1
Colusa,2020,3,47,6.990851063829787,38.0,0
Colusa,2020,4,38,6.793157894736842,3.0,0
Colusa,2020,5,3,5.576666666666667,16.0,0
Colusa,2020,6,16,10.009375,21.0,0
Colusa,2020,7,21,8.375238095238094,48.0,1
Colusa,2020,8,48,8.893541666666666,75.0,1
Colusa,2020,10,75,8.544266666666667,225.0,1
Colusa,2020,11,225,11.837155555555556,121.0,1
Contra Costa,2015,1,53,1.01,73.0,1
Contra Costa,2015,2,73,1.0258904109589042,108.0,1
Contra Costa,2015,3,108,1.4321296296296295,135.0,1
Contra Costa,2015,4,135,1.1663703703703705,89.0,1
Contra Costa,2015,5,89,1.0168539325842696,100.0,1
Contra Costa,2015,6,100,1.1309,100.0,1
Contra Costa,2015,7,100,1.5151,66.0,1
Contra Costa,2015,8,66,1.1922727272727272,70.0,1
Contra Costa,2015,9,70,1.744,91.0,1
Contra Costa,2015,10,91,1.298131868131868,97.0,1
Contra Costa,2015,11,97,1.2740206185567011,48.0,1
Contra Costa,2015,12,48,1.0135416666666666,7.0,0
Contra Costa,2016,1,7,1.14,80.0,1
Contra Costa,2016,2,80,1.205125,75.0,1
Contra Costa,2016,3,75,1.0822666666666667,103.0,1
Contra Costa,2016,4,103,1.036893203883495,85.0,1
Contra Costa,2016,5,85,1.1188235294117646,114.0,1
Contra Costa,2016,6,114,1.461842105263158,105.0,1
Contra Costa,2016,7,105,1.0864761904761904,86.0,1
Contra Costa,2016,8,86,0.9967441860465116,146.0,1
Contra Costa,2016,9,146,1.1915753424657534,114.0,1
Contra Costa,2016,10,114,1.0428070175438595,83.0,1
Contra Costa,2016,11,83,0.9433734939759036,42.0,0
Contra Costa,2016,12,42,1.000952380952381,27.0,0
Contra Costa,2017,1,27,1.0096296296296297,39.0,0
Contra Costa,2017,2,39,0.913846153846154,98.0,1
Contra Costa,2017,3,98,1.0366326530612244,91.0,1
Contra Costa,2017,4,91,1.04989010989011,90.0,1
Contra Costa,2017,5,90,0.9975555555555556,113.0,1
Contra Costa,2017,6,113,1.3236283185840707,114.0,1
Contra Costa,2017,7,114,1.7309649122807018,96.0,1
Contra Costa,2017,8,96,2.1236458333333332,111.0,1
Contra Costa,2017,9,111,1.162162162162162,154.0,1
Contra Costa,2017,10,154,1.4964285714285714,52.0,1
Contra Costa,2017,11,52,1.1238461538461535,91.0,1
Contra Costa,2017,12,91,1.160879120879121,40.0,0
Contra Costa,2018,1,40,1.139,123.0,1
Contra Costa,2018,2,123,1.4064227642276423,73.0,1
Contra Costa,2018,3,73,0.9628767123287671,99.0,1
Contra Costa,2018,4,99,1.0413131313131314,90.0,1
Contra Costa,2018,5,90,2.3225555555555557,103.0,1
Contra Costa,2018,6,103,1.4846601941747577,141.0,1
Contra Costa,2018,7,141,2.5568085106382976,123.0,1
Contra Costa,2018,8,123,2.3540650406504064,106.0,1
Contra Costa,2018,9,106,1.319056603773585,103.0,1
Contra Costa,2018,10,103,0.9820388349514564,104.0,1
Contra Costa,2018,11,104,1.007596153846154,47.0,1
Contra Costa,2018,12,47,1.1795744680851064,38.0,0
Contra Costa,2019,1,38,1.170263157894737,17.0,0
Contra Costa,2019,2,17,0.8311764705882352,76.0,1
Contra Costa,2019,3,76,1.075657894736842,88.0,1
Contra Costa,2019,4,88,1.0721590909090908,59.0,1
Contra Costa,2019,5,59,1.0535593220338983,78.0,1
Contra Costa,2019,6,78,3.55525641025641,95.0,1
Contra Costa,2019,7,95,0.9802105263157896,82.0,1
Contra Costa,2019,8,82,1.737560975609756,113.0,1
Contra Costa,2019,9,113,1.7038938053097343,193.0,1
Contra Costa,2019,10,193,2.3537305699481865,124.0,1
Contra Costa,2019,11,124,1.5763709677419355,30.0,0
Contra Costa,2019,12,30,1.0533333333333337,44.0,0
Contra Costa,2020,1,44,1.0884090909090909,86.0,1
Contra Costa,2020,2,86,1.2987209302325582,98.0,1
Contra Costa,2020,3,98,1.1820408163265306,106.0,1
Contra Costa,2020,4,106,1.11,84.0,1
Contra Costa,2020,5,84,1.0083333333333333,98.0,1
Contra Costa,2020,6,98,1.105408163265306,97.0,1
Contra Costa,2020,7,97,10.90556701030928,196.0,1
Contra Costa,2020,8,196,9.284132653061224,81.0,1
Contra Costa,2020,9,81,1.689506172839506,86.0,1
Contra Costa,2020,10,86,0.9501162790697674,60.0,1
Contra Costa,2020,11,60,1.2568333333333332,48.0,1
Del Norte,2015,1,2,7.529999999999999,1.0,0
Del Norte,2015,2,1,3.72,3.0,0
Del Norte,2015,6,3,5.78,2366.0,1
Del Norte,2015,8,2366,7.271817413355874,100.0,1
Del Norte,2015,9,100,6.430599999999999,20.0,0
Del Norte,2015,10,20,1.7285,7.0,0
Del Norte,2015,11,7,7.002857142857143,1.0,0
Del Norte,2015,12,1,1.89,4.0,0
Del Norte,2016,9,4,6.085,2.0,0
Del Norte,2016,11,2,1.05,7.0,0
Del Norte,2017,7,7,2.3242857142857143,649.0,1
Del Norte,2017,8,649,7.970554699537751,879.0,1
Del Norte,2017,9,879,9.646450511945392,28.0,0
Del Norte,2017,10,28,2.626785714285714,1.0,0
Del Norte,2017,12,1,0.59,352.0,1
Del Norte,2018,7,352,4.944375,86.0,1
Del Norte,2018,8,86,4.151046511627907,22.0,0
Del Norte,2018,9,22,8.956363636363637,2.0,0
Del Norte,2018,10,2,5.8149999999999995,3.0,0
Del Norte,2018,11,3,4.43,1.0,0
Del Norte,2019,10,1,4.12,1696.0,1
Del Norte,2020,9,1696,14.224451650943395,36.0,0
Del Norte,2020,10,36,6.46,6.0,0
El Dorado,2015,1,12,17.8475,49.0,1
El Dorado,2015,2,49,13.532448979591836,38.0,0
El Dorado,2015,3,38,5.55,10.0,0
El Dorado,2015,4,10,7.922,1.0,0
El Dorado,2015,6,1,6.85,9.0,0
El Dorado,2015,7,9,14.986666666666666,2.0,0
El Dorado,2015,8,2,7.96,61.0,1
El Dorado,2015,10,61,10.358196721311476,276.0,1
El Dorado,2015,11,276,13.081847826086957,54.0,1
El Dorado,2015,12,54,7.919629629629629,2.0,0
El Dorado,2016,1,2,3.62,12.0,0
El Dorado,2016,2,12,10.880833333333332,3.0,0
El Dorado,2016,3,3,5.223333333333334,39.0,0
El Dorado,2016,4,39,12.300769230769232,3.0,0
El Dorado,2016,5,3,1.1666666666666667,66.0,1
El Dorado,2016,6,66,21.795151515151517,245.0,1
El Dorado,2016,7,245,26.057061224489793,3.0,0
El Dorado,2016,8,3,1.2466666666666668,4.0,0
El Dorado,2016,9,4,3.9475,136.0,1
El Dorado,2016,10,136,14.607426470588235,48.0,1
El Dorado,2016,11,48,13.1975,29.0,0
El Dorado,2016,12,29,6.873448275862068,3.0,0
El Dorado,2017,3,3,4.010000000000001,2.0,0
El Dorado,2017,4,2,1.305,37.0,0
El Dorado,2017,5,37,18.702972972972972,7.0,0
El Dorado,2017,6,7,7.7,6.0,0
El Dorado,2017,7,6,39.51833333333333,5.0,0
El Dorado,2017,8,5,4.724,80.0,1
El Dorado,2017,10,80,15.872625,113.0,1
El Dorado,2017,11,113,7.352212389380532,109.0,1
El Dorado,2017,12,109,13.477981651376146,36.0,0
El Dorado,2018,1,36,4.585833333333333,40.0,0
El Dorado,2018,2,40,9.60675,5.0,0
El Dorado,2018,3,5,1.862,8.0,0
El Dorado,2018,4,8,6.9,4.0,0
El Dorado,2018,5,4,3.24,24.0,0
El Dorado,2018,6,24,5.184583333333333,2.0,0
El Dorado,2018,7,2,3.84,12.0,0
El Dorado,2018,9,12,8.578333333333333,21.0,0
El Dorado,2018,10,21,6.979047619047619,13.0,0
El Dorado,2018,11,13,19.799999999999997,107.0,1
El Dorado,2018,12,107,3.2695327102803735,38.0,0
El Dorado,2019,1,38,5.897368421052631,1.0,0
El Dorado,2019,2,1,1.29,15.0,0
El Dorado,2019,3,15,3.3333333333333335,16.0,0
El Dorado,2019,4,16,5.880625,11.0,0
El Dorado,2019,5,11,7.807272727272727,6.0,0
El Dorado,2019,6,6,13.635,8.0,0
El Dorado,2019,7,8,4.44125,3.0,0
El Dorado,2019,8,3,10.546666666666669,13.0,0
El Dorado,2019,9,13,24.694615384615386,425.0,1
El Dorado,2019,10,425,12.3744,1.0,0
El Dorado,2019,11,1,2.9,59.0,1
El Dorado,2019,12,59,4.671525423728814,30.0,0
El Dorado,2020,1,30,10.198666666666666,89.0,1
El Dorado,2020,2,89,13.17550561797753,44.0,0
El Dorado,2020,3,44,13.158636363636363,1.0,0
El Dorado,2020,4,1,2.24,3.0,0
El Dorado,2020,5,3,3.773333333333333,1.0,0
El Dorado,2020,6,1,6.43,6.0,0
El Dorado,2020,7,6,8.21,4.0,0
El Dorado,2020,8,4,1.99,159.0,1
El Dorado,2020,9,159,16.71805031446541,8.0,0
El Dorado,2020,10,8,1.9675,6.0,0
El Dorado,2020,11,6,3.5866666666666664,67.0,1
Fresno,2015,1,8,1.9575,87.0,1
Fresno,2015,2,87,7.652298850574713,71.0,1
Fresno,2015,3,71,11.46338028169014,81.0,1
Fresno,2015,4,81,8.637777777777778,50.0,1
Fresno,2015,5,50,5.1876,23.0,0
Fresno,2015,6,23,4.320434782608696,34.0,0
Fresno,2015,7,34,6.341764705882353,5732.0,1
Fresno,2015,8,5732,20.021959176552684,4997.0,1
Fresno,2015,9,4997,13.192971783069842,211.0,1
Fresno,2015,10,211,5.450521327014218,101.0,1
Fresno,2015,11,101,6.427920792079208,118.0,1
Fresno,2015,12,118,5.990084745762712,20.0,0
Fresno,2016,1,20,7.3595,107.0,1
Fresno,2016,2,107,5.723271028037383,133.0,1
Fresno,2016,3,133,6.59984962406015,78.0,1
Fresno,2016,4,78,5.301153846153846,49.0,1
Fresno,2016,5,49,4.430204081632653,35.0,0
Fresno,2016,6,35,7.330857142857142,118.0,1
Fresno,2016,7,118,8.532542372881355,140.0,1
Fresno,2016,8,140,14.958142857142857,197.0,1
Fresno,2016,9,197,12.074467005076142,265.0,1
Fresno,2016,10,265,13.27954716981132,229.0,1
Fresno,2016,11,229,10.389737991266376,59.0,1
Fresno,2016,12,59,13.446779661016947,39.0,0
Fresno,2017,1,39,14.58076923076923,45.0,0
Fresno,2017,2,45,9.246222222222222,156.0,1
Fresno,2017,3,156,5.210448717948718,125.0,1
Fresno,2017,4,125,16.13632,118.0,1
Fresno,2017,5,118,12.04271186440678,87.0,1
Fresno,2017,6,87,6.690919540229885,827.0,1
Fresno,2017,7,827,23.220822249093107,48.0,1
Fresno,2017,8,48,12.15125,150.0,1
Fresno,2017,9,150,8.853866666666667,278.0,1
Fresno,2017,10,278,10.367913669064748,266.0,1
Fresno,2017,11,266,10.0606015037594,184.0,1
Fresno,2017,12,184,8.985815217391304,192.0,1
Fresno,2018,1,192,9.16859375,211.0,1
Fresno,2018,2,211,10.661469194312795,76.0,1
Fresno,2018,3,76,6.899078947368421,62.0,1
Fresno,2018,4,62,9.244516129032258,43.0,0
Fresno,2018,5,43,5.4906976744186045,40.0,0
Fresno,2018,6,40,9.8295,13.0,0
Fresno,2018,7,13,6.395384615384615,98.0,1
Fresno,2018,8,98,8.618571428571428,85.0,1
Fresno,2018,9,85,7.637529411764705,196.0,1
Fresno,2018,10,196,7.255,127.0,1
Fresno,2018,11,127,6.866771653543307,41.0,0
Fresno,2018,12,41,4.438780487804879,79.0,1
Fresno,2019,1,79,7.875696202531645,41.0,0
Fresno,2019,2,41,6.66170731707317,59.0,1
Fresno,2019,3,59,5.121016949152542,58.0,1
Fresno,2019,4,58,5.468275862068966,56.0,1
Fresno,2019,5,56,6.283214285714286,74.0,1
Fresno,2019,6,74,7.399054054054053,41.0,0
Fresno,2019,7,41,6.460243902439024,41.0,0
Fresno,2019,8,41,8.255365853658537,79.0,1
Fresno,2019,9,79,5.062658227848101,81.0,1
Fresno,2019,10,81,6.674444444444444,60.0,1
Fresno,2019,11,60,3.779333333333333,58.0,1
Fresno,2019,12,58,5.574310344827587,73.0,1
Fresno,2020,1,73,9.271506849315069,345.0,1
Fresno,2020,2,345,11.950028985507249,250.0,1
Fresno,2020,3,250,7.69056,91.0,1
Fresno,2020,4,91,6.008791208791208,71.0,1
Fresno,2020,5,71,6.206901408450705,58.0,1
Fresno,2020,6,58,4.552241379310344,600.0,1
Fresno,2020,7,600,21.874116666666666,99.0,1
Fresno,2020,8,99,14.410909090909092,14505.0,1
Fresno,2020,9,14505,18.73233505687694,6631.0,1
Fresno,2020,10,6631,14.632797466445483,307.0,1
Fresno,2020,11,307,3.809934853420195,32.0,0
Glenn,2015,1,20,5.1635,14.0,0
Glenn,2015,2,14,6.987142857142857,78.0,1
Glenn,2015,3,78,7.4107692307692306,23.0,0
Glenn,2015,4,23,6.203913043478261,12.0,0
Glenn,2015,5,12,1.9433333333333336,5.0,0
Glenn,2015,6,5,6.372,3.0,0
Glenn,2015,7,3,13.153333333333334,2.0,0
Glenn,2015,8,2,0.6799999999999999,17.0,0
Glenn,2015,9,17,22.4,105.0,1
Glenn,2015,10,105,20.446,62.0,1
Glenn,2015,11,62,10.848225806451614,6.0,0
Glenn,2015,12,6,2.986666666666667,16.0,0
Glenn,2016,2,16,12.09875,24.0,0
Glenn,2016,3,24,7.076666666666667,23.0,0
Glenn,2016,4,23,5.915217391304348,23.0,0
Glenn,2016,5,23,5.219130434782609,22.0,0
Glenn,2016,6,22,18.865909090909092,26.0,0
Glenn,2016,7,26,8.878846153846153,10.0,0
Glenn,2016,8,10,6.5920000000000005,22.0,0
Glenn,2016,9,22,16.48818181818182,41.0,0
Glenn,2016,10,41,6.720975609756097,24.0,0
Glenn,2016,11,24,10.408333333333331,3.0,0
Glenn,2016,12,3,4.943333333333333,4.0,0
Glenn,2017,2,4,3.085,23.0,0
Glenn,2017,3,23,11.508695652173913,70.0,1
Glenn,2017,4,70,7.238857142857142,41.0,0
Glenn,2017,5,41,7.41439024390244,8.0,0
Glenn,2017,6,8,7.32125,4.0,0
Glenn,2017,7,4,4.1425,12.0,0
Glenn,2017,8,12,30.36583333333333,21.0,0
Glenn,2017,9,21,7.7995238095238095,57.0,1
Glenn,2017,10,57,8.176140350877194,36.0,0
Glenn,2017,11,36,8.217222222222222,42.0,0
Glenn,2017,12,42,8.968809523809524,3.0,0
Glenn,2018,1,3,2.64,83.0,1
Glenn,2018,2,83,6.702409638554216,36.0,0
Glenn,2018,3,36,6.462222222222222,47.0,1
Glenn,2018,4,47,7.862765957446808,9.0,0
Glenn,2018,5,9,2.7211111111111115,24.0,0
Glenn,2018,6,24,13.58375,6.0,0
Glenn,2018,7,6,10.261666666666668,2156.0,1
Glenn,2018,8,2156,12.75025974025974,263.0,1
Glenn,2018,9,263,6.873726235741445,53.0,1
Glenn,2018,10,53,12.807169811320756,44.0,0
Glenn,2018,11,44,10.875,46.0,1
Glenn,2018,12,46,7.1041304347826095,12.0,0
Glenn,2019,1,12,3.964166666666667,4.0,0
Glenn,2019,2,4,3.78,16.0,0
Glenn,2019,3,16,4.65625,99.0,1
Glenn,2019,4,99,7.050909090909091,134.0,1
Glenn,2019,5,134,13.161492537313434,78.0,1
Glenn,2019,6,78,14.185641025641026,34.0,0
Glenn,2019,7,34,9.605882352941178,14.0,0
Glenn,2019,8,14,5.678571428571429,47.0,1
Glenn,2019,9,47,10.856808510638295,67.0,1
Glenn,2019,10,67,8.482089552238806,120.0,1
Glenn,2019,11,120,17.90125,11.0,0
Glenn,2019,12,11,6.352727272727273,24.0,0
Glenn,2020,1,24,7.095416666666666,224.0,1
Glenn,2020,2,224,7.846964285714286,179.0,1
Glenn,2020,3,179,14.58659217877095,85.0,1
Glenn,2020,4,85,11.010823529411764,19.0,0
Glenn,2020,5,19,4.458947368421053,16.0,0
Glenn,2020,6,16,6.8374999999999995,13.0,0
Glenn,2020,7,13,3.379230769230769,6523.0,1
Glenn,2020,8,6523,23.76526291583627,3205.0,1
Glenn,2020,9,3205,28.2842496099844,62.0,1
Glenn,2020,10,62,11.49016129032258,157.0,1
Glenn,2020,11,157,20.18343949044586,164.0,1
Humboldt,2015,1,20,6.523999999999999,1.0,0
Humboldt,2015,2,1,2.22,2.0,0
Humboldt,2015,3,2,3.85,1.0,0
Humboldt,2015,5,1,0.36,19.0,0
Humboldt,2015,6,19,6.428421052631578,98.0,1
Humboldt,2015,7,98,22.15051020408163,3085.0,1
Humboldt,2015,8,3085,7.097222042139384,63.0,1
Humboldt,2015,9,63,9.67746031746032,7.0,0
Humboldt,2015,10,7,3.165714285714286,18.0,0
Humboldt,2015,11,18,6.432222222222222,3.0,0
Humboldt,2015,12,3,2.67,2.0,0
Humboldt,2016,1,2,0.97,3.0,0
Humboldt,2016,2,3,3.0499999999999994,2.0,0
Humboldt,2016,3,2,4.655,2.0,0
Humboldt,2016,4,2,2.245,4.0,0
Humboldt,2016,6,4,1.2475,4.0,0
Humboldt,2016,7,4,0.8575,20.0,0
Humboldt,2016,8,20,2.583,2.0,0
Humboldt,2016,9,2,16.28,51.0,1
Humboldt,2016,10,51,11.101764705882356,23.0,0
Humboldt,2016,11,23,5.7013043478260865,5.0,0
Humboldt,2016,12,5,3.558,1.0,0
Humboldt,2017,3,1,2.61,1.0,0
Humboldt,2017,5,1,1.96,4.0,0
Humboldt,2017,6,4,1.945,10.0,0
Humboldt,2017,8,10,14.464,1.0,0
Humboldt,2017,9,1,0.6,23.0,0
Humboldt,2017,10,23,6.649130434782609,29.0,0
Humboldt,2017,11,29,5.159655172413793,2.0,0
Humboldt,2017,12,2,2.37,4.0,0
Humboldt,2018,1,4,2.74,16.0,0
Humboldt,2018,2,16,5.310625,1.0,0
Humboldt,2018,3,1,2.5,23.0,0
Humboldt,2018,4,23,5.01304347826087,1.0,0
Humboldt,2018,5,1,2.65,2.0,0
Humboldt,2018,6,2,5.24,2.0,0
Humboldt,2018,7,2,1.5,227.0,1
Humboldt,2018,8,227,5.286872246696035,16.0,0
Humboldt,2018,9,16,11.808125,48.0,1
Humboldt,2018,10,48,3.904375,18.0,0
Humboldt,2018,11,18,6.552222222222222,14.0,0
Humboldt,2018,12,14,5.445714285714286,9.0,0
Humboldt,2019,1,9,3.83,3.0,0
Humboldt,2019,3,3,5.33,8.0,0
Humboldt,2019,4,8,5.4675,2.0,0
Humboldt,2019,5,2,6.8149999999999995,2.0,0
Humboldt,2019,7,2,1.815,1.0,0
Humboldt,2019,8,1,0.29,3.0,0
Humboldt,2019,9,3,1.59,12.0,0
Humboldt,2019,10,12,9.538333333333332,7.0,0
Humboldt,2019,11,7,12.152857142857142,22.0,0
Humboldt,2019,12,22,4.917727272727273,3.0,0
Humboldt,2020,1,3,0.6733333333333333,8.0,0
Humboldt,2020,2,8,5.203749999999999,9.0,0
Humboldt,2020,3,9,3.695555555555555,2.0,0
Humboldt,2020,4,2,1.76,7.0,0
Humboldt,2020,5,7,3.237142857142857,65.0,1
Humboldt,2020,7,65,9.764,1266.0,1
Humboldt,2020,8,1266,9.909770932069511,4106.0,1
Humboldt,2020,9,4106,18.2523161227472,148.0,1
Humboldt,2020,10,148,4.581824324324325,70.0,1
Humboldt,2020,11,70,5.41,71.0,1
Imperial,2015,1,42,45.990952380952386,27.0,0
Imperial,2015,2,27,19.622592592592596,9.0,0
Imperial,2015,3,9,19.641111111111112,4.0,0
Imperial,2015,4,4,0.8275,18.0,0
Imperial,2015,5,18,43.48166666666666,16.0,0
Imperial,2015,6,16,13.808125,53.0,1
Imperial,2015,7,53,26.165283018867925,26.0,0
Imperial,2015,8,26,23.025769230769235,14.0,0
Imperial,2015,9,14,4.742142857142857,27.0,0
Imperial,2015,10,27,22.77777777777778,32.0,0
Imperial,2015,11,32,6.7090625,22.0,0
Imperial,2015,12,22,20.81409090909091,22.0,0
Imperial,2016,1,22,8.790454545454546,32.0,0
Imperial,2016,2,32,8.436875,24.0,0
Imperial,2016,3,24,7.190833333333334,9.0,0
Imperial,2016,4,9,7.458888888888889,5.0,0
Imperial,2016,5,5,47.662,68.0,1
Imperial,2016,6,68,26.258529411764705,53.0,1
Imperial,2016,7,53,23.388490566037735,23.0,0
Imperial,2016,8,23,19.11782608695652,13.0,0
Imperial,2016,9,13,23.463846153846156,11.0,0
Imperial,2016,10,11,5.766363636363637,9.0,0
Imperial,2016,11,9,14.687777777777775,1.0,0
Imperial,2016,12,1,6.76,12.0,0
Imperial,2017,1,12,9.764166666666666,34.0,0
Imperial,2017,2,34,14.803235294117648,26.0,0
Imperial,2017,3,26,15.961923076923076,11.0,0
Imperial,2017,4,11,13.373636363636365,13.0,0
Imperial,2017,5,13,22.463846153846152,47.0,1
Imperial,2017,6,47,34.723404255319146,18.0,0
Imperial,2017,7,18,13.71,21.0,0
Imperial,2017,8,21,10.49047619047619,81.0,1
Imperial,2017,9,81,36.00851851851852,11.0,0
Imperial,2017,10,11,7.947272727272727,4.0,0
Imperial,2017,11,4,9.0875,3.0,0
Imperial,2017,12,3,2.1199999999999997,54.0,1
Imperial,2018,1,54,19.034074074074073,16.0,0
Imperial,2018,2,16,4.031875,12.0,0
Imperial,2018,3,12,8.5825,15.0,0
Imperial,2018,5,15,25.38266666666667,10.0,0
Imperial,2018,6,10,10.318,9.0,0
Imperial,2018,7,9,9.696666666666667,28.0,0
Imperial,2018,8,28,15.49392857142857,37.0,0
Imperial,2018,9,37,8.808108108108108,11.0,0
Imperial,2018,10,11,4.024545454545454,2.0,0
Imperial,2018,11,2,5.1850000000000005,3.0,0
Imperial,2018,12,3,5.896666666666666,64.0,1
Imperial,2019,1,64,27.7984375,27.0,0
Imperial,2019,2,27,17.860370370370372,11.0,0
Imperial,2019,3,11,28.317272727272726,6.0,0
Imperial,2019,4,6,3.5033333333333334,27.0,0
Imperial,2019,5,27,7.278888888888889,47.0,1
Imperial,2019,6,47,7.933404255319149,38.0,0
Imperial,2019,7,38,12.176842105263155,30.0,0
Imperial,2019,8,30,12.631666666666666,10.0,0
Imperial,2019,9,10,5.1739999999999995,23.0,0
Imperial,2019,10,23,11.675217391304349,15.0,0
Imperial,2019,11,15,12.591333333333331,2.0,0
Imperial,2019,12,2,0.6,47.0,1
Imperial,2020,1,47,11.18872340425532,13.0,0
Imperial,2020,2,13,8.680769230769231,6.0,0
Imperial,2020,3,6,3.5700000000000003,33.0,0
Imperial,2020,4,33,10.97060606060606,16.0,0
Imperial,2020,5,16,6.86125,32.0,0
Imperial,2020,6,32,18.976875,28.0,0
Imperial,2020,7,28,13.633571428571427,10.0,0
Imperial,2020,8,10,9.577000000000002,30.0,0
Imperial,2020,9,30,12.238,50.0,1
Imperial,2020,10,50,17.1674,43.0,0
Imperial,2020,11,43,19.474883720930233,20.0,0
Inyo,2015,1,4,5.2725,9.0,0
Inyo,2015,6,9,2.04,1.0,0
Inyo,2015,12,1,0.11,5.0,0
Inyo,2016,2,5,35.75,2.0,0
Inyo,2016,3,2,7.92,1.0,0
Inyo,2016,4,1,3.32,24.0,0
Inyo,2016,6,24,6.7250000000000005,45.0,0
Inyo,2016,8,45,5.863555555555556,23.0,0
Inyo,2017,6,23,6.528695652173913,1.0,0
Inyo,2017,8,1,3.24,1.0,0
Inyo,2017,10,1,1.1,19.0,0
Inyo,2018,2,19,3.956315789473684,1.0,0
Inyo,2018,3,1,0.17,19.0,0
Inyo,2018,4,19,20.69315789473684,49.0,1
Inyo,2018,7,49,4.130408163265306,2.0,0
Inyo,2019,1,2,3.1799999999999997,7.0,0
Inyo,2019,2,7,73.83142857142857,2.0,0
Inyo,2019,7,2,2.57,418.0,1
Inyo,2019,9,418,35.63571770334928,27.0,0
Inyo,2019,10,27,8.176296296296297,3.0,0
Inyo,2019,12,3,6.109999999999999,3.0,0
Inyo,2020,2,3,9.02,2.0,0
Inyo,2020,6,2,1.88,93.0,1
Inyo,2020,7,93,15.763333333333334,289.0,1
Kern,2015,1,4,2.4725,108.0,1
Kern,2015,2,108,5.951851851851852,48.0,1
Kern,2015,3,48,4.40375,36.0,0
Kern,2015,4,36,7.845555555555555,55.0,1
Kern,2015,5,55,7.003636363636363,44.0,0
Kern,2015,6,44,5.29,54.0,1
Kern,2015,7,54,7.160185185185185,30.0,0
Kern,2015,8,30,2.621,24.0,0
Kern,2015,9,24,3.5954166666666665,77.0,1
Kern,2015,10,77,4.731818181818182,31.0,0
Kern,2015,11,31,4.707096774193549,23.0,0
Kern,2015,12,23,9.45217391304348,8.0,0
Kern,2016,1,8,4.02,34.0,0
Kern,2016,2,34,6.177352941176471,22.0,0
Kern,2016,3,22,5.167272727272728,46.0,1
Kern,2016,4,46,8.75804347826087,79.0,1
Kern,2016,5,79,8.237594936708861,1249.0,1
Kern,2016,6,1249,23.18444355484387,88.0,1
Kern,2016,7,88,5.872272727272727,1261.0,1
Kern,2016,8,1261,33.485400475812845,40.0,0
Kern,2016,9,40,8.4905,29.0,0
Kern,2016,10,29,5.104827586206897,95.0,1
Kern,2016,11,95,15.407263157894738,11.0,0
Kern,2016,12,11,2.399090909090909,8.0,0
Kern,2017,1,8,10.11375,47.0,1
Kern,2017,2,47,9.313617021276595,88.0,1
Kern,2017,3,88,6.320795454545455,99.0,1
Kern,2017,4,99,5.643939393939394,72.0,1
Kern,2017,5,72,10.223888888888888,154.0,1
Kern,2017,6,154,16.646558441558444,88.0,1
Kern,2017,7,88,11.195454545454544,43.0,0
Kern,2017,8,43,11.86186046511628,110.0,1
Kern,2017,9,110,7.277,93.0,1
Kern,2017,10,93,10.197956989247311,86.0,1
Kern,2017,11,86,7.652790697674418,91.0,1
Kern,2017,12,91,19.166813186813187,128.0,1
Kern,2018,1,128,15.43578125,90.0,1
Kern,2018,2,90,6.789,64.0,1
Kern,2018,3,64,17.27875,41.0,0
Kern,2018,4,41,4.781219512195122,74.0,1
Kern,2018,5,74,8.257567567567566,13.0,0
Kern,2018,6,13,4.18,20.0,0
Kern,2018,7,20,4.2825,51.0,1
Kern,2018,8,51,3.071764705882353,16.0,0
Kern,2018,9,16,3.67,48.0,1
Kern,2018,10,48,8.262291666666666,21.0,0
Kern,2018,11,21,8.949047619047619,53.0,1
Kern,2018,12,53,11.843018867924528,47.0,1
Kern,2019,1,47,6.132127659574468,40.0,0
Kern,2019,2,40,5.42975,69.0,1
Kern,2019,3,69,5.316521739130434,43.0,0
Kern,2019,4,43,5.743488372093023,37.0,0
Kern,2019,5,37,5.925675675675675,53.0,1
Kern,2019,6,53,5.891320754716982,55.0,1
Kern,2019,7,55,7.186,54.0,1
Kern,2019,8,54,7.925925925925926,24.0,0
Kern,2019,9,24,6.946666666666666,42.0,0
Kern,2019,10,42,4.6033333333333335,41.0,0
Kern,2019,11,41,4.591463414634147,23.0,0
Kern,2019,12,23,12.79,8.0,0
Kern,2020,1,8,1.7425,55.0,1
Kern,2020,2,55,6.274545454545455,220.0,1
Kern,2020,3,220,9.28640909090909,78.0,1
Kern,2020,4,78,6.215641025641026,52.0,1
Kern,2020,5,52,5.391538461538461,48.0,1
Kern,2020,6,48,9.021875,35.0,0
Kern,2020,7,35,4.467142857142857,331.0,1
Kern,2020,8,331,16.08915407854985,15.0,0
Kern,2020,9,15,0.7473333333333333,25.0,0
Kern,2020,10,25,2.1252,8.0,0
Kern,2020,11,8,1.45125,15.0,0
Kings,2015,1,3,0.8300000000000001,9.0,0
Kings,2015,2,9,4.323333333333334,9.0,0
Kings,2015,3,9,5.361111111111111,15.0,0
Kings,2015,4,15,10.608,6.0,0
Kings,2015,5,6,2.9916666666666667,3.0,0
Kings,2015,6,3,6.136666666666667,3.0,0
Kings,2015,8,3,10.71,3.0,0
Kings,2015,9,3,1.6266666666666667,2.0,0
Kings,2015,10,2,13.97,4.0,0
Kings,2015,11,4,2.81,5.0,0
Kings,2015,12,5,4.074,5.0,0
Kings,2016,1,5,3.272,4.0,0
Kings,2016,2,4,1.7475,16.0,0
Kings,2016,3,16,5.27,5.0,0
Kings,2016,4,5,5.178,22.0,0
Kings,2016,5,22,13.408181818181818,11.0,0
Kings,2016,6,11,11.252727272727272,5.0,0
Kings,2016,7,5,3.01,3.0,0
Kings,2016,8,3,1.1366666666666667,11.0,0
Kings,2016,9,11,10.363636363636363,14.0,0
Kings,2016,10,14,8.645,135.0,1
Kings,2016,11,135,12.254592592592592,10.0,0
Kings,2016,12,10,4.599,1.0,0
Kings,2017,1,1,2.89,40.0,0
Kings,2017,2,40,14.95075,38.0,0
Kings,2017,3,38,3.2963157894736845,32.0,0
Kings,2017,4,32,23.015625,4.0,0
Kings,2017,5,4,5.637499999999999,21.0,0
Kings,2017,6,21,8.23047619047619,210.0,1
Kings,2017,7,210,22.408190476190477,5.0,0
Kings,2017,8,5,3.56,12.0,0
Kings,2017,9,12,9.251666666666669,11.0,0
Kings,2017,10,11,8.176363636363636,26.0,0
Kings,2017,11,26,8.750384615384615,7.0,0
Kings,2017,12,7,8.114285714285714,8.0,0
Kings,2018,1,8,4.1475,9.0,0
Kings,2018,2,9,4.225555555555555,3.0,0
Kings,2018,3,3,10.43,2.0,0
Kings,2018,5,2,5.415,1.0,0
Kings,2018,6,1,4.16,1.0,0
Kings,2018,7,1,0.76,8.0,0
Kings,2018,8,8,5.0375,4.0,0
Kings,2018,9,4,2.575,5.0,0
Kings,2018,10,5,2.662,3.0,0
Kings,2018,11,3,3.0399999999999996,3.0,0
Kings,2018,12,3,3.1966666666666668,4.0,0
Kings,2019,1,4,5.0625,3.0,0
Kings,2019,2,3,1.0266666666666666,6.0,0
Kings,2019,3,6,2.7733333333333334,2.0,0
Kings,2019,4,2,7.42,9.0,0
Kings,2019,5,9,16.124444444444446,11.0,0
Kings,2019,6,11,14.46,3.0,0
Kings,2019,7,3,0.52,7.0,0
Kings,2019,8,7,6.8428571428571425,16.0,0
Kings,2019,9,16,4.1975,13.0,0
Kings,2019,10,13,7.761538461538462,20.0,0
Kings,2019,11,20,7.637,4.0,0
Kings,2019,12,4,3.955,7.0,0
Kings,2020,1,7,2.185714285714286,3.0,0
Kings,2020,2,3,2.903333333333333,28.0,0
Kings,2020,3,28,7.479285714285714,2.0,0
Kings,2020,4,2,1.81,11.0,0
Kings,2020,5,11,2.887272727272727,3.0,0
Kings,2020,6,3,0.79,8.0,0
Kings,2020,7,8,2.8875,6.0,0
Kings,2020,8,6,4.691666666666666,3.0,0
Kings,2020,9,3,0.36,4.0,0
Kings,2020,10,4,0.9875,1.0,0
Kings,2020,11,1,0.58,12.0,0
Lake,2015,1,25,9.9904,17.0,0
Lake,2015,2,17,10.403529411764705,11.0,0
Lake,2015,3,11,5.739090909090909,20.0,0
Lake,2015,4,20,5.5405,9.0,0
Lake,2015,5,9,7.148888888888889,2.0,0
Lake,2015,6,2,15.92,905.0,1
Lake,2015,7,905,32.118541436464085,537.0,1
Lake,2015,8,537,31.660223463687153,122.0,1
Lake,2015,9,122,5.588196721311475,2.0,0
Lake,2015,11,2,3.69,3.0,0
Lake,2015,12,3,4.213333333333334,5.0,0
Lake,2016,2,5,1.876,2.0,0
Lake,2016,3,2,2.8949999999999996,59.0,1
Lake,2016,4,59,9.169661016949153,3.0,0
Lake,2016,5,3,2.14,7.0,0
Lake,2016,6,7,3.7528571428571422,2.0,0
Lake,2016,7,2,4.23,83.0,1
Lake,2016,8,83,10.68289156626506,11.0,0
Lake,2016,10,11,4.9399999999999995,65.0,1
Lake,2016,11,65,12.801692307692308,43.0,0
Lake,2016,12,43,6.1723255813953495,9.0,0
Lake,2017,1,9,8.146666666666668,15.0,0
Lake,2017,2,15,2.7753333333333337,21.0,0
Lake,2017,3,21,5.020476190476191,21.0,0
Lake,2017,4,21,4.488571428571428,9.0,0
Lake,2017,5,9,5.698888888888889,16.0,0
Lake,2017,9,16,24.034375,83.0,1
Lake,2017,10,83,30.71060240963855,4.0,0
Lake,2017,11,4,2.81,1.0,0
Lake,2017,12,1,2.0,18.0,0
Lake,2018,1,18,3.390555555555556,23.0,0
Lake,2018,2,23,6.087391304347825,9.0,0
Lake,2018,3,9,4.128888888888889,13.0,0
Lake,2018,4,13,3.5453846153846156,2.0,0
Lake,2018,5,2,3.815,294.0,1
Lake,2018,6,294,57.07741496598639,1300.0,1
Lake,2018,7,1300,37.68153076923077,9178.0,1
Lake,2018,8,9178,21.941266071039443,231.0,1
Lake,2018,9,231,8.69077922077922,1.0,0
Lake,2018,11,1,3.4,27.0,0
Lake,2018,12,27,3.9140740740740743,9.0,0
Lake,2019,1,9,4.866666666666666,4.0,0
Lake,2019,3,4,2.49,24.0,0
Lake,2019,4,24,4.67375,2.0,0
Lake,2019,5,2,3.3099999999999996,1.0,0
Lake,2019,6,1,1.68,2.0,0
Lake,2019,7,2,2.385,1.0,0
Lake,2019,8,1,0.67,3.0,0
Lake,2019,9,3,138.23,47.0,1
Lake,2019,10,47,7.52,4.0,0
Lake,2019,11,4,9.3975,5.0,0
Lake,2019,12,5,4.864,12.0,0
Lake,2020,1,12,3.986666666666667,47.0,1
Lake,2020,2,47,9.42,47.0,1
Lake,2020,3,47,9.95531914893617,40.0,0
Lake,2020,4,40,10.228,14.0,0
Lake,2020,5,14,5.530714285714287,2.0,0
Lake,2020,6,2,5.455,2.0,0
Lake,2020,7,2,12.83,2629.0,1
Lake,2020,8,2629,15.150464054773678,1317.0,1
Lake,2020,9,1317,16.01721336370539,22.0,0
Lake,2020,10,22,6.635,12.0,0
Lassen,2015,1,4,3.4975,1.0,0
Lassen,2015,2,1,2.66,2.0,0
Lassen,2015,4,2,0.755,1.0,0
Lassen,2015,6,1,1.54,215.0,1
Lassen,2015,8,215,31.23539534883721,120.0,1
Lassen,2015,10,120,14.011833333333334,9.0,0
Lassen,2015,11,9,10.71111111111111,13.0,0
Lassen,2015,12,13,4.619230769230769,3.0,0
Lassen,2016,4,3,4.316666666666666,4.0,0
Lassen,2016,5,4,7.1,1.0,0
Lassen,2016,6,1,0.59,1.0,0
Lassen,2016,8,1,6.65,121.0,1
Lassen,2016,9,121,24.254545454545458,30.0,0
Lassen,2016,10,30,36.09166666666667,61.0,1
Lassen,2016,11,61,6.674426229508197,16.0,0
Lassen,2016,12,16,9.318125,1.0,0
Lassen,2017,3,1,2.71,3.0,0
Lassen,2017,4,3,4.373333333333334,3.0,0
Lassen,2017,5,3,3.62,168.0,1
Lassen,2017,7,168,13.983690476190478,18.0,0
Lassen,2017,8,18,10.653333333333332,18.0,0
Lassen,2017,9,18,36.690000000000005,24.0,0
Lassen,2017,10,24,16.258333333333333,15.0,0
Lassen,2017,11,15,13.972,4.0,0
Lassen,2017,12,4,2.185,5.0,0
Lassen,2018,1,5,2.754,2.0,0
Lassen,2018,2,2,6.619999999999999,1.0,0
Lassen,2018,3,1,2.25,1.0,0
Lassen,2018,4,1,3.93,1.0,0
Lassen,2018,6,1,4.38,802.0,1
Lassen,2018,7,802,24.410087281795512,111.0,1
Lassen,2018,8,111,11.905045045045046,6.0,0
Lassen,2018,9,6,4.3999999999999995,28.0,0
Lassen,2018,10,28,20.23892857142857,6.0,0
Lassen,2018,11,6,25.893333333333334,9.0,0
Lassen,2018,12,9,5.302222222222222,10.0,0
Lassen,2019,5,10,26.775,5.0,0
Lassen,2019,6,5,5.322000000000001,12.0,0
Lassen,2019,7,12,79.25666666666666,32.0,0
Lassen,2019,8,32,57.9665625,18.0,0
Lassen,2019,9,18,27.270555555555557,40.0,0
Lassen,2019,10,40,18.43875,16.0,0
Lassen,2019,11,16,12.7275,3.0,0
Lassen,2019,12,3,3.5399999999999996,3.0,0
Lassen,2020,1,3,5.816666666666666,10.0,0
Lassen,2020,2,10,7.455,4.0,0
Lassen,2020,3,4,5.6175,7.0,0
Lassen,2020,4,7,15.704285714285716,7.0,0
Lassen,2020,6,7,7.807142857142857,1116.0,1
Lassen,2020,7,1116,16.277598566308242,2995.0,1
Lassen,2020,8,2995,33.496597662771286,89.0,1
Lassen,2020,9,89,17.011685393258425,2.0,0
Lassen,2020,10,2,1.495,7.0,0
Lassen,2020,11,7,41.64,1.0,0
Los Angeles,2015,1,140,0.8912857142857143,136.0,1
Los Angeles,2015,2,136,0.8813970588235295,123.0,1
Los Angeles,2015,3,123,0.9570731707317072,173.0,1
Los Angeles,2015,4,173,1.664450867052023,104.0,1
Los Angeles,2015,5,104,0.9823076923076924,107.0,1
Los Angeles,2015,6,107,18.661682242990658,130.0,1
Los Angeles,2015,7,130,2.2183076923076923,135.0,1
Los Angeles,2015,8,135,10.269185185185185,143.0,1
Los Angeles,2015,9,143,1.179020979020979,165.0,1
Los Angeles,2015,10,165,0.9683030303030304,229.0,1
Los Angeles,2015,11,229,6.988558951965066,115.0,1
Los Angeles,2015,12,115,0.7106086956521739,85.0,1
Los Angeles,2016,1,85,0.8445882352941178,213.0,1
Los Angeles,2016,2,213,1.119295774647887,144.0,1
Los Angeles,2016,3,144,0.7735416666666667,201.0,1
Los Angeles,2016,4,201,1.698905472636816,120.0,1
Los Angeles,2016,5,120,0.7593333333333334,329.0,1
Los Angeles,2016,6,329,14.103100303951368,1496.0,1
Los Angeles,2016,7,1496,28.808061497326204,144.0,1
Los Angeles,2016,8,144,1.026875,163.0,1
Los Angeles,2016,9,163,1.5046625766871164,226.0,1
Los Angeles,2016,10,226,2.144336283185841,256.0,1
Los Angeles,2016,11,256,11.037421875,105.0,1
Los Angeles,2016,12,105,1.0004761904761903,85.0,1
Los Angeles,2017,1,85,0.8747058823529411,78.0,1
Los Angeles,2017,2,78,0.7878205128205129,182.0,1
Los Angeles,2017,3,182,1.0513186813186814,195.0,1
Los Angeles,2017,4,195,0.9653846153846154,154.0,1
Los Angeles,2017,5,154,4.0685714285714285,197.0,1
Los Angeles,2017,6,197,11.4546192893401,178.0,1
Los Angeles,2017,7,178,0.937247191011236,133.0,1
Los Angeles,2017,8,133,1.2290225563909776,567.0,1
Los Angeles,2017,9,567,17.12442680776014,260.0,1
Los Angeles,2017,10,260,1.965730769230769,196.0,1
Los Angeles,2017,11,196,17.897091836734692,527.0,1
Los Angeles,2017,12,527,18.366812144212524,155.0,1
Los Angeles,2018,1,155,0.8384516129032259,153.0,1
Los Angeles,2018,2,153,1.0058823529411764,115.0,1
Los Angeles,2018,3,115,1.202347826086957,229.0,1
Los Angeles,2018,4,229,1.3475982532751092,148.0,1
Los Angeles,2018,5,148,1.0817567567567568,201.0,1
Los Angeles,2018,6,201,8.090099502487561,201.0,1
Los Angeles,2018,7,201,2.3762686567164177,235.0,1
Los Angeles,2018,8,235,1.2902127659574467,224.0,1
Los Angeles,2018,9,224,3.778839285714286,252.0,1
Los Angeles,2018,10,252,0.917936507936508,1270.0,1
Los Angeles,2018,11,1270,27.77944881889764,210.0,1
Los Angeles,2018,12,210,1.0122380952380952,163.0,1
Los Angeles,2019,1,163,0.9755828220858896,118.0,1
Los Angeles,2019,2,118,1.0958474576271189,195.0,1
Los Angeles,2019,3,195,1.2850256410256409,177.0,1
Los Angeles,2019,4,177,1.1248587570621469,163.0,1
Los Angeles,2019,5,163,1.22,120.0,1
Los Angeles,2019,6,120,1.6658333333333333,182.0,1
Los Angeles,2019,7,182,1.116428571428571,234.0,1
Los Angeles,2019,8,234,1.7857264957264958,233.0,1
Los Angeles,2019,9,233,1.5487124463519315,674.0,1
Los Angeles,2019,10,674,14.238842729970326,261.0,1
Los Angeles,2019,11,261,16.872413793103448,139.0,1
Los Angeles,2019,12,139,1.1207913669064749,257.0,1
Los Angeles,2020,1,257,1.079610894941634,207.0,1
Los Angeles,2020,2,207,1.1108695652173914,140.0,1
Los Angeles,2020,3,140,1.0984285714285715,126.0,1
Los Angeles,2020,4,126,1.0458730158730158,241.0,1
Los Angeles,2020,5,241,0.9856846473029046,188.0,1
Los Angeles,2020,6,188,2.0589361702127658,259.0,1
Los Angeles,2020,7,259,6.006911196911196,1208.0,1
Los Angeles,2020,8,1208,31.478096026490068,6426.0,1
Los Angeles,2020,9,6426,24.118793962029255,323.0,1
Los Angeles,2020,10,323,6.508452012383901,267.0,1
Los Angeles,2020,11,267,3.9052808988764047,241.0,1
Madera,2015,1,12,2.3891666666666667,60.0,1
Madera,2015,2,60,4.393166666666667,27.0,0
Madera,2015,3,27,5.9255555555555555,33.0,0
Madera,2015,4,33,4.766969696969697,12.0,0
Madera,2015,5,12,3.1333333333333333,101.0,1
Madera,2015,6,101,12.543762376237623,347.0,1
Madera,2015,7,347,17.621383285302592,100.0,1
Madera,2015,8,100,53.43899999999999,12.0,0
Madera,2015,9,12,2.8175000000000003,39.0,0
Madera,2015,10,39,7.494615384615385,77.0,1
Madera,2015,11,77,7.328181818181818,41.0,0
Madera,2015,12,41,4.708780487804878,4.0,0
Madera,2016,1,4,6.4825,40.0,0
Madera,2016,2,40,6.56725,46.0,1
Madera,2016,3,46,5.61695652173913,41.0,0
Madera,2016,4,41,5.4782926829268295,34.0,0
Madera,2016,5,34,7.12,19.0,0
Madera,2016,6,19,5.0815789473684205,34.0,0
Madera,2016,7,34,9.434705882352942,5.0,0
Madera,2016,8,5,3.316,13.0,0
Madera,2016,9,13,12.82846153846154,49.0,1
Madera,2016,10,49,12.439795918367349,158.0,1
Madera,2016,11,158,11.629303797468356,32.0,0
Madera,2016,12,32,4.648125,28.0,0
Madera,2017,1,28,5.345357142857142,17.0,0
Madera,2017,2,17,4.25764705882353,50.0,1
Madera,2017,3,50,7.596,41.0,0
Madera,2017,4,41,4.193414634146341,29.0,0
Madera,2017,5,29,12.730344827586206,42.0,0
Madera,2017,6,42,9.507380952380952,17.0,0
Madera,2017,7,17,5.6000000000000005,611.0,1
Madera,2017,8,611,11.385171849427168,975.0,1
Madera,2017,9,975,12.78454358974359,42.0,0
Madera,2017,10,42,5.461190476190477,94.0,1
Madera,2017,11,94,10.015212765957449,126.0,1
Madera,2017,12,126,9.832777777777778,108.0,1
Madera,2018,1,108,7.547037037037037,66.0,1
Madera,2018,2,66,15.08848484848485,15.0,0
Madera,2018,3,15,7.768666666666666,22.0,0
Madera,2018,4,22,3.997727272727273,40.0,0
Madera,2018,5,40,6.91175,633.0,1
Madera,2018,6,633,16.47563981042654,373.0,1
Madera,2018,7,373,14.572949061662198,1490.0,1
Madera,2018,8,1490,9.970805369127516,122.0,1
Madera,2018,9,122,2.4195081967213117,67.0,1
Madera,2018,10,67,13.447164179104478,32.0,0
Madera,2018,11,32,4.1603125,61.0,1
Madera,2018,12,61,8.57344262295082,17.0,0
Madera,2019,1,17,4.711764705882352,26.0,0
Madera,2019,2,26,4.440384615384615,41.0,0
Madera,2019,3,41,4.360487804878049,32.0,0
Madera,2019,4,32,6.1421874999999995,13.0,0
Madera,2019,5,13,7.5976923076923075,25.0,0
Madera,2019,6,25,3.7612,35.0,0
Madera,2019,7,35,4.816,24.0,0
Madera,2019,8,24,4.814166666666666,13.0,0
Madera,2019,9,13,4.147692307692308,26.0,0
Madera,2019,10,26,11.615384615384617,65.0,1
Madera,2019,11,65,14.036461538461538,31.0,0
Madera,2019,12,31,4.812258064516129,38.0,0
Madera,2020,1,38,13.409736842105264,57.0,1
Madera,2020,2,57,8.321754385964912,110.0,1
Madera,2020,3,110,9.655636363636363,42.0,0
Madera,2020,4,42,6.479047619047619,24.0,0
Madera,2020,5,24,3.995833333333333,38.0,0
Madera,2020,6,38,6.149736842105263,16.0,0
Madera,2020,7,16,4.488125,10.0,0
Madera,2020,8,10,1.362,13418.0,1
Madera,2020,9,13418,16.962782829035625,4669.0,1
Madera,2020,10,4669,15.032690083529666,246.0,1
Madera,2020,11,246,8.251869918699187,34.0,0
Marin,2015,1,2,4.195,1.0,0
Marin,2015,2,1,0.35,5.0,0
Marin,2015,3,5,1.164,9.0,0
Marin,2015,4,9,0.7055555555555555,3.0,0
Marin,2015,5,3,0.5733333333333334,9.0,0
Marin,2015,6,9,0.4988888888888889,10.0,0
Marin,2015,7,10,0.534,9.0,0
Marin,2015,8,9,0.5444444444444445,10.0,0
Marin,2015,9,10,0.488,8.0,0
Marin,2015,10,8,3.07,5.0,0
Marin,2015,11,5,0.4059999999999999,3.0,0
Marin,2015,12,3,0.5266666666666667,5.0,0
Marin,2016,2,5,0.494,8.0,0
Marin,2016,3,8,0.54125,2.0,0
Marin,2016,4,2,0.67,11.0,0
Marin,2016,5,11,0.5445454545454546,9.0,0
Marin,2016,6,9,0.5644444444444444,12.0,0
Marin,2016,7,12,0.5683333333333334,5.0,0
Marin,2016,8,5,0.618,9.0,0
Marin,2016,9,9,0.5244444444444444,3.0,0
Marin,2016,10,3,0.4033333333333333,5.0,0
Marin,2016,11,5,0.43,1.0,0
Marin,2016,12,1,0.53,3.0,0
Marin,2017,1,3,0.59,3.0,0
Marin,2017,2,3,0.6133333333333334,3.0,0
Marin,2017,3,3,0.6466666666666666,4.0,0
Marin,2017,4,4,1.485,2.0,0
Marin,2017,5,2,0.4,5.0,0
Marin,2017,6,5,0.492,6.0,0
Marin,2017,7,6,0.5066666666666667,4.0,0
Marin,2017,8,4,0.57,5.0,0
Marin,2017,9,5,0.412,2.0,0
Marin,2017,10,2,0.37,2.0,0
Marin,2017,11,2,0.45,1.0,0
Marin,2018,1,1,0.39,2.0,0
Marin,2018,2,2,0.7050000000000001,3.0,0
Marin,2018,3,3,0.4466666666666667,5.0,0
Marin,2018,4,5,0.288,5.0,0
Marin,2018,5,5,0.376,12.0,0
Marin,2018,6,12,3.6133333333333337,6.0,0
Marin,2018,7,6,0.5499999999999999,7.0,0
Marin,2018,8,7,1.4985714285714289,13.0,0
Marin,2018,9,13,1.353076923076923,5.0,0
Marin,2018,10,5,0.4800000000000001,1.0,0
Marin,2018,11,1,0.2,1.0,0
Marin,2019,2,1,0.49,1.0,0
Marin,2019,3,1,0.39,3.0,0
Marin,2019,4,3,0.5,1.0,0
Marin,2019,5,1,0.53,6.0,0
Marin,2019,6,6,0.8783333333333333,7.0,0
Marin,2019,7,7,0.4571428571428571,7.0,0
Marin,2019,8,7,0.5185714285714286,11.0,0
Marin,2019,9,11,2.2736363636363635,1.0,0
Marin,2019,10,1,3.93,1.0,0
Marin,2019,11,1,0.43,1.0,0
Marin,2020,4,1,0.38,1.0,0
Marin,2020,5,1,0.4,2.0,0
Marin,2020,6,2,0.455,3.0,0
Marin,2020,7,3,2.37,183.0,1
Marin,2020,8,183,10.395300546448087,20.0,0
Marin,2020,9,20,4.9295,4.0,0
Mariposa,2015,2,5,4.006,6.0,0
Mariposa,2015,3,6,2.93,2.0,0
Mariposa,2015,5,2,7.135,4.0,0
Mariposa,2015,6,4,8.3675,1.0,0
Mariposa,2015,7,1,0.31,29.0,0
Mariposa,2015,8,29,3.866896551724138,83.0,1
Mariposa,2015,9,83,35.663012048192776,10.0,0
Mariposa,2015,10,10,4.138,1.0,0
Mariposa,2015,11,1,4.23,2.0,0
Mariposa,2015,12,2,0.905,5.0,0
Mariposa,2016,1,5,6.784000000000001,5.0,0
Mariposa,2016,2,5,3.3259999999999996,1.0,0
Mariposa,2016,3,1,3.1,3.0,0
Mariposa,2016,4,3,2.6533333333333333,1.0,0
Mariposa,2016,5,1,1.38,2.0,0
Mariposa,2016,6,2,100.53,13.0,0
Mariposa,2016,7,13,2.6815384615384614,65.0,1
Mariposa,2016,8,65,3.6087692307692305,161.0,1
Mariposa,2016,9,161,9.782360248447205,37.0,0
Mariposa,2016,10,37,4.214864864864865,5.0,0
Mariposa,2016,11,5,5.232,3.0,0
Mariposa,2016,12,3,4.13,2.0,0
Mariposa,2017,1,2,1.26,1.0,0
Mariposa,2017,3,1,4.14,5.0,0
Mariposa,2017,4,5,3.486,2.0,0
Mariposa,2017,5,2,3.17,20.0,0
Mariposa,2017,6,20,2.141,1615.0,1
Mariposa,2017,7,1615,30.030272445820433,1507.0,1
Mariposa,2017,8,1507,10.16317186463172,736.0,1
Mariposa,2017,9,736,5.696236413043478,498.0,1
Mariposa,2017,10,498,13.602168674698795,20.0,0
Mariposa,2017,11,20,5.0695,4.0,0
Mariposa,2017,12,4,5.2925,23.0,0
Mariposa,2018,1,23,3.137391304347826,18.0,0
Mariposa,2018,2,18,5.71,17.0,0
Mariposa,2018,3,17,6.238235294117647,9.0,0
Mariposa,2018,4,9,7.022222222222222,19.0,0
Mariposa,2018,6,19,7.964210526315789,3959.0,1
Mariposa,2018,7,3959,14.564976004041425,2997.0,1
Mariposa,2018,8,2997,18.86076076076076,86.0,1
Mariposa,2018,9,86,5.878372093023256,17.0,0
Mariposa,2018,10,17,5.867647058823529,62.0,1
Mariposa,2018,11,62,3.649193548387097,9.0,0
Mariposa,2018,12,9,3.701111111111111,1.0,0
Mariposa,2019,2,1,0.51,9.0,0
Mariposa,2019,3,9,8.262222222222222,15.0,0
Mariposa,2019,4,15,3.205333333333334,2.0,0
Mariposa,2019,5,2,4.09,5.0,0
Mariposa,2019,6,5,4.748,16.0,0
Mariposa,2019,7,16,14.013125,10.0,0
Mariposa,2019,8,10,58.597,1.0,0
Mariposa,2019,9,1,3.36,422.0,1
Mariposa,2019,10,422,37.13663507109005,9.0,0
Mariposa,2019,12,9,6.7988888888888885,13.0,0
Mariposa,2020,1,13,2.8153846153846156,47.0,1
Mariposa,2020,2,47,6.0238297872340425,14.0,0
Mariposa,2020,3,14,3.337142857142857,9.0,0
Mariposa,2020,4,9,5.050000000000001,1.0,0
Mariposa,2020,5,1,3.65,10.0,0
Mariposa,2020,6,10,3.4810000000000003,5.0,0
Mariposa,2020,7,5,2.062,88.0,1
Mariposa,2020,8,88,3.3625,965.0,1
Mariposa,2020,9,965,11.672290155440416,283.0,1
Mariposa,2020,10,283,7.399010600706714,16.0,0
Mariposa,2020,11,16,1.528125,4.0,0
Mendocino,2015,1,18,18.43722222222222,6.0,0
Mendocino,2015,2,6,3.7083333333333335,5.0,0
Mendocino,2015,3,5,8.181999999999999,24.0,0
Mendocino,2015,4,24,8.21375,4.0,0
Mendocino,2015,5,4,4.9725,5.0,0
Mendocino,2015,6,5,17.174,2.0,0
Mendocino,2015,7,2,3.59,2.0,0
Mendocino,2015,8,2,1.235,3.0,0
Mendocino,2015,9,3,3.1799999999999997,2.0,0
Mendocino,2015,10,2,0.43,10.0,0
Mendocino,2015,11,10,3.665,2.0,0
Mendocino,2015,12,2,3.415,1.0,0
Mendocino,2016,2,1,3.1,4.0,0
Mendocino,2016,3,4,5.0575,10.0,0
Mendocino,2016,4,10,5.209,1.0,0
Mendocino,2016,5,1,1.49,2.0,0
Mendocino,2016,6,2,8.68,4.0,0
Mendocino,2016,8,4,12.3625,3.0,0
Mendocino,2016,9,3,2.78,4.0,0
Mendocino,2016,10,4,1.06,1.0,0
Mendocino,2016,11,1,0.8,6.0,0
Mendocino,2016,12,6,2.46,2.0,0
Mendocino,2017,3,2,3.02,14.0,0
Mendocino,2017,4,14,9.64,1.0,0
Mendocino,2017,5,1,3.66,1.0,0
Mendocino,2017,6,1,9.5,10.0,0
Mendocino,2017,7,10,10.859,3.0,0
Mendocino,2017,8,3,5.886666666666667,5.0,0
Mendocino,2017,9,5,14.323999999999998,1263.0,1
Mendocino,2017,10,1263,27.43512272367379,4.0,0
Mendocino,2017,11,4,3.98,3.0,0
Mendocino,2017,12,3,4.153333333333333,1.0,0
Mendocino,2018,1,1,3.81,20.0,0
Mendocino,2018,2,20,5.218500000000001,2.0,0
Mendocino,2018,3,2,3.4450000000000003,8.0,0
Mendocino,2018,4,8,10.3725,20.0,0
Mendocino,2018,5,20,7.1450000000000005,3.0,0
Mendocino,2018,6,3,4.303333333333334,463.0,1
Mendocino,2018,7,463,34.70840172786177,211.0,1
Mendocino,2018,8,211,19.3057345971564,14.0,0
Mendocino,2018,10,14,5.211428571428572,3.0,0
Mendocino,2018,11,3,4.51,15.0,0
Mendocino,2018,12,15,5.401333333333333,9.0,0
Mendocino,2019,1,9,3.8655555555555554,2.0,0
Mendocino,2019,2,2,2.24,8.0,0
Mendocino,2019,3,8,4.14875,48.0,1
Mendocino,2019,4,48,11.008333333333333,30.0,0
Mendocino,2019,5,30,17.043333333333333,14.0,0
Mendocino,2019,7,14,3.0014285714285713,6.0,0
Mendocino,2019,8,6,1.2133333333333334,11.0,0
Mendocino,2019,10,11,12.780909090909091,1.0,0
Mendocino,2019,11,1,2.95,1.0,0
Mendocino,2019,12,1,11.3,2.0,0
Mendocino,2020,1,2,1.7000000000000002,64.0,1
Mendocino,2020,2,64,8.6990625,72.0,1
Mendocino,2020,3,72,15.188472222222222,42.0,0
Mendocino,2020,4,42,7.672380952380952,10.0,0
Mendocino,2020,5,10,9.638,8.0,0
Mendocino,2020,6,8,17.42625,525.0,1
Mendocino,2020,8,525,15.833542857142858,9750.0,1
Mendocino,2020,9,9750,18.62293435897436,1115.0,1
Mendocino,2020,10,1115,19.43077130044843,8.0,0
Mendocino,2020,11,8,4.9712499999999995,6.0,0
Merced,2015,1,1,0.6,21.0,0
Merced,2015,2,21,4.344285714285714,25.0,0
Merced,2015,3,25,5.7648,16.0,0
Merced,2015,4,16,3.2075,17.0,0
Merced,2015,5,17,2.5341176470588236,12.0,0
Merced,2015,6,12,14.7375,54.0,1
Merced,2015,7,54,4.954814814814815,14.0,0
Merced,2015,8,14,1.5807142857142855,16.0,0
Merced,2015,9,16,5.44125,23.0,0
Merced,2015,10,23,3.143913043478261,21.0,0
Merced,2015,11,21,5.082380952380952,4.0,0
Merced,2015,12,4,1.655,8.0,0
Merced,2016,1,8,5.595000000000001,25.0,0
Merced,2016,2,25,5.146800000000001,26.0,0
Merced,2016,3,26,7.985384615384616,10.0,0
Merced,2016,4,10,2.895,16.0,0
Merced,2016,5,16,4.136875,47.0,1
Merced,2016,6,47,6.281489361702128,19.0,0
Merced,2016,7,19,12.363684210526316,13.0,0
Merced,2016,8,13,3.534615384615385,16.0,0
Merced,2016,9,16,3.45875,19.0,0
Merced,2016,10,19,4.330526315789474,33.0,0
Merced,2016,11,33,6.03090909090909,14.0,0
Merced,2016,12,14,3.8428571428571425,3.0,0
Merced,2017,1,3,0.9066666666666668,14.0,0
Merced,2017,2,14,4.200714285714286,37.0,0
Merced,2017,3,37,5.098378378378379,41.0,0
Merced,2017,4,41,14.154634146341465,28.0,0
Merced,2017,5,28,23.5125,6.0,0
Merced,2017,6,6,9.523333333333332,19.0,0
Merced,2017,7,19,3.604736842105263,16.0,0
Merced,2017,8,16,7.450625,18.0,0
Merced,2017,9,18,8.96888888888889,29.0,0
Merced,2017,10,29,4.957931034482758,44.0,0
Merced,2017,11,44,6.121363636363637,77.0,1
Merced,2017,12,77,7.827792207792208,18.0,0
Merced,2018,1,18,7.28388888888889,59.0,1
Merced,2018,2,59,6.106779661016949,19.0,0
Merced,2018,3,19,3.343157894736842,18.0,0
Merced,2018,4,18,6.636666666666667,19.0,0
Merced,2018,5,19,4.6821052631578945,12.0,0
Merced,2018,6,12,3.734166666666667,8.0,0
Merced,2018,7,8,2.4,11.0,0
Merced,2018,8,11,3.555454545454545,14.0,0
Merced,2018,9,14,3.652857142857143,32.0,0
Merced,2018,10,32,5.2428125,14.0,0
Merced,2018,11,14,5.409999999999999,21.0,0
Merced,2018,12,21,5.298095238095239,11.0,0
Merced,2019,1,11,3.316363636363636,8.0,0
Merced,2019,2,8,5.39625,33.0,0
Merced,2019,3,33,3.453030303030303,22.0,0
Merced,2019,4,22,4.330909090909091,23.0,0
Merced,2019,5,23,10.10608695652174,31.0,0
Merced,2019,6,31,25.716451612903228,20.0,0
Merced,2019,7,20,4.872,10.0,0
Merced,2019,8,10,2.143,14.0,0
Merced,2019,9,14,3.837142857142857,35.0,0
Merced,2019,10,35,9.713142857142856,62.0,1
Merced,2019,11,62,4.761774193548387,13.0,0
Merced,2019,12,13,5.443076923076924,24.0,0
Merced,2020,1,24,17.021666666666665,70.0,1
Merced,2020,2,70,5.251428571428572,33.0,0
Merced,2020,3,33,6.716060606060606,20.0,0
Merced,2020,4,20,2.7515,37.0,0
Merced,2020,5,37,7.367837837837838,64.0,1
Merced,2020,6,64,11.83375,21.0,0
Merced,2020,7,21,3.2138095238095237,99.0,1
Merced,2020,8,99,13.054040404040403,12.0,0
Merced,2020,9,12,2.8441666666666667,6.0,0
Merced,2020,10,6,0.615,18.0,0
Merced,2020,11,18,2.9705555555555554,24.0,0
Modoc,2015,1,22,10.18590909090909,37.0,0
Modoc,2015,2,37,1.7424324324324325,8.0,0
Modoc,2015,3,8,5.00875,37.0,0
Modoc,2015,4,37,19.09864864864865,2.0,0
Modoc,2015,5,2,3.88,53.0,1
Modoc,2015,7,53,22.345471698113208,107.0,1
Modoc,2015,8,107,11.540467289719626,2.0,0
Modoc,2015,9,2,2.9,41.0,0
Modoc,2015,10,41,14.956341463414637,239.0,1
Modoc,2015,11,239,13.582426778242676,50.0,1
Modoc,2015,12,50,21.143600000000003,5.0,0
Modoc,2016,2,5,2.644,5.0,0
Modoc,2016,3,5,3.47,20.0,0
Modoc,2016,4,20,5.1045,26.0,0
Modoc,2016,5,26,12.06423076923077,2.0,0
Modoc,2016,6,2,9.955,6.0,0
Modoc,2016,8,6,43.88333333333333,232.0,1
Modoc,2016,9,232,7.646163793103448,28.0,0
Modoc,2016,10,28,13.421071428571429,26.0,0
Modoc,2016,11,26,6.599615384615385,57.0,1
Modoc,2016,12,57,2.3882456140350876,2.0,0
Modoc,2017,2,2,20.24,8.0,0
Modoc,2017,3,8,29.57875,19.0,0
Modoc,2017,4,19,11.043684210526315,55.0,1
Modoc,2017,5,55,21.637636363636364,17.0,0
Modoc,2017,6,17,24.61176470588235,1557.0,1
Modoc,2017,7,1557,15.266525369299936,1374.0,1
Modoc,2017,8,1374,9.65725618631732,4.0,0
Modoc,2017,9,4,22.0375,52.0,1
Modoc,2017,10,52,10.535769230769231,14.0,0
Modoc,2017,11,14,3.167857142857143,36.0,0
Modoc,2017,12,36,7.265833333333333,9.0,0
Modoc,2018,1,9,11.457777777777778,51.0,1
Modoc,2018,2,51,16.030196078431374,20.0,0
Modoc,2018,3,20,10.333,48.0,1
Modoc,2018,4,48,15.52625,5.0,0
Modoc,2018,5,5,27.826,14.0,0
Modoc,2018,7,14,48.55,2461.0,1
Modoc,2018,8,2461,16.660906135717187,3.0,0
Modoc,2018,9,3,9.293333333333331,6.0,0
Modoc,2018,10,6,13.511666666666663,19.0,0
Modoc,2018,11,19,8.480526315789474,11.0,0
Modoc,2018,12,11,26.296363636363637,5.0,0
Modoc,2019,1,5,6.1579999999999995,8.0,0
Modoc,2019,3,8,11.32125,28.0,0
Modoc,2019,4,28,21.970714285714287,19.0,0
Modoc,2019,5,19,7.843157894736841,2.0,0
Modoc,2019,6,2,5.935,158.0,1
Modoc,2019,7,158,20.299810126582276,1.0,0
Modoc,2019,8,1,34.87,78.0,1
Modoc,2019,9,78,5.513333333333334,2.0,0
Modoc,2019,10,2,2.6399999999999997,4.0,0
Modoc,2019,11,4,4.8225,7.0,0
Modoc,2019,12,7,6.718571428571429,43.0,0
Modoc,2020,2,43,14.451627906976745,19.0,0
Modoc,2020,3,19,7.362105263157894,33.0,0
Modoc,2020,4,33,45.14,1.0,0
Modoc,2020,6,1,9.34,463.0,1
Modoc,2020,7,463,20.087537796976243,117.0,1
Modoc,2020,8,117,7.956495726495726,4.0,0
Modoc,2020,9,4,5.785,3.0,0
Modoc,2020,10,3,11.633333333333333,2.0,0
Modoc,2020,11,2,6.105,19.0,0
Mono,2015,2,7,13.222857142857142,2.0,0
Mono,2015,5,2,8.105,151.0,1
Mono,2015,8,151,18.112251655629137,1.0,0
Mono,2015,10,1,4.13,9.0,0
Mono,2015,11,9,9.77111111111111,2.0,0
Mono,2016,1,2,11.355,3.0,0
Mono,2016,2,3,10.19,5.0,0
Mono,2016,3,5,8.404,32.0,0
Mono,2016,6,32,13.6309375,204.0,1
Mono,2016,8,204,16.405196078431374,153.0,1
Mono,2016,9,153,21.54235294117647,3.0,0
Mono,2017,1,3,7.563333333333333,18.0,0
Mono,2017,5,18,24.06888888888889,165.0,1
Mono,2017,8,165,15.043030303030305,105.0,1
Mono,2017,9,105,33.04561904761905,13.0,0
Mono,2017,10,13,11.472307692307693,32.0,0
Mono,2017,11,32,13.6053125,9.0,0
Mono,2018,1,9,7.621111111111111,3.0,0
Mono,2018,3,3,8.853333333333333,17.0,0
Mono,2018,4,17,22.37294117647059,10.0,0
Mono,2018,6,10,6.4990000000000006,2.0,0
Mono,2018,8,2,6.99,98.0,1
Mono,2018,9,98,15.756020408163264,4.0,0
Mono,2018,10,4,8.102500000000001,6.0,0
Mono,2018,11,6,8.331666666666667,6.0,0
Mono,2018,12,6,5.265,34.0,0
Mono,2019,5,34,16.45,14.0,0
Mono,2019,6,14,10.625,479.0,1
Mono,2019,8,479,10.519540709812109,49.0,1
Mono,2019,9,49,13.948571428571428,2.0,0
Mono,2020,1,2,5.96,13.0,0
Mono,2020,2,13,19.89076923076923,1.0,0
Mono,2020,3,1,4.47,2.0,0
Mono,2020,5,2,10.739999999999998,23.0,0
Mono,2020,6,23,36.00739130434783,3.0,0
Mono,2020,7,3,18.546666666666667,221.0,1
Mono,2020,8,221,29.616199095022623,391.0,1
Mono,2020,9,391,18.43959079283887,54.0,1
Monterey,2015,1,28,5.1025,9.0,0
Monterey,2015,2,9,2.451111111111111,14.0,0
Monterey,2015,3,14,2.1392857142857142,4.0,0
Monterey,2015,4,4,5.8725000000000005,14.0,0
Monterey,2015,5,14,12.865,96.0,1
Monterey,2015,6,96,10.772291666666668,6.0,0
Monterey,2015,7,6,6.449999999999999,3.0,0
Monterey,2015,8,3,2.5033333333333334,26.0,0
Monterey,2015,9,26,5.298461538461538,3.0,0
Monterey,2015,10,3,0.88,19.0,0
Monterey,2015,11,19,3.643157894736842,5.0,0
Monterey,2015,12,5,3.701999999999999,5.0,0
Monterey,2016,1,5,2.618,10.0,0
Monterey,2016,2,10,2.397,16.0,0
Monterey,2016,3,16,1.8825,1.0,0
Monterey,2016,4,1,2.28,23.0,0
Monterey,2016,5,23,9.84086956521739,103.0,1
Monterey,2016,6,103,22.811165048543693,2047.0,1
Monterey,2016,7,2047,20.769003419638494,4109.0,1
Monterey,2016,8,4109,16.48533219761499,2010.0,1
Monterey,2016,9,2010,27.139114427860697,6.0,0
Monterey,2016,10,6,1.3966666666666665,28.0,0
Monterey,2016,11,28,8.034285714285714,13.0,0
Monterey,2016,12,13,3.2684615384615388,1.0,0
Monterey,2017,1,1,2.81,5.0,0
Monterey,2017,2,5,3.998,21.0,0
Monterey,2017,3,21,2.590952380952381,9.0,0
Monterey,2017,4,9,1.6288888888888888,14.0,0
Monterey,2017,5,14,3.3057142857142856,40.0,0
Monterey,2017,6,40,7.169499999999999,100.0,1
Monterey,2017,7,100,36.2144,2.0,0
Monterey,2017,8,2,0.895,2.0,0
Monterey,2017,9,2,0.42,34.0,0
Monterey,2017,10,34,27.359117647058824,15.0,0
Monterey,2017,11,15,9.798666666666666,15.0,0
Monterey,2018,1,15,4.472666666666667,25.0,0
Monterey,2018,2,25,2.3756,14.0,0
Monterey,2018,3,14,3.6721428571428567,15.0,0
Monterey,2018,4,15,5.605333333333333,33.0,0
Monterey,2018,5,33,6.00939393939394,52.0,1
Monterey,2018,6,52,10.71096153846154,2.0,0
Monterey,2018,7,2,6.08,35.0,0
Monterey,2018,8,35,33.889714285714284,4.0,0
Monterey,2018,9,4,0.6575,26.0,0
Monterey,2018,10,26,9.647307692307692,9.0,0
Monterey,2018,12,9,5.282222222222222,8.0,0
Monterey,2019,1,8,2.36875,3.0,0
Monterey,2019,2,3,8.07,21.0,0
Monterey,2019,3,21,5.5252380952380955,8.0,0
Monterey,2019,4,8,4.6225000000000005,28.0,0
Monterey,2019,5,28,12.580714285714285,24.0,0
Monterey,2019,6,24,7.93125,45.0,0
Monterey,2019,7,45,10.53111111111111,12.0,0
Monterey,2019,8,12,14.005,9.0,0
Monterey,2019,9,9,10.073333333333332,3.0,0
Monterey,2019,10,3,1.09,2.0,0
Monterey,2019,11,2,4.63,10.0,0
Monterey,2019,12,10,6.935,16.0,0
Monterey,2020,1,16,3.580625,22.0,0
Monterey,2020,2,22,8.943636363636363,17.0,0
Monterey,2020,3,17,7.284705882352942,22.0,0
Monterey,2020,4,22,5.522272727272727,10.0,0
Monterey,2020,5,10,7.018000000000001,99.0,1
Monterey,2020,6,99,29.06858585858586,101.0,1
Monterey,2020,7,101,26.024851485148517,3475.0,1
Monterey,2020,8,3475,19.463398561151077,3511.0,1
Monterey,2020,9,3511,20.456243235545426,35.0,0
Monterey,2020,10,35,31.416285714285713,2.0,0
Monterey,2020,11,2,3.755,2.0,0
Napa,2015,1,23,6.052173913043478,4.0,0
Napa,2015,2,4,3.1975,19.0,0
Napa,2015,3,19,10.491052631578947,1.0,0
Napa,2015,4,1,15.92,3.0,0
Napa,2015,6,3,8.603333333333333,37.0,0
Napa,2015,8,37,53.12567567567567,47.0,1
Napa,2015,9,47,2.1002127659574468,10.0,0
Napa,2015,11,10,3.489,6.0,0
Napa,2015,12,6,4.0616666666666665,4.0,0
Napa,2016,2,4,3.725,1.0,0
Napa,2016,3,1,2.31,4.0,0
Napa,2016,7,4,5.1625,5.0,0
Napa,2016,8,5,16.014000000000003,1.0,0
Napa,2016,9,1,2.75,3.0,0
Napa,2016,10,3,2.6199999999999997,5.0,0
Napa,2016,11,5,3.474,1.0,0
Napa,2017,1,1,2.65,2.0,0
Napa,2017,3,2,1.53,7.0,0
Napa,2017,4,7,3.4085714285714284,11.0,0
Napa,2017,6,11,8.72090909090909,7.0,0
Napa,2017,8,7,19.987142857142857,4.0,0
Napa,2017,9,4,34.355000000000004,2285.0,1
Napa,2017,10,2285,12.236061269146608,1.0,0
Napa,2017,11,1,2.54,11.0,0
Napa,2017,12,11,4.9354545454545455,3.0,0
Napa,2018,1,3,6.8,28.0,0
Napa,2018,2,28,4.415,16.0,0
Napa,2018,3,16,4.22625,10.0,0
Napa,2018,4,10,4.077,1.0,0
Napa,2018,5,1,33.27,876.0,1
Napa,2018,7,876,16.379132420091324,3.0,0
Napa,2018,8,3,16.55666666666667,76.0,1
Napa,2018,9,76,8.58421052631579,6.0,0
Napa,2018,12,6,2.885,7.0,0
Napa,2019,1,7,3.661428571428572,1.0,0
Napa,2019,2,1,6.27,17.0,0
Napa,2019,3,17,5.0729411764705885,22.0,0
Napa,2019,4,22,3.380454545454546,2.0,0
Napa,2019,6,2,19.63,2.0,0
Napa,2019,7,2,128.845,5.0,0
Napa,2020,1,5,3.082,31.0,0
Napa,2020,2,31,4.089354838709677,8.0,0
Napa,2020,3,8,5.4225,9.0,0
Napa,2020,4,9,4.963333333333334,2.0,0
Napa,2020,5,2,2.395,4111.0,1
Napa,2020,8,4111,32.75016540987594,1236.0,1
Napa,2020,9,1236,21.326715210355985,474.0,1
Napa,2020,10,474,11.341666666666669,1.0,0
Napa,2020,11,1,8.03,5.0,0
Nevada,2015,1,12,3.255833333333334,2.0,0
Nevada,2015,2,2,1.745,1.0,0
Nevada,2015,3,1,2.41,1.0,0
Nevada,2015,5,1,6.36,1.0,0
Nevada,2015,6,1,0.53,107.0,1
Nevada,2015,7,107,20.78747663551402,4.0,0
Nevada,2015,8,4,4.2975,1.0,0
Nevada,2015,10,1,7.04,23.0,0
Nevada,2015,11,23,2.3060869565217392,8.0,0
Nevada,2015,12,8,9.15125,2.0,0
Nevada,2016,2,2,3.4499999999999997,3.0,0
Nevada,2016,3,3,2.723333333333333,5.0,0
Nevada,2016,6,5,4.232,1.0,0
Nevada,2016,7,1,7.07,2.0,0
Nevada,2016,8,2,8.335,4.0,0
Nevada,2016,9,4,13.0725,3.0,0
Nevada,2016,11,3,4.3,12.0,0
Nevada,2016,12,12,1.7816666666666665,2.0,0
Nevada,2017,1,2,1.085,7.0,0
Nevada,2017,3,7,3.762857142857143,4.0,0
Nevada,2017,4,4,3.615,5.0,0
Nevada,2017,5,5,5.21,1.0,0
Nevada,2017,6,1,2.21,10.0,0
Nevada,2017,7,10,12.507,2.0,0
Nevada,2017,8,2,1.39,40.0,0
Nevada,2017,10,40,18.79275,5.0,0
Nevada,2017,11,5,6.19,3.0,0
Nevada,2018,2,3,2.8000000000000003,1.0,0
Nevada,2018,3,1,5.53,1.0,0
Nevada,2018,4,1,2.64,1.0,0
Nevada,2018,5,1,1.72,2.0,0
Nevada,2018,7,2,8.425,2.0,0
Nevada,2018,8,2,1.0,2.0,0
Nevada,2018,9,2,0.33,11.0,0
Nevada,2018,10,11,10.876363636363635,6.0,0
Nevada,2018,11,6,20.153333333333332,15.0,0
Nevada,2018,12,15,5.787333333333334,2.0,0
Nevada,2019,2,2,2.075,3.0,0
Nevada,2019,3,3,2.6166666666666667,4.0,0
Nevada,2019,5,4,4.9675,2.0,0
Nevada,2019,6,2,3.21,2.0,0
Nevada,2019,8,2,7.470000000000001,9.0,0
Nevada,2019,9,9,13.77111111111111,14.0,0
Nevada,2019,10,14,10.240714285714288,11.0,0
Nevada,2019,12,11,4.100909090909091,12.0,0
Nevada,2020,1,12,3.5050000000000003,4.0,0
Nevada,2020,2,4,2.41,2.0,0
Nevada,2020,3,2,2.285,1.0,0
Nevada,2020,7,1,0.44,30.0,0
Nevada,2020,8,30,7.0953333333333335,1.0,0
Nevada,2020,9,1,4.31,2.0,0
Nevada,2020,10,2,0.8099999999999999,1.0,0
Nevada,2020,11,1,9.48,4.0,0
Orange,2015,1,45,0.7335555555555555,32.0,0
Orange,2015,2,32,0.7828125,32.0,0
Orange,2015,3,32,2.160625,30.0,0
Orange,2015,4,30,0.8426666666666667,12.0,0
Orange,2015,5,12,0.7983333333333333,18.0,0
Orange,2015,6,18,1.0016666666666667,21.0,0
Orange,2015,7,21,4.352380952380953,24.0,0
Orange,2015,8,24,0.9108333333333332,26.0,0
Orange,2015,9,26,1.1503846153846151,20.0,0
Orange,2015,10,20,0.8505,32.0,0
Orange,2015,11,32,1.0690625,31.0,0
Orange,2015,12,31,1.0003225806451614,26.0,0
Orange,2016,1,26,0.9803846153846154,42.0,0
Orange,2016,2,42,0.6621428571428571,26.0,0
Orange,2016,3,26,0.643076923076923,36.0,0
Orange,2016,4,36,0.6422222222222222,18.0,0
Orange,2016,5,18,0.61,24.0,0
Orange,2016,6,24,4.520416666666667,17.0,0
Orange,2016,7,17,0.62,25.0,0
Orange,2016,8,25,1.1928,24.0,0
Orange,2016,9,24,0.6537499999999999,28.0,0
Orange,2016,10,28,0.6282142857142857,41.0,0
Orange,2016,11,41,0.888048780487805,26.0,0
Orange,2016,12,26,0.6369230769230769,15.0,0
Orange,2017,1,15,0.7453333333333333,10.0,0
Orange,2017,2,10,0.529,20.0,0
Orange,2017,3,20,0.589,33.0,0
Orange,2017,4,33,0.5709090909090909,22.0,0
Orange,2017,5,22,0.5977272727272728,24.0,0
Orange,2017,6,24,1.3170833333333334,23.0,0
Orange,2017,7,23,0.6069565217391305,14.0,0
Orange,2017,8,14,0.6214285714285713,24.0,0
Orange,2017,9,24,22.228333333333335,356.0,1
Orange,2017,10,356,43.572162921348315,25.0,0
Orange,2017,11,25,0.7116,45.0,0
Orange,2017,12,45,0.7235555555555556,34.0,0
Orange,2018,1,34,0.6626470588235295,28.0,0
Orange,2018,2,28,0.624642857142857,24.0,0
Orange,2018,3,24,0.8108333333333334,42.0,0
Orange,2018,4,42,1.0764285714285715,21.0,0
Orange,2018,5,21,0.690952380952381,22.0,0
Orange,2018,6,22,16.786363636363635,32.0,0
Orange,2018,7,32,0.8375,285.0,1
Orange,2018,8,285,27.068912280701753,39.0,0
Orange,2018,9,39,0.6825641025641026,34.0,0
Orange,2018,10,34,0.7679411764705882,44.0,0
Orange,2018,11,44,0.7220454545454545,34.0,0
Orange,2018,12,34,0.7323529411764705,32.0,0
Orange,2019,1,32,0.735625,17.0,0
Orange,2019,2,17,0.6688235294117648,23.0,0
Orange,2019,3,23,0.802608695652174,26.0,0
Orange,2019,4,26,0.7684615384615385,10.0,0
Orange,2019,5,10,0.709,10.0,0
Orange,2019,6,10,0.7050000000000001,20.0,0
Orange,2019,7,20,1.894,33.0,0
Orange,2019,8,33,0.7151515151515152,41.0,0
Orange,2019,9,41,0.7660975609756098,54.0,1
Orange,2019,10,54,0.702037037037037,39.0,0
Orange,2019,11,39,1.3433333333333333,12.0,0
Orange,2019,12,12,0.6608333333333334,34.0,0
Orange,2020,1,34,0.68,39.0,0
Orange,2020,2,39,0.6576923076923077,21.0,0
Orange,2020,3,21,0.6457142857142857,31.0,0
Orange,2020,4,31,0.8432258064516129,53.0,1
Orange,2020,5,53,0.7807547169811321,21.0,0
Orange,2020,6,21,0.7561904761904762,41.0,0
Orange,2020,7,41,0.6446341463414634,53.0,1
Orange,2020,8,53,1.07,51.0,1
Orange,2020,9,51,0.855686274509804,301.0,1
Orange,2020,10,301,17.453023255813953,31.0,0
Orange,2020,11,31,0.7558064516129032,209.0,1
Placer,2015,1,48,6.82375,15.0,0
Placer,2015,2,15,4.9446666666666665,10.0,0
Placer,2015,3,10,2.053,1.0,0
Placer,2015,4,1,0.8,1.0,0
Placer,2015,5,1,5.88,9.0,0
Placer,2015,7,9,12.35888888888889,1.0,0
Placer,2015,8,1,0.24,6.0,0
Placer,2015,9,6,1.9916666666666665,4.0,0
Placer,2015,10,4,2.2175,20.0,0
Placer,2015,11,20,4.336,6.0,0
Placer,2015,12,6,2.318333333333334,2.0,0
Placer,2016,1,2,3.885,5.0,0
Placer,2016,2,5,1.7739999999999998,2.0,0
Placer,2016,3,2,1.755,5.0,0
Placer,2016,4,5,6.33,8.0,0
Placer,2016,5,8,6.1875,16.0,0
Placer,2016,6,16,6.258125,2.0,0
Placer,2016,7,2,2.13,3.0,0
Placer,2016,8,3,1.8066666666666664,2.0,0
Placer,2016,9,2,1.98,81.0,1
Placer,2016,10,81,10.880864197530864,5.0,0
Placer,2016,11,5,2.8579999999999997,10.0,0
Placer,2016,12,10,10.657,1.0,0
Placer,2017,3,1,3.76,1.0,0
Placer,2017,4,1,1.06,16.0,0
Placer,2017,5,16,4.116875,8.0,0
Placer,2017,6,8,13.88625,3.0,0
Placer,2017,7,3,25.313333333333333,1.0,0
Placer,2017,8,1,0.75,2.0,0
Placer,2017,9,2,1.72,5.0,0
Placer,2017,10,5,6.05,18.0,0
Placer,2017,11,18,16.60222222222222,2.0,0
Placer,2017,12,2,5.44,5.0,0
Placer,2018,2,5,6.144,4.0,0
Placer,2018,5,4,6.9775,2.0,0
Placer,2018,6,2,38.504999999999995,1.0,0
Placer,2018,7,1,0.41,1.0,0
Placer,2018,8,1,21.59,144.0,1
Placer,2018,9,144,28.827708333333337,5.0,0
Placer,2018,10,5,5.534000000000001,8.0,0
Placer,2018,11,8,14.2175,18.0,0
Placer,2018,12,18,5.145,4.0,0
Placer,2019,1,4,1.905,19.0,0
Placer,2019,5,19,10.428421052631576,7.0,0
Placer,2019,6,7,9.93142857142857,1.0,0
Placer,2019,7,1,3.72,1.0,0
Placer,2019,8,1,1.8,11.0,0
Placer,2019,9,11,8.114545454545455,19.0,0
Placer,2019,10,19,6.527894736842105,2.0,0
Placer,2019,11,2,2.535,3.0,0
Placer,2019,12,3,5.126666666666667,37.0,0
Placer,2020,2,37,8.819459459459459,24.0,0
Placer,2020,3,24,7.8495833333333325,24.0,0
Placer,2020,4,24,8.036666666666667,1.0,0
Placer,2020,5,1,0.45,2.0,0
Placer,2020,6,2,22.865,1.0,0
Placer,2020,7,1,3.66,2.0,0
Placer,2020,8,2,2.71,1.0,0
Placer,2020,9,1,10.37,46.0,1
Placer,2020,10,46,18.078260869565216,3.0,0
Placer,2020,11,3,1.7033333333333331,1.0,0
Plumas,2015,1,23,5.06391304347826,6.0,0
Plumas,2015,2,6,9.385,5.0,0
Plumas,2015,3,5,11.96,7.0,0
Plumas,2015,4,7,6.654285714285714,5.0,0
Plumas,2015,6,5,38.386,1.0,0
Plumas,2015,9,1,14.29,38.0,0
Plumas,2015,10,38,5.779999999999999,57.0,1
Plumas,2015,11,57,10.70017543859649,50.0,1
Plumas,2015,12,50,4.3906,3.0,0
Plumas,2016,1,3,4.19,2.0,0
Plumas,2016,2,2,2.745,7.0,0
Plumas,2016,4,7,19.81571428571429,8.0,0
Plumas,2016,5,8,21.58375,13.0,0
Plumas,2016,6,13,9.273076923076925,1.0,0
Plumas,2016,8,1,0.79,29.0,0
Plumas,2016,9,29,33.73103448275862,19.0,0
Plumas,2016,10,19,14.998947368421051,39.0,0
Plumas,2016,11,39,4.788461538461538,8.0,0
Plumas,2016,12,8,5.38875,1.0,0
Plumas,2017,4,1,2.69,14.0,0
Plumas,2017,5,14,16.623571428571427,17.0,0
Plumas,2017,6,17,9.15470588235294,122.0,1
Plumas,2017,7,122,6.601393442622951,368.0,1
Plumas,2017,8,368,4.98296195652174,35.0,0
Plumas,2017,9,35,7.38,85.0,1
Plumas,2017,10,85,8.084705882352942,88.0,1
Plumas,2017,11,88,8.134431818181818,4.0,0
Plumas,2017,12,4,2.45,1.0,0
Plumas,2018,1,1,2.72,12.0,0
Plumas,2018,2,12,16.779999999999998,3.0,0
Plumas,2018,3,3,4.276666666666666,11.0,0
Plumas,2018,4,11,13.92090909090909,9.0,0
Plumas,2018,5,9,14.244444444444444,5.0,0
Plumas,2018,6,5,8.122,16.0,0
Plumas,2018,7,16,19.333125,13.0,0
Plumas,2018,8,13,5.166153846153846,15.0,0
Plumas,2018,9,15,2.1026666666666665,65.0,1
Plumas,2018,10,65,13.52353846153846,60.0,1
Plumas,2018,11,60,9.698333333333332,8.0,0
Plumas,2018,12,8,5.2275,7.0,0
Plumas,2019,1,7,8.754285714285714,5.0,0
Plumas,2019,3,5,4.244,25.0,0
Plumas,2019,4,25,24.3996,3.0,0
Plumas,2019,5,3,5.14,8.0,0
Plumas,2019,6,8,4.9425,1.0,0
Plumas,2019,7,1,33.27,3244.0,1
Plumas,2019,9,3244,24.907638717632555,27.0,0
Plumas,2019,10,27,4.440740740740741,15.0,0
Plumas,2019,11,15,5.685333333333333,2.0,0
Plumas,2019,12,2,15.75,8.0,0
Plumas,2020,1,8,5.505,8.0,0
Plumas,2020,2,8,12.63,1.0,0
Plumas,2020,3,1,37.24,2.0,0
Plumas,2020,6,2,2.29,3064.0,1
Plumas,2020,8,3064,18.069830287206265,9774.0,1
Plumas,2020,9,9774,20.326381215469613,497.0,1
Plumas,2020,10,497,8.282334004024145,5.0,0
Plumas,2020,11,5,4.38,4.0,0
Riverside,2015,1,12,1.8241666666666667,45.0,0
Riverside,2015,2,45,9.714,14.0,0
Riverside,2015,3,14,3.23,34.0,0
Riverside,2015,4,34,2.313823529411765,10.0,0
Riverside,2015,5,10,3.245,22.0,0
Riverside,2015,6,22,22.468636363636364,18.0,0
Riverside,2015,7,18,6.823333333333333,25.0,0
Riverside,2015,8,25,66.6328,16.0,0
Riverside,2015,9,16,2.09625,16.0,0
Riverside,2015,10,16,1.744375,25.0,0
Riverside,2015,11,25,26.1476,15.0,0
Riverside,2015,12,15,4.648666666666667,8.0,0
Riverside,2016,1,8,4.6925,14.0,0
Riverside,2016,2,14,2.084285714285714,16.0,0
Riverside,2016,3,16,5.47125,21.0,0
Riverside,2016,4,21,0.9842857142857144,25.0,0
Riverside,2016,5,25,4.9608,17.0,0
Riverside,2016,6,17,20.931764705882355,22.0,0
Riverside,2016,7,22,3.424090909090909,55.0,1
Riverside,2016,8,55,54.20690909090909,25.0,0
Riverside,2016,9,25,2.064,70.0,1
Riverside,2016,10,70,5.486,23.0,0
Riverside,2016,11,23,4.711739130434783,19.0,0
Riverside,2016,12,19,1.7957894736842104,16.0,0
Riverside,2017,1,16,3.123125,8.0,0
Riverside,2017,2,8,2.88375,19.0,0
Riverside,2017,3,19,1.5757894736842104,23.0,0
Riverside,2017,4,23,8.697826086956523,23.0,0
Riverside,2017,5,23,11.684347826086958,46.0,1
Riverside,2017,6,46,2.7728260869565218,27.0,0
Riverside,2017,7,27,13.042222222222222,28.0,0
Riverside,2017,8,28,6.861785714285714,46.0,1
Riverside,2017,9,46,38.18152173913043,119.0,1
Riverside,2017,10,119,23.178571428571427,26.0,0
Riverside,2017,11,26,6.860769230769231,28.0,0
Riverside,2017,12,28,15.422857142857142,22.0,0
Riverside,2018,1,22,6.172727272727273,24.0,0
Riverside,2018,2,24,2.61375,8.0,0
Riverside,2018,3,8,2.24625,46.0,1
Riverside,2018,4,46,6.208260869565217,14.0,0
Riverside,2018,5,14,7.36,37.0,0
Riverside,2018,6,37,8.107027027027026,446.0,1
Riverside,2018,7,446,43.807264573991034,542.0,1
Riverside,2018,8,542,24.49760147601476,29.0,0
Riverside,2018,9,29,4.387241379310345,63.0,1
Riverside,2018,10,63,2.358253968253968,28.0,0
Riverside,2018,11,28,4.027857142857143,41.0,0
Riverside,2018,12,41,2.406829268292683,12.0,0
Riverside,2019,1,12,2.8575,19.0,0
Riverside,2019,2,19,2.556842105263158,46.0,1
Riverside,2019,3,46,22.306304347826085,10.0,0
Riverside,2019,4,10,0.697,35.0,0
Riverside,2019,5,35,11.800571428571429,37.0,0
Riverside,2019,6,37,15.859459459459458,47.0,1
Riverside,2019,7,47,8.755531914893616,18.0,0
Riverside,2019,8,18,3.187777777777778,55.0,1
Riverside,2019,9,55,37.77763636363636,95.0,1
Riverside,2019,10,95,19.49978947368421,89.0,1
Riverside,2019,11,89,2.4487640449438204,22.0,0
Riverside,2019,12,22,3.0109090909090908,25.0,0
Riverside,2020,1,25,4.7576,32.0,0
Riverside,2020,2,32,10.4465625,20.0,0
Riverside,2020,3,20,33.560500000000005,10.0,0
Riverside,2020,4,10,1.399,41.0,0
Riverside,2020,5,41,3.908780487804878,67.0,1
Riverside,2020,6,67,5.0244776119402985,82.0,1
Riverside,2020,7,82,11.477926829268291,433.0,1
Riverside,2020,8,433,32.350715935334875,100.0,1
Riverside,2020,9,100,19.3686,33.0,0
Riverside,2020,10,33,8.355454545454545,69.0,1
Riverside,2020,11,69,5.311159420289855,72.0,1
Sacramento,2015,1,7,1.3142857142857145,4.0,0
Sacramento,2015,2,4,4.33,32.0,0
Sacramento,2015,3,32,7.6290625,23.0,0
Sacramento,2015,4,23,1.2895652173913044,11.0,0
Sacramento,2015,5,11,5.966363636363636,15.0,0
Sacramento,2015,6,15,2.3266666666666667,21.0,0
Sacramento,2015,7,21,10.768571428571429,5.0,0
Sacramento,2015,8,5,0.998,10.0,0
Sacramento,2015,9,10,3.307,20.0,0
Sacramento,2015,10,20,5.1935,24.0,0
Sacramento,2015,11,24,10.231666666666667,10.0,0
Sacramento,2015,12,10,1.8,13.0,0
Sacramento,2016,2,13,6.356923076923077,18.0,0
Sacramento,2016,3,18,2.9605555555555556,17.0,0
Sacramento,2016,4,17,4.490588235294118,14.0,0
Sacramento,2016,5,14,8.55857142857143,15.0,0
Sacramento,2016,6,15,5.85,12.0,0
Sacramento,2016,7,12,1.1,11.0,0
Sacramento,2016,8,11,2.6436363636363636,27.0,0
Sacramento,2016,9,27,9.376666666666669,14.0,0
Sacramento,2016,10,14,3.4250000000000003,12.0,0
Sacramento,2016,11,12,6.305,2.0,0
Sacramento,2017,2,2,0.39,10.0,0
Sacramento,2017,3,10,3.381,15.0,0
Sacramento,2017,4,15,3.558666666666667,19.0,0
Sacramento,2017,5,19,1.2842105263157897,14.0,0
Sacramento,2017,6,14,2.6021428571428573,26.0,0
Sacramento,2017,7,26,14.876153846153848,13.0,0
Sacramento,2017,8,13,5.837692307692308,17.0,0
Sacramento,2017,9,17,16.78058823529412,8.0,0
Sacramento,2017,10,8,1.985,12.0,0
Sacramento,2017,11,12,4.414166666666667,6.0,0
Sacramento,2017,12,6,7.641666666666666,2.0,0
Sacramento,2018,1,2,2.25,27.0,0
Sacramento,2018,2,27,5.419259259259259,13.0,0
Sacramento,2018,3,13,2.6107692307692307,27.0,0
Sacramento,2018,4,27,5.224814814814814,25.0,0
Sacramento,2018,5,25,8.8308,22.0,0
Sacramento,2018,6,22,10.69181818181818,10.0,0
Sacramento,2018,7,10,9.633,3.0,0
Sacramento,2018,8,3,1.54,12.0,0
Sacramento,2018,9,12,16.925833333333333,12.0,0
Sacramento,2018,10,12,4.883333333333333,10.0,0
Sacramento,2018,11,10,3.177,2.0,0
Sacramento,2018,12,2,5.51,2.0,0
Sacramento,2019,1,2,2.415,7.0,0
Sacramento,2019,3,7,4.147142857142858,14.0,0
Sacramento,2019,4,14,7.177142857142857,8.0,0
Sacramento,2019,5,8,6.705,17.0,0
Sacramento,2019,6,17,9.744117647058824,17.0,0
Sacramento,2019,7,17,17.44235294117647,6.0,0
Sacramento,2019,8,6,8.071666666666667,16.0,0
Sacramento,2019,9,16,1.505,34.0,0
Sacramento,2019,10,34,4.836176470588235,18.0,0
Sacramento,2019,11,18,4.004444444444444,1.0,0
Sacramento,2019,12,1,3.84,3.0,0
Sacramento,2020,1,3,2.8033333333333332,32.0,0
Sacramento,2020,2,32,8.388125,8.0,0
Sacramento,2020,3,8,3.4212499999999997,6.0,0
Sacramento,2020,4,6,4.715,19.0,0
Sacramento,2020,5,19,7.01421052631579,47.0,1
Sacramento,2020,6,47,33.058297872340425,5.0,0
Sacramento,2020,7,5,6.497999999999999,12.0,0
Sacramento,2020,8,12,2.39,27.0,0
Sacramento,2020,9,27,15.082962962962965,9.0,0
Sacramento,2020,10,9,4.751111111111111,26.0,0
Sacramento,2020,11,26,7.038461538461538,7.0,0
San Benito,2015,1,4,6.3725,1.0,0
San Benito,2015,2,1,7.44,6.0,0
San Benito,2015,3,6,9.126666666666669,2.0,0
San Benito,2015,7,2,15.27,26.0,0
San Benito,2015,10,26,14.989615384615384,10.0,0
San Benito,2015,11,10,4.311999999999999,6.0,0
San Benito,2015,12,6,3.171666666666667,3.0,0
San Benito,2016,6,3,10.906666666666666,2.0,0
San Benito,2016,7,2,9.9,3.0,0
San Benito,2016,11,3,5.226666666666667,2.0,0
San Benito,2016,12,2,6.880000000000001,1.0,0
San Benito,2017,3,1,2.93,1.0,0
San Benito,2017,5,1,0.92,1.0,0
San Benito,2017,10,1,1.87,7.0,0
San Benito,2018,1,7,7.178571428571429,4.0,0
San Benito,2018,2,4,5.495,1.0,0
San Benito,2018,3,1,3.47,5.0,0
San Benito,2018,4,5,1.876,86.0,1
San Benito,2018,6,86,26.34860465116279,9.0,0
San Benito,2018,7,9,10.525555555555556,89.0,1
San Benito,2018,10,89,16.748651685393256,11.0,0
San Benito,2018,12,11,4.594545454545455,6.0,0
San Benito,2019,3,6,3.3800000000000003,6.0,0
San Benito,2019,7,6,18.42,2.0,0
San Benito,2019,8,2,24.36,7.0,0
San Benito,2019,9,7,28.03857142857143,89.0,1
San Benito,2019,11,89,6.660898876404495,1.0,0
San Benito,2019,12,1,3.58,7.0,0
San Benito,2020,2,7,4.2542857142857144,2.0,0
San Benito,2020,3,2,3.49,3.0,0
San Benito,2020,4,3,8.74,1.0,0
San Benito,2020,5,1,4.98,17.0,0
San Benito,2020,6,17,85.01058823529412,6.0,0
San Benito,2020,7,6,23.713333333333335,1.0,0
San Benito,2020,10,1,2.5,11.0,0
San Benito,2020,11,11,45.21,4.0,0
San Bernardino,2015,1,113,2.9932743362831857,124.0,1
San Bernardino,2015,2,124,2.327338709677419,120.0,1
San Bernardino,2015,3,120,4.398750000000001,134.0,1
San Bernardino,2015,4,134,1.5582089552238807,96.0,1
San Bernardino,2015,5,96,3.381145833333333,3136.0,1
San Bernardino,2015,6,3136,36.301144770408165,152.0,1
San Bernardino,2015,7,152,2.499605263157895,152.0,1
San Bernardino,2015,8,152,3.939473684210526,149.0,1
San Bernardino,2015,9,149,1.743758389261745,127.0,1
San Bernardino,2015,10,127,1.9108661417322832,154.0,1
San Bernardino,2015,11,154,2.0031818181818184,128.0,1
San Bernardino,2015,12,128,2.2678125,92.0,1
San Bernardino,2016,1,92,2.9086956521739133,128.0,1
San Bernardino,2016,2,128,2.62515625,113.0,1
San Bernardino,2016,3,113,1.5338053097345132,112.0,1
San Bernardino,2016,4,112,1.785625,154.0,1
San Bernardino,2016,5,154,1.5498051948051947,133.0,1
San Bernardino,2016,6,133,2.213308270676692,152.0,1
San Bernardino,2016,7,152,2.393421052631579,955.0,1
San Bernardino,2016,8,955,33.76220942408377,150.0,1
San Bernardino,2016,9,150,3.675933333333333,167.0,1
San Bernardino,2016,10,167,1.574670658682635,217.0,1
San Bernardino,2016,11,217,1.9737327188940093,46.0,1
San Bernardino,2016,12,46,3.5565217391304347,86.0,1
San Bernardino,2017,1,86,2.5282558139534883,74.0,1
San Bernardino,2017,2,74,2.153243243243243,155.0,1
San Bernardino,2017,3,155,1.4931612903225806,135.0,1
San Bernardino,2017,4,135,1.4742222222222223,167.0,1
San Bernardino,2017,5,167,1.7192814371257483,239.0,1
San Bernardino,2017,6,239,7.576234309623431,166.0,1
San Bernardino,2017,7,166,2.9417469879518072,170.0,1
San Bernardino,2017,8,170,2.310235294117647,160.0,1
San Bernardino,2017,9,160,1.7258125,213.0,1
San Bernardino,2017,10,213,1.73093896713615,105.0,1
San Bernardino,2017,11,105,1.7930476190476192,144.0,1
San Bernardino,2017,12,144,2.5520833333333335,137.0,1
San Bernardino,2018,1,137,1.7210948905109489,147.0,1
San Bernardino,2018,2,147,2.298843537414966,95.0,1
San Bernardino,2018,3,95,2.2610526315789476,123.0,1
San Bernardino,2018,4,123,1.455853658536585,136.0,1
San Bernardino,2018,5,136,1.468014705882353,206.0,1
San Bernardino,2018,6,206,2.8451456310679615,258.0,1
San Bernardino,2018,7,258,5.480658914728682,187.0,1
San Bernardino,2018,8,187,1.9177540106951871,176.0,1
San Bernardino,2018,9,176,2.272556818181818,208.0,1
San Bernardino,2018,10,208,2.4592788461538464,156.0,1
San Bernardino,2018,11,156,1.7958333333333332,107.0,1
San Bernardino,2018,12,107,1.8957943925233645,102.0,1
San Bernardino,2019,1,102,2.0777450980392156,82.0,1
San Bernardino,2019,2,82,2.113048780487805,87.0,1
San Bernardino,2019,3,87,1.832183908045977,139.0,1
San Bernardino,2019,4,139,1.5942446043165468,114.0,1
San Bernardino,2019,5,114,1.4809649122807018,157.0,1
San Bernardino,2019,6,157,1.7698089171974525,148.0,1
San Bernardino,2019,7,148,3.2698648648648647,167.0,1
San Bernardino,2019,8,167,2.182754491017964,152.0,1
San Bernardino,2019,9,152,1.5233552631578948,199.0,1
San Bernardino,2019,10,199,4.796984924623116,112.0,1
San Bernardino,2019,11,112,1.760982142857143,42.0,0
San Bernardino,2019,12,42,1.7111904761904764,89.0,1
San Bernardino,2020,1,89,1.5898876404494382,85.0,1
San Bernardino,2020,2,85,1.8011764705882352,78.0,1
San Bernardino,2020,3,78,2.0911538461538464,89.0,1
San Bernardino,2020,4,89,1.3917977528089889,162.0,1
San Bernardino,2020,5,162,3.431666666666666,104.0,1
San Bernardino,2020,6,104,2.788557692307692,163.0,1
San Bernardino,2020,7,163,7.334049079754601,912.0,1
San Bernardino,2020,8,912,18.707620614035086,1629.0,1
San Bernardino,2020,9,1629,28.890705954573356,325.0,1
San Bernardino,2020,10,325,10.912184615384616,153.0,1
San Bernardino,2020,11,153,2.071764705882353,108.0,1
San Diego,2015,1,10,2.022,61.0,1
San Diego,2015,2,61,17.41344262295082,14.0,0
San Diego,2015,3,14,2.2,66.0,1
San Diego,2015,4,66,10.436060606060606,9.0,0
San Diego,2015,5,9,3.2244444444444444,30.0,0
San Diego,2015,6,30,7.432666666666666,18.0,0
San Diego,2015,7,18,8.702222222222224,42.0,0
San Diego,2015,8,42,17.351666666666667,10.0,0
San Diego,2015,9,10,4.282,7.0,0
San Diego,2015,10,7,0.5814285714285715,9.0,0
San Diego,2015,11,9,1.237777777777778,10.0,0
San Diego,2015,12,10,1.295,10.0,0
San Diego,2016,1,10,2.263,42.0,0
San Diego,2016,2,42,7.73952380952381,47.0,1
San Diego,2016,3,47,11.376382978723406,17.0,0
San Diego,2016,4,17,18.70823529411765,8.0,0
San Diego,2016,5,8,11.11125,163.0,1
San Diego,2016,6,163,35.704478527607364,11.0,0
San Diego,2016,7,11,9.981818181818182,3.0,0
San Diego,2016,8,3,1.4333333333333331,5.0,0
San Diego,2016,9,5,2.17,10.0,0
San Diego,2016,10,10,0.517,12.0,0
San Diego,2016,11,12,3.4333333333333336,27.0,0
San Diego,2016,12,27,36.07111111111111,10.0,0
San Diego,2017,1,10,1.118,14.0,0
San Diego,2017,2,14,3.7707142857142855,57.0,1
San Diego,2017,3,57,19.44333333333333,31.0,0
San Diego,2017,4,31,5.599354838709678,81.0,1
San Diego,2017,5,81,8.708148148148148,73.0,1
San Diego,2017,6,73,8.742739726027398,22.0,0
San Diego,2017,7,22,29.614545454545453,39.0,0
San Diego,2017,8,39,25.87025641025641,23.0,0
San Diego,2017,9,23,1.6282608695652174,72.0,1
San Diego,2017,10,72,7.309444444444444,13.0,0
San Diego,2017,11,13,0.7246153846153847,89.0,1
San Diego,2017,12,89,39.71887640449438,25.0,0
San Diego,2018,1,25,8.2468,36.0,0
San Diego,2018,2,36,3.8952777777777783,27.0,0
San Diego,2018,3,27,6.887037037037037,12.0,0
San Diego,2018,4,12,4.229166666666667,28.0,0
San Diego,2018,5,28,9.82464285714286,40.0,0
San Diego,2018,6,40,13.93075,68.0,1
San Diego,2018,7,68,10.853235294117647,16.0,0
San Diego,2018,8,16,10.32625,17.0,0
San Diego,2018,9,17,6.16235294117647,8.0,0
San Diego,2018,10,8,0.60375,16.0,0
San Diego,2018,11,16,2.951875,19.0,0
San Diego,2018,12,19,4.298421052631579,17.0,0
San Diego,2019,1,17,8.025882352941176,13.0,0
San Diego,2019,2,13,3.5453846153846156,13.0,0
San Diego,2019,3,13,3.983076923076923,11.0,0
San Diego,2019,4,11,6.7763636363636355,13.0,0
San Diego,2019,5,13,4.552307692307692,27.0,0
San Diego,2019,6,27,6.782592592592592,30.0,0
San Diego,2019,7,30,4.949333333333333,43.0,0
San Diego,2019,8,43,11.073488372093022,17.0,0
San Diego,2019,9,17,2.3458823529411768,42.0,0
San Diego,2019,10,42,5.916428571428572,12.0,0
San Diego,2019,11,12,0.7391666666666666,13.0,0
San Diego,2019,12,13,2.3861538461538463,21.0,0
San Diego,2020,1,21,4.387142857142857,36.0,0
San Diego,2020,2,36,6.049444444444444,20.0,0
San Diego,2020,3,20,7.848999999999999,13.0,0
San Diego,2020,4,13,0.3346153846153846,35.0,0
San Diego,2020,5,35,13.853714285714286,174.0,1
San Diego,2020,6,174,10.765459770114942,24.0,0
San Diego,2020,7,24,2.36875,22.0,0
San Diego,2020,8,22,8.756818181818183,204.0,1
San Diego,2020,9,204,16.697598039215688,17.0,0
San Diego,2020,10,17,0.8094117647058824,13.0,0
San Diego,2020,11,13,0.4499999999999999,43.0,0
San Francisco,2016,9,1,5.26,1.0,0
San Francisco,2017,6,1,3.57,1.0,0
San Joaquin,2015,1,4,2.865,22.0,0
San Joaquin,2015,2,22,3.5745454545454547,24.0,0
San Joaquin,2015,3,24,3.0775,55.0,1
San Joaquin,2015,4,55,5.642545454545454,47.0,1
San Joaquin,2015,5,47,10.171702127659575,32.0,0
San Joaquin,2015,6,32,4.839375,23.0,0
San Joaquin,2015,7,23,6.560434782608695,13.0,0
San Joaquin,2015,8,13,1.8576923076923075,11.0,0
San Joaquin,2015,9,11,0.8281818181818181,20.0,0
San Joaquin,2015,10,20,3.375,26.0,0
San Joaquin,2015,11,26,3.5953846153846154,9.0,0
San Joaquin,2015,12,9,5.257777777777778,4.0,0
San Joaquin,2016,1,4,1.8325,9.0,0
San Joaquin,2016,2,9,1.6711111111111112,19.0,0
San Joaquin,2016,3,19,2.2699999999999996,18.0,0
San Joaquin,2016,4,18,2.6544444444444446,20.0,0
San Joaquin,2016,5,20,6.326,26.0,0
San Joaquin,2016,6,26,5.041153846153846,23.0,0
San Joaquin,2016,7,23,3.659130434782608,16.0,0
San Joaquin,2016,8,16,1.845,10.0,0
San Joaquin,2016,9,10,1.234,35.0,0
San Joaquin,2016,10,35,3.1565714285714286,38.0,0
San Joaquin,2016,11,38,4.682894736842106,12.0,0
San Joaquin,2016,12,12,4.503333333333333,6.0,0
San Joaquin,2017,2,6,1.6716666666666669,26.0,0
San Joaquin,2017,3,26,4.5661538461538465,42.0,0
San Joaquin,2017,4,42,2.904047619047619,39.0,0
San Joaquin,2017,5,39,3.54051282051282,32.0,0
San Joaquin,2017,6,32,4.5096875,39.0,0
San Joaquin,2017,7,39,1.7835897435897436,39.0,0
San Joaquin,2017,8,39,2.516923076923077,53.0,1
San Joaquin,2017,9,53,11.195094339622642,39.0,0
San Joaquin,2017,10,39,2.382820512820513,53.0,1
San Joaquin,2017,11,53,4.57811320754717,41.0,0
San Joaquin,2017,12,41,4.281219512195122,11.0,0
San Joaquin,2018,1,11,3.988181818181818,58.0,1
San Joaquin,2018,2,58,4.158620689655173,26.0,0
San Joaquin,2018,3,26,4.497307692307692,34.0,0
San Joaquin,2018,4,34,2.8241176470588236,34.0,0
San Joaquin,2018,5,34,2.151764705882353,37.0,0
San Joaquin,2018,6,37,5.3108108108108105,17.0,0
San Joaquin,2018,7,17,2.472352941176471,30.0,0
San Joaquin,2018,8,30,4.183333333333334,27.0,0
San Joaquin,2018,9,27,1.9585185185185183,52.0,1
San Joaquin,2018,10,52,3.2688461538461535,16.0,0
San Joaquin,2018,11,16,2.97875,23.0,0
San Joaquin,2018,12,23,2.2778260869565217,16.0,0
San Joaquin,2019,1,16,3.2993750000000004,13.0,0
San Joaquin,2019,2,13,5.1184615384615375,40.0,0
San Joaquin,2019,3,40,2.7947499999999996,33.0,0
San Joaquin,2019,4,33,3.0336363636363637,34.0,0
San Joaquin,2019,5,34,2.333235294117647,40.0,0
San Joaquin,2019,6,40,3.65925,43.0,0
San Joaquin,2019,7,43,4.703720930232558,59.0,1
San Joaquin,2019,8,59,7.922033898305085,35.0,0
San Joaquin,2019,9,35,6.658,54.0,1
San Joaquin,2019,10,54,3.2081481481481484,81.0,1
San Joaquin,2019,11,81,4.467407407407408,15.0,0
San Joaquin,2019,12,15,2.9299999999999997,7.0,0
San Joaquin,2020,1,7,1.9385714285714288,71.0,1
San Joaquin,2020,2,71,3.244225352112676,67.0,1
San Joaquin,2020,3,67,4.520746268656716,54.0,1
San Joaquin,2020,4,54,3.7,26.0,0
San Joaquin,2020,5,26,2.590384615384615,37.0,0
San Joaquin,2020,6,37,2.6524324324324327,33.0,0
San Joaquin,2020,7,33,2.7515151515151515,778.0,1
San Joaquin,2020,8,778,21.5260411311054,22.0,0
San Joaquin,2020,9,22,1.4745454545454544,31.0,0
San Joaquin,2020,10,31,0.9532258064516128,77.0,1
San Joaquin,2020,11,77,2.647142857142857,32.0,0
San Luis Obispo,2015,1,10,5.163,12.0,0
San Luis Obispo,2015,2,12,8.784166666666666,6.0,0
San Luis Obispo,2015,3,6,2.89,4.0,0
San Luis Obispo,2015,4,4,3.565,5.0,0
San Luis Obispo,2015,5,5,4.7219999999999995,10.0,0
San Luis Obispo,2015,6,10,1.092,9.0,0
San Luis Obispo,2015,7,9,12.88888888888889,106.0,1
San Luis Obispo,2015,8,106,9.588867924528302,2.0,0
San Luis Obispo,2015,9,2,5.73,15.0,0
San Luis Obispo,2015,11,15,70.48266666666667,9.0,0
San Luis Obispo,2015,12,9,4.581111111111111,2.0,0
San Luis Obispo,2016,1,2,0.795,13.0,0
San Luis Obispo,2016,2,13,4.8730769230769235,7.0,0
San Luis Obispo,2016,3,7,12.05714285714286,8.0,0
San Luis Obispo,2016,4,8,10.16625,24.0,0
San Luis Obispo,2016,5,24,2.53875,2.0,0
San Luis Obispo,2016,7,2,1.285,1514.0,1
San Luis Obispo,2016,8,1514,31.390838837516515,1.0,0
San Luis Obispo,2016,9,1,1.89,4.0,0
San Luis Obispo,2016,10,4,10.655,7.0,0
San Luis Obispo,2016,11,7,5.748571428571429,2.0,0
San Luis Obispo,2016,12,2,5.3100000000000005,1.0,0
San Luis Obispo,2017,1,1,0.89,5.0,0
San Luis Obispo,2017,2,5,4.412,17.0,0
San Luis Obispo,2017,3,17,3.673529411764706,3.0,0
San Luis Obispo,2017,4,3,3.6833333333333336,17.0,0
San Luis Obispo,2017,5,17,22.308823529411764,25.0,0
San Luis Obispo,2017,6,25,1.3952,151.0,1
San Luis Obispo,2017,7,151,26.69165562913907,2.0,0
San Luis Obispo,2017,8,2,0.805,7.0,0
San Luis Obispo,2017,9,7,55.95714285714286,11.0,0
San Luis Obispo,2017,10,11,14.694545454545455,90.0,1
San Luis Obispo,2017,11,90,32.465444444444444,6.0,0
San Luis Obispo,2017,12,6,0.84,11.0,0
San Luis Obispo,2018,1,11,7.72,25.0,0
San Luis Obispo,2018,2,25,6.893199999999999,6.0,0
San Luis Obispo,2018,3,6,4.631666666666667,11.0,0
San Luis Obispo,2018,4,11,3.88,5.0,0
San Luis Obispo,2018,5,5,2.602,14.0,0
San Luis Obispo,2018,6,14,6.1899999999999995,9.0,0
San Luis Obispo,2018,8,9,63.77666666666667,2.0,0
San Luis Obispo,2018,9,2,5.415,6.0,0
San Luis Obispo,2018,10,6,53.06,91.0,1
San Luis Obispo,2018,11,91,25.38879120879121,3.0,0
San Luis Obispo,2018,12,3,6.136666666666667,7.0,0
San Luis Obispo,2019,1,7,5.799999999999999,3.0,0
San Luis Obispo,2019,3,3,1.9733333333333336,16.0,0
San Luis Obispo,2019,4,16,6.20125,2.0,0
San Luis Obispo,2019,5,2,3.545,20.0,0
San Luis Obispo,2019,6,20,54.705499999999994,1.0,0
San Luis Obispo,2019,7,1,1.86,2.0,0
San Luis Obispo,2019,8,2,6.1899999999999995,3.0,0
San Luis Obispo,2019,9,3,0.6433333333333334,7.0,0
San Luis Obispo,2019,10,7,1.804285714285714,51.0,1
San Luis Obispo,2019,11,51,11.256078431372549,14.0,0
San Luis Obispo,2019,12,14,5.239285714285714,44.0,0
San Luis Obispo,2020,1,44,5.357954545454546,21.0,0
San Luis Obispo,2020,2,21,6.483333333333333,24.0,0
San Luis Obispo,2020,3,24,9.71625,12.0,0
San Luis Obispo,2020,4,12,2.9891666666666663,5.0,0
San Luis Obispo,2020,5,5,3.258,58.0,1
San Luis Obispo,2020,6,58,22.97396551724138,21.0,0
San Luis Obispo,2020,7,21,25.789047619047626,55.0,1
San Luis Obispo,2020,8,55,3.831636363636364,2.0,0
San Luis Obispo,2020,9,2,12.5,72.0,1
San Luis Obispo,2020,11,72,158.92347222222222,4.0,0
San Mateo,2015,3,2,9.755,1.0,0
San Mateo,2015,7,1,3.8,2.0,0
San Mateo,2015,11,2,4.475,3.0,0
San Mateo,2017,3,3,0.6266666666666666,2.0,0
San Mateo,2017,4,2,0.375,4.0,0
San Mateo,2017,9,4,0.985,2.0,0
San Mateo,2017,10,2,0.325,7.0,0
San Mateo,2017,11,7,4.142857142857143,3.0,0
San Mateo,2017,12,3,0.28,1.0,0
San Mateo,2018,2,1,0.59,2.0,0
San Mateo,2018,3,2,1.215,1.0,0
San Mateo,2018,4,1,0.5,4.0,0
San Mateo,2018,5,4,3.65,2.0,0
San Mateo,2018,6,2,3.84,2.0,0
San Mateo,2018,8,2,1.13,5.0,0
San Mateo,2018,9,5,1.604,3.0,0
San Mateo,2018,10,3,0.3466666666666667,2.0,0
San Mateo,2018,11,2,0.3,2.0,0
San Mateo,2019,9,2,1.825,1.0,0
San Mateo,2019,10,1,0.55,1.0,0
San Mateo,2020,2,1,0.49,827.0,1
San Mateo,2020,8,827,13.211753325272069,3.0,0
San Mateo,2020,9,3,2.5933333333333333,3.0,0
San Mateo,2020,10,3,2.9933333333333336,2.0,0
Santa Barbara,2015,1,1,2.17,12.0,0
Santa Barbara,2015,2,12,2.075833333333333,4.0,0
Santa Barbara,2015,3,4,0.6174999999999999,3.0,0
Santa Barbara,2015,4,3,0.4166666666666667,3.0,0
Santa Barbara,2015,5,3,0.4666666666666666,33.0,0
Santa Barbara,2015,6,33,64.8769696969697,9.0,0
Santa Barbara,2015,7,9,31.98222222222222,6.0,0
Santa Barbara,2015,8,6,13.221666666666666,2.0,0
Santa Barbara,2015,9,2,5.29,1.0,0
Santa Barbara,2015,10,1,3.51,3.0,0
Santa Barbara,2015,11,3,10.473333333333334,3.0,0
Santa Barbara,2016,1,3,2.9233333333333333,2.0,0
Santa Barbara,2016,2,2,1.3,1.0,0
Santa Barbara,2016,3,1,2.27,3.0,0
Santa Barbara,2016,4,3,9.896666666666668,3.0,0
Santa Barbara,2016,5,3,12.433333333333332,283.0,1
Santa Barbara,2016,6,283,19.020176678445228,12.0,0
Santa Barbara,2016,7,12,38.745,714.0,1
Santa Barbara,2016,8,714,43.31204481792717,438.0,1
Santa Barbara,2016,9,438,33.980593607305934,4.0,0
Santa Barbara,2016,11,4,7.17,2.0,0
Santa Barbara,2017,1,2,3.61,1.0,0
Santa Barbara,2017,2,1,3.92,4.0,0
Santa Barbara,2017,3,4,2.415,3.0,0
Santa Barbara,2017,4,3,20.226666666666667,10.0,0
Santa Barbara,2017,5,10,20.761,10.0,0
Santa Barbara,2017,6,10,33.25,1893.0,1
Santa Barbara,2017,7,1893,33.66659799260433,4.0,0
Santa Barbara,2017,8,4,7.725,8.0,0
Santa Barbara,2017,9,8,41.01875,4.0,0
Santa Barbara,2017,10,4,12.0575,9.0,0
Santa Barbara,2017,11,9,9.957777777777778,1778.0,1
Santa Barbara,2017,12,1778,38.36821147356581,1.0,0
Santa Barbara,2018,1,1,2.47,2.0,0
Santa Barbara,2018,2,2,4.425,27.0,0
Santa Barbara,2018,3,27,10.158888888888889,2.0,0
Santa Barbara,2018,5,2,7.345,9.0,0
Santa Barbara,2018,6,9,14.685555555555558,15.0,0
Santa Barbara,2018,7,15,10.059333333333331,4.0,0
Santa Barbara,2018,8,4,34.5875,2.0,0
Santa Barbara,2018,9,2,3.3,2.0,0
Santa Barbara,2018,10,2,0.5800000000000001,14.0,0
Santa Barbara,2018,11,14,53.04928571428571,4.0,0
Santa Barbara,2018,12,4,5.4825,6.0,0
Santa Barbara,2019,1,6,2.885,3.0,0
Santa Barbara,2019,2,3,2.6833333333333336,2.0,0
Santa Barbara,2019,4,2,2.94,10.0,0
Santa Barbara,2019,6,10,15.339,19.0,0
Santa Barbara,2019,7,19,12.687894736842106,4.0,0
Santa Barbara,2019,9,4,2.5125,1.0,0
Santa Barbara,2019,10,1,0.6,130.0,1
Santa Barbara,2019,11,130,22.265384615384615,2.0,0
Santa Barbara,2019,12,2,4.51,11.0,0
Santa Barbara,2020,1,11,3.2018181818181817,8.0,0
Santa Barbara,2020,2,8,4.26625,2.0,0
Santa Barbara,2020,3,2,1.845,1.0,0
Santa Barbara,2020,4,1,3.08,6.0,0
Santa Barbara,2020,5,6,11.886666666666663,21.0,0
Santa Barbara,2020,6,21,35.98095238095238,12.0,0
Santa Barbara,2020,7,12,20.8175,6.0,0
Santa Barbara,2020,8,6,7.315,3.0,0
Santa Barbara,2020,9,3,17.49,3.0,0
Santa Barbara,2020,10,3,13.073333333333332,18.0,0
Santa Clara,2015,1,26,0.856923076923077,22.0,0
Santa Clara,2015,2,22,0.6131818181818182,28.0,0
Santa Clara,2015,3,28,0.6285714285714287,27.0,0
Santa Clara,2015,4,27,0.6340740740740741,12.0,0
Santa Clara,2015,5,12,1.0141666666666669,48.0,1
Santa Clara,2015,6,48,2.136041666666667,38.0,0
Santa Clara,2015,7,38,0.8676315789473684,38.0,0
Santa Clara,2015,8,38,2.091842105263158,31.0,0
Santa Clara,2015,9,31,0.6654838709677419,35.0,0
Santa Clara,2015,10,35,0.8331428571428572,48.0,1
Santa Clara,2015,11,48,1.0297916666666669,16.0,0
Santa Clara,2015,12,16,0.601875,6.0,0
Santa Clara,2016,1,6,0.8816666666666667,26.0,0
Santa Clara,2016,2,26,0.6738461538461539,20.0,0
Santa Clara,2016,3,20,0.776,30.0,0
Santa Clara,2016,4,30,0.7633333333333333,29.0,0
Santa Clara,2016,5,29,0.7606896551724137,65.0,1
Santa Clara,2016,6,65,1.401846153846154,58.0,1
Santa Clara,2016,7,58,0.7351724137931035,38.0,0
Santa Clara,2016,8,38,0.751578947368421,255.0,1
Santa Clara,2016,9,255,18.972392156862742,30.0,0
Santa Clara,2016,10,30,0.661,36.0,0
Santa Clara,2016,11,36,0.7394444444444445,17.0,0
Santa Clara,2016,12,17,0.9588235294117649,14.0,0
Santa Clara,2017,1,14,0.6071428571428571,9.0,0
Santa Clara,2017,2,9,0.6622222222222223,16.0,0
Santa Clara,2017,3,16,0.635,23.0,0
Santa Clara,2017,4,23,1.2478260869565216,55.0,1
Santa Clara,2017,5,55,0.9590909090909092,48.0,1
Santa Clara,2017,6,48,1.5016666666666667,57.0,1
Santa Clara,2017,7,57,0.7275438596491228,45.0,0
Santa Clara,2017,8,45,0.8657777777777778,45.0,0
Santa Clara,2017,9,45,0.8833333333333333,48.0,1
Santa Clara,2017,10,48,0.5695833333333333,21.0,0
Santa Clara,2017,11,21,1.316190476190476,25.0,0
Santa Clara,2017,12,25,0.792,11.0,0
Santa Clara,2018,1,11,0.6409090909090909,39.0,0
Santa Clara,2018,2,39,0.7861538461538462,27.0,0
Santa Clara,2018,3,27,0.617037037037037,31.0,0
Santa Clara,2018,4,31,1.3816129032258064,30.0,0
Santa Clara,2018,5,30,0.8556666666666667,60.0,1
Santa Clara,2018,6,60,3.126833333333334,59.0,1
Santa Clara,2018,7,59,5.480338983050848,32.0,0
Santa Clara,2018,8,32,0.630625,53.0,1
Santa Clara,2018,9,53,0.5911320754716981,50.0,1
Santa Clara,2018,10,50,1.2772,31.0,0
Santa Clara,2018,11,31,0.844516129032258,16.0,0
Santa Clara,2018,12,16,0.899375,11.0,0
Santa Clara,2019,1,11,1.3318181818181818,6.0,0
Santa Clara,2019,2,6,0.5916666666666667,23.0,0
Santa Clara,2019,3,23,0.8873913043478261,24.0,0
Santa Clara,2019,4,24,0.5691666666666667,20.0,0
Santa Clara,2019,5,20,0.7855000000000001,37.0,0
Santa Clara,2019,6,37,0.7664864864864864,67.0,1
Santa Clara,2019,7,67,1.3782089552238803,55.0,1
Santa Clara,2019,8,55,0.836,55.0,1
Santa Clara,2019,9,55,0.8674545454545455,50.0,1
Santa Clara,2019,10,50,0.6372,31.0,0
Santa Clara,2019,11,31,0.6648387096774193,6.0,0
Santa Clara,2019,12,6,0.725,12.0,0
Santa Clara,2020,1,12,0.7016666666666667,30.0,0
Santa Clara,2020,2,30,0.7186666666666667,24.0,0
Santa Clara,2020,3,24,0.7179166666666666,33.0,0
Santa Clara,2020,4,33,0.6318181818181818,37.0,0
Santa Clara,2020,5,37,1.0497297297297297,38.0,0
Santa Clara,2020,6,38,0.7963157894736842,180.0,1
Santa Clara,2020,7,180,3.899277777777778,4810.0,1
Santa Clara,2020,8,4810,25.19150311850312,57.0,1
Santa Clara,2020,9,57,2.773684210526316,33.0,0
Santa Clara,2020,10,33,0.5812121212121212,31.0,0
Santa Clara,2020,11,31,0.7051612903225807,22.0,0
Santa Cruz,2015,2,2,5.154999999999999,1.0,0
Santa Cruz,2015,3,1,2.42,1.0,0
Santa Cruz,2015,6,1,3.03,1.0,0
Santa Cruz,2015,7,1,6.08,1.0,0
Santa Cruz,2015,9,1,1.22,1.0,0
Santa Cruz,2015,10,1,5.06,1.0,0
Santa Cruz,2016,3,1,3.15,2.0,0
Santa Cruz,2016,5,2,4.41,1.0,0
Santa Cruz,2016,7,1,3.69,3.0,0
Santa Cruz,2016,9,3,2.4566666666666666,1.0,0
Santa Cruz,2016,10,1,6.4,1.0,0
Santa Cruz,2017,3,1,4.19,1.0,0
Santa Cruz,2017,5,1,9.23,2.0,0
Santa Cruz,2017,6,2,4.775,3.0,0
Santa Cruz,2017,7,3,3.953333333333333,1.0,0
Santa Cruz,2017,8,1,40.83,21.0,0
Santa Cruz,2017,10,21,7.273333333333333,1.0,0
Santa Cruz,2017,11,1,1.89,2.0,0
Santa Cruz,2018,1,2,1.42,5.0,0
Santa Cruz,2018,2,5,11.532,1.0,0
Santa Cruz,2018,5,1,2.38,5.0,0
Santa Cruz,2018,6,5,29.603999999999996,1.0,0
Santa Cruz,2018,8,1,0.44,5.0,0
Santa Cruz,2018,11,5,8.434000000000001,1.0,0
Santa Cruz,2019,5,1,4.38,1.0,0
Santa Cruz,2019,6,1,1.84,7.0,0
Santa Cruz,2019,7,7,5.681428571428571,7.0,0
Santa Cruz,2019,8,7,11.7,1.0,0
Santa Cruz,2019,10,1,3.47,9.0,0
Santa Cruz,2020,2,9,26.348888888888887,3.0,0
Santa Cruz,2020,4,3,4.183333333333333,2118.0,1
Santa Cruz,2020,8,2118,27.87199716713881,4.0,0
Santa Cruz,2020,9,4,1.2425,1.0,0
Santa Cruz,2020,10,1,3.63,4.0,0
Santa Cruz,2020,11,4,7.5575,1.0,0
Shasta,2015,1,17,4.065882352941177,16.0,0
Shasta,2015,2,16,4.015625,19.0,0
Shasta,2015,3,19,4.136842105263159,23.0,0
Shasta,2015,4,23,8.108695652173912,7.0,0
Shasta,2015,5,7,1.1557142857142857,2.0,0
Shasta,2015,6,2,0.565,6.0,0
Shasta,2015,7,6,2.4,7.0,0
Shasta,2015,8,7,6.677142857142857,8.0,0
Shasta,2015,9,8,5.694999999999999,30.0,0
Shasta,2015,10,30,8.887666666666666,59.0,1
Shasta,2015,11,59,8.963050847457628,11.0,0
Shasta,2015,12,11,2.4481818181818182,2.0,0
Shasta,2016,2,2,2.9800000000000004,5.0,0
Shasta,2016,3,5,5.578,20.0,0
Shasta,2016,4,20,4.5835,8.0,0
Shasta,2016,5,8,1.87125,2.0,0
Shasta,2016,6,2,1.0,24.0,0
Shasta,2016,7,24,8.917083333333332,3.0,0
Shasta,2016,8,3,0.61,1.0,0
Shasta,2016,9,1,1.34,16.0,0
Shasta,2016,10,16,7.4975,108.0,1
Shasta,2016,11,108,4.371018518518518,30.0,0
Shasta,2016,12,30,2.609,7.0,0
Shasta,2017,3,7,3.74,4.0,0
Shasta,2017,4,4,1.43,29.0,0
Shasta,2017,5,29,15.60689655172414,3.0,0
Shasta,2017,6,3,7.176666666666667,19.0,0
Shasta,2017,7,19,17.056315789473683,5.0,0
Shasta,2017,8,5,10.9,105.0,1
Shasta,2017,9,105,15.87504761904762,13.0,0
Shasta,2017,10,13,7.668461538461538,26.0,0
Shasta,2017,11,26,10.313461538461535,24.0,0
Shasta,2017,12,24,4.225416666666667,9.0,0
Shasta,2018,1,9,3.2266666666666666,54.0,1
Shasta,2018,2,54,6.362592592592592,3.0,0
Shasta,2018,3,3,2.5433333333333334,28.0,0
Shasta,2018,4,28,14.387142857142855,84.0,1
Shasta,2018,6,84,26.19833333333333,4624.0,1
Shasta,2018,7,4624,20.392409169550177,7988.0,1
Shasta,2018,8,7988,13.276174261392088,3933.0,1
Shasta,2018,9,3933,12.90392829900839,6.0,0
Shasta,2018,10,6,2.193333333333334,6.0,0
Shasta,2018,11,6,4.263333333333333,84.0,1
Shasta,2018,12,84,3.891190476190476,16.0,0
Shasta,2019,1,16,7.89375,2.0,0
Shasta,2019,2,2,2.615,11.0,0
Shasta,2019,3,11,4.3999999999999995,9.0,0
Shasta,2019,4,9,8.248888888888889,15.0,0
Shasta,2019,5,15,8.787333333333333,2.0,0
Shasta,2019,6,2,1.1,12.0,0
Shasta,2019,7,12,5.305833333333333,39.0,0
Shasta,2019,8,39,11.380512820512822,11.0,0
Shasta,2019,9,11,1.7763636363636364,8.0,0
Shasta,2019,10,8,17.44,25.0,0
Shasta,2019,11,25,16.9404,40.0,0
Shasta,2019,12,40,4.571,56.0,1
Shasta,2020,1,56,6.449464285714286,46.0,1
Shasta,2020,2,46,7.009347826086957,56.0,1
Shasta,2020,3,56,6.345178571428571,18.0,0
Shasta,2020,4,18,14.885,5.0,0
Shasta,2020,5,5,1.45,9.0,0
Shasta,2020,6,9,11.237777777777778,18.0,0
Shasta,2020,7,18,2.7466666666666666,10.0,0
Shasta,2020,8,10,1.687,1399.0,1
Shasta,2020,9,1399,15.688041458184417,186.0,1
Shasta,2020,10,186,6.132634408602151,123.0,1
Shasta,2020,11,123,9.386422764227644,92.0,1
Sierra,2015,1,9,5.038888888888889,1.0,0
Sierra,2015,3,1,1.84,3.0,0
Sierra,2015,10,3,12.593333333333334,22.0,0
Sierra,2015,11,22,7.522727272727272,1.0,0
Sierra,2015,12,1,1.29,2.0,0
Sierra,2016,3,2,3.395,2.0,0
Sierra,2016,4,2,5.82,9.0,0
Sierra,2016,10,9,10.835555555555556,18.0,0
Sierra,2016,11,18,10.585,3.0,0
Sierra,2016,12,3,15.853333333333332,1.0,0
Sierra,2017,4,1,1.07,4.0,0
Sierra,2017,5,4,10.1525,3.0,0
Sierra,2017,6,3,0.62,21.0,0
Sierra,2017,7,21,13.768095238095238,12.0,0
Sierra,2017,11,12,3.3275,1.0,0
Sierra,2018,1,1,3.09,2.0,0
Sierra,2018,2,2,5.04,3.0,0
Sierra,2018,3,3,3.2266666666666666,1.0,0
Sierra,2018,9,1,29.55,28.0,0
Sierra,2018,10,28,8.8775,9.0,0
Sierra,2018,11,9,5.651111111111111,6.0,0
Sierra,2018,12,6,2.4766666666666666,15.0,0
Sierra,2019,10,15,9.303333333333336,12.0,0
Sierra,2019,11,12,6.1275,3.0,0
Sierra,2019,12,3,1.65,5.0,0
Sierra,2020,1,5,5.2299999999999995,3.0,0
Sierra,2020,2,3,17.529999999999998,543.0,1
Sierra,2020,8,543,60.67681399631676,9.0,0
Sierra,2020,9,9,16.943333333333335,11.0,0
Siskiyou,2015,1,12,3.8316666666666666,31.0,0
Siskiyou,2015,2,31,6.714838709677419,21.0,0
Siskiyou,2015,3,21,8.507619047619048,35.0,0
Siskiyou,2015,4,35,20.449142857142856,2.0,0
Siskiyou,2015,5,2,13.615,2.0,0
Siskiyou,2015,6,2,2.67,2.0,0
Siskiyou,2015,7,2,0.435,57.0,1
Siskiyou,2015,8,57,4.948421052631579,11.0,0
Siskiyou,2015,9,11,2.3354545454545454,40.0,0
Siskiyou,2015,10,40,6.6049999999999995,405.0,1
Siskiyou,2015,11,405,9.23241975308642,59.0,1
Siskiyou,2015,12,59,8.257457627118644,7.0,0
Siskiyou,2016,2,7,2.914285714285714,22.0,0
Siskiyou,2016,3,22,16.970000000000002,62.0,1
Siskiyou,2016,4,62,14.863709677419354,15.0,0
Siskiyou,2016,5,15,6.5553333333333335,318.0,1
Siskiyou,2016,6,318,13.038176100628933,17.0,0
Siskiyou,2016,7,17,4.233529411764706,599.0,1
Siskiyou,2016,8,599,13.148230383973289,1480.0,1
Siskiyou,2016,9,1480,7.251689189189189,121.0,1
Siskiyou,2016,10,121,8.69206611570248,179.0,1
Siskiyou,2016,11,179,4.373128491620111,29.0,0
Siskiyou,2016,12,29,4.87551724137931,1.0,0
Siskiyou,2017,2,1,2.85,5.0,0
Siskiyou,2017,3,5,23.156,11.0,0
Siskiyou,2017,4,11,16.62,20.0,0
Siskiyou,2017,5,20,13.797,10.0,0
Siskiyou,2017,6,10,3.683,538.0,1
Siskiyou,2017,7,538,5.555000000000001,10497.0,1
Siskiyou,2017,8,10497,8.675744498428122,7909.0,1
Siskiyou,2017,9,7909,13.657684915918574,373.0,1
Siskiyou,2017,10,373,8.470375335120643,127.0,1
Siskiyou,2017,11,127,3.24244094488189,35.0,0
Siskiyou,2017,12,35,4.467142857142857,2.0,0
Siskiyou,2018,1,2,2.285,23.0,0
Siskiyou,2018,2,23,5.4830434782608695,12.0,0
Siskiyou,2018,3,12,5.164166666666667,37.0,0
Siskiyou,2018,4,37,24.613513513513514,27.0,0
Siskiyou,2018,5,27,20.275185185185183,14.0,0
Siskiyou,2018,6,14,12.155714285714286,1025.0,1
Siskiyou,2018,7,1025,16.154439024390243,2346.0,1
Siskiyou,2018,8,2346,5.648759590792839,1480.0,1
Siskiyou,2018,9,1480,9.64706081081081,175.0,1
Siskiyou,2018,10,175,17.31982857142857,77.0,1
Siskiyou,2018,11,77,15.877272727272729,52.0,1
Siskiyou,2018,12,52,4.862115384615385,12.0,0
Siskiyou,2019,1,12,4.060833333333334,2.0,0
Siskiyou,2019,2,2,1.535,16.0,0
Siskiyou,2019,3,16,10.731875,23.0,0
Siskiyou,2019,4,23,13.935652173913043,37.0,0
Siskiyou,2019,5,37,12.606486486486489,15.0,0
Siskiyou,2019,6,15,7.709333333333333,4.0,0
Siskiyou,2019,7,4,5.2875,1.0,0
Siskiyou,2019,8,1,2.98,223.0,1
Siskiyou,2019,9,223,11.952286995515696,130.0,1
Siskiyou,2019,10,130,8.881384615384615,63.0,1
Siskiyou,2019,11,63,5.426507936507937,65.0,1
Siskiyou,2019,12,65,4.3632307692307695,1.0,0
Siskiyou,2020,1,1,2.93,57.0,1
Siskiyou,2020,2,57,14.138070175438596,8.0,0
Siskiyou,2020,3,8,2.90875,41.0,0
Siskiyou,2020,4,41,15.614878048780488,3.0,0
Siskiyou,2020,5,3,2.5766666666666667,2.0,0
Siskiyou,2020,6,2,4.4399999999999995,959.0,1
Siskiyou,2020,7,959,23.30424400417101,415.0,1
Siskiyou,2020,8,415,6.771180722891566,6138.0,1
Siskiyou,2020,9,6138,17.960940045617466,1247.0,1
Siskiyou,2020,10,1247,4.385412991178829,122.0,1
Siskiyou,2020,11,122,3.460655737704918,19.0,0
Solano,2015,1,26,1.4953846153846155,35.0,0
Solano,2015,2,35,1.439142857142857,36.0,0
Solano,2015,3,36,1.1958333333333333,57.0,1
Solano,2015,4,57,2.363859649122807,33.0,0
Solano,2015,5,33,1.5351515151515152,38.0,0
Solano,2015,6,38,1.1986842105263158,144.0,1
Solano,2015,7,144,17.320833333333333,39.0,0
Solano,2015,8,39,0.9115384615384616,42.0,0
Solano,2015,9,42,2.084047619047619,44.0,0
Solano,2015,10,44,1.0002272727272727,51.0,1
Solano,2015,11,51,1.7515686274509803,18.0,0
Solano,2015,12,18,1.0872222222222223,7.0,0
Solano,2016,1,7,0.86,16.0,0
Solano,2016,2,16,1.076875,27.0,0
Solano,2016,3,27,1.0985185185185184,40.0,0
Solano,2016,4,40,2.809,28.0,0
Solano,2016,5,28,1.799642857142857,24.0,0
Solano,2016,6,24,1.2466666666666668,35.0,0
Solano,2016,7,35,2.9697142857142858,12.0,0
Solano,2016,8,12,1.5075,34.0,0
Solano,2016,9,34,1.7897058823529413,33.0,0
Solano,2016,10,33,1.2469696969696968,36.0,0
Solano,2016,11,36,1.8661111111111108,12.0,0
Solano,2016,12,12,1.1075000000000002,4.0,0
Solano,2017,1,4,0.9425,16.0,0
Solano,2017,3,16,1.46875,16.0,0
Solano,2017,4,16,1.165,13.0,0
Solano,2017,5,13,1.263076923076923,30.0,0
Solano,2017,6,30,2.3056666666666668,29.0,0
Solano,2017,7,29,1.4555172413793105,19.0,0
Solano,2017,8,19,1.2547368421052632,34.0,0
Solano,2017,9,34,1.632941176470588,206.0,1
Solano,2017,10,206,11.453009708737865,28.0,0
Solano,2017,11,28,2.5010714285714286,25.0,0
Solano,2017,12,25,1.3416,9.0,0
Solano,2018,1,9,1.3711111111111112,41.0,0
Solano,2018,2,41,1.997073170731707,19.0,0
Solano,2018,3,19,1.5247368421052632,29.0,0
Solano,2018,4,29,1.7089655172413794,19.0,0
Solano,2018,5,19,1.3568421052631578,26.0,0
Solano,2018,6,26,1.8584615384615384,23.0,0
Solano,2018,7,23,5.0978260869565215,23.0,0
Solano,2018,8,23,2.2717391304347827,25.0,0
Solano,2018,9,25,2.5936000000000003,84.0,1
Solano,2018,10,84,14.243690476190476,37.0,0
Solano,2018,11,37,6.187837837837837,30.0,0
Solano,2018,12,30,2.8920000000000003,16.0,0
Solano,2019,1,16,2.73,5.0,0
Solano,2019,2,5,2.086,16.0,0
Solano,2019,3,16,1.679375,5.0,0
Solano,2019,4,5,5.6819999999999995,9.0,0
Solano,2019,5,9,1.5577777777777777,21.0,0
Solano,2019,6,21,3.017142857142857,27.0,0
Solano,2019,7,27,1.6933333333333334,27.0,0
Solano,2019,8,27,1.444074074074074,35.0,0
Solano,2019,9,35,2.112285714285714,108.0,1
Solano,2019,10,108,4.332592592592593,43.0,0
Solano,2019,11,43,1.7216279069767442,11.0,0
Solano,2019,12,11,1.39,15.0,0
Solano,2020,1,15,1.5826666666666669,43.0,0
Solano,2020,2,43,2.768372093023256,39.0,0
Solano,2020,3,39,3.025897435897436,35.0,0
Solano,2020,4,35,2.1714285714285713,19.0,0
Solano,2020,5,19,1.315263157894737,70.0,1
Solano,2020,6,70,2.198571428571429,25.0,0
Solano,2020,7,25,2.696,912.0,1
Solano,2020,8,912,28.92309210526316,19.0,0
Solano,2020,9,19,1.426842105263158,46.0,1
Solano,2020,10,46,11.14782608695652,59.0,1
Solano,2020,11,59,2.889661016949153,37.0,0
Sonoma,2015,1,2,2.295,6.0,0
Sonoma,2015,2,6,1.8966666666666667,1.0,0
Sonoma,2015,3,1,4.33,3.0,0
Sonoma,2015,4,3,3.466666666666667,3.0,0
Sonoma,2015,6,3,2.53,1.0,0
Sonoma,2015,7,1,3.12,2.0,0
Sonoma,2015,9,2,24.565,4.0,0
Sonoma,2015,10,4,6.91,4.0,0
Sonoma,2015,11,4,3.4175,1.0,0
Sonoma,2015,12,1,2.78,1.0,0
Sonoma,2016,2,1,2.99,1.0,0
Sonoma,2016,4,1,2.0,2.0,0
Sonoma,2016,5,2,3.03,58.0,1
Sonoma,2016,9,58,47.7153448275862,5.0,0
Sonoma,2016,10,5,4.008,7.0,0
Sonoma,2016,11,7,3.1442857142857146,3.0,0
Sonoma,2016,12,3,2.8666666666666667,1.0,0
Sonoma,2017,1,1,0.68,3.0,0
Sonoma,2017,2,3,1.856666666666667,7.0,0
Sonoma,2017,3,7,6.964285714285714,6.0,0
Sonoma,2017,4,6,2.8783333333333334,1.0,0
Sonoma,2017,5,1,0.69,2.0,0
Sonoma,2017,6,2,1.6549999999999998,2.0,0
Sonoma,2017,7,2,3.875,1.0,0
Sonoma,2017,8,1,2.66,5.0,0
Sonoma,2017,9,5,1.674,3027.0,1
Sonoma,2017,10,3027,17.097304261645192,9.0,0
Sonoma,2017,12,9,4.661111111111111,4.0,0
Sonoma,2018,1,4,2.445,17.0,0
Sonoma,2018,2,17,4.043529411764705,4.0,0
Sonoma,2018,3,4,0.86,4.0,0
Sonoma,2018,4,4,1.7975,3.0,0
Sonoma,2018,5,3,3.543333333333333,7.0,0
Sonoma,2018,6,7,22.898571428571422,2.0,0
Sonoma,2018,7,2,1.4,3.0,0
Sonoma,2018,8,3,10.636666666666668,3.0,0
Sonoma,2018,9,3,0.58,6.0,0
Sonoma,2018,10,6,4.028333333333333,3.0,0
Sonoma,2018,11,3,3.516666666666667,4.0,0
Sonoma,2018,12,4,5.215,6.0,0
Sonoma,2019,1,6,8.755,5.0,0
Sonoma,2019,2,5,7.196000000000001,9.0,0
Sonoma,2019,3,9,7.635555555555555,9.0,0
Sonoma,2019,4,9,3.0966666666666667,4.0,0
Sonoma,2019,5,4,2.04,13.0,0
Sonoma,2019,6,13,4.506153846153846,3.0,0
Sonoma,2019,7,3,0.8733333333333334,8.0,0
Sonoma,2019,8,8,1.3825,4.0,0
Sonoma,2019,9,4,1.95,1763.0,1
Sonoma,2019,10,1763,26.27334089619966,2.0,0
Sonoma,2019,11,2,1.03,1.0,0
Sonoma,2020,1,1,1.75,28.0,0
Sonoma,2020,2,28,4.8289285714285715,16.0,0
Sonoma,2020,3,16,6.864999999999999,5.0,0
Sonoma,2020,4,5,4.484,6.0,0
Sonoma,2020,5,6,3.709999999999999,2.0,0
Sonoma,2020,6,2,0.63,1.0,0
Sonoma,2020,7,1,3.89,1591.0,1
Sonoma,2020,8,1591,11.615160276555626,727.0,1
Sonoma,2020,9,727,19.413892709766163,12.0,0
Sonoma,2020,10,12,1.2983333333333331,18.0,0
Sonoma,2020,11,18,4.684444444444445,13.0,0
Stanislaus,2015,1,6,1.6683333333333332,20.0,0
Stanislaus,2015,2,20,5.169,7.0,0
Stanislaus,2015,3,7,6.374285714285714,17.0,0
Stanislaus,2015,4,17,4.970000000000001,6.0,0
Stanislaus,2015,5,6,1.2,10.0,0
Stanislaus,2015,6,10,2.8289999999999997,20.0,0
Stanislaus,2015,7,20,3.899,16.0,0
Stanislaus,2015,8,16,2.524375,8.0,0
Stanislaus,2015,9,8,2.2325,14.0,0
Stanislaus,2015,10,14,5.403571428571429,16.0,0
Stanislaus,2015,11,16,4.6625,7.0,0
Stanislaus,2015,12,7,4.288571428571429,4.0,0
Stanislaus,2016,1,4,2.5349999999999997,6.0,0
Stanislaus,2016,2,6,3.27,11.0,0
Stanislaus,2016,3,11,3.805454545454545,10.0,0
Stanislaus,2016,4,10,2.175,12.0,0
Stanislaus,2016,5,12,2.5941666666666667,25.0,0
Stanislaus,2016,6,25,4.8464,54.0,1
Stanislaus,2016,7,54,9.247777777777776,34.0,0
Stanislaus,2016,8,34,9.59529411764706,11.0,0
Stanislaus,2016,9,11,4.093636363636364,29.0,0
Stanislaus,2016,10,29,5.455172413793103,41.0,0
Stanislaus,2016,11,41,4.693658536585366,8.0,0
Stanislaus,2016,12,8,3.45,1.0,0
Stanislaus,2017,1,1,0.68,4.0,0
Stanislaus,2017,2,4,1.9575,21.0,0
Stanislaus,2017,3,21,3.517142857142857,32.0,0
Stanislaus,2017,4,32,6.0,24.0,0
Stanislaus,2017,5,24,6.151666666666667,28.0,0
Stanislaus,2017,6,28,3.818928571428572,25.0,0
Stanislaus,2017,7,25,4.6512,22.0,0
Stanislaus,2017,8,22,4.423636363636364,27.0,0
Stanislaus,2017,9,27,10.766666666666666,47.0,1
Stanislaus,2017,10,47,5.646595744680851,54.0,1
Stanislaus,2017,11,54,11.023518518518518,59.0,1
Stanislaus,2017,12,59,9.944576271186442,23.0,0
Stanislaus,2018,1,23,6.753043478260869,64.0,1
Stanislaus,2018,2,64,4.82828125,15.0,0
Stanislaus,2018,3,15,3.256,25.0,0
Stanislaus,2018,4,25,3.3132,31.0,0
Stanislaus,2018,5,31,5.209354838709678,28.0,0
Stanislaus,2018,6,28,4.152857142857143,9.0,0
Stanislaus,2018,7,9,2.7555555555555555,25.0,0
Stanislaus,2018,8,25,2.7572,26.0,0
Stanislaus,2018,9,26,9.933076923076923,25.0,0
Stanislaus,2018,10,25,3.45,22.0,0
Stanislaus,2018,11,22,5.655454545454545,46.0,1
Stanislaus,2018,12,46,6.47804347826087,13.0,0
Stanislaus,2019,1,13,3.2515384615384617,5.0,0
Stanislaus,2019,2,5,3.656,28.0,0
Stanislaus,2019,3,28,3.942142857142857,22.0,0
Stanislaus,2019,4,22,3.223181818181818,25.0,0
Stanislaus,2019,5,25,5.756799999999999,59.0,1
Stanislaus,2019,6,59,3.856101694915254,32.0,0
Stanislaus,2019,7,32,6.6721875,17.0,0
Stanislaus,2019,8,17,2.206470588235294,16.0,0
Stanislaus,2019,9,16,3.620625,20.0,0
Stanislaus,2019,10,20,9.001999999999999,42.0,0
Stanislaus,2019,11,42,5.087142857142857,19.0,0
Stanislaus,2019,12,19,3.5536842105263156,14.0,0
Stanislaus,2020,1,14,4.0685714285714285,49.0,1
Stanislaus,2020,2,49,4.035306122448979,40.0,0
Stanislaus,2020,3,40,9.03425,27.0,0
Stanislaus,2020,4,27,6.058518518518518,23.0,0
Stanislaus,2020,5,23,3.316086956521739,36.0,0
Stanislaus,2020,6,36,3.4883333333333333,22.0,0
Stanislaus,2020,7,22,3.0995454545454546,3036.0,1
Stanislaus,2020,8,3036,24.40202239789196,25.0,0
Stanislaus,2020,9,25,2.7512,10.0,0
Stanislaus,2020,10,10,4.326,39.0,0
Stanislaus,2020,11,39,3.148461538461538,17.0,0
Sutter,2015,1,6,2.2983333333333333,16.0,0
Sutter,2015,2,16,4.585,35.0,0
Sutter,2015,3,35,8.120285714285714,14.0,0
Sutter,2015,4,14,3.970714285714286,6.0,0
Sutter,2015,5,6,6.146666666666667,9.0,0
Sutter,2015,6,9,6.666666666666667,3.0,0
Sutter,2015,7,3,7.606666666666667,18.0,0
Sutter,2015,8,18,9.335,33.0,0
Sutter,2015,9,33,8.926363636363636,104.0,1
Sutter,2015,10,104,12.858942307692306,33.0,0
Sutter,2015,11,33,7.906060606060605,5.0,0
Sutter,2015,12,5,4.514,11.0,0
Sutter,2016,2,11,4.017272727272727,7.0,0
Sutter,2016,3,7,4.395714285714286,31.0,0
Sutter,2016,4,31,6.40483870967742,2.0,0
Sutter,2016,5,2,0.78,6.0,0
Sutter,2016,6,6,8.531666666666666,12.0,0
Sutter,2016,7,12,6.81,24.0,0
Sutter,2016,8,24,8.513333333333334,86.0,1
Sutter,2016,9,86,9.593255813953489,111.0,1
Sutter,2016,10,111,9.296396396396398,65.0,1
Sutter,2016,11,65,10.962153846153846,4.0,0
Sutter,2016,12,4,4.5024999999999995,2.0,0
Sutter,2017,2,2,2.325,3.0,0
Sutter,2017,3,3,3.77,18.0,0
Sutter,2017,4,18,4.621666666666666,27.0,0
Sutter,2017,5,27,7.34,7.0,0
Sutter,2017,6,7,7.140000000000001,28.0,0
Sutter,2017,7,28,8.826071428571428,33.0,0
Sutter,2017,8,33,9.32,67.0,1
Sutter,2017,9,67,6.728208955223881,65.0,1
Sutter,2017,10,65,6.011692307692307,22.0,0
Sutter,2017,11,22,8.092727272727272,20.0,0
Sutter,2017,12,20,26.0135,2.0,0
Sutter,2018,1,2,6.78,75.0,1
Sutter,2018,2,75,6.587466666666667,14.0,0
Sutter,2018,3,14,4.440714285714286,44.0,0
Sutter,2018,4,44,5.720909090909091,30.0,0
Sutter,2018,5,30,7.626,20.0,0
Sutter,2018,6,20,7.125,13.0,0
Sutter,2018,7,13,9.524615384615384,32.0,0
Sutter,2018,8,32,6.786875,84.0,1
Sutter,2018,9,84,7.555119047619048,100.0,1
Sutter,2018,10,100,6.1787,25.0,0
Sutter,2018,11,25,8.115599999999999,21.0,0
Sutter,2018,12,21,6.350952380952381,3.0,0
Sutter,2019,1,3,6.766666666666667,20.0,0
Sutter,2019,2,20,7.948,7.0,0
Sutter,2019,3,7,5.28,25.0,0
Sutter,2019,4,25,5.1732000000000005,21.0,0
Sutter,2019,5,21,3.9785714285714286,33.0,0
Sutter,2019,6,33,6.9757575757575765,35.0,0
Sutter,2019,7,35,8.08657142857143,14.0,0
Sutter,2019,8,14,7.352142857142858,63.0,1
Sutter,2019,9,63,6.648412698412699,112.0,1
Sutter,2019,10,112,5.955892857142857,98.0,1
Sutter,2019,11,98,8.82204081632653,1.0,0
Sutter,2019,12,1,2.23,11.0,0
Sutter,2020,1,11,3.421818181818182,128.0,1
Sutter,2020,2,128,10.224140625,42.0,0
Sutter,2020,3,42,6.515238095238095,42.0,0
Sutter,2020,4,42,10.771904761904764,13.0,0
Sutter,2020,5,13,5.06923076923077,41.0,0
Sutter,2020,6,41,8.057560975609757,31.0,0
Sutter,2020,7,31,8.410645161290324,11.0,0
Sutter,2020,8,11,7.288181818181818,2.0,0
Sutter,2020,9,2,6.71,91.0,1
Sutter,2020,10,91,9.028241758241755,102.0,1
Sutter,2020,11,102,8.759803921568627,60.0,1
Tehama,2015,1,17,5.035294117647059,10.0,0
Tehama,2015,2,10,5.7829999999999995,18.0,0
Tehama,2015,3,18,2.937777777777778,6.0,0
Tehama,2015,4,6,2.14,1.0,0
Tehama,2015,5,1,8.9,3.0,0
Tehama,2015,7,3,2.8033333333333332,2.0,0
Tehama,2015,9,2,6.07,9.0,0
Tehama,2015,11,9,3.562222222222222,2.0,0
Tehama,2015,12,2,1.84,5.0,0
Tehama,2016,2,5,3.418,7.0,0
Tehama,2016,3,7,2.3314285714285714,1.0,0
Tehama,2016,4,1,6.93,5.0,0
Tehama,2016,5,5,2.568,21.0,0
Tehama,2016,6,21,20.357142857142858,1.0,0
Tehama,2016,7,1,5.93,2.0,0
Tehama,2016,8,2,4.1850000000000005,2.0,0
Tehama,2016,9,2,0.655,12.0,0
Tehama,2016,10,12,9.59,4.0,0
Tehama,2016,11,4,3.0175,7.0,0
Tehama,2016,12,7,8.484285714285715,3.0,0
Tehama,2017,1,3,4.1066666666666665,8.0,0
Tehama,2017,3,8,3.79,2.0,0
Tehama,2017,4,2,2.59,7.0,0
Tehama,2017,5,7,9.317142857142857,7.0,0
Tehama,2017,6,7,8.638571428571428,4.0,0
Tehama,2017,7,4,13.815,6.0,0
Tehama,2017,8,6,12.306666666666668,17.0,0
Tehama,2017,9,17,2.958235294117647,42.0,0
Tehama,2017,10,42,4.064285714285715,24.0,0
Tehama,2017,11,24,25.00375,5.0,0
Tehama,2017,12,5,3.308,6.0,0
Tehama,2018,1,6,5.656666666666666,51.0,1
Tehama,2018,2,51,5.847254901960784,7.0,0
Tehama,2018,3,7,3.6471428571428577,10.0,0
Tehama,2018,4,10,3.652,19.0,0
Tehama,2018,5,19,5.814210526315789,98.0,1
Tehama,2018,6,98,9.453673469387756,10.0,0
Tehama,2018,7,10,6.064,9.0,0
Tehama,2018,9,9,129.74444444444444,96.0,1
Tehama,2018,10,96,10.064895833333331,2.0,0
Tehama,2018,11,2,3.095,14.0,0
Tehama,2018,12,14,4.514285714285714,3.0,0
Tehama,2019,1,3,2.6999999999999997,1.0,0
Tehama,2019,2,1,1.61,12.0,0
Tehama,2019,3,12,2.705,78.0,1
Tehama,2019,4,78,12.89653846153846,69.0,1
Tehama,2019,5,69,9.205797101449276,55.0,1
Tehama,2019,6,55,6.652909090909091,59.0,1
Tehama,2019,7,59,20.185593220338983,1.0,0
Tehama,2019,8,1,2.82,610.0,1
Tehama,2019,9,610,25.689901639344264,11.0,0
Tehama,2019,10,11,3.309090909090909,143.0,1
Tehama,2019,11,143,21.18503496503497,2.0,0
Tehama,2019,12,2,8.57,17.0,0
Tehama,2020,1,17,3.1252941176470586,85.0,1
Tehama,2020,2,85,7.284588235294117,24.0,0
Tehama,2020,3,24,4.148333333333333,30.0,0
Tehama,2020,4,30,4.631666666666666,7.0,0
Tehama,2020,5,7,11.068571428571428,6.0,0
Tehama,2020,6,6,4.803333333333334,5.0,0
Tehama,2020,7,5,6.792,6674.0,1
Tehama,2020,8,6674,14.9836290080911,9369.0,1
Tehama,2020,9,9369,18.40386060411997,613.0,1
Tehama,2020,10,613,6.053393148450245,41.0,0
Tehama,2020,11,41,7.476341463414635,26.0,0
Trinity,2015,1,8,3.86,7.0,0
Trinity,2015,2,7,6.268571428571429,6.0,0
Trinity,2015,4,6,4.571666666666666,1.0,0
Trinity,2015,5,1,1.07,93.0,1
Trinity,2015,6,93,8.43225806451613,229.0,1
Trinity,2015,7,229,22.209126637554583,12613.0,1
Trinity,2015,8,12613,6.74611749781971,615.0,1
Trinity,2015,9,615,9.904634146341465,40.0,0
Trinity,2015,10,40,3.107,29.0,0
Trinity,2015,11,29,5.89448275862069,10.0,0
Trinity,2015,12,10,5.567,24.0,0
Trinity,2016,2,24,20.405833333333337,1.0,0
Trinity,2016,3,1,0.79,6.0,0
Trinity,2016,4,6,5.005,4.0,0
Trinity,2016,5,4,1.8325,2.0,0
Trinity,2016,8,2,1.38,1.0,0
Trinity,2016,9,1,0.65,12.0,0
Trinity,2016,10,12,5.834166666666667,56.0,1
Trinity,2016,11,56,4.121607142857143,5.0,0
Trinity,2016,12,5,2.844,1.0,0
Trinity,2017,1,1,1.85,2.0,0
Trinity,2017,3,2,7.64,2.0,0
Trinity,2017,4,2,2.51,3.0,0
Trinity,2017,5,3,4.733333333333333,1.0,0
Trinity,2017,7,1,7.51,424.0,1
Trinity,2017,8,424,7.346627358490566,1786.0,1
Trinity,2017,9,1786,9.522026875699888,542.0,1
Trinity,2017,10,542,11.12090405904059,18.0,0
Trinity,2017,11,18,2.86,4.0,0
Trinity,2017,12,4,6.842499999999999,2.0,0
Trinity,2018,1,2,5.02,21.0,0
Trinity,2018,2,21,10.682380952380951,2.0,0
Trinity,2018,3,2,8.405000000000001,4.0,0
Trinity,2018,4,4,4.03,2.0,0
Trinity,2018,6,2,1.7799999999999998,229.0,1
Trinity,2018,7,229,12.750960698689957,1454.0,1
Trinity,2018,8,1454,18.100178817056396,637.0,1
Trinity,2018,9,637,9.731098901098902,4.0,0
Trinity,2018,10,4,4.772500000000001,16.0,0
Trinity,2018,12,16,3.70875,16.0,0
Trinity,2019,1,16,6.4375,2.0,0
Trinity,2019,4,2,4.615,1.0,0
Trinity,2019,5,1,1.93,102.0,1
Trinity,2019,6,102,15.942549019607842,2.0,0
Trinity,2019,7,2,2.97,1.0,0
Trinity,2019,8,1,0.75,158.0,1
Trinity,2019,9,158,23.021708860759492,10.0,0
Trinity,2019,10,10,5.517,4.0,0
Trinity,2019,12,4,3.7375,15.0,0
Trinity,2020,1,15,2.572,14.0,0
Trinity,2020,2,14,5.4,6.0,0
Trinity,2020,3,6,4.945,16.0,0
Trinity,2020,4,16,39.276875,2.0,0
Trinity,2020,5,2,0.8899999999999999,120.0,1
Trinity,2020,7,120,10.9835,1054.0,1
Trinity,2020,8,1054,8.473159392789375,22082.0,1
Trinity,2020,9,22082,20.145309754551217,5166.0,1
Trinity,2020,10,5166,7.168637243515293,95.0,1
Trinity,2020,11,95,7.5256842105263155,16.0,0
Tulare,2015,1,23,4.334782608695653,55.0,1
Tulare,2015,2,55,5.201818181818182,65.0,1
Tulare,2015,3,65,6.303846153846154,43.0,0
Tulare,2015,4,43,7.092790697674419,18.0,0
Tulare,2015,5,18,6.365,37.0,0
Tulare,2015,6,37,4.675945945945946,90.0,1
Tulare,2015,7,90,6.787222222222223,762.0,1
Tulare,2015,8,762,10.225459317585305,288.0,1
Tulare,2015,9,288,5.074548611111111,74.0,1
Tulare,2015,10,74,8.141216216216216,33.0,0
Tulare,2015,11,33,4.40060606060606,17.0,0
Tulare,2015,12,17,7.437647058823529,15.0,0
Tulare,2016,1,15,3.3819999999999997,73.0,1
Tulare,2016,2,73,5.583561643835616,43.0,0
Tulare,2016,3,43,6.359534883720929,46.0,1
Tulare,2016,4,46,6.983478260869566,52.0,1
Tulare,2016,5,52,5.3003846153846155,162.0,1
Tulare,2016,6,162,5.210432098765432,55.0,1
Tulare,2016,7,55,4.763999999999999,1245.0,1
Tulare,2016,8,1245,24.602642570281127,163.0,1
Tulare,2016,9,163,8.465889570552148,398.0,1
Tulare,2016,10,398,12.994221105527638,619.0,1
Tulare,2016,11,619,12.66476575121163,23.0,0
Tulare,2016,12,23,8.572173913043478,11.0,0
Tulare,2017,1,11,3.0572727272727276,27.0,0
Tulare,2017,2,27,4.782592592592592,68.0,1
Tulare,2017,3,68,7.766470588235294,45.0,0
Tulare,2017,4,45,7.558222222222223,41.0,0
Tulare,2017,5,41,6.482195121951219,320.0,1
Tulare,2017,6,320,18.23540625,1164.0,1
Tulare,2017,7,1164,21.848513745704462,771.0,1
Tulare,2017,8,771,24.15242542153048,1689.0,1
Tulare,2017,9,1689,9.419911190053286,2103.0,1
Tulare,2017,10,2103,10.71752258678079,119.0,1
Tulare,2017,11,119,14.057899159663869,53.0,1
Tulare,2017,12,53,7.82566037735849,45.0,0
Tulare,2018,1,45,6.536222222222222,60.0,1
Tulare,2018,2,60,8.7895,53.0,1
Tulare,2018,3,53,9.64509433962264,48.0,1
Tulare,2018,4,48,9.10625,48.0,1
Tulare,2018,5,48,6.672499999999999,48.0,1
Tulare,2018,6,48,5.351458333333333,38.0,0
Tulare,2018,7,38,7.622631578947369,58.0,1
Tulare,2018,8,58,4.555172413793104,48.0,1
Tulare,2018,9,48,4.905208333333333,347.0,1
Tulare,2018,10,347,7.631873198847262,982.0,1
Tulare,2018,11,982,7.010549898167006,12.0,0
Tulare,2018,12,12,8.900833333333333,13.0,0
Tulare,2019,1,13,4.5515384615384615,25.0,0
Tulare,2019,2,25,4.1512,69.0,1
Tulare,2019,3,69,7.609420289855072,32.0,0
Tulare,2019,4,32,5.5121875,32.0,0
Tulare,2019,5,32,6.9859374999999995,183.0,1
Tulare,2019,6,183,9.042622950819672,87.0,1
Tulare,2019,7,87,4.934022988505747,274.0,1
Tulare,2019,8,274,8.867043795620438,399.0,1
Tulare,2019,9,399,8.450426065162906,102.0,1
Tulare,2019,10,102,6.559901960784313,108.0,1
Tulare,2019,11,108,8.550370370370372,29.0,0
Tulare,2019,12,29,16.05,41.0,0
Tulare,2020,1,41,7.408780487804877,39.0,0
Tulare,2020,2,39,4.425128205128205,84.0,1
Tulare,2020,3,84,6.3480952380952385,50.0,1
Tulare,2020,4,50,5.7341999999999995,75.0,1
Tulare,2020,5,75,5.323333333333333,74.0,1
Tulare,2020,6,74,9.605675675675675,42.0,0
Tulare,2020,7,42,6.660714285714286,3452.0,1
Tulare,2020,8,3452,30.814910196987256,13098.0,1
Tulare,2020,9,13098,22.67446251336082,3368.0,1
Tulare,2020,10,3368,12.85666864608076,259.0,1
Tulare,2020,11,259,7.700463320463321,54.0,1
Tuolumne,2015,2,1,1.05,9.0,0
Tuolumne,2015,3,9,6.417777777777778,2.0,0
Tuolumne,2015,4,2,1.085,9.0,0
Tuolumne,2015,7,9,1.9666666666666663,30.0,0
Tuolumne,2015,8,30,2.7356666666666665,59.0,1
Tuolumne,2015,9,59,12.139661016949152,20.0,0
Tuolumne,2015,10,20,2.633,285.0,1
Tuolumne,2015,11,285,11.47280701754386,104.0,1
Tuolumne,2015,12,104,12.942692307692308,7.0,0
Tuolumne,2016,1,7,2.85,5.0,0
Tuolumne,2016,2,5,3.2079999999999997,2.0,0
Tuolumne,2016,3,2,3.86,3.0,0
Tuolumne,2016,6,3,2.063333333333333,2.0,0
Tuolumne,2016,7,2,5.06,5.0,0
Tuolumne,2016,8,5,19.44,46.0,1
Tuolumne,2016,9,46,47.14804347826087,2.0,0
Tuolumne,2016,10,2,4.125,74.0,1
Tuolumne,2016,11,74,4.4698648648648645,30.0,0
Tuolumne,2016,12,30,16.891666666666666,6.0,0
Tuolumne,2017,1,6,26.305000000000003,3.0,0
Tuolumne,2017,2,3,7.733333333333334,37.0,0
Tuolumne,2017,3,37,17.324594594594593,4.0,0
Tuolumne,2017,4,4,1.91,5.0,0
Tuolumne,2017,5,5,29.22,4.0,0
Tuolumne,2017,6,4,0.65,3.0,0
Tuolumne,2017,7,3,1.0233333333333334,59.0,1
Tuolumne,2017,8,59,4.073898305084746,265.0,1
Tuolumne,2017,9,265,10.112830188679244,125.0,1
Tuolumne,2017,10,125,3.57056,73.0,1
Tuolumne,2017,11,73,12.133972602739725,103.0,1
Tuolumne,2018,1,103,5.190970873786408,21.0,0
Tuolumne,2018,2,21,10.773333333333332,14.0,0
Tuolumne,2018,3,14,3.943571428571429,2.0,0
Tuolumne,2018,4,2,1.525,1.0,0
Tuolumne,2018,5,1,18.3,21.0,0
Tuolumne,2018,6,21,23.47571428571429,9.0,0
Tuolumne,2018,7,9,10.52111111111111,2553.0,1
Tuolumne,2018,8,2553,15.964531923227574,96.0,1
Tuolumne,2018,9,96,3.1927083333333335,78.0,1
Tuolumne,2018,10,78,8.73102564102564,28.0,0
Tuolumne,2018,11,28,14.913571428571428,9.0,0
Tuolumne,2018,12,9,1.9366666666666663,26.0,0
Tuolumne,2019,1,26,7.641923076923077,5.0,0
Tuolumne,2019,4,5,2.774,7.0,0
Tuolumne,2019,5,7,4.734285714285714,2.0,0
Tuolumne,2019,6,2,5.68,6.0,0
Tuolumne,2019,7,6,16.686666666666664,10.0,0
Tuolumne,2019,8,10,1.837,92.0,1
Tuolumne,2019,9,92,6.2177173913043475,31.0,0
Tuolumne,2019,10,31,6.59741935483871,19.0,0
Tuolumne,2019,11,19,5.656315789473684,34.0,0
Tuolumne,2019,12,34,14.418823529411766,232.0,1
Tuolumne,2020,1,232,31.075258620689656,26.0,0
Tuolumne,2020,2,26,4.370384615384615,28.0,0
Tuolumne,2020,3,28,9.732857142857144,1.0,0
Tuolumne,2020,5,1,2.87,7.0,0
Tuolumne,2020,7,7,6.452857142857143,256.0,1
Tuolumne,2020,8,256,6.0220703125,347.0,1
Tuolumne,2020,9,347,2.7270028818443803,209.0,1
Tuolumne,2020,10,209,3.1685645933014355,23.0,0
Tuolumne,2020,11,23,1.2917391304347827,18.0,0
Ventura,2015,1,16,2.3956250000000003,26.0,0
Ventura,2015,2,26,3.9192307692307695,40.0,0
Ventura,2015,3,40,3.8675,20.0,0
Ventura,2015,4,20,1.4775,7.0,0
Ventura,2015,5,7,1.2157142857142855,27.0,0
Ventura,2015,6,27,33.93592592592592,17.0,0
Ventura,2015,7,17,3.383529411764706,30.0,0
Ventura,2015,8,30,17.564,21.0,0
Ventura,2015,9,21,0.5528571428571428,31.0,0
Ventura,2015,10,31,0.5851612903225807,28.0,0
Ventura,2015,11,28,1.9542857142857144,46.0,1
Ventura,2015,12,46,32.62282608695652,11.0,0
Ventura,2016,1,11,2.022727272727273,28.0,0
Ventura,2016,2,28,1.952142857142857,11.0,0
Ventura,2016,3,11,1.6481818181818182,19.0,0
Ventura,2016,4,19,3.848947368421052,10.0,0
Ventura,2016,5,10,13.028,21.0,0
Ventura,2016,6,21,9.142857142857142,299.0,1
Ventura,2016,7,299,10.567023411371236,26.0,0
Ventura,2016,8,26,0.4526923076923076,13.0,0
Ventura,2016,9,13,0.5853846153846154,16.0,0
Ventura,2016,10,16,0.655625,14.0,0
Ventura,2016,11,14,0.4907142857142857,6.0,0
Ventura,2016,12,6,0.6583333333333333,20.0,0
Ventura,2017,1,20,6.5585,19.0,0
Ventura,2017,2,19,7.503157894736842,28.0,0
Ventura,2017,3,28,3.226785714285714,22.0,0
Ventura,2017,4,22,4.6068181818181815,17.0,0
Ventura,2017,5,17,11.464117647058824,18.0,0
Ventura,2017,6,18,1.5033333333333334,25.0,0
Ventura,2017,7,25,2.5156,13.0,0
Ventura,2017,8,13,0.4876923076923077,13.0,0
Ventura,2017,9,13,0.7023076923076922,23.0,0
Ventura,2017,10,23,5.80304347826087,7.0,0
Ventura,2017,11,7,0.66,7646.0,1
Ventura,2017,12,7646,31.008412241695005,22.0,0
Ventura,2018,1,22,2.514090909090909,23.0,0
Ventura,2018,2,23,2.8278260869565215,9.0,0
Ventura,2018,3,9,1.0566666666666666,26.0,0
Ventura,2018,4,26,1.705769230769231,14.0,0
Ventura,2018,5,14,15.924285714285714,19.0,0
Ventura,2018,6,19,3.4478947368421053,11.0,0
Ventura,2018,7,11,1.708181818181818,14.0,0
Ventura,2018,8,14,0.5742857142857142,16.0,0
Ventura,2018,9,16,5.3549999999999995,17.0,0
Ventura,2018,10,17,1.371764705882353,766.0,1
Ventura,2018,11,766,23.561409921671014,34.0,0
Ventura,2018,12,34,4.330588235294118,36.0,0
Ventura,2019,1,36,4.0025,9.0,0
Ventura,2019,2,9,2.9244444444444446,16.0,0
Ventura,2019,3,16,2.425,16.0,0
Ventura,2019,4,16,1.134375,18.0,0
Ventura,2019,5,18,20.46277777777778,8.0,0
Ventura,2019,6,8,0.4325,30.0,0
Ventura,2019,7,30,4.698999999999999,31.0,0
Ventura,2019,8,31,1.3612903225806452,23.0,0
Ventura,2019,9,23,1.1143478260869564,47.0,1
Ventura,2019,10,47,4.567021276595745,157.0,1
Ventura,2019,11,157,9.526433121019108,14.0,0
Ventura,2019,12,14,4.298571428571429,31.0,0
Ventura,2020,1,31,4.188709677419355,27.0,0
Ventura,2020,2,27,4.583333333333333,17.0,0
Ventura,2020,3,17,2.0811764705882356,14.0,0
Ventura,2020,4,14,2.3792857142857144,37.0,0
Ventura,2020,5,37,5.081621621621621,36.0,0
Ventura,2020,6,36,2.318888888888889,38.0,0
Ventura,2020,7,38,3.1276315789473688,43.0,0
Ventura,2020,8,43,3.127441860465116,34.0,0
Ventura,2020,9,34,0.7020588235294118,24.0,0
Ventura,2020,10,24,1.025,43.0,0
Ventura,2020,11,43,2.701395348837209,39.0,0
Yolo,2015,1,16,5.153125,16.0,0
Yolo,2015,2,16,4.050625,17.0,0
Yolo,2015,3,17,7.562941176470588,1.0,0
Yolo,2015,4,1,3.97,2.0,0
Yolo,2015,5,2,3.99,4.0,0
Yolo,2015,6,4,8.5625,94.0,1
Yolo,2015,7,94,20.242978723404253,150.0,1
Yolo,2015,8,150,28.3888,6.0,0
Yolo,2015,9,6,5.59,23.0,0
Yolo,2015,10,23,4.008260869565217,24.0,0
Yolo,2015,11,24,3.20375,12.0,0
Yolo,2015,12,12,3.456666666666667,1.0,0
Yolo,2016,1,1,0.69,18.0,0
Yolo,2016,2,18,4.536111111111111,11.0,0
Yolo,2016,3,11,9.47090909090909,3.0,0
Yolo,2016,4,3,6.45,4.0,0
Yolo,2016,5,4,3.9225,4.0,0
Yolo,2016,6,4,6.1850000000000005,9.0,0
Yolo,2016,7,9,5.732222222222223,129.0,1
Yolo,2016,8,129,5.384496124031008,19.0,0
Yolo,2016,9,19,4.846842105263158,24.0,0
Yolo,2016,10,24,5.38,16.0,0
Yolo,2016,11,16,8.880625,4.0,0
Yolo,2016,12,4,3.8575,1.0,0
Yolo,2017,2,1,5.41,13.0,0
Yolo,2017,3,13,7.351538461538462,5.0,0
Yolo,2017,4,5,1.7719999999999998,13.0,0
Yolo,2017,5,13,5.274615384615386,13.0,0
Yolo,2017,6,13,7.851538461538461,51.0,1
Yolo,2017,7,51,6.354509803921569,38.0,0
Yolo,2017,8,38,6.959736842105264,20.0,0
Yolo,2017,9,20,7.135,30.0,0
Yolo,2017,10,30,7.518,26.0,0
Yolo,2017,11,26,4.869230769230769,10.0,0
Yolo,2017,12,10,2.622,9.0,0
Yolo,2018,1,9,6.045555555555556,30.0,0
Yolo,2018,2,30,3.292333333333333,13.0,0
Yolo,2018,3,13,3.835384615384615,15.0,0
Yolo,2018,4,15,3.8513333333333337,4.0,0
Yolo,2018,5,4,2.9025,7.0,0
Yolo,2018,6,7,6.942857142857143,1446.0,1
Yolo,2018,7,1446,19.40765560165975,6.0,0
Yolo,2018,8,6,5.1883333333333335,37.0,0
Yolo,2018,9,37,9.662432432432432,42.0,0
Yolo,2018,10,42,8.427380952380952,8.0,0
Yolo,2018,11,8,10.6225,14.0,0
Yolo,2018,12,14,4.481428571428571,5.0,0
Yolo,2019,1,5,4.686,8.0,0
Yolo,2019,2,8,4.78375,6.0,0
Yolo,2019,3,6,3.581666666666667,31.0,0
Yolo,2019,4,31,6.674838709677419,13.0,0
Yolo,2019,5,13,3.5615384615384613,40.0,0
Yolo,2019,6,40,7.29825,16.0,0
Yolo,2019,7,16,7.235,5.0,0
Yolo,2019,8,5,3.656,12.0,0
Yolo,2019,9,12,6.232499999999999,19.0,0
Yolo,2019,10,19,5.091578947368421,57.0,1
Yolo,2019,11,57,10.151754385964912,2.0,0
Yolo,2019,12,2,2.77,14.0,0
Yolo,2020,1,14,4.345714285714286,71.0,1
Yolo,2020,2,71,4.942112676056338,37.0,0
Yolo,2020,3,37,3.5256756756756755,24.0,0
Yolo,2020,4,24,4.6554166666666665,6.0,0
Yolo,2020,5,6,5.838333333333334,10.0,0
Yolo,2020,6,10,10.02,33.0,0
Yolo,2020,7,33,8.341212121212122,1683.0,1
Yolo,2020,8,1683,17.705531788472964,15.0,0
Yolo,2020,10,15,17.86,85.0,1
Yolo,2020,11,85,6.341176470588235,45.0,0
Yuba,2015,1,6,3.911666666666666,4.0,0
Yuba,2015,2,4,4.2524999999999995,18.0,0
Yuba,2015,3,18,4.827222222222222,5.0,0
Yuba,2015,4,5,6.35,4.0,0
Yuba,2015,5,4,5.3075,15.0,0
Yuba,2015,6,15,35.768,6.0,0
Yuba,2015,7,6,1.6333333333333335,13.0,0
Yuba,2015,8,13,27.553846153846152,24.0,0
Yuba,2015,9,24,5.887083333333333,34.0,0
Yuba,2015,10,34,9.221764705882354,23.0,0
Yuba,2015,11,23,9.503913043478262,3.0,0
Yuba,2015,12,3,2.6233333333333335,7.0,0
Yuba,2016,1,7,1.7714285714285716,1.0,0
Yuba,2016,2,1,2.32,8.0,0
Yuba,2016,3,8,6.1775,9.0,0
Yuba,2016,4,9,8.405555555555557,15.0,0
Yuba,2016,5,15,6.227333333333333,2.0,0
Yuba,2016,6,2,3.21,4.0,0
Yuba,2016,7,4,8.035,8.0,0
Yuba,2016,8,8,4.29,32.0,0
Yuba,2016,9,32,10.6421875,30.0,0
Yuba,2016,10,30,7.932333333333333,26.0,0
Yuba,2016,11,26,5.1911538461538465,1.0,0
Yuba,2016,12,1,5.26,1.0,0
Yuba,2017,2,1,2.15,5.0,0
Yuba,2017,3,5,2.854,1.0,0
Yuba,2017,4,1,1.58,12.0,0
Yuba,2017,5,12,8.714166666666666,4.0,0
Yuba,2017,6,4,2.705,16.0,0
Yuba,2017,7,16,4.45,21.0,0
Yuba,2017,8,21,11.567619047619049,21.0,0
Yuba,2017,9,21,7.2004761904761905,364.0,1
Yuba,2017,10,364,14.370384615384614,19.0,0
Yuba,2017,11,19,5.688421052631579,7.0,0
Yuba,2017,12,7,5.724285714285714,5.0,0
Yuba,2018,1,5,3.276,8.0,0
Yuba,2018,2,8,2.10875,6.0,0
Yuba,2018,3,6,3.078333333333333,33.0,0
Yuba,2018,4,33,7.0148484848484856,4.0,0
Yuba,2018,5,4,3.25,13.0,0
Yuba,2018,6,13,4.280769230769231,6.0,0
Yuba,2018,7,6,4.873333333333334,12.0,0
Yuba,2018,8,12,7.206666666666666,51.0,1
Yuba,2018,9,51,11.300196078431371,50.0,1
Yuba,2018,10,50,6.4914,8.0,0
Yuba,2018,11,8,4.9775,10.0,0
Yuba,2018,12,10,4.215999999999999,2.0,0
Yuba,2019,1,2,1.525,1.0,0
Yuba,2019,2,1,4.68,21.0,0
Yuba,2019,3,21,6.292380952380953,46.0,1
Yuba,2019,4,46,4.092391304347826,12.0,0
Yuba,2019,5,12,4.161666666666666,10.0,0
Yuba,2019,6,10,20.05,1.0,0
Yuba,2019,7,1,2.53,16.0,0
Yuba,2019,8,16,8.065625,18.0,0
Yuba,2019,9,18,6.318333333333333,41.0,0
Yuba,2019,10,41,5.078048780487805,30.0,0
Yuba,2019,11,30,6.957666666666666,13.0,0
Yuba,2019,12,13,4.883846153846154,3.0,0
Yuba,2020,1,3,4.57,35.0,0
Yuba,2020,2,35,5.376571428571428,49.0,1
Yuba,2020,3,49,6.307346938775511,34.0,0
Yuba,2020,4,34,6.882941176470588,28.0,0
Yuba,2020,5,28,9.55642857142857,15.0,0
Yuba,2020,6,15,8.426,12.0,0
Yuba,2020,7,12,5.645833333333333,5.0,0
Yuba,2020,8,5,4.192,56.0,1
Yuba,2020,9,56,11.696071428571427,44.0,0
Yuba,2020,10,44,9.207045454545456,52.0,1
Yuba,2020,11,52,9.647884615384616,11.0,0
