NAME,year,month,fire_count,avg_frp,next_month_fire,label_next_month,fire_last_1,fire_last_2,frp_last_1,month_sin,month_cos,fire_rolling_3
Alameda,2015,3,11,0.921818181818182,12.0,0,6.0,8.0,0.455,1.0,6.123233995736766e-17,8.333333333333334
Alameda,2015,4,12,0.6108333333333333,10.0,0,11.0,6.0,0.921818181818182,0.8660254037844387,-0.49999999999999983,9.666666666666666
Alameda,2015,5,10,12.705,9.0,0,12.0,11.0,0.6108333333333333,0.49999999999999994,-0.8660254037844387,11.0
Alameda,2015,6,9,0.4455555555555555,10.0,0,10.0,12.0,12.705,1.2246467991473532e-16,-1.0,10.333333333333334
Alameda,2015,7,10,15.398,36.0,0,9.0,10.0,0.4455555555555555,-0.4999999999999998,-0.8660254037844388,9.666666666666666
Alameda,2015,8,36,2.1683333333333334,12.0,0,10.0,9.0,15.398,-0.8660254037844384,-0.5000000000000004,18.333333333333332
Alameda,2015,9,12,0.41,9.0,0,36.0,10.0,2.1683333333333334,-1.0,-1.8369701987210297e-16,19.333333333333332
Alameda,2015,10,9,0.5055555555555555,7.0,0,12.0,36.0,0.41,-0.8660254037844386,0.5000000000000001,19.0
Alameda,2015,11,7,2.2114285714285713,3.0,0,9.0,12.0,0.5055555555555555,-0.5000000000000004,0.8660254037844384,9.333333333333334
Alameda,2015,12,3,0.68,6.0,0,7.0,9.0,2.2114285714285713,-2.4492935982947064e-16,1.0,6.333333333333333
Alameda,2016,2,6,0.6016666666666667,6.0,0,3.0,7.0,0.68,0.8660254037844386,0.5000000000000001,5.333333333333333
Alameda,2016,3,6,1.3133333333333332,5.0,0,6.0,3.0,0.6016666666666667,1.0,6.123233995736766e-17,5.0
Alameda,2016,4,5,0.5740000000000001,3.0,0,6.0,6.0,1.3133333333333332,0.8660254037844387,-0.49999999999999983,5.666666666666667
Alameda,2016,5,3,0.52,15.0,0,5.0,6.0,0.5740000000000001,0.49999999999999994,-0.8660254037844387,4.666666666666667
Alameda,2016,6,15,1.5306666666666666,22.0,0,3.0,5.0,0.52,1.2246467991473532e-16,-1.0,7.666666666666667
Alameda,2016,7,22,5.954090909090908,9.0,0,15.0,3.0,1.5306666666666666,-0.4999999999999998,-0.8660254037844388,13.333333333333334
Alameda,2016,8,9,0.5022222222222221,14.0,0,22.0,15.0,5.954090909090908,-0.8660254037844384,-0.5000000000000004,15.333333333333334
Alameda,2016,9,14,0.5042857142857143,8.0,0,9.0,22.0,0.5022222222222221,-1.0,-1.8369701987210297e-16,15.0
Alameda,2016,10,8,0.6174999999999999,5.0,0,14.0,9.0,0.5042857142857143,-0.8660254037844386,0.5000000000000001,10.333333333333334
Alameda,2016,11,5,0.678,4.0,0,8.0,14.0,0.6174999999999999,-0.5000000000000004,0.8660254037844384,9.0
Alameda,2016,12,4,0.7125,2.0,0,5.0,8.0,0.678,-2.4492935982947064e-16,1.0,5.666666666666667
Alameda,2017,1,2,0.505,3.0,0,4.0,5.0,0.7125,0.49999999999999994,0.8660254037844387,3.6666666666666665
Alameda,2017,2,3,0.6233333333333334,11.0,0,2.0,4.0,0.505,0.8660254037844386,0.5000000000000001,3.0
Alameda,2017,3,11,0.5181818181818182,7.0,0,3.0,2.0,0.6233333333333334,1.0,6.123233995736766e-17,5.333333333333333
Alameda,2017,4,7,1.9,16.0,0,11.0,3.0,0.5181818181818182,0.8660254037844387,-0.49999999999999983,7.0
Alameda,2017,5,16,0.40375,15.0,0,7.0,11.0,1.9,0.49999999999999994,-0.8660254037844387,11.333333333333334
Alameda,2017,6,15,1.600666666666667,35.0,0,16.0,7.0,0.40375,1.2246467991473532e-16,-1.0,12.666666666666666
Alameda,2017,7,35,0.776,33.0,0,15.0,16.0,1.600666666666667,-0.4999999999999998,-0.8660254037844388,22.0
Alameda,2017,8,33,7.253636363636364,21.0,0,35.0,15.0,0.776,-0.8660254037844384,-0.5000000000000004,27.666666666666668
Alameda,2017,9,21,0.7571428571428571,21.0,0,33.0,35.0,7.253636363636364,-1.0,-1.8369701987210297e-16,29.666666666666668
Alameda,2017,10,21,0.5138095238095238,3.0,0,21.0,33.0,0.7571428571428571,-0.8660254037844386,0.5000000000000001,25.0
Alameda,2017,11,3,0.3733333333333333,7.0,0,21.0,21.0,0.5138095238095238,-0.5000000000000004,0.8660254037844384,15.0
Alameda,2017,12,7,0.7757142857142857,1.0,0,3.0,21.0,0.3733333333333333,-2.4492935982947064e-16,1.0,10.333333333333334
Alameda,2018,1,1,0.64,12.0,0,7.0,3.0,0.7757142857142857,0.49999999999999994,0.8660254037844387,3.6666666666666665
Alameda,2018,2,12,0.8275,14.0,0,1.0,7.0,0.64,0.8660254037844386,0.5000000000000001,6.666666666666667
Alameda,2018,3,14,0.5342857142857144,11.0,0,12.0,1.0,0.8275,1.0,6.123233995736766e-17,9.0
Alameda,2018,4,11,0.6354545454545455,17.0,0,14.0,12.0,0.5342857142857144,0.8660254037844387,-0.49999999999999983,12.333333333333334
Alameda,2018,5,17,9.26764705882353,13.0,0,11.0,14.0,0.6354545454545455,0.49999999999999994,-0.8660254037844387,14.0
Alameda,2018,6,13,0.4123076923076923,28.0,0,17.0,11.0,9.26764705882353,1.2246467991473532e-16,-1.0,13.666666666666666
Alameda,2018,7,28,1.9639285714285717,20.0,0,13.0,17.0,0.4123076923076923,-0.4999999999999998,-0.8660254037844388,19.333333333333332
Alameda,2018,8,20,0.4445,29.0,0,28.0,13.0,1.9639285714285717,-0.8660254037844384,-0.5000000000000004,20.333333333333332
Alameda,2018,9,29,0.8124137931034482,26.0,0,20.0,28.0,0.4445,-1.0,-1.8369701987210297e-16,25.666666666666668
Alameda,2018,10,26,0.5123076923076924,10.0,0,29.0,20.0,0.8124137931034482,-0.8660254037844386,0.5000000000000001,25.0
Alameda,2018,11,10,0.45,3.0,0,26.0,29.0,0.5123076923076924,-0.5000000000000004,0.8660254037844384,21.666666666666668
Alameda,2018,12,3,0.43,7.0,0,10.0,26.0,0.45,-2.4492935982947064e-16,1.0,13.0
Alameda,2019,1,7,2.5271428571428567,4.0,0,3.0,10.0,0.43,0.49999999999999994,0.8660254037844387,6.666666666666667
Alameda,2019,2,4,0.4775,6.0,0,7.0,3.0,2.5271428571428567,0.8660254037844386,0.5000000000000001,4.666666666666667
Alameda,2019,3,6,0.5216666666666666,10.0,0,4.0,7.0,0.4775,1.0,6.123233995736766e-17,5.666666666666667
Alameda,2019,4,10,0.641,6.0,0,6.0,4.0,0.5216666666666666,0.8660254037844387,-0.49999999999999983,6.666666666666667
Alameda,2019,5,6,0.3816666666666666,17.0,0,10.0,6.0,0.641,0.49999999999999994,-0.8660254037844387,7.333333333333333
Alameda,2019,6,17,3.385294117647059,20.0,0,6.0,10.0,0.3816666666666666,1.2246467991473532e-16,-1.0,11.0
Alameda,2019,7,20,3.5375,19.0,0,17.0,6.0,3.385294117647059,-0.4999999999999998,-0.8660254037844388,14.333333333333334
Alameda,2019,8,19,24.968421052631577,21.0,0,20.0,17.0,3.5375,-0.8660254037844384,-0.5000000000000004,18.666666666666668
Alameda,2019,9,21,0.7028571428571428,21.0,0,19.0,20.0,24.968421052631577,-1.0,-1.8369701987210297e-16,20.0
Alameda,2019,10,21,1.7014285714285713,3.0,0,21.0,19.0,0.7028571428571428,-0.8660254037844386,0.5000000000000001,20.333333333333332
Alameda,2019,11,3,0.4033333333333333,3.0,0,21.0,21.0,1.7014285714285713,-0.5000000000000004,0.8660254037844384,15.0
Alameda,2020,1,3,0.6133333333333333,5.0,0,3.0,21.0,0.4033333333333333,0.49999999999999994,0.8660254037844387,9.0
Alameda,2020,2,5,0.532,3.0,0,3.0,3.0,0.6133333333333333,0.8660254037844386,0.5000000000000001,3.6666666666666665
Alameda,2020,3,3,0.6966666666666667,10.0,0,5.0,3.0,0.532,1.0,6.123233995736766e-17,3.6666666666666665
Alameda,2020,4,10,15.771999999999997,8.0,0,3.0,5.0,0.6966666666666667,0.8660254037844387,-0.49999999999999983,6.0
Alameda,2020,5,8,0.50875,11.0,0,10.0,3.0,15.771999999999997,0.49999999999999994,-0.8660254037844387,7.0
Alameda,2020,6,11,1.1581818181818182,19.0,0,8.0,10.0,0.50875,1.2246467991473532e-16,-1.0,9.666666666666666
Alameda,2020,7,19,3.347368421052632,981.0,1,11.0,8.0,1.1581818181818182,-0.4999999999999998,-0.8660254037844388,12.666666666666666
Alameda,2020,8,981,14.061926605504588,13.0,0,19.0,11.0,3.347368421052632,-0.8660254037844384,-0.5000000000000004,337.0
Alameda,2020,9,13,16.959230769230768,13.0,0,981.0,19.0,14.061926605504588,-1.0,-1.8369701987210297e-16,337.6666666666667
Alameda,2020,10,13,0.4769230769230769,12.0,0,13.0,981.0,16.959230769230768,-0.8660254037844386,0.5000000000000001,335.6666666666667
Alameda,2020,11,12,0.8291666666666666,3.0,0,13.0,13.0,0.4769230769230769,-0.5000000000000004,0.8660254037844384,12.666666666666666
Alpine,2016,8,62,24.990161290322582,19.0,0,1.0,810.0,3.66,-0.8660254037844384,-0.5000000000000004,291.0
Alpine,2016,9,19,5.987894736842105,1.0,0,62.0,1.0,24.990161290322582,-1.0,-1.8369701987210297e-16,27.333333333333332
Alpine,2017,3,1,8.7,131.0,1,19.0,62.0,5.987894736842105,1.0,6.123233995736766e-17,27.333333333333332
Alpine,2017,8,131,11.090152671755725,189.0,1,1.0,19.0,8.7,-0.8660254037844384,-0.5000000000000004,50.333333333333336
Alpine,2017,9,189,9.044497354497356,1864.0,1,131.0,1.0,11.090152671755725,-1.0,-1.8369701987210297e-16,107.0
Alpine,2018,8,1864,8.509833690987124,33.0,0,189.0,131.0,9.044497354497356,-0.8660254037844384,-0.5000000000000004,728.0
Alpine,2018,9,33,2.455757575757576,2.0,0,1864.0,189.0,8.509833690987124,-1.0,-1.8369701987210297e-16,695.3333333333334
Alpine,2018,11,2,0.845,6.0,0,33.0,1864.0,2.455757575757576,-0.5000000000000004,0.8660254037844384,633.0
Alpine,2019,6,6,4.19,10.0,0,2.0,33.0,0.845,1.2246467991473532e-16,-1.0,13.666666666666666
Alpine,2019,7,10,13.732,1.0,0,6.0,2.0,4.19,-0.4999999999999998,-0.8660254037844388,6.0
Alpine,2019,8,1,0.55,9.0,0,10.0,6.0,13.732,-0.8660254037844384,-0.5000000000000004,5.666666666666667
Alpine,2019,9,9,6.1066666666666665,2.0,0,1.0,10.0,0.55,-1.0,-1.8369701987210297e-16,6.666666666666667
Alpine,2020,7,2,1.325,54.0,1,9.0,1.0,6.1066666666666665,-0.4999999999999998,-0.8660254037844388,4.0
Alpine,2020,8,54,29.405,1283.0,1,2.0,9.0,1.325,-0.8660254037844384,-0.5000000000000004,21.666666666666668
Alpine,2020,9,1283,21.246071706936867,3.0,0,54.0,2.0,29.405,-1.0,-1.8369701987210297e-16,446.3333333333333
Amador,2015,4,1,9.1,108.0,1,16.0,7.0,6.408125,0.8660254037844387,-0.49999999999999983,8.0
Amador,2015,9,108,15.861018518518518,20.0,0,1.0,16.0,9.1,-1.0,-1.8369701987210297e-16,41.666666666666664
Amador,2015,10,20,6.0024999999999995,13.0,0,108.0,1.0,15.861018518518518,-0.8660254037844386,0.5000000000000001,43.0
Amador,2015,11,13,8.423076923076923,3.0,0,20.0,108.0,6.0024999999999995,-0.5000000000000004,0.8660254037844384,47.0
Amador,2015,12,3,4.576666666666667,4.0,0,13.0,20.0,8.423076923076923,-2.4492935982947064e-16,1.0,12.0
Amador,2016,2,4,4.0875,1.0,0,3.0,13.0,4.576666666666667,0.8660254037844386,0.5000000000000001,6.666666666666667
Amador,2016,3,1,2.87,2.0,0,4.0,3.0,4.0875,1.0,6.123233995736766e-17,2.6666666666666665
Amador,2016,4,2,3.85,4.0,0,1.0,4.0,2.87,0.8660254037844387,-0.49999999999999983,2.3333333333333335
Amador,2016,7,4,15.31,3.0,0,2.0,1.0,3.85,-0.4999999999999998,-0.8660254037844388,2.3333333333333335
Amador,2016,9,3,26.51,29.0,0,4.0,2.0,15.31,-1.0,-1.8369701987210297e-16,3.0
Amador,2016,10,29,7.589310344827586,5.0,0,3.0,4.0,26.51,-0.8660254037844386,0.5000000000000001,12.0
Amador,2016,11,5,2.496,8.0,0,29.0,3.0,7.589310344827586,-0.5000000000000004,0.8660254037844384,12.333333333333334
Amador,2017,3,8,12.24375,1.0,0,5.0,29.0,2.496,1.0,6.123233995736766e-17,14.0
Amador,2017,4,1,0.3,16.0,0,8.0,5.0,12.24375,0.8660254037844387,-0.49999999999999983,4.666666666666667
Amador,2017,5,16,6.3575,3.0,0,1.0,8.0,0.3,0.49999999999999994,-0.8660254037844387,8.333333333333334
Amador,2017,6,3,15.063333333333333,1.0,0,16.0,1.0,6.3575,1.2246467991473532e-16,-1.0,6.666666666666667
Amador,2017,7,1,6.55,1.0,0,3.0,16.0,15.063333333333333,-0.4999999999999998,-0.8660254037844388,6.666666666666667
Amador,2017,10,1,0.76,8.0,0,1.0,3.0,6.55,-0.8660254037844386,0.5000000000000001,1.6666666666666667
Amador,2017,11,8,4.23625,1.0,0,1.0,1.0,0.76,-0.5000000000000004,0.8660254037844384,3.3333333333333335
Amador,2017,12,1,2.07,4.0,0,8.0,1.0,4.23625,-2.4492935982947064e-16,1.0,3.3333333333333335
Amador,2018,1,4,1.62,5.0,0,1.0,8.0,2.07,0.49999999999999994,0.8660254037844387,4.333333333333333
Amador,2018,2,5,3.526,5.0,0,4.0,1.0,1.62,0.8660254037844386,0.5000000000000001,3.3333333333333335
Amador,2018,3,5,3.582,8.0,0,5.0,4.0,3.526,1.0,6.123233995736766e-17,4.666666666666667
Amador,2018,4,8,17.76875,3.0,0,5.0,5.0,3.582,0.8660254037844387,-0.49999999999999983,6.0
Amador,2018,5,3,7.87,1.0,0,8.0,5.0,17.76875,0.49999999999999994,-0.8660254037844387,5.333333333333333
Amador,2018,6,1,12.46,2.0,0,3.0,8.0,7.87,1.2246467991473532e-16,-1.0,4.0
Amador,2018,7,2,1.29,1.0,0,1.0,3.0,12.46,-0.4999999999999998,-0.8660254037844388,2.0
Amador,2018,11,1,0.87,8.0,0,2.0,1.0,1.29,-0.5000000000000004,0.8660254037844384,1.3333333333333333
Amador,2018,12,8,4.275,12.0,0,1.0,2.0,0.87,-2.4492935982947064e-16,1.0,3.6666666666666665
Amador,2019,1,12,6.324166666666667,2.0,0,8.0,1.0,4.275,0.49999999999999994,0.8660254037844387,7.0
Amador,2019,2,2,6.07,8.0,0,12.0,8.0,6.324166666666667,0.8660254037844386,0.5000000000000001,7.333333333333333
Amador,2019,3,8,5.9375,4.0,0,2.0,12.0,6.07,1.0,6.123233995736766e-17,7.333333333333333
Amador,2019,4,4,7.1,1.0,0,8.0,2.0,5.9375,0.8660254037844387,-0.49999999999999983,4.666666666666667
Amador,2019,5,1,4.29,2.0,0,4.0,8.0,7.1,0.49999999999999994,-0.8660254037844387,4.333333333333333
Amador,2019,7,2,4.0,1.0,0,1.0,4.0,4.29,-0.4999999999999998,-0.8660254037844388,2.3333333333333335
Amador,2019,9,1,1.73,4.0,0,2.0,1.0,4.0,-1.0,-1.8369701987210297e-16,1.3333333333333333
Amador,2019,11,4,9.5975,8.0,0,1.0,2.0,1.73,-0.5000000000000004,0.8660254037844384,2.3333333333333335
Amador,2019,12,8,5.05875,4.0,0,4.0,1.0,9.5975,-2.4492935982947064e-16,1.0,4.333333333333333
Amador,2020,1,4,3.8325,10.0,0,8.0,4.0,5.05875,0.49999999999999994,0.8660254037844387,5.333333333333333
Amador,2020,2,10,3.78,8.0,0,4.0,8.0,3.8325,0.8660254037844386,0.5000000000000001,7.333333333333333
Amador,2020,4,8,8.668750000000001,4.0,0,10.0,4.0,3.78,0.8660254037844387,-0.49999999999999983,7.333333333333333
Amador,2020,9,4,8.235,2.0,0,8.0,10.0,8.668750000000001,-1.0,-1.8369701987210297e-16,7.333333333333333
Amador,2020,10,2,13.765,3.0,0,4.0,8.0,8.235,-0.8660254037844386,0.5000000000000001,4.666666666666667
Butte,2015,3,42,8.418809523809523,25.0,0,11.0,5.0,5.506363636363637,1.0,6.123233995736766e-17,19.333333333333332
Butte,2015,4,25,9.7668,12.0,0,42.0,11.0,8.418809523809523,0.8660254037844387,-0.49999999999999983,26.0
Butte,2015,5,12,8.104166666666666,3.0,0,25.0,42.0,9.7668,0.49999999999999994,-0.8660254037844387,26.333333333333332
Butte,2015,6,3,15.706666666666669,15.0,0,12.0,25.0,8.104166666666666,1.2246467991473532e-16,-1.0,13.333333333333334
Butte,2015,7,15,26.100666666666665,11.0,0,3.0,12.0,15.706666666666669,-0.4999999999999998,-0.8660254037844388,10.0
Butte,2015,8,11,6.3536363636363635,57.0,1,15.0,3.0,26.100666666666665,-0.8660254037844384,-0.5000000000000004,9.666666666666666
Butte,2015,9,57,45.47,48.0,1,11.0,15.0,6.3536363636363635,-1.0,-1.8369701987210297e-16,27.666666666666668
Butte,2015,10,48,10.131666666666666,27.0,0,57.0,11.0,45.47,-0.8660254037844386,0.5000000000000001,38.666666666666664
Butte,2015,11,27,8.514444444444443,5.0,0,48.0,57.0,10.131666666666666,-0.5000000000000004,0.8660254037844384,44.0
Butte,2015,12,5,3.8,2.0,0,27.0,48.0,8.514444444444443,-2.4492935982947064e-16,1.0,26.666666666666668
Butte,2016,1,2,1.195,18.0,0,5.0,27.0,3.8,0.49999999999999994,0.8660254037844387,11.333333333333334
Butte,2016,2,18,4.978888888888889,8.0,0,2.0,5.0,1.195,0.8660254037844386,0.5000000000000001,8.333333333333334
Butte,2016,3,8,2.4075,44.0,0,18.0,2.0,4.978888888888889,1.0,6.123233995736766e-17,9.333333333333334
Butte,2016,4,44,6.339772727272727,8.0,0,8.0,18.0,2.4075,0.8660254037844387,-0.49999999999999983,23.333333333333332
Butte,2016,5,8,6.48375,6.0,0,44.0,8.0,6.339772727272727,0.49999999999999994,-0.8660254037844387,20.0
Butte,2016,6,6,8.4,24.0,0,8.0,44.0,6.48375,1.2246467991473532e-16,-1.0,19.333333333333332
Butte,2016,7,24,8.84,22.0,0,6.0,8.0,8.4,-0.4999999999999998,-0.8660254037844388,12.666666666666666
Butte,2016,8,22,9.846363636363636,52.0,1,24.0,6.0,8.84,-0.8660254037844384,-0.5000000000000004,17.333333333333332
Butte,2016,9,52,6.533461538461538,15.0,0,22.0,24.0,9.846363636363636,-1.0,-1.8369701987210297e-16,32.666666666666664
Butte,2016,10,15,4.862666666666667,23.0,0,52.0,22.0,6.533461538461538,-0.8660254037844386,0.5000000000000001,29.666666666666668
Butte,2016,11,23,7.6378260869565215,1.0,0,15.0,52.0,4.862666666666667,-0.5000000000000004,0.8660254037844384,30.0
Butte,2016,12,1,2.07,3.0,0,23.0,15.0,7.6378260869565215,-2.4492935982947064e-16,1.0,13.0
Butte,2017,3,3,0.6733333333333333,10.0,0,1.0,23.0,2.07,1.0,6.123233995736766e-17,9.0
Butte,2017,4,10,7.462000000000001,23.0,0,3.0,1.0,0.6733333333333333,0.8660254037844387,-0.49999999999999983,4.666666666666667
Butte,2017,5,23,11.33304347826087,8.0,0,10.0,3.0,7.462000000000001,0.49999999999999994,-0.8660254037844387,12.0
Butte,2017,6,8,4.75,234.0,1,23.0,10.0,11.33304347826087,1.2246467991473532e-16,-1.0,13.666666666666666
Butte,2017,7,234,7.844358974358974,217.0,1,8.0,23.0,4.75,-0.4999999999999998,-0.8660254037844388,88.33333333333333
Butte,2017,8,217,15.583410138248848,92.0,1,234.0,8.0,7.844358974358974,-0.8660254037844384,-0.5000000000000004,153.0
Butte,2017,9,92,8.199021739130433,302.0,1,217.0,234.0,15.583410138248848,-1.0,-1.8369701987210297e-16,181.0
Butte,2017,10,302,9.122582781456954,22.0,0,92.0,217.0,8.199021739130433,-0.8660254037844386,0.5000000000000001,203.66666666666666
Butte,2017,11,22,4.245909090909091,8.0,0,302.0,92.0,9.122582781456954,-0.5000000000000004,0.8660254037844384,138.66666666666666
Butte,2017,12,8,2.3375,8.0,0,22.0,302.0,4.245909090909091,-2.4492935982947064e-16,1.0,110.66666666666667
Butte,2018,1,8,2.58,42.0,0,8.0,22.0,2.3375,0.49999999999999994,0.8660254037844387,12.666666666666666
Butte,2018,2,42,6.417380952380953,6.0,0,8.0,8.0,2.58,0.8660254037844386,0.5000000000000001,19.333333333333332
Butte,2018,3,6,3.5383333333333336,30.0,0,42.0,8.0,6.417380952380953,1.0,6.123233995736766e-17,18.666666666666668
Butte,2018,4,30,6.4863333333333335,13.0,0,6.0,42.0,3.5383333333333336,0.8660254037844387,-0.49999999999999983,26.0
Butte,2018,5,13,7.1084615384615395,26.0,0,30.0,6.0,6.4863333333333335,0.49999999999999994,-0.8660254037844387,16.333333333333332
Butte,2018,6,26,8.152307692307692,11.0,0,13.0,30.0,7.1084615384615395,1.2246467991473532e-16,-1.0,23.0
Butte,2018,7,11,4.732727272727273,8.0,0,26.0,13.0,8.152307692307692,-0.4999999999999998,-0.8660254037844388,16.666666666666668
Butte,2018,8,8,7.78,38.0,0,11.0,26.0,4.732727272727273,-0.8660254037844384,-0.5000000000000004,15.0
Butte,2018,9,38,8.284210526315789,105.0,1,8.0,11.0,7.78,-1.0,-1.8369701987210297e-16,19.0
Butte,2018,10,105,8.164190476190477,4660.0,1,38.0,8.0,8.284210526315789,-0.8660254037844386,0.5000000000000001,50.333333333333336
Butte,2018,11,4660,21.715060085836907,13.0,0,105.0,38.0,8.164190476190477,-0.5000000000000004,0.8660254037844384,1601.0
Butte,2018,12,13,5.105384615384616,14.0,0,4660.0,105.0,21.715060085836907,-2.4492935982947064e-16,1.0,1592.6666666666667
Butte,2019,1,14,4.892142857142857,12.0,0,13.0,4660.0,5.105384615384616,0.49999999999999994,0.8660254037844387,1562.3333333333333
Butte,2019,3,12,4.034166666666667,20.0,0,14.0,13.0,4.892142857142857,1.0,6.123233995736766e-17,13.0
Butte,2019,4,20,5.618,32.0,0,12.0,14.0,4.034166666666667,0.8660254037844387,-0.49999999999999983,15.333333333333334
Butte,2019,5,32,5.50625,59.0,1,20.0,12.0,5.618,0.49999999999999994,-0.8660254037844387,21.333333333333332
Butte,2019,6,59,8.212881355932204,35.0,0,32.0,20.0,5.50625,1.2246467991473532e-16,-1.0,37.0
Butte,2019,7,35,7.863714285714286,12.0,0,59.0,32.0,8.212881355932204,-0.4999999999999998,-0.8660254037844388,42.0
Butte,2019,8,12,5.409166666666667,56.0,1,35.0,59.0,7.863714285714286,-0.8660254037844384,-0.5000000000000004,35.333333333333336
Butte,2019,9,56,5.898392857142857,116.0,1,12.0,35.0,5.409166666666667,-1.0,-1.8369701987210297e-16,34.333333333333336
Butte,2019,10,116,11.182586206896552,75.0,1,56.0,12.0,5.898392857142857,-0.8660254037844386,0.5000000000000001,61.333333333333336
Butte,2019,11,75,7.768933333333333,30.0,0,116.0,56.0,11.182586206896552,-0.5000000000000004,0.8660254037844384,82.33333333333333
Butte,2019,12,30,5.206,5.0,0,75.0,116.0,7.768933333333333,-2.4492935982947064e-16,1.0,73.66666666666667
Butte,2020,1,5,2.962,53.0,1,30.0,75.0,5.206,0.49999999999999994,0.8660254037844387,36.666666666666664
Butte,2020,2,53,4.994716981132075,67.0,1,5.0,30.0,2.962,0.8660254037844386,0.5000000000000001,29.333333333333332
Butte,2020,3,67,7.110298507462686,48.0,1,53.0,5.0,4.994716981132075,1.0,6.123233995736766e-17,41.666666666666664
Butte,2020,4,48,3.56875,31.0,0,67.0,53.0,7.110298507462686,0.8660254037844387,-0.49999999999999983,56.0
Butte,2020,5,31,5.836451612903226,16.0,0,48.0,67.0,3.56875,0.49999999999999994,-0.8660254037844387,48.666666666666664
Butte,2020,6,16,5.950625,13.0,0,31.0,48.0,5.836451612903226,1.2246467991473532e-16,-1.0,31.666666666666668
Butte,2020,7,13,15.553076923076922,160.0,1,16.0,31.0,5.950625,-0.4999999999999998,-0.8660254037844388,20.0
Butte,2020,8,160,8.5085625,3993.0,1,13.0,16.0,15.553076923076922,-0.8660254037844384,-0.5000000000000004,63.0
Butte,2020,9,3993,11.22250438266967,73.0,1,160.0,13.0,8.5085625,-1.0,-1.8369701987210297e-16,1388.6666666666667
Butte,2020,10,73,7.643013698630138,89.0,1,3993.0,160.0,11.22250438266967,-0.8660254037844386,0.5000000000000001,1408.6666666666667
Butte,2020,11,89,7.15629213483146,42.0,0,73.0,3993.0,7.643013698630138,-0.5000000000000004,0.8660254037844384,1385.0
Calaveras,2015,3,4,11.3725,2.0,0,1.0,1.0,3.2,1.0,6.123233995736766e-17,2.0
Calaveras,2015,4,2,5.275,1.0,0,4.0,1.0,11.3725,0.8660254037844387,-0.49999999999999983,2.3333333333333335
Calaveras,2015,6,1,2.08,1.0,0,2.0,4.0,5.275,1.2246467991473532e-16,-1.0,2.3333333333333335
Calaveras,2015,8,1,1.08,2692.0,1,1.0,2.0,2.08,-0.8660254037844384,-0.5000000000000004,1.3333333333333333
Calaveras,2015,9,2692,25.40375557206538,2.0,0,1.0,1.0,1.08,-1.0,-1.8369701987210297e-16,898.0
Calaveras,2015,11,2,0.8500000000000001,1.0,0,2692.0,1.0,25.40375557206538,-0.5000000000000004,0.8660254037844384,898.3333333333334
Calaveras,2015,12,1,1.77,2.0,0,2.0,2692.0,0.8500000000000001,-2.4492935982947064e-16,1.0,898.3333333333334
Calaveras,2016,1,2,12.845,2.0,0,1.0,2.0,1.77,0.49999999999999994,0.8660254037844387,1.6666666666666667
Calaveras,2016,2,2,3.61,10.0,0,2.0,1.0,12.845,0.8660254037844386,0.5000000000000001,1.6666666666666667
Calaveras,2016,3,10,4.213,6.0,0,2.0,2.0,3.61,1.0,6.123233995736766e-17,4.666666666666667
Calaveras,2016,4,6,2.81,5.0,0,10.0,2.0,4.213,0.8660254037844387,-0.49999999999999983,6.0
Calaveras,2016,5,5,8.443999999999999,29.0,0,6.0,10.0,2.81,0.49999999999999994,-0.8660254037844387,7.0
Calaveras,2016,7,29,34.19310344827586,18.0,0,5.0,6.0,8.443999999999999,-0.4999999999999998,-0.8660254037844388,13.333333333333334
Calaveras,2016,8,18,76.54666666666667,24.0,0,29.0,5.0,34.19310344827586,-0.8660254037844384,-0.5000000000000004,17.333333333333332
Calaveras,2016,11,24,8.030833333333332,8.0,0,18.0,29.0,76.54666666666667,-0.5000000000000004,0.8660254037844384,23.666666666666668
Calaveras,2016,12,8,3.15125,2.0,0,24.0,18.0,8.030833333333332,-2.4492935982947064e-16,1.0,16.666666666666668
Calaveras,2017,1,2,1.605,1.0,0,8.0,24.0,3.15125,0.49999999999999994,0.8660254037844387,11.333333333333334
Calaveras,2017,2,1,2.99,27.0,0,2.0,8.0,1.605,0.8660254037844386,0.5000000000000001,3.6666666666666665
Calaveras,2017,3,27,9.367407407407407,12.0,0,1.0,2.0,2.99,1.0,6.123233995736766e-17,10.0
Calaveras,2017,4,12,8.358333333333333,10.0,0,27.0,1.0,9.367407407407407,0.8660254037844387,-0.49999999999999983,13.333333333333334
Calaveras,2017,5,10,5.542,12.0,0,12.0,27.0,8.358333333333333,0.49999999999999994,-0.8660254037844387,16.333333333333332
Calaveras,2017,7,12,23.719166666666663,1.0,0,10.0,12.0,5.542,-0.4999999999999998,-0.8660254037844388,11.333333333333334
Calaveras,2017,8,1,0.84,8.0,0,12.0,10.0,23.719166666666663,-0.8660254037844384,-0.5000000000000004,7.666666666666667
Calaveras,2017,10,8,34.792500000000004,23.0,0,1.0,12.0,0.84,-0.8660254037844386,0.5000000000000001,7.0
Calaveras,2017,11,23,1.912608695652174,30.0,0,8.0,1.0,34.792500000000004,-0.5000000000000004,0.8660254037844384,10.666666666666666
Calaveras,2018,1,30,4.852333333333333,27.0,0,23.0,8.0,1.912608695652174,0.49999999999999994,0.8660254037844387,20.333333333333332
Calaveras,2018,2,27,3.4385185185185185,2.0,0,30.0,23.0,4.852333333333333,0.8660254037844386,0.5000000000000001,26.666666666666668
Calaveras,2018,3,2,3.03,17.0,0,27.0,30.0,3.4385185185185185,1.0,6.123233995736766e-17,19.666666666666668
Calaveras,2018,4,17,3.7423529411764704,7.0,0,2.0,27.0,3.03,0.8660254037844387,-0.49999999999999983,15.333333333333334
Calaveras,2018,5,7,3.597142857142857,34.0,0,17.0,2.0,3.7423529411764704,0.49999999999999994,-0.8660254037844387,8.666666666666666
Calaveras,2018,6,34,2.003823529411765,1.0,0,7.0,17.0,3.597142857142857,1.2246467991473532e-16,-1.0,19.333333333333332
Calaveras,2018,8,1,4.34,18.0,0,34.0,7.0,2.003823529411765,-0.8660254037844384,-0.5000000000000004,14.0
Calaveras,2018,10,18,7.723888888888889,1.0,0,1.0,34.0,4.34,-0.8660254037844386,0.5000000000000001,17.666666666666668
Calaveras,2018,11,1,3.22,23.0,0,18.0,1.0,7.723888888888889,-0.5000000000000004,0.8660254037844384,6.666666666666667
Calaveras,2018,12,23,3.152608695652174,21.0,0,1.0,18.0,3.22,-2.4492935982947064e-16,1.0,14.0
Calaveras,2019,1,21,6.874761904761905,1.0,0,23.0,1.0,3.152608695652174,0.49999999999999994,0.8660254037844387,15.0
Calaveras,2019,3,1,1.89,13.0,0,21.0,23.0,6.874761904761905,1.0,6.123233995736766e-17,15.0
Calaveras,2019,4,13,3.047692307692308,4.0,0,1.0,21.0,1.89,0.8660254037844387,-0.49999999999999983,11.666666666666666
Calaveras,2019,5,4,3.94,7.0,0,13.0,1.0,3.047692307692308,0.49999999999999994,-0.8660254037844387,6.0
Calaveras,2019,6,7,4.442857142857143,2.0,0,4.0,13.0,3.94,1.2246467991473532e-16,-1.0,8.0
Calaveras,2019,9,2,14.490000000000002,3.0,0,7.0,4.0,4.442857142857143,-1.0,-1.8369701987210297e-16,4.333333333333333
Calaveras,2019,10,3,3.3866666666666667,21.0,0,2.0,7.0,14.490000000000002,-0.8660254037844386,0.5000000000000001,4.0
Calaveras,2019,11,21,29.18047619047619,11.0,0,3.0,2.0,3.3866666666666667,-0.5000000000000004,0.8660254037844384,8.666666666666666
Calaveras,2019,12,11,3.411818181818182,14.0,0,21.0,3.0,29.18047619047619,-2.4492935982947064e-16,1.0,11.666666666666666
Calaveras,2020,1,14,6.688571428571429,29.0,0,11.0,21.0,3.411818181818182,0.49999999999999994,0.8660254037844387,15.333333333333334
Calaveras,2020,2,29,4.077241379310345,11.0,0,14.0,11.0,6.688571428571429,0.8660254037844386,0.5000000000000001,18.0
Calaveras,2020,3,11,5.0636363636363635,19.0,0,29.0,14.0,4.077241379310345,1.0,6.123233995736766e-17,18.0
Calaveras,2020,4,19,5.977368421052631,7.0,0,11.0,29.0,5.0636363636363635,0.8660254037844387,-0.49999999999999983,19.666666666666668
Calaveras,2020,5,7,4.908571428571428,65.0,1,19.0,11.0,5.977368421052631,0.49999999999999994,-0.8660254037844387,12.333333333333334
Calaveras,2020,6,65,5.525384615384616,5.0,0,7.0,19.0,4.908571428571428,1.2246467991473532e-16,-1.0,30.333333333333332
Calaveras,2020,7,5,9.066,41.0,0,65.0,7.0,5.525384615384616,-0.4999999999999998,-0.8660254037844388,25.666666666666668
Calaveras,2020,8,41,1.5743902439024389,2.0,0,5.0,65.0,9.066,-0.8660254037844384,-0.5000000000000004,37.0
Calaveras,2020,10,2,11.25,5.0,0,41.0,5.0,1.5743902439024389,-0.8660254037844386,0.5000000000000001,16.0
Calaveras,2020,11,5,2.604,16.0,0,2.0,41.0,11.25,-0.5000000000000004,0.8660254037844384,16.0
Colusa,2015,3,111,8.396396396396396,22.0,0,26.0,21.0,14.55,1.0,6.123233995736766e-17,52.666666666666664
Colusa,2015,4,22,4.513636363636364,17.0,0,111.0,26.0,8.396396396396396,0.8660254037844387,-0.49999999999999983,53.0
Colusa,2015,5,17,18.57764705882353,10.0,0,22.0,111.0,4.513636363636364,0.49999999999999994,-0.8660254037844387,50.0
Colusa,2015,6,10,6.392,3.0,0,17.0,22.0,18.57764705882353,1.2246467991473532e-16,-1.0,16.333333333333332
Colusa,2015,7,3,1.9933333333333336,288.0,1,10.0,17.0,6.392,-0.4999999999999998,-0.8660254037844388,10.0
Colusa,2015,8,288,8.643194444444445,23.0,0,3.0,10.0,1.9933333333333336,-0.8660254037844384,-0.5000000000000004,100.33333333333333
Colusa,2015,9,23,11.216956521739132,190.0,1,288.0,3.0,8.643194444444445,-1.0,-1.8369701987210297e-16,104.66666666666667
Colusa,2015,10,190,16.45684210526316,54.0,1,23.0,288.0,11.216956521739132,-0.8660254037844386,0.5000000000000001,167.0
Colusa,2015,11,54,14.001481481481482,7.0,0,190.0,23.0,16.45684210526316,-0.5000000000000004,0.8660254037844384,89.0
Colusa,2015,12,7,9.047142857142855,1.0,0,54.0,190.0,14.001481481481482,-2.4492935982947064e-16,1.0,83.66666666666667
Colusa,2016,1,1,3.91,45.0,0,7.0,54.0,9.047142857142855,0.49999999999999994,0.8660254037844387,20.666666666666668
Colusa,2016,2,45,9.450888888888889,14.0,0,1.0,7.0,3.91,0.8660254037844386,0.5000000000000001,17.666666666666668
Colusa,2016,3,14,10.057857142857143,36.0,0,45.0,1.0,9.450888888888889,1.0,6.123233995736766e-17,20.0
Colusa,2016,4,36,5.780555555555555,8.0,0,14.0,45.0,10.057857142857143,0.8660254037844387,-0.49999999999999983,31.666666666666668
Colusa,2016,5,8,8.67375,11.0,0,36.0,14.0,5.780555555555555,0.49999999999999994,-0.8660254037844387,19.333333333333332
Colusa,2016,6,11,10.753636363636362,49.0,1,8.0,36.0,8.67375,1.2246467991473532e-16,-1.0,18.333333333333332
Colusa,2016,7,49,11.592653061224487,24.0,0,11.0,8.0,10.753636363636362,-0.4999999999999998,-0.8660254037844388,22.666666666666668
Colusa,2016,8,24,25.977500000000003,40.0,0,49.0,11.0,11.592653061224487,-0.8660254037844384,-0.5000000000000004,28.0
Colusa,2016,9,40,8.722249999999999,86.0,1,24.0,49.0,25.977500000000003,-1.0,-1.8369701987210297e-16,37.666666666666664
Colusa,2016,10,86,13.96674418604651,84.0,1,40.0,24.0,8.722249999999999,-0.8660254037844386,0.5000000000000001,50.0
Colusa,2016,11,84,8.87202380952381,2.0,0,86.0,40.0,13.96674418604651,-0.5000000000000004,0.8660254037844384,70.0
Colusa,2017,1,2,1.985,1.0,0,84.0,86.0,8.87202380952381,0.49999999999999994,0.8660254037844387,57.333333333333336
Colusa,2017,2,1,2.75,20.0,0,2.0,84.0,1.985,0.8660254037844386,0.5000000000000001,29.0
Colusa,2017,3,20,3.31,69.0,1,1.0,2.0,2.75,1.0,6.123233995736766e-17,7.666666666666667
Colusa,2017,4,69,5.9571014492753624,30.0,0,20.0,1.0,3.31,0.8660254037844387,-0.49999999999999983,30.0
Colusa,2017,5,30,6.137333333333333,42.0,0,69.0,20.0,5.9571014492753624,0.49999999999999994,-0.8660254037844387,39.666666666666664
Colusa,2017,6,42,5.662619047619048,28.0,0,30.0,69.0,6.137333333333333,1.2246467991473532e-16,-1.0,47.0
Colusa,2017,7,28,11.112142857142857,11.0,0,42.0,30.0,5.662619047619048,-0.4999999999999998,-0.8660254037844388,33.333333333333336
Colusa,2017,8,11,10.875454545454543,29.0,0,28.0,42.0,11.112142857142857,-0.8660254037844384,-0.5000000000000004,27.0
Colusa,2017,9,29,5.330689655172414,191.0,1,11.0,28.0,10.875454545454543,-1.0,-1.8369701987210297e-16,22.666666666666668
Colusa,2017,10,191,11.472094240837697,48.0,1,29.0,11.0,5.330689655172414,-0.8660254037844386,0.5000000000000001,77.0
Colusa,2017,11,48,13.32875,70.0,1,191.0,29.0,11.472094240837697,-0.5000000000000004,0.8660254037844384,89.33333333333333
Colusa,2017,12,70,12.971714285714285,6.0,0,48.0,191.0,13.32875,-2.4492935982947064e-16,1.0,103.0
Colusa,2018,1,6,3.0583333333333336,88.0,1,70.0,48.0,12.971714285714285,0.49999999999999994,0.8660254037844387,41.333333333333336
Colusa,2018,2,88,7.105,50.0,1,6.0,70.0,3.0583333333333336,0.8660254037844386,0.5000000000000001,54.666666666666664
Colusa,2018,3,50,5.5162,25.0,0,88.0,6.0,7.105,1.0,6.123233995736766e-17,48.0
Colusa,2018,4,25,6.5152,27.0,0,50.0,88.0,5.5162,0.8660254037844387,-0.49999999999999983,54.333333333333336
Colusa,2018,5,27,9.322962962962963,20.0,0,25.0,50.0,6.5152,0.49999999999999994,-0.8660254037844387,34.0
Colusa,2018,6,20,17.0855,26.0,0,27.0,25.0,9.322962962962963,1.2246467991473532e-16,-1.0,24.0
Colusa,2018,7,26,7.388846153846154,2566.0,1,20.0,27.0,17.0855,-0.4999999999999998,-0.8660254037844388,24.333333333333332
Colusa,2018,8,2566,22.09263834762276,29.0,0,26.0,20.0,7.388846153846154,-0.8660254037844384,-0.5000000000000004,870.6666666666666
Colusa,2018,9,29,12.806206896551725,126.0,1,2566.0,26.0,22.09263834762276,-1.0,-1.8369701987210297e-16,873.6666666666666
Colusa,2018,10,126,14.77031746031746,34.0,0,29.0,2566.0,12.806206896551725,-0.8660254037844386,0.5000000000000001,907.0
Colusa,2018,11,34,5.373235294117647,21.0,0,126.0,29.0,14.77031746031746,-0.5000000000000004,0.8660254037844384,63.0
Colusa,2018,12,21,17.583333333333332,6.0,0,34.0,126.0,5.373235294117647,-2.4492935982947064e-16,1.0,60.333333333333336
Colusa,2019,1,6,4.048333333333333,11.0,0,21.0,34.0,17.583333333333332,0.49999999999999994,0.8660254037844387,20.333333333333332
Colusa,2019,2,11,4.658181818181818,13.0,0,6.0,21.0,4.048333333333333,0.8660254037844386,0.5000000000000001,12.666666666666666
Colusa,2019,3,13,5.718461538461539,48.0,1,11.0,6.0,4.658181818181818,1.0,6.123233995736766e-17,10.0
Colusa,2019,4,48,8.233958333333334,18.0,0,13.0,11.0,5.718461538461539,0.8660254037844387,-0.49999999999999983,24.0
Colusa,2019,5,18,8.315,26.0,0,48.0,13.0,8.233958333333334,0.49999999999999994,-0.8660254037844387,26.333333333333332
Colusa,2019,6,26,9.08423076923077,22.0,0,18.0,48.0,8.315,1.2246467991473532e-16,-1.0,30.666666666666668
Colusa,2019,7,22,13.503181818181815,5.0,0,26.0,18.0,9.08423076923077,-0.4999999999999998,-0.8660254037844388,22.0
Colusa,2019,8,5,4.351999999999999,15.0,0,22.0,26.0,13.503181818181815,-0.8660254037844384,-0.5000000000000004,17.666666666666668
Colusa,2019,9,15,17.505999999999997,120.0,1,5.0,22.0,4.351999999999999,-1.0,-1.8369701987210297e-16,14.0
Colusa,2019,10,120,12.622416666666668,151.0,1,15.0,5.0,17.505999999999997,-0.8660254037844386,0.5000000000000001,46.666666666666664
Colusa,2019,11,151,13.750993377483445,3.0,0,120.0,15.0,12.622416666666668,-0.5000000000000004,0.8660254037844384,95.33333333333333
Colusa,2019,12,3,2.2466666666666666,15.0,0,151.0,120.0,13.750993377483445,-2.4492935982947064e-16,1.0,91.33333333333333
Colusa,2020,1,15,4.554666666666666,110.0,1,3.0,151.0,2.2466666666666666,0.49999999999999994,0.8660254037844387,56.333333333333336
Colusa,2020,2,110,11.026545454545456,47.0,1,15.0,3.0,4.554666666666666,0.8660254037844386,0.5000000000000001,42.666666666666664
Colusa,2020,3,47,6.990851063829787,38.0,0,110.0,15.0,11.026545454545456,1.0,6.123233995736766e-17,57.333333333333336
Colusa,2020,4,38,6.793157894736842,3.0,0,47.0,110.0,6.990851063829787,0.8660254037844387,-0.49999999999999983,65.0
Colusa,2020,5,3,5.576666666666667,16.0,0,38.0,47.0,6.793157894736842,0.49999999999999994,-0.8660254037844387,29.333333333333332
Colusa,2020,6,16,10.009375,21.0,0,3.0,38.0,5.576666666666667,1.2246467991473532e-16,-1.0,19.0
Colusa,2020,7,21,8.375238095238094,48.0,1,16.0,3.0,10.009375,-0.4999999999999998,-0.8660254037844388,13.333333333333334
Colusa,2020,8,48,8.893541666666666,75.0,1,21.0,16.0,8.375238095238094,-0.8660254037844384,-0.5000000000000004,28.333333333333332
Colusa,2020,10,75,8.544266666666667,225.0,1,48.0,21.0,8.893541666666666,-0.8660254037844386,0.5000000000000001,48.0
Colusa,2020,11,225,11.837155555555556,121.0,1,75.0,48.0,8.544266666666667,-0.5000000000000004,0.8660254037844384,116.0
Contra Costa,2015,3,108,1.4321296296296295,135.0,1,73.0,53.0,1.0258904109589042,1.0,6.123233995736766e-17,78.0
Contra Costa,2015,4,135,1.1663703703703705,89.0,1,108.0,73.0,1.4321296296296295,0.8660254037844387,-0.49999999999999983,105.33333333333333
Contra Costa,2015,5,89,1.0168539325842696,100.0,1,135.0,108.0,1.1663703703703705,0.49999999999999994,-0.8660254037844387,110.66666666666667
Contra Costa,2015,6,100,1.1309,100.0,1,89.0,135.0,1.0168539325842696,1.2246467991473532e-16,-1.0,108.0
Contra Costa,2015,7,100,1.5151,66.0,1,100.0,89.0,1.1309,-0.4999999999999998,-0.8660254037844388,96.33333333333333
Contra Costa,2015,8,66,1.1922727272727272,70.0,1,100.0,100.0,1.5151,-0.8660254037844384,-0.5000000000000004,88.66666666666667
Contra Costa,2015,9,70,1.744,91.0,1,66.0,100.0,1.1922727272727272,-1.0,-1.8369701987210297e-16,78.66666666666667
Contra Costa,2015,10,91,1.298131868131868,97.0,1,70.0,66.0,1.744,-0.8660254037844386,0.5000000000000001,75.66666666666667
Contra Costa,2015,11,97,1.2740206185567011,48.0,1,91.0,70.0,1.298131868131868,-0.5000000000000004,0.8660254037844384,86.0
Contra Costa,2015,12,48,1.0135416666666666,7.0,0,97.0,91.0,1.2740206185567011,-2.4492935982947064e-16,1.0,78.66666666666667
Contra Costa,2016,1,7,1.14,80.0,1,48.0,97.0,1.0135416666666666,0.49999999999999994,0.8660254037844387,50.666666666666664
Contra Costa,2016,2,80,1.205125,75.0,1,7.0,48.0,1.14,0.8660254037844386,0.5000000000000001,45.0
Contra Costa,2016,3,75,1.0822666666666667,103.0,1,80.0,7.0,1.205125,1.0,6.123233995736766e-17,54.0
Contra Costa,2016,4,103,1.036893203883495,85.0,1,75.0,80.0,1.0822666666666667,0.8660254037844387,-0.49999999999999983,86.0
Contra Costa,2016,5,85,1.1188235294117646,114.0,1,103.0,75.0,1.036893203883495,0.49999999999999994,-0.8660254037844387,87.66666666666667
Contra Costa,2016,6,114,1.461842105263158,105.0,1,85.0,103.0,1.1188235294117646,1.2246467991473532e-16,-1.0,100.66666666666667
Contra Costa,2016,7,105,1.0864761904761904,86.0,1,114.0,85.0,1.461842105263158,-0.4999999999999998,-0.8660254037844388,101.33333333333333
Contra Costa,2016,8,86,0.9967441860465116,146.0,1,105.0,114.0,1.0864761904761904,-0.8660254037844384,-0.5000000000000004,101.66666666666667
Contra Costa,2016,9,146,1.1915753424657534,114.0,1,86.0,105.0,0.9967441860465116,-1.0,-1.8369701987210297e-16,112.33333333333333
Contra Costa,2016,10,114,1.0428070175438595,83.0,1,146.0,86.0,1.1915753424657534,-0.8660254037844386,0.5000000000000001,115.33333333333333
Contra Costa,2016,11,83,0.9433734939759036,42.0,0,114.0,146.0,1.0428070175438595,-0.5000000000000004,0.8660254037844384,114.33333333333333
Contra Costa,2016,12,42,1.000952380952381,27.0,0,83.0,114.0,0.9433734939759036,-2.4492935982947064e-16,1.0,79.66666666666667
Contra Costa,2017,1,27,1.0096296296296297,39.0,0,42.0,83.0,1.000952380952381,0.49999999999999994,0.8660254037844387,50.666666666666664
Contra Costa,2017,2,39,0.913846153846154,98.0,1,27.0,42.0,1.0096296296296297,0.8660254037844386,0.5000000000000001,36.0
Contra Costa,2017,3,98,1.0366326530612244,91.0,1,39.0,27.0,0.913846153846154,1.0,6.123233995736766e-17,54.666666666666664
Contra Costa,2017,4,91,1.04989010989011,90.0,1,98.0,39.0,1.0366326530612244,0.8660254037844387,-0.49999999999999983,76.0
Contra Costa,2017,5,90,0.9975555555555556,113.0,1,91.0,98.0,1.04989010989011,0.49999999999999994,-0.8660254037844387,93.0
Contra Costa,2017,6,113,1.3236283185840707,114.0,1,90.0,91.0,0.9975555555555556,1.2246467991473532e-16,-1.0,98.0
Contra Costa,2017,7,114,1.7309649122807018,96.0,1,113.0,90.0,1.3236283185840707,-0.4999999999999998,-0.8660254037844388,105.66666666666667
Contra Costa,2017,8,96,2.1236458333333332,111.0,1,114.0,113.0,1.7309649122807018,-0.8660254037844384,-0.5000000000000004,107.66666666666667
Contra Costa,2017,9,111,1.162162162162162,154.0,1,96.0,114.0,2.1236458333333332,-1.0,-1.8369701987210297e-16,107.0
Contra Costa,2017,10,154,1.4964285714285714,52.0,1,111.0,96.0,1.162162162162162,-0.8660254037844386,0.5000000000000001,120.33333333333333
Contra Costa,2017,11,52,1.1238461538461535,91.0,1,154.0,111.0,1.4964285714285714,-0.5000000000000004,0.8660254037844384,105.66666666666667
Contra Costa,2017,12,91,1.160879120879121,40.0,0,52.0,154.0,1.1238461538461535,-2.4492935982947064e-16,1.0,99.0
Contra Costa,2018,1,40,1.139,123.0,1,91.0,52.0,1.160879120879121,0.49999999999999994,0.8660254037844387,61.0
Contra Costa,2018,2,123,1.4064227642276423,73.0,1,40.0,91.0,1.139,0.8660254037844386,0.5000000000000001,84.66666666666667
Contra Costa,2018,3,73,0.9628767123287671,99.0,1,123.0,40.0,1.4064227642276423,1.0,6.123233995736766e-17,78.66666666666667
Contra Costa,2018,4,99,1.0413131313131314,90.0,1,73.0,123.0,0.9628767123287671,0.8660254037844387,-0.49999999999999983,98.33333333333333
Contra Costa,2018,5,90,2.3225555555555557,103.0,1,99.0,73.0,1.0413131313131314,0.49999999999999994,-0.8660254037844387,87.33333333333333
Contra Costa,2018,6,103,1.4846601941747577,141.0,1,90.0,99.0,2.3225555555555557,1.2246467991473532e-16,-1.0,97.33333333333333
Contra Costa,2018,7,141,2.5568085106382976,123.0,1,103.0,90.0,1.4846601941747577,-0.4999999999999998,-0.8660254037844388,111.33333333333333
Contra Costa,2018,8,123,2.3540650406504064,106.0,1,141.0,103.0,2.5568085106382976,-0.8660254037844384,-0.5000000000000004,122.33333333333333
Contra Costa,2018,9,106,1.319056603773585,103.0,1,123.0,141.0,2.3540650406504064,-1.0,-1.8369701987210297e-16,123.33333333333333
Contra Costa,2018,10,103,0.9820388349514564,104.0,1,106.0,123.0,1.319056603773585,-0.8660254037844386,0.5000000000000001,110.66666666666667
Contra Costa,2018,11,104,1.007596153846154,47.0,1,103.0,106.0,0.9820388349514564,-0.5000000000000004,0.8660254037844384,104.33333333333333
Contra Costa,2018,12,47,1.1795744680851064,38.0,0,104.0,103.0,1.007596153846154,-2.4492935982947064e-16,1.0,84.66666666666667
Contra Costa,2019,1,38,1.170263157894737,17.0,0,47.0,104.0,1.1795744680851064,0.49999999999999994,0.8660254037844387,63.0
Contra Costa,2019,2,17,0.8311764705882352,76.0,1,38.0,47.0,1.170263157894737,0.8660254037844386,0.5000000000000001,34.0
Contra Costa,2019,3,76,1.075657894736842,88.0,1,17.0,38.0,0.8311764705882352,1.0,6.123233995736766e-17,43.666666666666664
Contra Costa,2019,4,88,1.0721590909090908,59.0,1,76.0,17.0,1.075657894736842,0.8660254037844387,-0.49999999999999983,60.333333333333336
Contra Costa,2019,5,59,1.0535593220338983,78.0,1,88.0,76.0,1.0721590909090908,0.49999999999999994,-0.8660254037844387,74.33333333333333
Contra Costa,2019,6,78,3.55525641025641,95.0,1,59.0,88.0,1.0535593220338983,1.2246467991473532e-16,-1.0,75.0
Contra Costa,2019,7,95,0.9802105263157896,82.0,1,78.0,59.0,3.55525641025641,-0.4999999999999998,-0.8660254037844388,77.33333333333333
Contra Costa,2019,8,82,1.737560975609756,113.0,1,95.0,78.0,0.9802105263157896,-0.8660254037844384,-0.5000000000000004,85.0
Contra Costa,2019,9,113,1.7038938053097343,193.0,1,82.0,95.0,1.737560975609756,-1.0,-1.8369701987210297e-16,96.66666666666667
Contra Costa,2019,10,193,2.3537305699481865,124.0,1,113.0,82.0,1.7038938053097343,-0.8660254037844386,0.5000000000000001,129.33333333333334
Contra Costa,2019,11,124,1.5763709677419355,30.0,0,193.0,113.0,2.3537305699481865,-0.5000000000000004,0.8660254037844384,143.33333333333334
Contra Costa,2019,12,30,1.0533333333333337,44.0,0,124.0,193.0,1.5763709677419355,-2.4492935982947064e-16,1.0,115.66666666666667
Contra Costa,2020,1,44,1.0884090909090909,86.0,1,30.0,124.0,1.0533333333333337,0.49999999999999994,0.8660254037844387,66.0
Contra Costa,2020,2,86,1.2987209302325582,98.0,1,44.0,30.0,1.0884090909090909,0.8660254037844386,0.5000000000000001,53.333333333333336
Contra Costa,2020,3,98,1.1820408163265306,106.0,1,86.0,44.0,1.2987209302325582,1.0,6.123233995736766e-17,76.0
Contra Costa,2020,4,106,1.11,84.0,1,98.0,86.0,1.1820408163265306,0.8660254037844387,-0.49999999999999983,96.66666666666667
Contra Costa,2020,5,84,1.0083333333333333,98.0,1,106.0,98.0,1.11,0.49999999999999994,-0.8660254037844387,96.0
Contra Costa,2020,6,98,1.105408163265306,97.0,1,84.0,106.0,1.0083333333333333,1.2246467991473532e-16,-1.0,96.0
Contra Costa,2020,7,97,10.90556701030928,196.0,1,98.0,84.0,1.105408163265306,-0.4999999999999998,-0.8660254037844388,93.0
Contra Costa,2020,8,196,9.284132653061224,81.0,1,97.0,98.0,10.90556701030928,-0.8660254037844384,-0.5000000000000004,130.33333333333334
Contra Costa,2020,9,81,1.689506172839506,86.0,1,196.0,97.0,9.284132653061224,-1.0,-1.8369701987210297e-16,124.66666666666667
Contra Costa,2020,10,86,0.9501162790697674,60.0,1,81.0,196.0,1.689506172839506,-0.8660254037844386,0.5000000000000001,121.0
Contra Costa,2020,11,60,1.2568333333333332,48.0,1,86.0,81.0,0.9501162790697674,-0.5000000000000004,0.8660254037844384,75.66666666666667
Del Norte,2015,6,3,5.78,2366.0,1,1.0,2.0,3.72,1.2246467991473532e-16,-1.0,2.0
Del Norte,2015,8,2366,7.271817413355874,100.0,1,3.0,1.0,5.78,-0.8660254037844384,-0.5000000000000004,790.0
Del Norte,2015,9,100,6.430599999999999,20.0,0,2366.0,3.0,7.271817413355874,-1.0,-1.8369701987210297e-16,823.0
Del Norte,2015,10,20,1.7285,7.0,0,100.0,2366.0,6.430599999999999,-0.8660254037844386,0.5000000000000001,828.6666666666666
Del Norte,2015,11,7,7.002857142857143,1.0,0,20.0,100.0,1.7285,-0.5000000000000004,0.8660254037844384,42.333333333333336
Del Norte,2015,12,1,1.89,4.0,0,7.0,20.0,7.002857142857143,-2.4492935982947064e-16,1.0,9.333333333333334
Del Norte,2016,9,4,6.085,2.0,0,1.0,7.0,1.89,-1.0,-1.8369701987210297e-16,4.0
Del Norte,2016,11,2,1.05,7.0,0,4.0,1.0,6.085,-0.5000000000000004,0.8660254037844384,2.3333333333333335
Del Norte,2017,7,7,2.3242857142857143,649.0,1,2.0,4.0,1.05,-0.4999999999999998,-0.8660254037844388,4.333333333333333
Del Norte,2017,8,649,7.970554699537751,879.0,1,7.0,2.0,2.3242857142857143,-0.8660254037844384,-0.5000000000000004,219.33333333333334
Del Norte,2017,9,879,9.646450511945392,28.0,0,649.0,7.0,7.970554699537751,-1.0,-1.8369701987210297e-16,511.6666666666667
Del Norte,2017,10,28,2.626785714285714,1.0,0,879.0,649.0,9.646450511945392,-0.8660254037844386,0.5000000000000001,518.6666666666666
Del Norte,2017,12,1,0.59,352.0,1,28.0,879.0,2.626785714285714,-2.4492935982947064e-16,1.0,302.6666666666667
Del Norte,2018,7,352,4.944375,86.0,1,1.0,28.0,0.59,-0.4999999999999998,-0.8660254037844388,127.0
Del Norte,2018,8,86,4.151046511627907,22.0,0,352.0,1.0,4.944375,-0.8660254037844384,-0.5000000000000004,146.33333333333334
Del Norte,2018,9,22,8.956363636363637,2.0,0,86.0,352.0,4.151046511627907,-1.0,-1.8369701987210297e-16,153.33333333333334
Del Norte,2018,10,2,5.8149999999999995,3.0,0,22.0,86.0,8.956363636363637,-0.8660254037844386,0.5000000000000001,36.666666666666664
Del Norte,2018,11,3,4.43,1.0,0,2.0,22.0,5.8149999999999995,-0.5000000000000004,0.8660254037844384,9.0
Del Norte,2019,10,1,4.12,1696.0,1,3.0,2.0,4.43,-0.8660254037844386,0.5000000000000001,2.0
Del Norte,2020,9,1696,14.224451650943395,36.0,0,1.0,3.0,4.12,-1.0,-1.8369701987210297e-16,566.6666666666666
Del Norte,2020,10,36,6.46,6.0,0,1696.0,1.0,14.224451650943395,-0.8660254037844386,0.5000000000000001,577.6666666666666
El Dorado,2015,3,38,5.55,10.0,0,49.0,12.0,13.532448979591836,1.0,6.123233995736766e-17,33.0
El Dorado,2015,4,10,7.922,1.0,0,38.0,49.0,5.55,0.8660254037844387,-0.49999999999999983,32.333333333333336
El Dorado,2015,6,1,6.85,9.0,0,10.0,38.0,7.922,1.2246467991473532e-16,-1.0,16.333333333333332
El Dorado,2015,7,9,14.986666666666666,2.0,0,1.0,10.0,6.85,-0.4999999999999998,-0.8660254037844388,6.666666666666667
El Dorado,2015,8,2,7.96,61.0,1,9.0,1.0,14.986666666666666,-0.8660254037844384,-0.5000000000000004,4.0
El Dorado,2015,10,61,10.358196721311476,276.0,1,2.0,9.0,7.96,-0.8660254037844386,0.5000000000000001,24.0
El Dorado,2015,11,276,13.081847826086957,54.0,1,61.0,2.0,10.358196721311476,-0.5000000000000004,0.8660254037844384,113.0
El Dorado,2015,12,54,7.919629629629629,2.0,0,276.0,61.0,13.081847826086957,-2.4492935982947064e-16,1.0,130.33333333333334
El Dorado,2016,1,2,3.62,12.0,0,54.0,276.0,7.919629629629629,0.49999999999999994,0.8660254037844387,110.66666666666667
El Dorado,2016,2,12,10.880833333333332,3.0,0,2.0,54.0,3.62,0.8660254037844386,0.5000000000000001,22.666666666666668
El Dorado,2016,3,3,5.223333333333334,39.0,0,12.0,2.0,10.880833333333332,1.0,6.123233995736766e-17,5.666666666666667
El Dorado,2016,4,39,12.300769230769232,3.0,0,3.0,12.0,5.223333333333334,0.8660254037844387,-0.49999999999999983,18.0
El Dorado,2016,5,3,1.1666666666666667,66.0,1,39.0,3.0,12.300769230769232,0.49999999999999994,-0.8660254037844387,15.0
El Dorado,2016,6,66,21.795151515151517,245.0,1,3.0,39.0,1.1666666666666667,1.2246467991473532e-16,-1.0,36.0
El Dorado,2016,7,245,26.057061224489793,3.0,0,66.0,3.0,21.795151515151517,-0.4999999999999998,-0.8660254037844388,104.66666666666667
El Dorado,2016,8,3,1.2466666666666668,4.0,0,245.0,66.0,26.057061224489793,-0.8660254037844384,-0.5000000000000004,104.66666666666667
El Dorado,2016,9,4,3.9475,136.0,1,3.0,245.0,1.2466666666666668,-1.0,-1.8369701987210297e-16,84.0
El Dorado,2016,10,136,14.607426470588235,48.0,1,4.0,3.0,3.9475,-0.8660254037844386,0.5000000000000001,47.666666666666664
El Dorado,2016,11,48,13.1975,29.0,0,136.0,4.0,14.607426470588235,-0.5000000000000004,0.8660254037844384,62.666666666666664
El Dorado,2016,12,29,6.873448275862068,3.0,0,48.0,136.0,13.1975,-2.4492935982947064e-16,1.0,71.0
El Dorado,2017,3,3,4.010000000000001,2.0,0,29.0,48.0,6.873448275862068,1.0,6.123233995736766e-17,26.666666666666668
El Dorado,2017,4,2,1.305,37.0,0,3.0,29.0,4.010000000000001,0.8660254037844387,-0.49999999999999983,11.333333333333334
El Dorado,2017,5,37,18.702972972972972,7.0,0,2.0,3.0,1.305,0.49999999999999994,-0.8660254037844387,14.0
El Dorado,2017,6,7,7.7,6.0,0,37.0,2.0,18.702972972972972,1.2246467991473532e-16,-1.0,15.333333333333334
El Dorado,2017,7,6,39.51833333333333,5.0,0,7.0,37.0,7.7,-0.4999999999999998,-0.8660254037844388,16.666666666666668
El Dorado,2017,8,5,4.724,80.0,1,6.0,7.0,39.51833333333333,-0.8660254037844384,-0.5000000000000004,6.0
El Dorado,2017,10,80,15.872625,113.0,1,5.0,6.0,4.724,-0.8660254037844386,0.5000000000000001,30.333333333333332
El Dorado,2017,11,113,7.352212389380532,109.0,1,80.0,5.0,15.872625,-0.5000000000000004,0.8660254037844384,66.0
El Dorado,2017,12,109,13.477981651376146,36.0,0,113.0,80.0,7.352212389380532,-2.4492935982947064e-16,1.0,100.66666666666667
El Dorado,2018,1,36,4.585833333333333,40.0,0,109.0,113.0,13.477981651376146,0.49999999999999994,0.8660254037844387,86.0
El Dorado,2018,2,40,9.60675,5.0,0,36.0,109.0,4.585833333333333,0.8660254037844386,0.5000000000000001,61.666666666666664
El Dorado,2018,3,5,1.862,8.0,0,40.0,36.0,9.60675,1.0,6.123233995736766e-17,27.0
El Dorado,2018,4,8,6.9,4.0,0,5.0,40.0,1.862,0.8660254037844387,-0.49999999999999983,17.666666666666668
El Dorado,2018,5,4,3.24,24.0,0,8.0,5.0,6.9,0.49999999999999994,-0.8660254037844387,5.666666666666667
El Dorado,2018,6,24,5.184583333333333,2.0,0,4.0,8.0,3.24,1.2246467991473532e-16,-1.0,12.0
El Dorado,2018,7,2,3.84,12.0,0,24.0,4.0,5.184583333333333,-0.4999999999999998,-0.8660254037844388,10.0
El Dorado,2018,9,12,8.578333333333333,21.0,0,2.0,24.0,3.84,-1.0,-1.8369701987210297e-16,12.666666666666666
El Dorado,2018,10,21,6.979047619047619,13.0,0,12.0,2.0,8.578333333333333,-0.8660254037844386,0.5000000000000001,11.666666666666666
El Dorado,2018,11,13,19.799999999999997,107.0,1,21.0,12.0,6.979047619047619,-0.5000000000000004,0.8660254037844384,15.333333333333334
El Dorado,2018,12,107,3.2695327102803735,38.0,0,13.0,21.0,19.799999999999997,-2.4492935982947064e-16,1.0,47.0
El Dorado,2019,1,38,5.897368421052631,1.0,0,107.0,13.0,3.2695327102803735,0.49999999999999994,0.8660254037844387,52.666666666666664
El Dorado,2019,2,1,1.29,15.0,0,38.0,107.0,5.897368421052631,0.8660254037844386,0.5000000000000001,48.666666666666664
El Dorado,2019,3,15,3.3333333333333335,16.0,0,1.0,38.0,1.29,1.0,6.123233995736766e-17,18.0
El Dorado,2019,4,16,5.880625,11.0,0,15.0,1.0,3.3333333333333335,0.8660254037844387,-0.49999999999999983,10.666666666666666
El Dorado,2019,5,11,7.807272727272727,6.0,0,16.0,15.0,5.880625,0.49999999999999994,-0.8660254037844387,14.0
El Dorado,2019,6,6,13.635,8.0,0,11.0,16.0,7.807272727272727,1.2246467991473532e-16,-1.0,11.0
El Dorado,2019,7,8,4.44125,3.0,0,6.0,11.0,13.635,-0.4999999999999998,-0.8660254037844388,8.333333333333334
El Dorado,2019,8,3,10.546666666666669,13.0,0,8.0,6.0,4.44125,-0.8660254037844384,-0.5000000000000004,5.666666666666667
El Dorado,2019,9,13,24.694615384615386,425.0,1,3.0,8.0,10.546666666666669,-1.0,-1.8369701987210297e-16,8.0
El Dorado,2019,10,425,12.3744,1.0,0,13.0,3.0,24.694615384615386,-0.8660254037844386,0.5000000000000001,147.0
El Dorado,2019,11,1,2.9,59.0,1,425.0,13.0,12.3744,-0.5000000000000004,0.8660254037844384,146.33333333333334
El Dorado,2019,12,59,4.671525423728814,30.0,0,1.0,425.0,2.9,-2.4492935982947064e-16,1.0,161.66666666666666
El Dorado,2020,1,30,10.198666666666666,89.0,1,59.0,1.0,4.671525423728814,0.49999999999999994,0.8660254037844387,30.0
El Dorado,2020,2,89,13.17550561797753,44.0,0,30.0,59.0,10.198666666666666,0.8660254037844386,0.5000000000000001,59.333333333333336
El Dorado,2020,3,44,13.158636363636363,1.0,0,89.0,30.0,13.17550561797753,1.0,6.123233995736766e-17,54.333333333333336
El Dorado,2020,4,1,2.24,3.0,0,44.0,89.0,13.158636363636363,0.8660254037844387,-0.49999999999999983,44.666666666666664
El Dorado,2020,5,3,3.773333333333333,1.0,0,1.0,44.0,2.24,0.49999999999999994,-0.8660254037844387,16.0
El Dorado,2020,6,1,6.43,6.0,0,3.0,1.0,3.773333333333333,1.2246467991473532e-16,-1.0,1.6666666666666667
El Dorado,2020,7,6,8.21,4.0,0,1.0,3.0,6.43,-0.4999999999999998,-0.8660254037844388,3.3333333333333335
El Dorado,2020,8,4,1.99,159.0,1,6.0,1.0,8.21,-0.8660254037844384,-0.5000000000000004,3.6666666666666665
El Dorado,2020,9,159,16.71805031446541,8.0,0,4.0,6.0,1.99,-1.0,-1.8369701987210297e-16,56.333333333333336
El Dorado,2020,10,8,1.9675,6.0,0,159.0,4.0,16.71805031446541,-0.8660254037844386,0.5000000000000001,57.0
El Dorado,2020,11,6,3.5866666666666664,67.0,1,8.0,159.0,1.9675,-0.5000000000000004,0.8660254037844384,57.666666666666664
Fresno,2015,3,71,11.46338028169014,81.0,1,87.0,8.0,7.652298850574713,1.0,6.123233995736766e-17,55.333333333333336
Fresno,2015,4,81,8.637777777777778,50.0,1,71.0,87.0,11.46338028169014,0.8660254037844387,-0.49999999999999983,79.66666666666667
Fresno,2015,5,50,5.1876,23.0,0,81.0,71.0,8.637777777777778,0.49999999999999994,-0.8660254037844387,67.33333333333333
Fresno,2015,6,23,4.320434782608696,34.0,0,50.0,81.0,5.1876,1.2246467991473532e-16,-1.0,51.333333333333336
Fresno,2015,7,34,6.341764705882353,5732.0,1,23.0,50.0,4.320434782608696,-0.4999999999999998,-0.8660254037844388,35.666666666666664
Fresno,2015,8,5732,20.021959176552684,4997.0,1,34.0,23.0,6.341764705882353,-0.8660254037844384,-0.5000000000000004,1929.6666666666667
Fresno,2015,9,4997,13.192971783069842,211.0,1,5732.0,34.0,20.021959176552684,-1.0,-1.8369701987210297e-16,3587.6666666666665
Fresno,2015,10,211,5.450521327014218,101.0,1,4997.0,5732.0,13.192971783069842,-0.8660254037844386,0.5000000000000001,3646.6666666666665
Fresno,2015,11,101,6.427920792079208,118.0,1,211.0,4997.0,5.450521327014218,-0.5000000000000004,0.8660254037844384,1769.6666666666667
Fresno,2015,12,118,5.990084745762712,20.0,0,101.0,211.0,6.427920792079208,-2.4492935982947064e-16,1.0,143.33333333333334
Fresno,2016,1,20,7.3595,107.0,1,118.0,101.0,5.990084745762712,0.49999999999999994,0.8660254037844387,79.66666666666667
Fresno,2016,2,107,5.723271028037383,133.0,1,20.0,118.0,7.3595,0.8660254037844386,0.5000000000000001,81.66666666666667
Fresno,2016,3,133,6.59984962406015,78.0,1,107.0,20.0,5.723271028037383,1.0,6.123233995736766e-17,86.66666666666667
Fresno,2016,4,78,5.301153846153846,49.0,1,133.0,107.0,6.59984962406015,0.8660254037844387,-0.49999999999999983,106.0
Fresno,2016,5,49,4.430204081632653,35.0,0,78.0,133.0,5.301153846153846,0.49999999999999994,-0.8660254037844387,86.66666666666667
Fresno,2016,6,35,7.330857142857142,118.0,1,49.0,78.0,4.430204081632653,1.2246467991473532e-16,-1.0,54.0
Fresno,2016,7,118,8.532542372881355,140.0,1,35.0,49.0,7.330857142857142,-0.4999999999999998,-0.8660254037844388,67.33333333333333
Fresno,2016,8,140,14.958142857142857,197.0,1,118.0,35.0,8.532542372881355,-0.8660254037844384,-0.5000000000000004,97.66666666666667
Fresno,2016,9,197,12.074467005076142,265.0,1,140.0,118.0,14.958142857142857,-1.0,-1.8369701987210297e-16,151.66666666666666
Fresno,2016,10,265,13.27954716981132,229.0,1,197.0,140.0,12.074467005076142,-0.8660254037844386,0.5000000000000001,200.66666666666666
Fresno,2016,11,229,10.389737991266376,59.0,1,265.0,197.0,13.27954716981132,-0.5000000000000004,0.8660254037844384,230.33333333333334
Fresno,2016,12,59,13.446779661016947,39.0,0,229.0,265.0,10.389737991266376,-2.4492935982947064e-16,1.0,184.33333333333334
Fresno,2017,1,39,14.58076923076923,45.0,0,59.0,229.0,13.446779661016947,0.49999999999999994,0.8660254037844387,109.0
Fresno,2017,2,45,9.246222222222222,156.0,1,39.0,59.0,14.58076923076923,0.8660254037844386,0.5000000000000001,47.666666666666664
Fresno,2017,3,156,5.210448717948718,125.0,1,45.0,39.0,9.246222222222222,1.0,6.123233995736766e-17,80.0
Fresno,2017,4,125,16.13632,118.0,1,156.0,45.0,5.210448717948718,0.8660254037844387,-0.49999999999999983,108.66666666666667
Fresno,2017,5,118,12.04271186440678,87.0,1,125.0,156.0,16.13632,0.49999999999999994,-0.8660254037844387,133.0
Fresno,2017,6,87,6.690919540229885,827.0,1,118.0,125.0,12.04271186440678,1.2246467991473532e-16,-1.0,110.0
Fresno,2017,7,827,23.220822249093107,48.0,1,87.0,118.0,6.690919540229885,-0.4999999999999998,-0.8660254037844388,344.0
Fresno,2017,8,48,12.15125,150.0,1,827.0,87.0,23.220822249093107,-0.8660254037844384,-0.5000000000000004,320.6666666666667
Fresno,2017,9,150,8.853866666666667,278.0,1,48.0,827.0,12.15125,-1.0,-1.8369701987210297e-16,341.6666666666667
Fresno,2017,10,278,10.367913669064748,266.0,1,150.0,48.0,8.853866666666667,-0.8660254037844386,0.5000000000000001,158.66666666666666
Fresno,2017,11,266,10.0606015037594,184.0,1,278.0,150.0,10.367913669064748,-0.5000000000000004,0.8660254037844384,231.33333333333334
Fresno,2017,12,184,8.985815217391304,192.0,1,266.0,278.0,10.0606015037594,-2.4492935982947064e-16,1.0,242.66666666666666
Fresno,2018,1,192,9.16859375,211.0,1,184.0,266.0,8.985815217391304,0.49999999999999994,0.8660254037844387,214.0
Fresno,2018,2,211,10.661469194312795,76.0,1,192.0,184.0,9.16859375,0.8660254037844386,0.5000000000000001,195.66666666666666
Fresno,2018,3,76,6.899078947368421,62.0,1,211.0,192.0,10.661469194312795,1.0,6.123233995736766e-17,159.66666666666666
Fresno,2018,4,62,9.244516129032258,43.0,0,76.0,211.0,6.899078947368421,0.8660254037844387,-0.49999999999999983,116.33333333333333
Fresno,2018,5,43,5.4906976744186045,40.0,0,62.0,76.0,9.244516129032258,0.49999999999999994,-0.8660254037844387,60.333333333333336
Fresno,2018,6,40,9.8295,13.0,0,43.0,62.0,5.4906976744186045,1.2246467991473532e-16,-1.0,48.333333333333336
Fresno,2018,7,13,6.395384615384615,98.0,1,40.0,43.0,9.8295,-0.4999999999999998,-0.8660254037844388,32.0
Fresno,2018,8,98,8.618571428571428,85.0,1,13.0,40.0,6.395384615384615,-0.8660254037844384,-0.5000000000000004,50.333333333333336
Fresno,2018,9,85,7.637529411764705,196.0,1,98.0,13.0,8.618571428571428,-1.0,-1.8369701987210297e-16,65.33333333333333
Fresno,2018,10,196,7.255,127.0,1,85.0,98.0,7.637529411764705,-0.8660254037844386,0.5000000000000001,126.33333333333333
Fresno,2018,11,127,6.866771653543307,41.0,0,196.0,85.0,7.255,-0.5000000000000004,0.8660254037844384,136.0
Fresno,2018,12,41,4.438780487804879,79.0,1,127.0,196.0,6.866771653543307,-2.4492935982947064e-16,1.0,121.33333333333333
Fresno,2019,1,79,7.875696202531645,41.0,0,41.0,127.0,4.438780487804879,0.49999999999999994,0.8660254037844387,82.33333333333333
Fresno,2019,2,41,6.66170731707317,59.0,1,79.0,41.0,7.875696202531645,0.8660254037844386,0.5000000000000001,53.666666666666664
Fresno,2019,3,59,5.121016949152542,58.0,1,41.0,79.0,6.66170731707317,1.0,6.123233995736766e-17,59.666666666666664
Fresno,2019,4,58,5.468275862068966,56.0,1,59.0,41.0,5.121016949152542,0.8660254037844387,-0.49999999999999983,52.666666666666664
Fresno,2019,5,56,6.283214285714286,74.0,1,58.0,59.0,5.468275862068966,0.49999999999999994,-0.8660254037844387,57.666666666666664
Fresno,2019,6,74,7.399054054054053,41.0,0,56.0,58.0,6.283214285714286,1.2246467991473532e-16,-1.0,62.666666666666664
Fresno,2019,7,41,6.460243902439024,41.0,0,74.0,56.0,7.399054054054053,-0.4999999999999998,-0.8660254037844388,57.0
Fresno,2019,8,41,8.255365853658537,79.0,1,41.0,74.0,6.460243902439024,-0.8660254037844384,-0.5000000000000004,52.0
Fresno,2019,9,79,5.062658227848101,81.0,1,41.0,41.0,8.255365853658537,-1.0,-1.8369701987210297e-16,53.666666666666664
Fresno,2019,10,81,6.674444444444444,60.0,1,79.0,41.0,5.062658227848101,-0.8660254037844386,0.5000000000000001,67.0
Fresno,2019,11,60,3.779333333333333,58.0,1,81.0,79.0,6.674444444444444,-0.5000000000000004,0.8660254037844384,73.33333333333333
Fresno,2019,12,58,5.574310344827587,73.0,1,60.0,81.0,3.779333333333333,-2.4492935982947064e-16,1.0,66.33333333333333
Fresno,2020,1,73,9.271506849315069,345.0,1,58.0,60.0,5.574310344827587,0.49999999999999994,0.8660254037844387,63.666666666666664
Fresno,2020,2,345,11.950028985507249,250.0,1,73.0,58.0,9.271506849315069,0.8660254037844386,0.5000000000000001,158.66666666666666
Fresno,2020,3,250,7.69056,91.0,1,345.0,73.0,11.950028985507249,1.0,6.123233995736766e-17,222.66666666666666
Fresno,2020,4,91,6.008791208791208,71.0,1,250.0,345.0,7.69056,0.8660254037844387,-0.49999999999999983,228.66666666666666
Fresno,2020,5,71,6.206901408450705,58.0,1,91.0,250.0,6.008791208791208,0.49999999999999994,-0.8660254037844387,137.33333333333334
Fresno,2020,6,58,4.552241379310344,600.0,1,71.0,91.0,6.206901408450705,1.2246467991473532e-16,-1.0,73.33333333333333
Fresno,2020,7,600,21.874116666666666,99.0,1,58.0,71.0,4.552241379310344,-0.4999999999999998,-0.8660254037844388,243.0
Fresno,2020,8,99,14.410909090909092,14505.0,1,600.0,58.0,21.874116666666666,-0.8660254037844384,-0.5000000000000004,252.33333333333334
Fresno,2020,9,14505,18.73233505687694,6631.0,1,99.0,600.0,14.410909090909092,-1.0,-1.8369701987210297e-16,5068.0
Fresno,2020,10,6631,14.632797466445483,307.0,1,14505.0,99.0,18.73233505687694,-0.8660254037844386,0.5000000000000001,7078.333333333333
Fresno,2020,11,307,3.809934853420195,32.0,0,6631.0,14505.0,14.632797466445483,-0.5000000000000004,0.8660254037844384,7147.666666666667
Glenn,2015,3,78,7.4107692307692306,23.0,0,14.0,20.0,6.987142857142857,1.0,6.123233995736766e-17,37.333333333333336
Glenn,2015,4,23,6.203913043478261,12.0,0,78.0,14.0,7.4107692307692306,0.8660254037844387,-0.49999999999999983,38.333333333333336
Glenn,2015,5,12,1.9433333333333336,5.0,0,23.0,78.0,6.203913043478261,0.49999999999999994,-0.8660254037844387,37.666666666666664
Glenn,2015,6,5,6.372,3.0,0,12.0,23.0,1.9433333333333336,1.2246467991473532e-16,-1.0,13.333333333333334
Glenn,2015,7,3,13.153333333333334,2.0,0,5.0,12.0,6.372,-0.4999999999999998,-0.8660254037844388,6.666666666666667
Glenn,2015,8,2,0.6799999999999999,17.0,0,3.0,5.0,13.153333333333334,-0.8660254037844384,-0.5000000000000004,3.3333333333333335
Glenn,2015,9,17,22.4,105.0,1,2.0,3.0,0.6799999999999999,-1.0,-1.8369701987210297e-16,7.333333333333333
Glenn,2015,10,105,20.446,62.0,1,17.0,2.0,22.4,-0.8660254037844386,0.5000000000000001,41.333333333333336
Glenn,2015,11,62,10.848225806451614,6.0,0,105.0,17.0,20.446,-0.5000000000000004,0.8660254037844384,61.333333333333336
Glenn,2015,12,6,2.986666666666667,16.0,0,62.0,105.0,10.848225806451614,-2.4492935982947064e-16,1.0,57.666666666666664
Glenn,2016,2,16,12.09875,24.0,0,6.0,62.0,2.986666666666667,0.8660254037844386,0.5000000000000001,28.0
Glenn,2016,3,24,7.076666666666667,23.0,0,16.0,6.0,12.09875,1.0,6.123233995736766e-17,15.333333333333334
Glenn,2016,4,23,5.915217391304348,23.0,0,24.0,16.0,7.076666666666667,0.8660254037844387,-0.49999999999999983,21.0
Glenn,2016,5,23,5.219130434782609,22.0,0,23.0,24.0,5.915217391304348,0.49999999999999994,-0.8660254037844387,23.333333333333332
Glenn,2016,6,22,18.865909090909092,26.0,0,23.0,23.0,5.219130434782609,1.2246467991473532e-16,-1.0,22.666666666666668
Glenn,2016,7,26,8.878846153846153,10.0,0,22.0,23.0,18.865909090909092,-0.4999999999999998,-0.8660254037844388,23.666666666666668
Glenn,2016,8,10,6.5920000000000005,22.0,0,26.0,22.0,8.878846153846153,-0.8660254037844384,-0.5000000000000004,19.333333333333332
Glenn,2016,9,22,16.48818181818182,41.0,0,10.0,26.0,6.5920000000000005,-1.0,-1.8369701987210297e-16,19.333333333333332
Glenn,2016,10,41,6.720975609756097,24.0,0,22.0,10.0,16.48818181818182,-0.8660254037844386,0.5000000000000001,24.333333333333332
Glenn,2016,11,24,10.408333333333331,3.0,0,41.0,22.0,6.720975609756097,-0.5000000000000004,0.8660254037844384,29.0
Glenn,2016,12,3,4.943333333333333,4.0,0,24.0,41.0,10.408333333333331,-2.4492935982947064e-16,1.0,22.666666666666668
Glenn,2017,2,4,3.085,23.0,0,3.0,24.0,4.943333333333333,0.8660254037844386,0.5000000000000001,10.333333333333334
Glenn,2017,3,23,11.508695652173913,70.0,1,4.0,3.0,3.085,1.0,6.123233995736766e-17,10.0
Glenn,2017,4,70,7.238857142857142,41.0,0,23.0,4.0,11.508695652173913,0.8660254037844387,-0.49999999999999983,32.333333333333336
Glenn,2017,5,41,7.41439024390244,8.0,0,70.0,23.0,7.238857142857142,0.49999999999999994,-0.8660254037844387,44.666666666666664
Glenn,2017,6,8,7.32125,4.0,0,41.0,70.0,7.41439024390244,1.2246467991473532e-16,-1.0,39.666666666666664
Glenn,2017,7,4,4.1425,12.0,0,8.0,41.0,7.32125,-0.4999999999999998,-0.8660254037844388,17.666666666666668
Glenn,2017,8,12,30.36583333333333,21.0,0,4.0,8.0,4.1425,-0.8660254037844384,-0.5000000000000004,8.0
Glenn,2017,9,21,7.7995238095238095,57.0,1,12.0,4.0,30.36583333333333,-1.0,-1.8369701987210297e-16,12.333333333333334
Glenn,2017,10,57,8.176140350877194,36.0,0,21.0,12.0,7.7995238095238095,-0.8660254037844386,0.5000000000000001,30.0
Glenn,2017,11,36,8.217222222222222,42.0,0,57.0,21.0,8.176140350877194,-0.5000000000000004,0.8660254037844384,38.0
Glenn,2017,12,42,8.968809523809524,3.0,0,36.0,57.0,8.217222222222222,-2.4492935982947064e-16,1.0,45.0
Glenn,2018,1,3,2.64,83.0,1,42.0,36.0,8.968809523809524,0.49999999999999994,0.8660254037844387,27.0
Glenn,2018,2,83,6.702409638554216,36.0,0,3.0,42.0,2.64,0.8660254037844386,0.5000000000000001,42.666666666666664
Glenn,2018,3,36,6.462222222222222,47.0,1,83.0,3.0,6.702409638554216,1.0,6.123233995736766e-17,40.666666666666664
Glenn,2018,4,47,7.862765957446808,9.0,0,36.0,83.0,6.462222222222222,0.8660254037844387,-0.49999999999999983,55.333333333333336
Glenn,2018,5,9,2.7211111111111115,24.0,0,47.0,36.0,7.862765957446808,0.49999999999999994,-0.8660254037844387,30.666666666666668
Glenn,2018,6,24,13.58375,6.0,0,9.0,47.0,2.7211111111111115,1.2246467991473532e-16,-1.0,26.666666666666668
Glenn,2018,7,6,10.261666666666668,2156.0,1,24.0,9.0,13.58375,-0.4999999999999998,-0.8660254037844388,13.0
Glenn,2018,8,2156,12.75025974025974,263.0,1,6.0,24.0,10.261666666666668,-0.8660254037844384,-0.5000000000000004,728.6666666666666
Glenn,2018,9,263,6.873726235741445,53.0,1,2156.0,6.0,12.75025974025974,-1.0,-1.8369701987210297e-16,808.3333333333334
Glenn,2018,10,53,12.807169811320756,44.0,0,263.0,2156.0,6.873726235741445,-0.8660254037844386,0.5000000000000001,824.0
Glenn,2018,11,44,10.875,46.0,1,53.0,263.0,12.807169811320756,-0.5000000000000004,0.8660254037844384,120.0
Glenn,2018,12,46,7.1041304347826095,12.0,0,44.0,53.0,10.875,-2.4492935982947064e-16,1.0,47.666666666666664
Glenn,2019,1,12,3.964166666666667,4.0,0,46.0,44.0,7.1041304347826095,0.49999999999999994,0.8660254037844387,34.0
Glenn,2019,2,4,3.78,16.0,0,12.0,46.0,3.964166666666667,0.8660254037844386,0.5000000000000001,20.666666666666668
Glenn,2019,3,16,4.65625,99.0,1,4.0,12.0,3.78,1.0,6.123233995736766e-17,10.666666666666666
Glenn,2019,4,99,7.050909090909091,134.0,1,16.0,4.0,4.65625,0.8660254037844387,-0.49999999999999983,39.666666666666664
Glenn,2019,5,134,13.161492537313434,78.0,1,99.0,16.0,7.050909090909091,0.49999999999999994,-0.8660254037844387,83.0
Glenn,2019,6,78,14.185641025641026,34.0,0,134.0,99.0,13.161492537313434,1.2246467991473532e-16,-1.0,103.66666666666667
Glenn,2019,7,34,9.605882352941178,14.0,0,78.0,134.0,14.185641025641026,-0.4999999999999998,-0.8660254037844388,82.0
Glenn,2019,8,14,5.678571428571429,47.0,1,34.0,78.0,9.605882352941178,-0.8660254037844384,-0.5000000000000004,42.0
Glenn,2019,9,47,10.856808510638295,67.0,1,14.0,34.0,5.678571428571429,-1.0,-1.8369701987210297e-16,31.666666666666668
Glenn,2019,10,67,8.482089552238806,120.0,1,47.0,14.0,10.856808510638295,-0.8660254037844386,0.5000000000000001,42.666666666666664
Glenn,2019,11,120,17.90125,11.0,0,67.0,47.0,8.482089552238806,-0.5000000000000004,0.8660254037844384,78.0
Glenn,2019,12,11,6.352727272727273,24.0,0,120.0,67.0,17.90125,-2.4492935982947064e-16,1.0,66.0
Glenn,2020,1,24,7.095416666666666,224.0,1,11.0,120.0,6.352727272727273,0.49999999999999994,0.8660254037844387,51.666666666666664
Glenn,2020,2,224,7.846964285714286,179.0,1,24.0,11.0,7.095416666666666,0.8660254037844386,0.5000000000000001,86.33333333333333
Glenn,2020,3,179,14.58659217877095,85.0,1,224.0,24.0,7.846964285714286,1.0,6.123233995736766e-17,142.33333333333334
Glenn,2020,4,85,11.010823529411764,19.0,0,179.0,224.0,14.58659217877095,0.8660254037844387,-0.49999999999999983,162.66666666666666
Glenn,2020,5,19,4.458947368421053,16.0,0,85.0,179.0,11.010823529411764,0.49999999999999994,-0.8660254037844387,94.33333333333333
Glenn,2020,6,16,6.8374999999999995,13.0,0,19.0,85.0,4.458947368421053,1.2246467991473532e-16,-1.0,40.0
Glenn,2020,7,13,3.379230769230769,6523.0,1,16.0,19.0,6.8374999999999995,-0.4999999999999998,-0.8660254037844388,16.0
Glenn,2020,8,6523,23.76526291583627,3205.0,1,13.0,16.0,3.379230769230769,-0.8660254037844384,-0.5000000000000004,2184.0
Glenn,2020,9,3205,28.2842496099844,62.0,1,6523.0,13.0,23.76526291583627,-1.0,-1.8369701987210297e-16,3247.0
Glenn,2020,10,62,11.49016129032258,157.0,1,3205.0,6523.0,28.2842496099844,-0.8660254037844386,0.5000000000000001,3263.3333333333335
Glenn,2020,11,157,20.18343949044586,164.0,1,62.0,3205.0,11.49016129032258,-0.5000000000000004,0.8660254037844384,1141.3333333333333
Humboldt,2015,3,2,3.85,1.0,0,1.0,20.0,2.22,1.0,6.123233995736766e-17,7.666666666666667
Humboldt,2015,5,1,0.36,19.0,0,2.0,1.0,3.85,0.49999999999999994,-0.8660254037844387,1.3333333333333333
Humboldt,2015,6,19,6.428421052631578,98.0,1,1.0,2.0,0.36,1.2246467991473532e-16,-1.0,7.333333333333333
Humboldt,2015,7,98,22.15051020408163,3085.0,1,19.0,1.0,6.428421052631578,-0.4999999999999998,-0.8660254037844388,39.333333333333336
Humboldt,2015,8,3085,7.097222042139384,63.0,1,98.0,19.0,22.15051020408163,-0.8660254037844384,-0.5000000000000004,1067.3333333333333
Humboldt,2015,9,63,9.67746031746032,7.0,0,3085.0,98.0,7.097222042139384,-1.0,-1.8369701987210297e-16,1082.0
Humboldt,2015,10,7,3.165714285714286,18.0,0,63.0,3085.0,9.67746031746032,-0.8660254037844386,0.5000000000000001,1051.6666666666667
Humboldt,2015,11,18,6.432222222222222,3.0,0,7.0,63.0,3.165714285714286,-0.5000000000000004,0.8660254037844384,29.333333333333332
Humboldt,2015,12,3,2.67,2.0,0,18.0,7.0,6.432222222222222,-2.4492935982947064e-16,1.0,9.333333333333334
Humboldt,2016,1,2,0.97,3.0,0,3.0,18.0,2.67,0.49999999999999994,0.8660254037844387,7.666666666666667
Humboldt,2016,2,3,3.0499999999999994,2.0,0,2.0,3.0,0.97,0.8660254037844386,0.5000000000000001,2.6666666666666665
Humboldt,2016,3,2,4.655,2.0,0,3.0,2.0,3.0499999999999994,1.0,6.123233995736766e-17,2.3333333333333335
Humboldt,2016,4,2,2.245,4.0,0,2.0,3.0,4.655,0.8660254037844387,-0.49999999999999983,2.3333333333333335
Humboldt,2016,6,4,1.2475,4.0,0,2.0,2.0,2.245,1.2246467991473532e-16,-1.0,2.6666666666666665
Humboldt,2016,7,4,0.8575,20.0,0,4.0,2.0,1.2475,-0.4999999999999998,-0.8660254037844388,3.3333333333333335
Humboldt,2016,8,20,2.583,2.0,0,4.0,4.0,0.8575,-0.8660254037844384,-0.5000000000000004,9.333333333333334
Humboldt,2016,9,2,16.28,51.0,1,20.0,4.0,2.583,-1.0,-1.8369701987210297e-16,8.666666666666666
Humboldt,2016,10,51,11.101764705882356,23.0,0,2.0,20.0,16.28,-0.8660254037844386,0.5000000000000001,24.333333333333332
Humboldt,2016,11,23,5.7013043478260865,5.0,0,51.0,2.0,11.101764705882356,-0.5000000000000004,0.8660254037844384,25.333333333333332
Humboldt,2016,12,5,3.558,1.0,0,23.0,51.0,5.7013043478260865,-2.4492935982947064e-16,1.0,26.333333333333332
Humboldt,2017,3,1,2.61,1.0,0,5.0,23.0,3.558,1.0,6.123233995736766e-17,9.666666666666666
Humboldt,2017,5,1,1.96,4.0,0,1.0,5.0,2.61,0.49999999999999994,-0.8660254037844387,2.3333333333333335
Humboldt,2017,6,4,1.945,10.0,0,1.0,1.0,1.96,1.2246467991473532e-16,-1.0,2.0
Humboldt,2017,8,10,14.464,1.0,0,4.0,1.0,1.945,-0.8660254037844384,-0.5000000000000004,5.0
Humboldt,2017,9,1,0.6,23.0,0,10.0,4.0,14.464,-1.0,-1.8369701987210297e-16,5.0
Humboldt,2017,10,23,6.649130434782609,29.0,0,1.0,10.0,0.6,-0.8660254037844386,0.5000000000000001,11.333333333333334
Humboldt,2017,11,29,5.159655172413793,2.0,0,23.0,1.0,6.649130434782609,-0.5000000000000004,0.8660254037844384,17.666666666666668
Humboldt,2017,12,2,2.37,4.0,0,29.0,23.0,5.159655172413793,-2.4492935982947064e-16,1.0,18.0
Humboldt,2018,1,4,2.74,16.0,0,2.0,29.0,2.37,0.49999999999999994,0.8660254037844387,11.666666666666666
Humboldt,2018,2,16,5.310625,1.0,0,4.0,2.0,2.74,0.8660254037844386,0.5000000000000001,7.333333333333333
Humboldt,2018,3,1,2.5,23.0,0,16.0,4.0,5.310625,1.0,6.123233995736766e-17,7.0
Humboldt,2018,4,23,5.01304347826087,1.0,0,1.0,16.0,2.5,0.8660254037844387,-0.49999999999999983,13.333333333333334
Humboldt,2018,5,1,2.65,2.0,0,23.0,1.0,5.01304347826087,0.49999999999999994,-0.8660254037844387,8.333333333333334
Humboldt,2018,6,2,5.24,2.0,0,1.0,23.0,2.65,1.2246467991473532e-16,-1.0,8.666666666666666
Humboldt,2018,7,2,1.5,227.0,1,2.0,1.0,5.24,-0.4999999999999998,-0.8660254037844388,1.6666666666666667
Humboldt,2018,8,227,5.286872246696035,16.0,0,2.0,2.0,1.5,-0.8660254037844384,-0.5000000000000004,77.0
Humboldt,2018,9,16,11.808125,48.0,1,227.0,2.0,5.286872246696035,-1.0,-1.8369701987210297e-16,81.66666666666667
Humboldt,2018,10,48,3.904375,18.0,0,16.0,227.0,11.808125,-0.8660254037844386,0.5000000000000001,97.0
Humboldt,2018,11,18,6.552222222222222,14.0,0,48.0,16.0,3.904375,-0.5000000000000004,0.8660254037844384,27.333333333333332
Humboldt,2018,12,14,5.445714285714286,9.0,0,18.0,48.0,6.552222222222222,-2.4492935982947064e-16,1.0,26.666666666666668
Humboldt,2019,1,9,3.83,3.0,0,14.0,18.0,5.445714285714286,0.49999999999999994,0.8660254037844387,13.666666666666666
Humboldt,2019,3,3,5.33,8.0,0,9.0,14.0,3.83,1.0,6.123233995736766e-17,8.666666666666666
Humboldt,2019,4,8,5.4675,2.0,0,3.0,9.0,5.33,0.8660254037844387,-0.49999999999999983,6.666666666666667
Humboldt,2019,5,2,6.8149999999999995,2.0,0,8.0,3.0,5.4675,0.49999999999999994,-0.8660254037844387,4.333333333333333
Humboldt,2019,7,2,1.815,1.0,0,2.0,8.0,6.8149999999999995,-0.4999999999999998,-0.8660254037844388,4.0
Humboldt,2019,8,1,0.29,3.0,0,2.0,2.0,1.815,-0.8660254037844384,-0.5000000000000004,1.6666666666666667
Humboldt,2019,9,3,1.59,12.0,0,1.0,2.0,0.29,-1.0,-1.8369701987210297e-16,2.0
Humboldt,2019,10,12,9.538333333333332,7.0,0,3.0,1.0,1.59,-0.8660254037844386,0.5000000000000001,5.333333333333333
Humboldt,2019,11,7,12.152857142857142,22.0,0,12.0,3.0,9.538333333333332,-0.5000000000000004,0.8660254037844384,7.333333333333333
Humboldt,2019,12,22,4.917727272727273,3.0,0,7.0,12.0,12.152857142857142,-2.4492935982947064e-16,1.0,13.666666666666666
Humboldt,2020,1,3,0.6733333333333333,8.0,0,22.0,7.0,4.917727272727273,0.49999999999999994,0.8660254037844387,10.666666666666666
Humboldt,2020,2,8,5.203749999999999,9.0,0,3.0,22.0,0.6733333333333333,0.8660254037844386,0.5000000000000001,11.0
Humboldt,2020,3,9,3.695555555555555,2.0,0,8.0,3.0,5.203749999999999,1.0,6.123233995736766e-17,6.666666666666667
Humboldt,2020,4,2,1.76,7.0,0,9.0,8.0,3.695555555555555,0.8660254037844387,-0.49999999999999983,6.333333333333333
Humboldt,2020,5,7,3.237142857142857,65.0,1,2.0,9.0,1.76,0.49999999999999994,-0.8660254037844387,6.0
Humboldt,2020,7,65,9.764,1266.0,1,7.0,2.0,3.237142857142857,-0.4999999999999998,-0.8660254037844388,24.666666666666668
Humboldt,2020,8,1266,9.909770932069511,4106.0,1,65.0,7.0,9.764,-0.8660254037844384,-0.5000000000000004,446.0
Humboldt,2020,9,4106,18.2523161227472,148.0,1,1266.0,65.0,9.909770932069511,-1.0,-1.8369701987210297e-16,1812.3333333333333
Humboldt,2020,10,148,4.581824324324325,70.0,1,4106.0,1266.0,18.2523161227472,-0.8660254037844386,0.5000000000000001,1840.0
Humboldt,2020,11,70,5.41,71.0,1,148.0,4106.0,4.581824324324325,-0.5000000000000004,0.8660254037844384,1441.3333333333333
Imperial,2015,3,9,19.641111111111112,4.0,0,27.0,42.0,19.622592592592596,1.0,6.123233995736766e-17,26.0
Imperial,2015,4,4,0.8275,18.0,0,9.0,27.0,19.641111111111112,0.8660254037844387,-0.49999999999999983,13.333333333333334
Imperial,2015,5,18,43.48166666666666,16.0,0,4.0,9.0,0.8275,0.49999999999999994,-0.8660254037844387,10.333333333333334
Imperial,2015,6,16,13.808125,53.0,1,18.0,4.0,43.48166666666666,1.2246467991473532e-16,-1.0,12.666666666666666
Imperial,2015,7,53,26.165283018867925,26.0,0,16.0,18.0,13.808125,-0.4999999999999998,-0.8660254037844388,29.0
Imperial,2015,8,26,23.025769230769235,14.0,0,53.0,16.0,26.165283018867925,-0.8660254037844384,-0.5000000000000004,31.666666666666668
Imperial,2015,9,14,4.742142857142857,27.0,0,26.0,53.0,23.025769230769235,-1.0,-1.8369701987210297e-16,31.0
Imperial,2015,10,27,22.77777777777778,32.0,0,14.0,26.0,4.742142857142857,-0.8660254037844386,0.5000000000000001,22.333333333333332
Imperial,2015,11,32,6.7090625,22.0,0,27.0,14.0,22.77777777777778,-0.5000000000000004,0.8660254037844384,24.333333333333332
Imperial,2015,12,22,20.81409090909091,22.0,0,32.0,27.0,6.7090625,-2.4492935982947064e-16,1.0,27.0
Imperial,2016,1,22,8.790454545454546,32.0,0,22.0,32.0,20.81409090909091,0.49999999999999994,0.8660254037844387,25.333333333333332
Imperial,2016,2,32,8.436875,24.0,0,22.0,22.0,8.790454545454546,0.8660254037844386,0.5000000000000001,25.333333333333332
Imperial,2016,3,24,7.190833333333334,9.0,0,32.0,22.0,8.436875,1.0,6.123233995736766e-17,26.0
Imperial,2016,4,9,7.458888888888889,5.0,0,24.0,32.0,7.190833333333334,0.8660254037844387,-0.49999999999999983,21.666666666666668
Imperial,2016,5,5,47.662,68.0,1,9.0,24.0,7.458888888888889,0.49999999999999994,-0.8660254037844387,12.666666666666666
Imperial,2016,6,68,26.258529411764705,53.0,1,5.0,9.0,47.662,1.2246467991473532e-16,-1.0,27.333333333333332
Imperial,2016,7,53,23.388490566037735,23.0,0,68.0,5.0,26.258529411764705,-0.4999999999999998,-0.8660254037844388,42.0
Imperial,2016,8,23,19.11782608695652,13.0,0,53.0,68.0,23.388490566037735,-0.8660254037844384,-0.5000000000000004,48.0
Imperial,2016,9,13,23.463846153846156,11.0,0,23.0,53.0,19.11782608695652,-1.0,-1.8369701987210297e-16,29.666666666666668
Imperial,2016,10,11,5.766363636363637,9.0,0,13.0,23.0,23.463846153846156,-0.8660254037844386,0.5000000000000001,15.666666666666666
Imperial,2016,11,9,14.687777777777775,1.0,0,11.0,13.0,5.766363636363637,-0.5000000000000004,0.8660254037844384,11.0
Imperial,2016,12,1,6.76,12.0,0,9.0,11.0,14.687777777777775,-2.4492935982947064e-16,1.0,7.0
Imperial,2017,1,12,9.764166666666666,34.0,0,1.0,9.0,6.76,0.49999999999999994,0.8660254037844387,7.333333333333333
Imperial,2017,2,34,14.803235294117648,26.0,0,12.0,1.0,9.764166666666666,0.8660254037844386,0.5000000000000001,15.666666666666666
Imperial,2017,3,26,15.961923076923076,11.0,0,34.0,12.0,14.803235294117648,1.0,6.123233995736766e-17,24.0
Imperial,2017,4,11,13.373636363636365,13.0,0,26.0,34.0,15.961923076923076,0.8660254037844387,-0.49999999999999983,23.666666666666668
Imperial,2017,5,13,22.463846153846152,47.0,1,11.0,26.0,13.373636363636365,0.49999999999999994,-0.8660254037844387,16.666666666666668
Imperial,2017,6,47,34.723404255319146,18.0,0,13.0,11.0,22.463846153846152,1.2246467991473532e-16,-1.0,23.666666666666668
Imperial,2017,7,18,13.71,21.0,0,47.0,13.0,34.723404255319146,-0.4999999999999998,-0.8660254037844388,26.0
Imperial,2017,8,21,10.49047619047619,81.0,1,18.0,47.0,13.71,-0.8660254037844384,-0.5000000000000004,28.666666666666668
Imperial,2017,9,81,36.00851851851852,11.0,0,21.0,18.0,10.49047619047619,-1.0,-1.8369701987210297e-16,40.0
Imperial,2017,10,11,7.947272727272727,4.0,0,81.0,21.0,36.00851851851852,-0.8660254037844386,0.5000000000000001,37.666666666666664
Imperial,2017,11,4,9.0875,3.0,0,11.0,81.0,7.947272727272727,-0.5000000000000004,0.8660254037844384,32.0
Imperial,2017,12,3,2.1199999999999997,54.0,1,4.0,11.0,9.0875,-2.4492935982947064e-16,1.0,6.0
Imperial,2018,1,54,19.034074074074073,16.0,0,3.0,4.0,2.1199999999999997,0.49999999999999994,0.8660254037844387,20.333333333333332
Imperial,2018,2,16,4.031875,12.0,0,54.0,3.0,19.034074074074073,0.8660254037844386,0.5000000000000001,24.333333333333332
Imperial,2018,3,12,8.5825,15.0,0,16.0,54.0,4.031875,1.0,6.123233995736766e-17,27.333333333333332
Imperial,2018,5,15,25.38266666666667,10.0,0,12.0,16.0,8.5825,0.49999999999999994,-0.8660254037844387,14.333333333333334
Imperial,2018,6,10,10.318,9.0,0,15.0,12.0,25.38266666666667,1.2246467991473532e-16,-1.0,12.333333333333334
Imperial,2018,7,9,9.696666666666667,28.0,0,10.0,15.0,10.318,-0.4999999999999998,-0.8660254037844388,11.333333333333334
Imperial,2018,8,28,15.49392857142857,37.0,0,9.0,10.0,9.696666666666667,-0.8660254037844384,-0.5000000000000004,15.666666666666666
Imperial,2018,9,37,8.808108108108108,11.0,0,28.0,9.0,15.49392857142857,-1.0,-1.8369701987210297e-16,24.666666666666668
Imperial,2018,10,11,4.024545454545454,2.0,0,37.0,28.0,8.808108108108108,-0.8660254037844386,0.5000000000000001,25.333333333333332
Imperial,2018,11,2,5.1850000000000005,3.0,0,11.0,37.0,4.024545454545454,-0.5000000000000004,0.8660254037844384,16.666666666666668
Imperial,2018,12,3,5.896666666666666,64.0,1,2.0,11.0,5.1850000000000005,-2.4492935982947064e-16,1.0,5.333333333333333
Imperial,2019,1,64,27.7984375,27.0,0,3.0,2.0,5.896666666666666,0.49999999999999994,0.8660254037844387,23.0
Imperial,2019,2,27,17.860370370370372,11.0,0,64.0,3.0,27.7984375,0.8660254037844386,0.5000000000000001,31.333333333333332
Imperial,2019,3,11,28.317272727272726,6.0,0,27.0,64.0,17.860370370370372,1.0,6.123233995736766e-17,34.0
Imperial,2019,4,6,3.5033333333333334,27.0,0,11.0,27.0,28.317272727272726,0.8660254037844387,-0.49999999999999983,14.666666666666666
Imperial,2019,5,27,7.278888888888889,47.0,1,6.0,11.0,3.5033333333333334,0.49999999999999994,-0.8660254037844387,14.666666666666666
Imperial,2019,6,47,7.933404255319149,38.0,0,27.0,6.0,7.278888888888889,1.2246467991473532e-16,-1.0,26.666666666666668
Imperial,2019,7,38,12.176842105263155,30.0,0,47.0,27.0,7.933404255319149,-0.4999999999999998,-0.8660254037844388,37.333333333333336
Imperial,2019,8,30,12.631666666666666,10.0,0,38.0,47.0,12.176842105263155,-0.8660254037844384,-0.5000000000000004,38.333333333333336
Imperial,2019,9,10,5.1739999999999995,23.0,0,30.0,38.0,12.631666666666666,-1.0,-1.8369701987210297e-16,26.0
Imperial,2019,10,23,11.675217391304349,15.0,0,10.0,30.0,5.1739999999999995,-0.8660254037844386,0.5000000000000001,21.0
Imperial,2019,11,15,12.591333333333331,2.0,0,23.0,10.0,11.675217391304349,-0.5000000000000004,0.8660254037844384,16.0
Imperial,2019,12,2,0.6,47.0,1,15.0,23.0,12.591333333333331,-2.4492935982947064e-16,1.0,13.333333333333334
Imperial,2020,1,47,11.18872340425532,13.0,0,2.0,15.0,0.6,0.49999999999999994,0.8660254037844387,21.333333333333332
Imperial,2020,2,13,8.680769230769231,6.0,0,47.0,2.0,11.18872340425532,0.8660254037844386,0.5000000000000001,20.666666666666668
Imperial,2020,3,6,3.5700000000000003,33.0,0,13.0,47.0,8.680769230769231,1.0,6.123233995736766e-17,22.0
Imperial,2020,4,33,10.97060606060606,16.0,0,6.0,13.0,3.5700000000000003,0.8660254037844387,-0.49999999999999983,17.333333333333332
Imperial,2020,5,16,6.86125,32.0,0,33.0,6.0,10.97060606060606,0.49999999999999994,-0.8660254037844387,18.333333333333332
Imperial,2020,6,32,18.976875,28.0,0,16.0,33.0,6.86125,1.2246467991473532e-16,-1.0,27.0
Imperial,2020,7,28,13.633571428571427,10.0,0,32.0,16.0,18.976875,-0.4999999999999998,-0.8660254037844388,25.333333333333332
Imperial,2020,8,10,9.577000000000002,30.0,0,28.0,32.0,13.633571428571427,-0.8660254037844384,-0.5000000000000004,23.333333333333332
Imperial,2020,9,30,12.238,50.0,1,10.0,28.0,9.577000000000002,-1.0,-1.8369701987210297e-16,22.666666666666668
Imperial,2020,10,50,17.1674,43.0,0,30.0,10.0,12.238,-0.8660254037844386,0.5000000000000001,30.0
Imperial,2020,11,43,19.474883720930233,20.0,0,50.0,30.0,17.1674,-0.5000000000000004,0.8660254037844384,41.0
Inyo,2015,12,1,0.11,5.0,0,9.0,4.0,2.04,-2.4492935982947064e-16,1.0,4.666666666666667
Inyo,2016,2,5,35.75,2.0,0,1.0,9.0,0.11,0.8660254037844386,0.5000000000000001,5.0
Inyo,2016,3,2,7.92,1.0,0,5.0,1.0,35.75,1.0,6.123233995736766e-17,2.6666666666666665
Inyo,2016,4,1,3.32,24.0,0,2.0,5.0,7.92,0.8660254037844387,-0.49999999999999983,2.6666666666666665
Inyo,2016,6,24,6.7250000000000005,45.0,0,1.0,2.0,3.32,1.2246467991473532e-16,-1.0,9.0
Inyo,2016,8,45,5.863555555555556,23.0,0,24.0,1.0,6.7250000000000005,-0.8660254037844384,-0.5000000000000004,23.333333333333332
Inyo,2017,6,23,6.528695652173913,1.0,0,45.0,24.0,5.863555555555556,1.2246467991473532e-16,-1.0,30.666666666666668
Inyo,2017,8,1,3.24,1.0,0,23.0,45.0,6.528695652173913,-0.8660254037844384,-0.5000000000000004,23.0
Inyo,2017,10,1,1.1,19.0,0,1.0,23.0,3.24,-0.8660254037844386,0.5000000000000001,8.333333333333334
Inyo,2018,2,19,3.956315789473684,1.0,0,1.0,1.0,1.1,0.8660254037844386,0.5000000000000001,7.0
Inyo,2018,3,1,0.17,19.0,0,19.0,1.0,3.956315789473684,1.0,6.123233995736766e-17,7.0
Inyo,2018,4,19,20.69315789473684,49.0,1,1.0,19.0,0.17,0.8660254037844387,-0.49999999999999983,13.0
Inyo,2018,7,49,4.130408163265306,2.0,0,19.0,1.0,20.69315789473684,-0.4999999999999998,-0.8660254037844388,23.0
Inyo,2019,1,2,3.1799999999999997,7.0,0,49.0,19.0,4.130408163265306,0.49999999999999994,0.8660254037844387,23.333333333333332
Inyo,2019,2,7,73.83142857142857,2.0,0,2.0,49.0,3.1799999999999997,0.8660254037844386,0.5000000000000001,19.333333333333332
Inyo,2019,7,2,2.57,418.0,1,7.0,2.0,73.83142857142857,-0.4999999999999998,-0.8660254037844388,3.6666666666666665
Inyo,2019,9,418,35.63571770334928,27.0,0,2.0,7.0,2.57,-1.0,-1.8369701987210297e-16,142.33333333333334
Inyo,2019,10,27,8.176296296296297,3.0,0,418.0,2.0,35.63571770334928,-0.8660254037844386,0.5000000000000001,149.0
Inyo,2019,12,3,6.109999999999999,3.0,0,27.0,418.0,8.176296296296297,-2.4492935982947064e-16,1.0,149.33333333333334
Inyo,2020,2,3,9.02,2.0,0,3.0,27.0,6.109999999999999,0.8660254037844386,0.5000000000000001,11.0
Inyo,2020,6,2,1.88,93.0,1,3.0,3.0,9.02,1.2246467991473532e-16,-1.0,2.6666666666666665
Inyo,2020,7,93,15.763333333333334,289.0,1,2.0,3.0,1.88,-0.4999999999999998,-0.8660254037844388,32.666666666666664
Kern,2015,3,48,4.40375,36.0,0,108.0,4.0,5.951851851851852,1.0,6.123233995736766e-17,53.333333333333336
Kern,2015,4,36,7.845555555555555,55.0,1,48.0,108.0,4.40375,0.8660254037844387,-0.49999999999999983,64.0
Kern,2015,5,55,7.003636363636363,44.0,0,36.0,48.0,7.845555555555555,0.49999999999999994,-0.8660254037844387,46.333333333333336
Kern,2015,6,44,5.29,54.0,1,55.0,36.0,7.003636363636363,1.2246467991473532e-16,-1.0,45.0
Kern,2015,7,54,7.160185185185185,30.0,0,44.0,55.0,5.29,-0.4999999999999998,-0.8660254037844388,51.0
Kern,2015,8,30,2.621,24.0,0,54.0,44.0,7.160185185185185,-0.8660254037844384,-0.5000000000000004,42.666666666666664
Kern,2015,9,24,3.5954166666666665,77.0,1,30.0,54.0,2.621,-1.0,-1.8369701987210297e-16,36.0
Kern,2015,10,77,4.731818181818182,31.0,0,24.0,30.0,3.5954166666666665,-0.8660254037844386,0.5000000000000001,43.666666666666664
Kern,2015,11,31,4.707096774193549,23.0,0,77.0,24.0,4.731818181818182,-0.5000000000000004,0.8660254037844384,44.0
Kern,2015,12,23,9.45217391304348,8.0,0,31.0,77.0,4.707096774193549,-2.4492935982947064e-16,1.0,43.666666666666664
Kern,2016,1,8,4.02,34.0,0,23.0,31.0,9.45217391304348,0.49999999999999994,0.8660254037844387,20.666666666666668
Kern,2016,2,34,6.177352941176471,22.0,0,8.0,23.0,4.02,0.8660254037844386,0.5000000000000001,21.666666666666668
Kern,2016,3,22,5.167272727272728,46.0,1,34.0,8.0,6.177352941176471,1.0,6.123233995736766e-17,21.333333333333332
Kern,2016,4,46,8.75804347826087,79.0,1,22.0,34.0,5.167272727272728,0.8660254037844387,-0.49999999999999983,34.0
Kern,2016,5,79,8.237594936708861,1249.0,1,46.0,22.0,8.75804347826087,0.49999999999999994,-0.8660254037844387,49.0
Kern,2016,6,1249,23.18444355484387,88.0,1,79.0,46.0,8.237594936708861,1.2246467991473532e-16,-1.0,458.0
Kern,2016,7,88,5.872272727272727,1261.0,1,1249.0,79.0,23.18444355484387,-0.4999999999999998,-0.8660254037844388,472.0
Kern,2016,8,1261,33.485400475812845,40.0,0,88.0,1249.0,5.872272727272727,-0.8660254037844384,-0.5000000000000004,866.0
Kern,2016,9,40,8.4905,29.0,0,1261.0,88.0,33.485400475812845,-1.0,-1.8369701987210297e-16,463.0
Kern,2016,10,29,5.104827586206897,95.0,1,40.0,1261.0,8.4905,-0.8660254037844386,0.5000000000000001,443.3333333333333
Kern,2016,11,95,15.407263157894738,11.0,0,29.0,40.0,5.104827586206897,-0.5000000000000004,0.8660254037844384,54.666666666666664
Kern,2016,12,11,2.399090909090909,8.0,0,95.0,29.0,15.407263157894738,-2.4492935982947064e-16,1.0,45.0
Kern,2017,1,8,10.11375,47.0,1,11.0,95.0,2.399090909090909,0.49999999999999994,0.8660254037844387,38.0
Kern,2017,2,47,9.313617021276595,88.0,1,8.0,11.0,10.11375,0.8660254037844386,0.5000000000000001,22.0
Kern,2017,3,88,6.320795454545455,99.0,1,47.0,8.0,9.313617021276595,1.0,6.123233995736766e-17,47.666666666666664
Kern,2017,4,99,5.643939393939394,72.0,1,88.0,47.0,6.320795454545455,0.8660254037844387,-0.49999999999999983,78.0
Kern,2017,5,72,10.223888888888888,154.0,1,99.0,88.0,5.643939393939394,0.49999999999999994,-0.8660254037844387,86.33333333333333
Kern,2017,6,154,16.646558441558444,88.0,1,72.0,99.0,10.223888888888888,1.2246467991473532e-16,-1.0,108.33333333333333
Kern,2017,7,88,11.195454545454544,43.0,0,154.0,72.0,16.646558441558444,-0.4999999999999998,-0.8660254037844388,104.66666666666667
Kern,2017,8,43,11.86186046511628,110.0,1,88.0,154.0,11.195454545454544,-0.8660254037844384,-0.5000000000000004,95.0
Kern,2017,9,110,7.277,93.0,1,43.0,88.0,11.86186046511628,-1.0,-1.8369701987210297e-16,80.33333333333333
Kern,2017,10,93,10.197956989247311,86.0,1,110.0,43.0,7.277,-0.8660254037844386,0.5000000000000001,82.0
Kern,2017,11,86,7.652790697674418,91.0,1,93.0,110.0,10.197956989247311,-0.5000000000000004,0.8660254037844384,96.33333333333333
Kern,2017,12,91,19.166813186813187,128.0,1,86.0,93.0,7.652790697674418,-2.4492935982947064e-16,1.0,90.0
Kern,2018,1,128,15.43578125,90.0,1,91.0,86.0,19.166813186813187,0.49999999999999994,0.8660254037844387,101.66666666666667
Kern,2018,2,90,6.789,64.0,1,128.0,91.0,15.43578125,0.8660254037844386,0.5000000000000001,103.0
Kern,2018,3,64,17.27875,41.0,0,90.0,128.0,6.789,1.0,6.123233995736766e-17,94.0
Kern,2018,4,41,4.781219512195122,74.0,1,64.0,90.0,17.27875,0.8660254037844387,-0.49999999999999983,65.0
Kern,2018,5,74,8.257567567567566,13.0,0,41.0,64.0,4.781219512195122,0.49999999999999994,-0.8660254037844387,59.666666666666664
Kern,2018,6,13,4.18,20.0,0,74.0,41.0,8.257567567567566,1.2246467991473532e-16,-1.0,42.666666666666664
Kern,2018,7,20,4.2825,51.0,1,13.0,74.0,4.18,-0.4999999999999998,-0.8660254037844388,35.666666666666664
Kern,2018,8,51,3.071764705882353,16.0,0,20.0,13.0,4.2825,-0.8660254037844384,-0.5000000000000004,28.0
Kern,2018,9,16,3.67,48.0,1,51.0,20.0,3.071764705882353,-1.0,-1.8369701987210297e-16,29.0
Kern,2018,10,48,8.262291666666666,21.0,0,16.0,51.0,3.67,-0.8660254037844386,0.5000000000000001,38.333333333333336
Kern,2018,11,21,8.949047619047619,53.0,1,48.0,16.0,8.262291666666666,-0.5000000000000004,0.8660254037844384,28.333333333333332
Kern,2018,12,53,11.843018867924528,47.0,1,21.0,48.0,8.949047619047619,-2.4492935982947064e-16,1.0,40.666666666666664
Kern,2019,1,47,6.132127659574468,40.0,0,53.0,21.0,11.843018867924528,0.49999999999999994,0.8660254037844387,40.333333333333336
Kern,2019,2,40,5.42975,69.0,1,47.0,53.0,6.132127659574468,0.8660254037844386,0.5000000000000001,46.666666666666664
Kern,2019,3,69,5.316521739130434,43.0,0,40.0,47.0,5.42975,1.0,6.123233995736766e-17,52.0
Kern,2019,4,43,5.743488372093023,37.0,0,69.0,40.0,5.316521739130434,0.8660254037844387,-0.49999999999999983,50.666666666666664
Kern,2019,5,37,5.925675675675675,53.0,1,43.0,69.0,5.743488372093023,0.49999999999999994,-0.8660254037844387,49.666666666666664
Kern,2019,6,53,5.891320754716982,55.0,1,37.0,43.0,5.925675675675675,1.2246467991473532e-16,-1.0,44.333333333333336
Kern,2019,7,55,7.186,54.0,1,53.0,37.0,5.891320754716982,-0.4999999999999998,-0.8660254037844388,48.333333333333336
Kern,2019,8,54,7.925925925925926,24.0,0,55.0,53.0,7.186,-0.8660254037844384,-0.5000000000000004,54.0
Kern,2019,9,24,6.946666666666666,42.0,0,54.0,55.0,7.925925925925926,-1.0,-1.8369701987210297e-16,44.333333333333336
Kern,2019,10,42,4.6033333333333335,41.0,0,24.0,54.0,6.946666666666666,-0.8660254037844386,0.5000000000000001,40.0
Kern,2019,11,41,4.591463414634147,23.0,0,42.0,24.0,4.6033333333333335,-0.5000000000000004,0.8660254037844384,35.666666666666664
Kern,2019,12,23,12.79,8.0,0,41.0,42.0,4.591463414634147,-2.4492935982947064e-16,1.0,35.333333333333336
Kern,2020,1,8,1.7425,55.0,1,23.0,41.0,12.79,0.49999999999999994,0.8660254037844387,24.0
Kern,2020,2,55,6.274545454545455,220.0,1,8.0,23.0,1.7425,0.8660254037844386,0.5000000000000001,28.666666666666668
Kern,2020,3,220,9.28640909090909,78.0,1,55.0,8.0,6.274545454545455,1.0,6.123233995736766e-17,94.33333333333333
Kern,2020,4,78,6.215641025641026,52.0,1,220.0,55.0,9.28640909090909,0.8660254037844387,-0.49999999999999983,117.66666666666667
Kern,2020,5,52,5.391538461538461,48.0,1,78.0,220.0,6.215641025641026,0.49999999999999994,-0.8660254037844387,116.66666666666667
Kern,2020,6,48,9.021875,35.0,0,52.0,78.0,5.391538461538461,1.2246467991473532e-16,-1.0,59.333333333333336
Kern,2020,7,35,4.467142857142857,331.0,1,48.0,52.0,9.021875,-0.4999999999999998,-0.8660254037844388,45.0
Kern,2020,8,331,16.08915407854985,15.0,0,35.0,48.0,4.467142857142857,-0.8660254037844384,-0.5000000000000004,138.0
Kern,2020,9,15,0.7473333333333333,25.0,0,331.0,35.0,16.08915407854985,-1.0,-1.8369701987210297e-16,127.0
Kern,2020,10,25,2.1252,8.0,0,15.0,331.0,0.7473333333333333,-0.8660254037844386,0.5000000000000001,123.66666666666667
Kern,2020,11,8,1.45125,15.0,0,25.0,15.0,2.1252,-0.5000000000000004,0.8660254037844384,16.0
Kings,2015,3,9,5.361111111111111,15.0,0,9.0,3.0,4.323333333333334,1.0,6.123233995736766e-17,7.0
Kings,2015,4,15,10.608,6.0,0,9.0,9.0,5.361111111111111,0.8660254037844387,-0.49999999999999983,11.0
Kings,2015,5,6,2.9916666666666667,3.0,0,15.0,9.0,10.608,0.49999999999999994,-0.8660254037844387,10.0
Kings,2015,6,3,6.136666666666667,3.0,0,6.0,15.0,2.9916666666666667,1.2246467991473532e-16,-1.0,8.0
Kings,2015,8,3,10.71,3.0,0,3.0,6.0,6.136666666666667,-0.8660254037844384,-0.5000000000000004,4.0
Kings,2015,9,3,1.6266666666666667,2.0,0,3.0,3.0,10.71,-1.0,-1.8369701987210297e-16,3.0
Kings,2015,10,2,13.97,4.0,0,3.0,3.0,1.6266666666666667,-0.8660254037844386,0.5000000000000001,2.6666666666666665
Kings,2015,11,4,2.81,5.0,0,2.0,3.0,13.97,-0.5000000000000004,0.8660254037844384,3.0
Kings,2015,12,5,4.074,5.0,0,4.0,2.0,2.81,-2.4492935982947064e-16,1.0,3.6666666666666665
Kings,2016,1,5,3.272,4.0,0,5.0,4.0,4.074,0.49999999999999994,0.8660254037844387,4.666666666666667
Kings,2016,2,4,1.7475,16.0,0,5.0,5.0,3.272,0.8660254037844386,0.5000000000000001,4.666666666666667
Kings,2016,3,16,5.27,5.0,0,4.0,5.0,1.7475,1.0,6.123233995736766e-17,8.333333333333334
Kings,2016,4,5,5.178,22.0,0,16.0,4.0,5.27,0.8660254037844387,-0.49999999999999983,8.333333333333334
Kings,2016,5,22,13.408181818181818,11.0,0,5.0,16.0,5.178,0.49999999999999994,-0.8660254037844387,14.333333333333334
Kings,2016,6,11,11.252727272727272,5.0,0,22.0,5.0,13.408181818181818,1.2246467991473532e-16,-1.0,12.666666666666666
Kings,2016,7,5,3.01,3.0,0,11.0,22.0,11.252727272727272,-0.4999999999999998,-0.8660254037844388,12.666666666666666
Kings,2016,8,3,1.1366666666666667,11.0,0,5.0,11.0,3.01,-0.8660254037844384,-0.5000000000000004,6.333333333333333
Kings,2016,9,11,10.363636363636363,14.0,0,3.0,5.0,1.1366666666666667,-1.0,-1.8369701987210297e-16,6.333333333333333
Kings,2016,10,14,8.645,135.0,1,11.0,3.0,10.363636363636363,-0.8660254037844386,0.5000000000000001,9.333333333333334
Kings,2016,11,135,12.254592592592592,10.0,0,14.0,11.0,8.645,-0.5000000000000004,0.8660254037844384,53.333333333333336
Kings,2016,12,10,4.599,1.0,0,135.0,14.0,12.254592592592592,-2.4492935982947064e-16,1.0,53.0
Kings,2017,1,1,2.89,40.0,0,10.0,135.0,4.599,0.49999999999999994,0.8660254037844387,48.666666666666664
Kings,2017,2,40,14.95075,38.0,0,1.0,10.0,2.89,0.8660254037844386,0.5000000000000001,17.0
Kings,2017,3,38,3.2963157894736845,32.0,0,40.0,1.0,14.95075,1.0,6.123233995736766e-17,26.333333333333332
Kings,2017,4,32,23.015625,4.0,0,38.0,40.0,3.2963157894736845,0.8660254037844387,-0.49999999999999983,36.666666666666664
Kings,2017,5,4,5.637499999999999,21.0,0,32.0,38.0,23.015625,0.49999999999999994,-0.8660254037844387,24.666666666666668
Kings,2017,6,21,8.23047619047619,210.0,1,4.0,32.0,5.637499999999999,1.2246467991473532e-16,-1.0,19.0
Kings,2017,7,210,22.408190476190477,5.0,0,21.0,4.0,8.23047619047619,-0.4999999999999998,-0.8660254037844388,78.33333333333333
Kings,2017,8,5,3.56,12.0,0,210.0,21.0,22.408190476190477,-0.8660254037844384,-0.5000000000000004,78.66666666666667
Kings,2017,9,12,9.251666666666669,11.0,0,5.0,210.0,3.56,-1.0,-1.8369701987210297e-16,75.66666666666667
Kings,2017,10,11,8.176363636363636,26.0,0,12.0,5.0,9.251666666666669,-0.8660254037844386,0.5000000000000001,9.333333333333334
Kings,2017,11,26,8.750384615384615,7.0,0,11.0,12.0,8.176363636363636,-0.5000000000000004,0.8660254037844384,16.333333333333332
Kings,2017,12,7,8.114285714285714,8.0,0,26.0,11.0,8.750384615384615,-2.4492935982947064e-16,1.0,14.666666666666666
Kings,2018,1,8,4.1475,9.0,0,7.0,26.0,8.114285714285714,0.49999999999999994,0.8660254037844387,13.666666666666666
Kings,2018,2,9,4.225555555555555,3.0,0,8.0,7.0,4.1475,0.8660254037844386,0.5000000000000001,8.0
Kings,2018,3,3,10.43,2.0,0,9.0,8.0,4.225555555555555,1.0,6.123233995736766e-17,6.666666666666667
Kings,2018,5,2,5.415,1.0,0,3.0,9.0,10.43,0.49999999999999994,-0.8660254037844387,4.666666666666667
Kings,2018,6,1,4.16,1.0,0,2.0,3.0,5.415,1.2246467991473532e-16,-1.0,2.0
Kings,2018,7,1,0.76,8.0,0,1.0,2.0,4.16,-0.4999999999999998,-0.8660254037844388,1.3333333333333333
Kings,2018,8,8,5.0375,4.0,0,1.0,1.0,0.76,-0.8660254037844384,-0.5000000000000004,3.3333333333333335
Kings,2018,9,4,2.575,5.0,0,8.0,1.0,5.0375,-1.0,-1.8369701987210297e-16,4.333333333333333
Kings,2018,10,5,2.662,3.0,0,4.0,8.0,2.575,-0.8660254037844386,0.5000000000000001,5.666666666666667
Kings,2018,11,3,3.0399999999999996,3.0,0,5.0,4.0,2.662,-0.5000000000000004,0.8660254037844384,4.0
Kings,2018,12,3,3.1966666666666668,4.0,0,3.0,5.0,3.0399999999999996,-2.4492935982947064e-16,1.0,3.6666666666666665
Kings,2019,1,4,5.0625,3.0,0,3.0,3.0,3.1966666666666668,0.49999999999999994,0.8660254037844387,3.3333333333333335
Kings,2019,2,3,1.0266666666666666,6.0,0,4.0,3.0,5.0625,0.8660254037844386,0.5000000000000001,3.3333333333333335
Kings,2019,3,6,2.7733333333333334,2.0,0,3.0,4.0,1.0266666666666666,1.0,6.123233995736766e-17,4.333333333333333
Kings,2019,4,2,7.42,9.0,0,6.0,3.0,2.7733333333333334,0.8660254037844387,-0.49999999999999983,3.6666666666666665
Kings,2019,5,9,16.124444444444446,11.0,0,2.0,6.0,7.42,0.49999999999999994,-0.8660254037844387,5.666666666666667
Kings,2019,6,11,14.46,3.0,0,9.0,2.0,16.124444444444446,1.2246467991473532e-16,-1.0,7.333333333333333
Kings,2019,7,3,0.52,7.0,0,11.0,9.0,14.46,-0.4999999999999998,-0.8660254037844388,7.666666666666667
Kings,2019,8,7,6.8428571428571425,16.0,0,3.0,11.0,0.52,-0.8660254037844384,-0.5000000000000004,7.0
Kings,2019,9,16,4.1975,13.0,0,7.0,3.0,6.8428571428571425,-1.0,-1.8369701987210297e-16,8.666666666666666
Kings,2019,10,13,7.761538461538462,20.0,0,16.0,7.0,4.1975,-0.8660254037844386,0.5000000000000001,12.0
Kings,2019,11,20,7.637,4.0,0,13.0,16.0,7.761538461538462,-0.5000000000000004,0.8660254037844384,16.333333333333332
Kings,2019,12,4,3.955,7.0,0,20.0,13.0,7.637,-2.4492935982947064e-16,1.0,12.333333333333334
Kings,2020,1,7,2.185714285714286,3.0,0,4.0,20.0,3.955,0.49999999999999994,0.8660254037844387,10.333333333333334
Kings,2020,2,3,2.903333333333333,28.0,0,7.0,4.0,2.185714285714286,0.8660254037844386,0.5000000000000001,4.666666666666667
Kings,2020,3,28,7.479285714285714,2.0,0,3.0,7.0,2.903333333333333,1.0,6.123233995736766e-17,12.666666666666666
Kings,2020,4,2,1.81,11.0,0,28.0,3.0,7.479285714285714,0.8660254037844387,-0.49999999999999983,11.0
Kings,2020,5,11,2.887272727272727,3.0,0,2.0,28.0,1.81,0.49999999999999994,-0.8660254037844387,13.666666666666666
Kings,2020,6,3,0.79,8.0,0,11.0,2.0,2.887272727272727,1.2246467991473532e-16,-1.0,5.333333333333333
Kings,2020,7,8,2.8875,6.0,0,3.0,11.0,0.79,-0.4999999999999998,-0.8660254037844388,7.333333333333333
Kings,2020,8,6,4.691666666666666,3.0,0,8.0,3.0,2.8875,-0.8660254037844384,-0.5000000000000004,5.666666666666667
Kings,2020,9,3,0.36,4.0,0,6.0,8.0,4.691666666666666,-1.0,-1.8369701987210297e-16,5.666666666666667
Kings,2020,10,4,0.9875,1.0,0,3.0,6.0,0.36,-0.8660254037844386,0.5000000000000001,4.333333333333333
Kings,2020,11,1,0.58,12.0,0,4.0,3.0,0.9875,-0.5000000000000004,0.8660254037844384,2.6666666666666665
Lake,2015,3,11,5.739090909090909,20.0,0,17.0,25.0,10.403529411764705,1.0,6.123233995736766e-17,17.666666666666668
Lake,2015,4,20,5.5405,9.0,0,11.0,17.0,5.739090909090909,0.8660254037844387,-0.49999999999999983,16.0
Lake,2015,5,9,7.148888888888889,2.0,0,20.0,11.0,5.5405,0.49999999999999994,-0.8660254037844387,13.333333333333334
Lake,2015,6,2,15.92,905.0,1,9.0,20.0,7.148888888888889,1.2246467991473532e-16,-1.0,10.333333333333334
Lake,2015,7,905,32.118541436464085,537.0,1,2.0,9.0,15.92,-0.4999999999999998,-0.8660254037844388,305.3333333333333
Lake,2015,8,537,31.660223463687153,122.0,1,905.0,2.0,32.118541436464085,-0.8660254037844384,-0.5000000000000004,481.3333333333333
Lake,2015,9,122,5.588196721311475,2.0,0,537.0,905.0,31.660223463687153,-1.0,-1.8369701987210297e-16,521.3333333333334
Lake,2015,11,2,3.69,3.0,0,122.0,537.0,5.588196721311475,-0.5000000000000004,0.8660254037844384,220.33333333333334
Lake,2015,12,3,4.213333333333334,5.0,0,2.0,122.0,3.69,-2.4492935982947064e-16,1.0,42.333333333333336
Lake,2016,2,5,1.876,2.0,0,3.0,2.0,4.213333333333334,0.8660254037844386,0.5000000000000001,3.3333333333333335
Lake,2016,3,2,2.8949999999999996,59.0,1,5.0,3.0,1.876,1.0,6.123233995736766e-17,3.3333333333333335
Lake,2016,4,59,9.169661016949153,3.0,0,2.0,5.0,2.8949999999999996,0.8660254037844387,-0.49999999999999983,22.0
Lake,2016,5,3,2.14,7.0,0,59.0,2.0,9.169661016949153,0.49999999999999994,-0.8660254037844387,21.333333333333332
Lake,2016,6,7,3.7528571428571422,2.0,0,3.0,59.0,2.14,1.2246467991473532e-16,-1.0,23.0
Lake,2016,7,2,4.23,83.0,1,7.0,3.0,3.7528571428571422,-0.4999999999999998,-0.8660254037844388,4.0
Lake,2016,8,83,10.68289156626506,11.0,0,2.0,7.0,4.23,-0.8660254037844384,-0.5000000000000004,30.666666666666668
Lake,2016,10,11,4.9399999999999995,65.0,1,83.0,2.0,10.68289156626506,-0.8660254037844386,0.5000000000000001,32.0
Lake,2016,11,65,12.801692307692308,43.0,0,11.0,83.0,4.9399999999999995,-0.5000000000000004,0.8660254037844384,53.0
Lake,2016,12,43,6.1723255813953495,9.0,0,65.0,11.0,12.801692307692308,-2.4492935982947064e-16,1.0,39.666666666666664
Lake,2017,1,9,8.146666666666668,15.0,0,43.0,65.0,6.1723255813953495,0.49999999999999994,0.8660254037844387,39.0
Lake,2017,2,15,2.7753333333333337,21.0,0,9.0,43.0,8.146666666666668,0.8660254037844386,0.5000000000000001,22.333333333333332
Lake,2017,3,21,5.020476190476191,21.0,0,15.0,9.0,2.7753333333333337,1.0,6.123233995736766e-17,15.0
Lake,2017,4,21,4.488571428571428,9.0,0,21.0,15.0,5.020476190476191,0.8660254037844387,-0.49999999999999983,19.0
Lake,2017,5,9,5.698888888888889,16.0,0,21.0,21.0,4.488571428571428,0.49999999999999994,-0.8660254037844387,17.0
Lake,2017,9,16,24.034375,83.0,1,9.0,21.0,5.698888888888889,-1.0,-1.8369701987210297e-16,15.333333333333334
Lake,2017,10,83,30.71060240963855,4.0,0,16.0,9.0,24.034375,-0.8660254037844386,0.5000000000000001,36.0
Lake,2017,11,4,2.81,1.0,0,83.0,16.0,30.71060240963855,-0.5000000000000004,0.8660254037844384,34.333333333333336
Lake,2017,12,1,2.0,18.0,0,4.0,83.0,2.81,-2.4492935982947064e-16,1.0,29.333333333333332
Lake,2018,1,18,3.390555555555556,23.0,0,1.0,4.0,2.0,0.49999999999999994,0.8660254037844387,7.666666666666667
Lake,2018,2,23,6.087391304347825,9.0,0,18.0,1.0,3.390555555555556,0.8660254037844386,0.5000000000000001,14.0
Lake,2018,3,9,4.128888888888889,13.0,0,23.0,18.0,6.087391304347825,1.0,6.123233995736766e-17,16.666666666666668
Lake,2018,4,13,3.5453846153846156,2.0,0,9.0,23.0,4.128888888888889,0.8660254037844387,-0.49999999999999983,15.0
Lake,2018,5,2,3.815,294.0,1,13.0,9.0,3.5453846153846156,0.49999999999999994,-0.8660254037844387,8.0
Lake,2018,6,294,57.07741496598639,1300.0,1,2.0,13.0,3.815,1.2246467991473532e-16,-1.0,103.0
Lake,2018,7,1300,37.68153076923077,9178.0,1,294.0,2.0,57.07741496598639,-0.4999999999999998,-0.8660254037844388,532.0
Lake,2018,8,9178,21.941266071039443,231.0,1,1300.0,294.0,37.68153076923077,-0.8660254037844384,-0.5000000000000004,3590.6666666666665
Lake,2018,9,231,8.69077922077922,1.0,0,9178.0,1300.0,21.941266071039443,-1.0,-1.8369701987210297e-16,3569.6666666666665
Lake,2018,11,1,3.4,27.0,0,231.0,9178.0,8.69077922077922,-0.5000000000000004,0.8660254037844384,3136.6666666666665
Lake,2018,12,27,3.9140740740740743,9.0,0,1.0,231.0,3.4,-2.4492935982947064e-16,1.0,86.33333333333333
Lake,2019,1,9,4.866666666666666,4.0,0,27.0,1.0,3.9140740740740743,0.49999999999999994,0.8660254037844387,12.333333333333334
Lake,2019,3,4,2.49,24.0,0,9.0,27.0,4.866666666666666,1.0,6.123233995736766e-17,13.333333333333334
Lake,2019,4,24,4.67375,2.0,0,4.0,9.0,2.49,0.8660254037844387,-0.49999999999999983,12.333333333333334
Lake,2019,5,2,3.3099999999999996,1.0,0,24.0,4.0,4.67375,0.49999999999999994,-0.8660254037844387,10.0
Lake,2019,6,1,1.68,2.0,0,2.0,24.0,3.3099999999999996,1.2246467991473532e-16,-1.0,9.0
Lake,2019,7,2,2.385,1.0,0,1.0,2.0,1.68,-0.4999999999999998,-0.8660254037844388,1.6666666666666667
Lake,2019,8,1,0.67,3.0,0,2.0,1.0,2.385,-0.8660254037844384,-0.5000000000000004,1.3333333333333333
Lake,2019,9,3,138.23,47.0,1,1.0,2.0,0.67,-1.0,-1.8369701987210297e-16,2.0
Lake,2019,10,47,7.52,4.0,0,3.0,1.0,138.23,-0.8660254037844386,0.5000000000000001,17.0
Lake,2019,11,4,9.3975,5.0,0,47.0,3.0,7.52,-0.5000000000000004,0.8660254037844384,18.0
Lake,2019,12,5,4.864,12.0,0,4.0,47.0,9.3975,-2.4492935982947064e-16,1.0,18.666666666666668
Lake,2020,1,12,3.986666666666667,47.0,1,5.0,4.0,4.864,0.49999999999999994,0.8660254037844387,7.0
Lake,2020,2,47,9.42,47.0,1,12.0,5.0,3.986666666666667,0.8660254037844386,0.5000000000000001,21.333333333333332
Lake,2020,3,47,9.95531914893617,40.0,0,47.0,12.0,9.42,1.0,6.123233995736766e-17,35.333333333333336
Lake,2020,4,40,10.228,14.0,0,47.0,47.0,9.95531914893617,0.8660254037844387,-0.49999999999999983,44.666666666666664
Lake,2020,5,14,5.530714285714287,2.0,0,40.0,47.0,10.228,0.49999999999999994,-0.8660254037844387,33.666666666666664
Lake,2020,6,2,5.455,2.0,0,14.0,40.0,5.530714285714287,1.2246467991473532e-16,-1.0,18.666666666666668
Lake,2020,7,2,12.83,2629.0,1,2.0,14.0,5.455,-0.4999999999999998,-0.8660254037844388,6.0
Lake,2020,8,2629,15.150464054773678,1317.0,1,2.0,2.0,12.83,-0.8660254037844384,-0.5000000000000004,877.6666666666666
Lake,2020,9,1317,16.01721336370539,22.0,0,2629.0,2.0,15.150464054773678,-1.0,-1.8369701987210297e-16,1316.0
Lake,2020,10,22,6.635,12.0,0,1317.0,2629.0,16.01721336370539,-0.8660254037844386,0.5000000000000001,1322.6666666666667
Lassen,2015,4,2,0.755,1.0,0,1.0,4.0,2.66,0.8660254037844387,-0.49999999999999983,2.3333333333333335
Lassen,2015,6,1,1.54,215.0,1,2.0,1.0,0.755,1.2246467991473532e-16,-1.0,1.3333333333333333
Lassen,2015,8,215,31.23539534883721,120.0,1,1.0,2.0,1.54,-0.8660254037844384,-0.5000000000000004,72.66666666666667
Lassen,2015,10,120,14.011833333333334,9.0,0,215.0,1.0,31.23539534883721,-0.8660254037844386,0.5000000000000001,112.0
Lassen,2015,11,9,10.71111111111111,13.0,0,120.0,215.0,14.011833333333334,-0.5000000000000004,0.8660254037844384,114.66666666666667
Lassen,2015,12,13,4.619230769230769,3.0,0,9.0,120.0,10.71111111111111,-2.4492935982947064e-16,1.0,47.333333333333336
Lassen,2016,4,3,4.316666666666666,4.0,0,13.0,9.0,4.619230769230769,0.8660254037844387,-0.49999999999999983,8.333333333333334
Lassen,2016,5,4,7.1,1.0,0,3.0,13.0,4.316666666666666,0.49999999999999994,-0.8660254037844387,6.666666666666667
Lassen,2016,6,1,0.59,1.0,0,4.0,3.0,7.1,1.2246467991473532e-16,-1.0,2.6666666666666665
Lassen,2016,8,1,6.65,121.0,1,1.0,4.0,0.59,-0.8660254037844384,-0.5000000000000004,2.0
Lassen,2016,9,121,24.254545454545458,30.0,0,1.0,1.0,6.65,-1.0,-1.8369701987210297e-16,41.0
Lassen,2016,10,30,36.09166666666667,61.0,1,121.0,1.0,24.254545454545458,-0.8660254037844386,0.5000000000000001,50.666666666666664
Lassen,2016,11,61,6.674426229508197,16.0,0,30.0,121.0,36.09166666666667,-0.5000000000000004,0.8660254037844384,70.66666666666667
Lassen,2016,12,16,9.318125,1.0,0,61.0,30.0,6.674426229508197,-2.4492935982947064e-16,1.0,35.666666666666664
Lassen,2017,3,1,2.71,3.0,0,16.0,61.0,9.318125,1.0,6.123233995736766e-17,26.0
Lassen,2017,4,3,4.373333333333334,3.0,0,1.0,16.0,2.71,0.8660254037844387,-0.49999999999999983,6.666666666666667
Lassen,2017,5,3,3.62,168.0,1,3.0,1.0,4.373333333333334,0.49999999999999994,-0.8660254037844387,2.3333333333333335
Lassen,2017,7,168,13.983690476190478,18.0,0,3.0,3.0,3.62,-0.4999999999999998,-0.8660254037844388,58.0
Lassen,2017,8,18,10.653333333333332,18.0,0,168.0,3.0,13.983690476190478,-0.8660254037844384,-0.5000000000000004,63.0
Lassen,2017,9,18,36.690000000000005,24.0,0,18.0,168.0,10.653333333333332,-1.0,-1.8369701987210297e-16,68.0
Lassen,2017,10,24,16.258333333333333,15.0,0,18.0,18.0,36.690000000000005,-0.8660254037844386,0.5000000000000001,20.0
Lassen,2017,11,15,13.972,4.0,0,24.0,18.0,16.258333333333333,-0.5000000000000004,0.8660254037844384,19.0
Lassen,2017,12,4,2.185,5.0,0,15.0,24.0,13.972,-2.4492935982947064e-16,1.0,14.333333333333334
Lassen,2018,1,5,2.754,2.0,0,4.0,15.0,2.185,0.49999999999999994,0.8660254037844387,8.0
Lassen,2018,2,2,6.619999999999999,1.0,0,5.0,4.0,2.754,0.8660254037844386,0.5000000000000001,3.6666666666666665
Lassen,2018,3,1,2.25,1.0,0,2.0,5.0,6.619999999999999,1.0,6.123233995736766e-17,2.6666666666666665
Lassen,2018,4,1,3.93,1.0,0,1.0,2.0,2.25,0.8660254037844387,-0.49999999999999983,1.3333333333333333
Lassen,2018,6,1,4.38,802.0,1,1.0,1.0,3.93,1.2246467991473532e-16,-1.0,1.0
Lassen,2018,7,802,24.410087281795512,111.0,1,1.0,1.0,4.38,-0.4999999999999998,-0.8660254037844388,268.0
Lassen,2018,8,111,11.905045045045046,6.0,0,802.0,1.0,24.410087281795512,-0.8660254037844384,-0.5000000000000004,304.6666666666667
Lassen,2018,9,6,4.3999999999999995,28.0,0,111.0,802.0,11.905045045045046,-1.0,-1.8369701987210297e-16,306.3333333333333
Lassen,2018,10,28,20.23892857142857,6.0,0,6.0,111.0,4.3999999999999995,-0.8660254037844386,0.5000000000000001,48.333333333333336
Lassen,2018,11,6,25.893333333333334,9.0,0,28.0,6.0,20.23892857142857,-0.5000000000000004,0.8660254037844384,13.333333333333334
Lassen,2018,12,9,5.302222222222222,10.0,0,6.0,28.0,25.893333333333334,-2.4492935982947064e-16,1.0,14.333333333333334
Lassen,2019,5,10,26.775,5.0,0,9.0,6.0,5.302222222222222,0.49999999999999994,-0.8660254037844387,8.333333333333334
Lassen,2019,6,5,5.322000000000001,12.0,0,10.0,9.0,26.775,1.2246467991473532e-16,-1.0,8.0
Lassen,2019,7,12,79.25666666666666,32.0,0,5.0,10.0,5.322000000000001,-0.4999999999999998,-0.8660254037844388,9.0
Lassen,2019,8,32,57.9665625,18.0,0,12.0,5.0,79.25666666666666,-0.8660254037844384,-0.5000000000000004,16.333333333333332
Lassen,2019,9,18,27.270555555555557,40.0,0,32.0,12.0,57.9665625,-1.0,-1.8369701987210297e-16,20.666666666666668
Lassen,2019,10,40,18.43875,16.0,0,18.0,32.0,27.270555555555557,-0.8660254037844386,0.5000000000000001,30.0
Lassen,2019,11,16,12.7275,3.0,0,40.0,18.0,18.43875,-0.5000000000000004,0.8660254037844384,24.666666666666668
Lassen,2019,12,3,3.5399999999999996,3.0,0,16.0,40.0,12.7275,-2.4492935982947064e-16,1.0,19.666666666666668
Lassen,2020,1,3,5.816666666666666,10.0,0,3.0,16.0,3.5399999999999996,0.49999999999999994,0.8660254037844387,7.333333333333333
Lassen,2020,2,10,7.455,4.0,0,3.0,3.0,5.816666666666666,0.8660254037844386,0.5000000000000001,5.333333333333333
Lassen,2020,3,4,5.6175,7.0,0,10.0,3.0,7.455,1.0,6.123233995736766e-17,5.666666666666667
Lassen,2020,4,7,15.704285714285716,7.0,0,4.0,10.0,5.6175,0.8660254037844387,-0.49999999999999983,7.0
Lassen,2020,6,7,7.807142857142857,1116.0,1,7.0,4.0,15.704285714285716,1.2246467991473532e-16,-1.0,6.0
Lassen,2020,7,1116,16.277598566308242,2995.0,1,7.0,7.0,7.807142857142857,-0.4999999999999998,-0.8660254037844388,376.6666666666667
Lassen,2020,8,2995,33.496597662771286,89.0,1,1116.0,7.0,16.277598566308242,-0.8660254037844384,-0.5000000000000004,1372.6666666666667
Lassen,2020,9,89,17.011685393258425,2.0,0,2995.0,1116.0,33.496597662771286,-1.0,-1.8369701987210297e-16,1400.0
Lassen,2020,10,2,1.495,7.0,0,89.0,2995.0,17.011685393258425,-0.8660254037844386,0.5000000000000001,1028.6666666666667
Lassen,2020,11,7,41.64,1.0,0,2.0,89.0,1.495,-0.5000000000000004,0.8660254037844384,32.666666666666664
Los Angeles,2015,3,123,0.9570731707317072,173.0,1,136.0,140.0,0.8813970588235295,1.0,6.123233995736766e-17,133.0
Los Angeles,2015,4,173,1.664450867052023,104.0,1,123.0,136.0,0.9570731707317072,0.8660254037844387,-0.49999999999999983,144.0
Los Angeles,2015,5,104,0.9823076923076924,107.0,1,173.0,123.0,1.664450867052023,0.49999999999999994,-0.8660254037844387,133.33333333333334
Los Angeles,2015,6,107,18.661682242990658,130.0,1,104.0,173.0,0.9823076923076924,1.2246467991473532e-16,-1.0,128.0
Los Angeles,2015,7,130,2.2183076923076923,135.0,1,107.0,104.0,18.661682242990658,-0.4999999999999998,-0.8660254037844388,113.66666666666667
Los Angeles,2015,8,135,10.269185185185185,143.0,1,130.0,107.0,2.2183076923076923,-0.8660254037844384,-0.5000000000000004,124.0
Los Angeles,2015,9,143,1.179020979020979,165.0,1,135.0,130.0,10.269185185185185,-1.0,-1.8369701987210297e-16,136.0
Los Angeles,2015,10,165,0.9683030303030304,229.0,1,143.0,135.0,1.179020979020979,-0.8660254037844386,0.5000000000000001,147.66666666666666
Los Angeles,2015,11,229,6.988558951965066,115.0,1,165.0,143.0,0.9683030303030304,-0.5000000000000004,0.8660254037844384,179.0
Los Angeles,2015,12,115,0.7106086956521739,85.0,1,229.0,165.0,6.988558951965066,-2.4492935982947064e-16,1.0,169.66666666666666
Los Angeles,2016,1,85,0.8445882352941178,213.0,1,115.0,229.0,0.7106086956521739,0.49999999999999994,0.8660254037844387,143.0
Los Angeles,2016,2,213,1.119295774647887,144.0,1,85.0,115.0,0.8445882352941178,0.8660254037844386,0.5000000000000001,137.66666666666666
Los Angeles,2016,3,144,0.7735416666666667,201.0,1,213.0,85.0,1.119295774647887,1.0,6.123233995736766e-17,147.33333333333334
Los Angeles,2016,4,201,1.698905472636816,120.0,1,144.0,213.0,0.7735416666666667,0.8660254037844387,-0.49999999999999983,186.0
Los Angeles,2016,5,120,0.7593333333333334,329.0,1,201.0,144.0,1.698905472636816,0.49999999999999994,-0.8660254037844387,155.0
Los Angeles,2016,6,329,14.103100303951368,1496.0,1,120.0,201.0,0.7593333333333334,1.2246467991473532e-16,-1.0,216.66666666666666
Los Angeles,2016,7,1496,28.808061497326204,144.0,1,329.0,120.0,14.103100303951368,-0.4999999999999998,-0.8660254037844388,648.3333333333334
Los Angeles,2016,8,144,1.026875,163.0,1,1496.0,329.0,28.808061497326204,-0.8660254037844384,-0.5000000000000004,656.3333333333334
Los Angeles,2016,9,163,1.5046625766871164,226.0,1,144.0,1496.0,1.026875,-1.0,-1.8369701987210297e-16,601.0
Los Angeles,2016,10,226,2.144336283185841,256.0,1,163.0,144.0,1.5046625766871164,-0.8660254037844386,0.5000000000000001,177.66666666666666
Los Angeles,2016,11,256,11.037421875,105.0,1,226.0,163.0,2.144336283185841,-0.5000000000000004,0.8660254037844384,215.0
Los Angeles,2016,12,105,1.0004761904761903,85.0,1,256.0,226.0,11.037421875,-2.4492935982947064e-16,1.0,195.66666666666666
Los Angeles,2017,1,85,0.8747058823529411,78.0,1,105.0,256.0,1.0004761904761903,0.49999999999999994,0.8660254037844387,148.66666666666666
Los Angeles,2017,2,78,0.7878205128205129,182.0,1,85.0,105.0,0.8747058823529411,0.8660254037844386,0.5000000000000001,89.33333333333333
Los Angeles,2017,3,182,1.0513186813186814,195.0,1,78.0,85.0,0.7878205128205129,1.0,6.123233995736766e-17,115.0
Los Angeles,2017,4,195,0.9653846153846154,154.0,1,182.0,78.0,1.0513186813186814,0.8660254037844387,-0.49999999999999983,151.66666666666666
Los Angeles,2017,5,154,4.0685714285714285,197.0,1,195.0,182.0,0.9653846153846154,0.49999999999999994,-0.8660254037844387,177.0
Los Angeles,2017,6,197,11.4546192893401,178.0,1,154.0,195.0,4.0685714285714285,1.2246467991473532e-16,-1.0,182.0
Los Angeles,2017,7,178,0.937247191011236,133.0,1,197.0,154.0,11.4546192893401,-0.4999999999999998,-0.8660254037844388,176.33333333333334
Los Angeles,2017,8,133,1.2290225563909776,567.0,1,178.0,197.0,0.937247191011236,-0.8660254037844384,-0.5000000000000004,169.33333333333334
Los Angeles,2017,9,567,17.12442680776014,260.0,1,133.0,178.0,1.2290225563909776,-1.0,-1.8369701987210297e-16,292.6666666666667
Los Angeles,2017,10,260,1.965730769230769,196.0,1,567.0,133.0,17.12442680776014,-0.8660254037844386,0.5000000000000001,320.0
Los Angeles,2017,11,196,17.897091836734692,527.0,1,260.0,567.0,1.965730769230769,-0.5000000000000004,0.8660254037844384,341.0
Los Angeles,2017,12,527,18.366812144212524,155.0,1,196.0,260.0,17.897091836734692,-2.4492935982947064e-16,1.0,327.6666666666667
Los Angeles,2018,1,155,0.8384516129032259,153.0,1,527.0,196.0,18.366812144212524,0.49999999999999994,0.8660254037844387,292.6666666666667
Los Angeles,2018,2,153,1.0058823529411764,115.0,1,155.0,527.0,0.8384516129032259,0.8660254037844386,0.5000000000000001,278.3333333333333
Los Angeles,2018,3,115,1.202347826086957,229.0,1,153.0,155.0,1.0058823529411764,1.0,6.123233995736766e-17,141.0
Los Angeles,2018,4,229,1.3475982532751092,148.0,1,115.0,153.0,1.202347826086957,0.8660254037844387,-0.49999999999999983,165.66666666666666
Los Angeles,2018,5,148,1.0817567567567568,201.0,1,229.0,115.0,1.3475982532751092,0.49999999999999994,-0.8660254037844387,164.0
Los Angeles,2018,6,201,8.090099502487561,201.0,1,148.0,229.0,1.0817567567567568,1.2246467991473532e-16,-1.0,192.66666666666666
Los Angeles,2018,7,201,2.3762686567164177,235.0,1,201.0,148.0,8.090099502487561,-0.4999999999999998,-0.8660254037844388,183.33333333333334
Los Angeles,2018,8,235,1.2902127659574467,224.0,1,201.0,201.0,2.3762686567164177,-0.8660254037844384,-0.5000000000000004,212.33333333333334
Los Angeles,2018,9,224,3.778839285714286,252.0,1,235.0,201.0,1.2902127659574467,-1.0,-1.8369701987210297e-16,220.0
Los Angeles,2018,10,252,0.917936507936508,1270.0,1,224.0,235.0,3.778839285714286,-0.8660254037844386,0.5000000000000001,237.0
Los Angeles,2018,11,1270,27.77944881889764,210.0,1,252.0,224.0,0.917936507936508,-0.5000000000000004,0.8660254037844384,582.0
Los Angeles,2018,12,210,1.0122380952380952,163.0,1,1270.0,252.0,27.77944881889764,-2.4492935982947064e-16,1.0,577.3333333333334
Los Angeles,2019,1,163,0.9755828220858896,118.0,1,210.0,1270.0,1.0122380952380952,0.49999999999999994,0.8660254037844387,547.6666666666666
Los Angeles,2019,2,118,1.0958474576271189,195.0,1,163.0,210.0,0.9755828220858896,0.8660254037844386,0.5000000000000001,163.66666666666666
Los Angeles,2019,3,195,1.2850256410256409,177.0,1,118.0,163.0,1.0958474576271189,1.0,6.123233995736766e-17,158.66666666666666
Los Angeles,2019,4,177,1.1248587570621469,163.0,1,195.0,118.0,1.2850256410256409,0.8660254037844387,-0.49999999999999983,163.33333333333334
Los Angeles,2019,5,163,1.22,120.0,1,177.0,195.0,1.1248587570621469,0.49999999999999994,-0.8660254037844387,178.33333333333334
Los Angeles,2019,6,120,1.6658333333333333,182.0,1,163.0,177.0,1.22,1.2246467991473532e-16,-1.0,153.33333333333334
Los Angeles,2019,7,182,1.116428571428571,234.0,1,120.0,163.0,1.6658333333333333,-0.4999999999999998,-0.8660254037844388,155.0
Los Angeles,2019,8,234,1.7857264957264958,233.0,1,182.0,120.0,1.116428571428571,-0.8660254037844384,-0.5000000000000004,178.66666666666666
Los Angeles,2019,9,233,1.5487124463519315,674.0,1,234.0,182.0,1.7857264957264958,-1.0,-1.8369701987210297e-16,216.33333333333334
Los Angeles,2019,10,674,14.238842729970326,261.0,1,233.0,234.0,1.5487124463519315,-0.8660254037844386,0.5000000000000001,380.3333333333333
Los Angeles,2019,11,261,16.872413793103448,139.0,1,674.0,233.0,14.238842729970326,-0.5000000000000004,0.8660254037844384,389.3333333333333
Los Angeles,2019,12,139,1.1207913669064749,257.0,1,261.0,674.0,16.872413793103448,-2.4492935982947064e-16,1.0,358.0
Los Angeles,2020,1,257,1.079610894941634,207.0,1,139.0,261.0,1.1207913669064749,0.49999999999999994,0.8660254037844387,219.0
Los Angeles,2020,2,207,1.1108695652173914,140.0,1,257.0,139.0,1.079610894941634,0.8660254037844386,0.5000000000000001,201.0
Los Angeles,2020,3,140,1.0984285714285715,126.0,1,207.0,257.0,1.1108695652173914,1.0,6.123233995736766e-17,201.33333333333334
Los Angeles,2020,4,126,1.0458730158730158,241.0,1,140.0,207.0,1.0984285714285715,0.8660254037844387,-0.49999999999999983,157.66666666666666
Los Angeles,2020,5,241,0.9856846473029046,188.0,1,126.0,140.0,1.0458730158730158,0.49999999999999994,-0.8660254037844387,169.0
Los Angeles,2020,6,188,2.0589361702127658,259.0,1,241.0,126.0,0.9856846473029046,1.2246467991473532e-16,-1.0,185.0
Los Angeles,2020,7,259,6.006911196911196,1208.0,1,188.0,241.0,2.0589361702127658,-0.4999999999999998,-0.8660254037844388,229.33333333333334
Los Angeles,2020,8,1208,31.478096026490068,6426.0,1,259.0,188.0,6.006911196911196,-0.8660254037844384,-0.5000000000000004,551.6666666666666
Los Angeles,2020,9,6426,24.118793962029255,323.0,1,1208.0,259.0,31.478096026490068,-1.0,-1.8369701987210297e-16,2631.0
Los Angeles,2020,10,323,6.508452012383901,267.0,1,6426.0,1208.0,24.118793962029255,-0.8660254037844386,0.5000000000000001,2652.3333333333335
Los Angeles,2020,11,267,3.9052808988764047,241.0,1,323.0,6426.0,6.508452012383901,-0.5000000000000004,0.8660254037844384,2338.6666666666665
Madera,2015,3,27,5.9255555555555555,33.0,0,60.0,12.0,4.393166666666667,1.0,6.123233995736766e-17,33.0
Madera,2015,4,33,4.766969696969697,12.0,0,27.0,60.0,5.9255555555555555,0.8660254037844387,-0.49999999999999983,40.0
Madera,2015,5,12,3.1333333333333333,101.0,1,33.0,27.0,4.766969696969697,0.49999999999999994,-0.8660254037844387,24.0
Madera,2015,6,101,12.543762376237623,347.0,1,12.0,33.0,3.1333333333333333,1.2246467991473532e-16,-1.0,48.666666666666664
Madera,2015,7,347,17.621383285302592,100.0,1,101.0,12.0,12.543762376237623,-0.4999999999999998,-0.8660254037844388,153.33333333333334
Madera,2015,8,100,53.43899999999999,12.0,0,347.0,101.0,17.621383285302592,-0.8660254037844384,-0.5000000000000004,182.66666666666666
Madera,2015,9,12,2.8175000000000003,39.0,0,100.0,347.0,53.43899999999999,-1.0,-1.8369701987210297e-16,153.0
Madera,2015,10,39,7.494615384615385,77.0,1,12.0,100.0,2.8175000000000003,-0.8660254037844386,0.5000000000000001,50.333333333333336
Madera,2015,11,77,7.328181818181818,41.0,0,39.0,12.0,7.494615384615385,-0.5000000000000004,0.8660254037844384,42.666666666666664
Madera,2015,12,41,4.708780487804878,4.0,0,77.0,39.0,7.328181818181818,-2.4492935982947064e-16,1.0,52.333333333333336
Madera,2016,1,4,6.4825,40.0,0,41.0,77.0,4.708780487804878,0.49999999999999994,0.8660254037844387,40.666666666666664
Madera,2016,2,40,6.56725,46.0,1,4.0,41.0,6.4825,0.8660254037844386,0.5000000000000001,28.333333333333332
Madera,2016,3,46,5.61695652173913,41.0,0,40.0,4.0,6.56725,1.0,6.123233995736766e-17,30.0
Madera,2016,4,41,5.4782926829268295,34.0,0,46.0,40.0,5.61695652173913,0.8660254037844387,-0.49999999999999983,42.333333333333336
Madera,2016,5,34,7.12,19.0,0,41.0,46.0,5.4782926829268295,0.49999999999999994,-0.8660254037844387,40.333333333333336
Madera,2016,6,19,5.0815789473684205,34.0,0,34.0,41.0,7.12,1.2246467991473532e-16,-1.0,31.333333333333332
Madera,2016,7,34,9.434705882352942,5.0,0,19.0,34.0,5.0815789473684205,-0.4999999999999998,-0.8660254037844388,29.0
Madera,2016,8,5,3.316,13.0,0,34.0,19.0,9.434705882352942,-0.8660254037844384,-0.5000000000000004,19.333333333333332
Madera,2016,9,13,12.82846153846154,49.0,1,5.0,34.0,3.316,-1.0,-1.8369701987210297e-16,17.333333333333332
Madera,2016,10,49,12.439795918367349,158.0,1,13.0,5.0,12.82846153846154,-0.8660254037844386,0.5000000000000001,22.333333333333332
Madera,2016,11,158,11.629303797468356,32.0,0,49.0,13.0,12.439795918367349,-0.5000000000000004,0.8660254037844384,73.33333333333333
Madera,2016,12,32,4.648125,28.0,0,158.0,49.0,11.629303797468356,-2.4492935982947064e-16,1.0,79.66666666666667
Madera,2017,1,28,5.345357142857142,17.0,0,32.0,158.0,4.648125,0.49999999999999994,0.8660254037844387,72.66666666666667
Madera,2017,2,17,4.25764705882353,50.0,1,28.0,32.0,5.345357142857142,0.8660254037844386,0.5000000000000001,25.666666666666668
Madera,2017,3,50,7.596,41.0,0,17.0,28.0,4.25764705882353,1.0,6.123233995736766e-17,31.666666666666668
Madera,2017,4,41,4.193414634146341,29.0,0,50.0,17.0,7.596,0.8660254037844387,-0.49999999999999983,36.0
Madera,2017,5,29,12.730344827586206,42.0,0,41.0,50.0,4.193414634146341,0.49999999999999994,-0.8660254037844387,40.0
Madera,2017,6,42,9.507380952380952,17.0,0,29.0,41.0,12.730344827586206,1.2246467991473532e-16,-1.0,37.333333333333336
Madera,2017,7,17,5.6000000000000005,611.0,1,42.0,29.0,9.507380952380952,-0.4999999999999998,-0.8660254037844388,29.333333333333332
Madera,2017,8,611,11.385171849427168,975.0,1,17.0,42.0,5.6000000000000005,-0.8660254037844384,-0.5000000000000004,223.33333333333334
Madera,2017,9,975,12.78454358974359,42.0,0,611.0,17.0,11.385171849427168,-1.0,-1.8369701987210297e-16,534.3333333333334
Madera,2017,10,42,5.461190476190477,94.0,1,975.0,611.0,12.78454358974359,-0.8660254037844386,0.5000000000000001,542.6666666666666
Madera,2017,11,94,10.015212765957449,126.0,1,42.0,975.0,5.461190476190477,-0.5000000000000004,0.8660254037844384,370.3333333333333
Madera,2017,12,126,9.832777777777778,108.0,1,94.0,42.0,10.015212765957449,-2.4492935982947064e-16,1.0,87.33333333333333
Madera,2018,1,108,7.547037037037037,66.0,1,126.0,94.0,9.832777777777778,0.49999999999999994,0.8660254037844387,109.33333333333333
Madera,2018,2,66,15.08848484848485,15.0,0,108.0,126.0,7.547037037037037,0.8660254037844386,0.5000000000000001,100.0
Madera,2018,3,15,7.768666666666666,22.0,0,66.0,108.0,15.08848484848485,1.0,6.123233995736766e-17,63.0
Madera,2018,4,22,3.997727272727273,40.0,0,15.0,66.0,7.768666666666666,0.8660254037844387,-0.49999999999999983,34.333333333333336
Madera,2018,5,40,6.91175,633.0,1,22.0,15.0,3.997727272727273,0.49999999999999994,-0.8660254037844387,25.666666666666668
Madera,2018,6,633,16.47563981042654,373.0,1,40.0,22.0,6.91175,1.2246467991473532e-16,-1.0,231.66666666666666
Madera,2018,7,373,14.572949061662198,1490.0,1,633.0,40.0,16.47563981042654,-0.4999999999999998,-0.8660254037844388,348.6666666666667
Madera,2018,8,1490,9.970805369127516,122.0,1,373.0,633.0,14.572949061662198,-0.8660254037844384,-0.5000000000000004,832.0
Madera,2018,9,122,2.4195081967213117,67.0,1,1490.0,373.0,9.970805369127516,-1.0,-1.8369701987210297e-16,661.6666666666666
Madera,2018,10,67,13.447164179104478,32.0,0,122.0,1490.0,2.4195081967213117,-0.8660254037844386,0.5000000000000001,559.6666666666666
Madera,2018,11,32,4.1603125,61.0,1,67.0,122.0,13.447164179104478,-0.5000000000000004,0.8660254037844384,73.66666666666667
Madera,2018,12,61,8.57344262295082,17.0,0,32.0,67.0,4.1603125,-2.4492935982947064e-16,1.0,53.333333333333336
Madera,2019,1,17,4.711764705882352,26.0,0,61.0,32.0,8.57344262295082,0.49999999999999994,0.8660254037844387,36.666666666666664
Madera,2019,2,26,4.440384615384615,41.0,0,17.0,61.0,4.711764705882352,0.8660254037844386,0.5000000000000001,34.666666666666664
Madera,2019,3,41,4.360487804878049,32.0,0,26.0,17.0,4.440384615384615,1.0,6.123233995736766e-17,28.0
Madera,2019,4,32,6.1421874999999995,13.0,0,41.0,26.0,4.360487804878049,0.8660254037844387,-0.49999999999999983,33.0
Madera,2019,5,13,7.5976923076923075,25.0,0,32.0,41.0,6.1421874999999995,0.49999999999999994,-0.8660254037844387,28.666666666666668
Madera,2019,6,25,3.7612,35.0,0,13.0,32.0,7.5976923076923075,1.2246467991473532e-16,-1.0,23.333333333333332
Madera,2019,7,35,4.816,24.0,0,25.0,13.0,3.7612,-0.4999999999999998,-0.8660254037844388,24.333333333333332
Madera,2019,8,24,4.814166666666666,13.0,0,35.0,25.0,4.816,-0.8660254037844384,-0.5000000000000004,28.0
Madera,2019,9,13,4.147692307692308,26.0,0,24.0,35.0,4.814166666666666,-1.0,-1.8369701987210297e-16,24.0
Madera,2019,10,26,11.615384615384617,65.0,1,13.0,24.0,4.147692307692308,-0.8660254037844386,0.5000000000000001,21.0
Madera,2019,11,65,14.036461538461538,31.0,0,26.0,13.0,11.615384615384617,-0.5000000000000004,0.8660254037844384,34.666666666666664
Madera,2019,12,31,4.812258064516129,38.0,0,65.0,26.0,14.036461538461538,-2.4492935982947064e-16,1.0,40.666666666666664
Madera,2020,1,38,13.409736842105264,57.0,1,31.0,65.0,4.812258064516129,0.49999999999999994,0.8660254037844387,44.666666666666664
Madera,2020,2,57,8.321754385964912,110.0,1,38.0,31.0,13.409736842105264,0.8660254037844386,0.5000000000000001,42.0
Madera,2020,3,110,9.655636363636363,42.0,0,57.0,38.0,8.321754385964912,1.0,6.123233995736766e-17,68.33333333333333
Madera,2020,4,42,6.479047619047619,24.0,0,110.0,57.0,9.655636363636363,0.8660254037844387,-0.49999999999999983,69.66666666666667
Madera,2020,5,24,3.995833333333333,38.0,0,42.0,110.0,6.479047619047619,0.49999999999999994,-0.8660254037844387,58.666666666666664
Madera,2020,6,38,6.149736842105263,16.0,0,24.0,42.0,3.995833333333333,1.2246467991473532e-16,-1.0,34.666666666666664
Madera,2020,7,16,4.488125,10.0,0,38.0,24.0,6.149736842105263,-0.4999999999999998,-0.8660254037844388,26.0
Madera,2020,8,10,1.362,13418.0,1,16.0,38.0,4.488125,-0.8660254037844384,-0.5000000000000004,21.333333333333332
Madera,2020,9,13418,16.962782829035625,4669.0,1,10.0,16.0,1.362,-1.0,-1.8369701987210297e-16,4481.333333333333
Madera,2020,10,4669,15.032690083529666,246.0,1,13418.0,10.0,16.962782829035625,-0.8660254037844386,0.5000000000000001,6032.333333333333
Madera,2020,11,246,8.251869918699187,34.0,0,4669.0,13418.0,15.032690083529666,-0.5000000000000004,0.8660254037844384,6111.0
Marin,2015,3,5,1.164,9.0,0,1.0,2.0,0.35,1.0,6.123233995736766e-17,2.6666666666666665
Marin,2015,4,9,0.7055555555555555,3.0,0,5.0,1.0,1.164,0.8660254037844387,-0.49999999999999983,5.0
Marin,2015,5,3,0.5733333333333334,9.0,0,9.0,5.0,0.7055555555555555,0.49999999999999994,-0.8660254037844387,5.666666666666667
Marin,2015,6,9,0.4988888888888889,10.0,0,3.0,9.0,0.5733333333333334,1.2246467991473532e-16,-1.0,7.0
Marin,2015,7,10,0.534,9.0,0,9.0,3.0,0.4988888888888889,-0.4999999999999998,-0.8660254037844388,7.333333333333333
Marin,2015,8,9,0.5444444444444445,10.0,0,10.0,9.0,0.534,-0.8660254037844384,-0.5000000000000004,9.333333333333334
Marin,2015,9,10,0.488,8.0,0,9.0,10.0,0.5444444444444445,-1.0,-1.8369701987210297e-16,9.666666666666666
Marin,2015,10,8,3.07,5.0,0,10.0,9.0,0.488,-0.8660254037844386,0.5000000000000001,9.0
Marin,2015,11,5,0.4059999999999999,3.0,0,8.0,10.0,3.07,-0.5000000000000004,0.8660254037844384,7.666666666666667
Marin,2015,12,3,0.5266666666666667,5.0,0,5.0,8.0,0.4059999999999999,-2.4492935982947064e-16,1.0,5.333333333333333
Marin,2016,2,5,0.494,8.0,0,3.0,5.0,0.5266666666666667,0.8660254037844386,0.5000000000000001,4.333333333333333
Marin,2016,3,8,0.54125,2.0,0,5.0,3.0,0.494,1.0,6.123233995736766e-17,5.333333333333333
Marin,2016,4,2,0.67,11.0,0,8.0,5.0,0.54125,0.8660254037844387,-0.49999999999999983,5.0
Marin,2016,5,11,0.5445454545454546,9.0,0,2.0,8.0,0.67,0.49999999999999994,-0.8660254037844387,7.0
Marin,2016,6,9,0.5644444444444444,12.0,0,11.0,2.0,0.5445454545454546,1.2246467991473532e-16,-1.0,7.333333333333333
Marin,2016,7,12,0.5683333333333334,5.0,0,9.0,11.0,0.5644444444444444,-0.4999999999999998,-0.8660254037844388,10.666666666666666
Marin,2016,8,5,0.618,9.0,0,12.0,9.0,0.5683333333333334,-0.8660254037844384,-0.5000000000000004,8.666666666666666
Marin,2016,9,9,0.5244444444444444,3.0,0,5.0,12.0,0.618,-1.0,-1.8369701987210297e-16,8.666666666666666
Marin,2016,10,3,0.4033333333333333,5.0,0,9.0,5.0,0.5244444444444444,-0.8660254037844386,0.5000000000000001,5.666666666666667
Marin,2016,11,5,0.43,1.0,0,3.0,9.0,0.4033333333333333,-0.5000000000000004,0.8660254037844384,5.666666666666667
Marin,2016,12,1,0.53,3.0,0,5.0,3.0,0.43,-2.4492935982947064e-16,1.0,3.0
Marin,2017,1,3,0.59,3.0,0,1.0,5.0,0.53,0.49999999999999994,0.8660254037844387,3.0
Marin,2017,2,3,0.6133333333333334,3.0,0,3.0,1.0,0.59,0.8660254037844386,0.5000000000000001,2.3333333333333335
Marin,2017,3,3,0.6466666666666666,4.0,0,3.0,3.0,0.6133333333333334,1.0,6.123233995736766e-17,3.0
Marin,2017,4,4,1.485,2.0,0,3.0,3.0,0.6466666666666666,0.8660254037844387,-0.49999999999999983,3.3333333333333335
Marin,2017,5,2,0.4,5.0,0,4.0,3.0,1.485,0.49999999999999994,-0.8660254037844387,3.0
Marin,2017,6,5,0.492,6.0,0,2.0,4.0,0.4,1.2246467991473532e-16,-1.0,3.6666666666666665
Marin,2017,7,6,0.5066666666666667,4.0,0,5.0,2.0,0.492,-0.4999999999999998,-0.8660254037844388,4.333333333333333
Marin,2017,8,4,0.57,5.0,0,6.0,5.0,0.5066666666666667,-0.8660254037844384,-0.5000000000000004,5.0
Marin,2017,9,5,0.412,2.0,0,4.0,6.0,0.57,-1.0,-1.8369701987210297e-16,5.0
Marin,2017,10,2,0.37,2.0,0,5.0,4.0,0.412,-0.8660254037844386,0.5000000000000001,3.6666666666666665
Marin,2017,11,2,0.45,1.0,0,2.0,5.0,0.37,-0.5000000000000004,0.8660254037844384,3.0
Marin,2018,1,1,0.39,2.0,0,2.0,2.0,0.45,0.49999999999999994,0.8660254037844387,1.6666666666666667
Marin,2018,2,2,0.7050000000000001,3.0,0,1.0,2.0,0.39,0.8660254037844386,0.5000000000000001,1.6666666666666667
Marin,2018,3,3,0.4466666666666667,5.0,0,2.0,1.0,0.7050000000000001,1.0,6.123233995736766e-17,2.0
Marin,2018,4,5,0.288,5.0,0,3.0,2.0,0.4466666666666667,0.8660254037844387,-0.49999999999999983,3.3333333333333335
Marin,2018,5,5,0.376,12.0,0,5.0,3.0,0.288,0.49999999999999994,-0.8660254037844387,4.333333333333333
Marin,2018,6,12,3.6133333333333337,6.0,0,5.0,5.0,0.376,1.2246467991473532e-16,-1.0,7.333333333333333
Marin,2018,7,6,0.5499999999999999,7.0,0,12.0,5.0,3.6133333333333337,-0.4999999999999998,-0.8660254037844388,7.666666666666667
Marin,2018,8,7,1.4985714285714289,13.0,0,6.0,12.0,0.5499999999999999,-0.8660254037844384,-0.5000000000000004,8.333333333333334
Marin,2018,9,13,1.353076923076923,5.0,0,7.0,6.0,1.4985714285714289,-1.0,-1.8369701987210297e-16,8.666666666666666
Marin,2018,10,5,0.4800000000000001,1.0,0,13.0,7.0,1.353076923076923,-0.8660254037844386,0.5000000000000001,8.333333333333334
Marin,2018,11,1,0.2,1.0,0,5.0,13.0,0.4800000000000001,-0.5000000000000004,0.8660254037844384,6.333333333333333
Marin,2019,2,1,0.49,1.0,0,1.0,5.0,0.2,0.8660254037844386,0.5000000000000001,2.3333333333333335
Marin,2019,3,1,0.39,3.0,0,1.0,1.0,0.49,1.0,6.123233995736766e-17,1.0
Marin,2019,4,3,0.5,1.0,0,1.0,1.0,0.39,0.8660254037844387,-0.49999999999999983,1.6666666666666667
Marin,2019,5,1,0.53,6.0,0,3.0,1.0,0.5,0.49999999999999994,-0.8660254037844387,1.6666666666666667
Marin,2019,6,6,0.8783333333333333,7.0,0,1.0,3.0,0.53,1.2246467991473532e-16,-1.0,3.3333333333333335
Marin,2019,7,7,0.4571428571428571,7.0,0,6.0,1.0,0.8783333333333333,-0.4999999999999998,-0.8660254037844388,4.666666666666667
Marin,2019,8,7,0.5185714285714286,11.0,0,7.0,6.0,0.4571428571428571,-0.8660254037844384,-0.5000000000000004,6.666666666666667
Marin,2019,9,11,2.2736363636363635,1.0,0,7.0,7.0,0.5185714285714286,-1.0,-1.8369701987210297e-16,8.333333333333334
Marin,2019,10,1,3.93,1.0,0,11.0,7.0,2.2736363636363635,-0.8660254037844386,0.5000000000000001,6.333333333333333
Marin,2019,11,1,0.43,1.0,0,1.0,11.0,3.93,-0.5000000000000004,0.8660254037844384,4.333333333333333
Marin,2020,4,1,0.38,1.0,0,1.0,1.0,0.43,0.8660254037844387,-0.49999999999999983,1.0
Marin,2020,5,1,0.4,2.0,0,1.0,1.0,0.38,0.49999999999999994,-0.8660254037844387,1.0
Marin,2020,6,2,0.455,3.0,0,1.0,1.0,0.4,1.2246467991473532e-16,-1.0,1.3333333333333333
Marin,2020,7,3,2.37,183.0,1,2.0,1.0,0.455,-0.4999999999999998,-0.8660254037844388,2.0
Marin,2020,8,183,10.395300546448087,20.0,0,3.0,2.0,2.37,-0.8660254037844384,-0.5000000000000004,62.666666666666664
Marin,2020,9,20,4.9295,4.0,0,183.0,3.0,10.395300546448087,-1.0,-1.8369701987210297e-16,68.66666666666667
Mariposa,2015,5,2,7.135,4.0,0,6.0,5.0,2.93,0.49999999999999994,-0.8660254037844387,4.333333333333333
Mariposa,2015,6,4,8.3675,1.0,0,2.0,6.0,7.135,1.2246467991473532e-16,-1.0,4.0
Mariposa,2015,7,1,0.31,29.0,0,4.0,2.0,8.3675,-0.4999999999999998,-0.8660254037844388,2.3333333333333335
Mariposa,2015,8,29,3.866896551724138,83.0,1,1.0,4.0,0.31,-0.8660254037844384,-0.5000000000000004,11.333333333333334
Mariposa,2015,9,83,35.663012048192776,10.0,0,29.0,1.0,3.866896551724138,-1.0,-1.8369701987210297e-16,37.666666666666664
Mariposa,2015,10,10,4.138,1.0,0,83.0,29.0,35.663012048192776,-0.8660254037844386,0.5000000000000001,40.666666666666664
Mariposa,2015,11,1,4.23,2.0,0,10.0,83.0,4.138,-0.5000000000000004,0.8660254037844384,31.333333333333332
Mariposa,2015,12,2,0.905,5.0,0,1.0,10.0,4.23,-2.4492935982947064e-16,1.0,4.333333333333333
Mariposa,2016,1,5,6.784000000000001,5.0,0,2.0,1.0,0.905,0.49999999999999994,0.8660254037844387,2.6666666666666665
Mariposa,2016,2,5,3.3259999999999996,1.0,0,5.0,2.0,6.784000000000001,0.8660254037844386,0.5000000000000001,4.0
Mariposa,2016,3,1,3.1,3.0,0,5.0,5.0,3.3259999999999996,1.0,6.123233995736766e-17,3.6666666666666665
Mariposa,2016,4,3,2.6533333333333333,1.0,0,1.0,5.0,3.1,0.8660254037844387,-0.49999999999999983,3.0
Mariposa,2016,5,1,1.38,2.0,0,3.0,1.0,2.6533333333333333,0.49999999999999994,-0.8660254037844387,1.6666666666666667
Mariposa,2016,6,2,100.53,13.0,0,1.0,3.0,1.38,1.2246467991473532e-16,-1.0,2.0
Mariposa,2016,7,13,2.6815384615384614,65.0,1,2.0,1.0,100.53,-0.4999999999999998,-0.8660254037844388,5.333333333333333
Mariposa,2016,8,65,3.6087692307692305,161.0,1,13.0,2.0,2.6815384615384614,-0.8660254037844384,-0.5000000000000004,26.666666666666668
Mariposa,2016,9,161,9.782360248447205,37.0,0,65.0,13.0,3.6087692307692305,-1.0,-1.8369701987210297e-16,79.66666666666667
Mariposa,2016,10,37,4.214864864864865,5.0,0,161.0,65.0,9.782360248447205,-0.8660254037844386,0.5000000000000001,87.66666666666667
Mariposa,2016,11,5,5.232,3.0,0,37.0,161.0,4.214864864864865,-0.5000000000000004,0.8660254037844384,67.66666666666667
Mariposa,2016,12,3,4.13,2.0,0,5.0,37.0,5.232,-2.4492935982947064e-16,1.0,15.0
Mariposa,2017,1,2,1.26,1.0,0,3.0,5.0,4.13,0.49999999999999994,0.8660254037844387,3.3333333333333335
Mariposa,2017,3,1,4.14,5.0,0,2.0,3.0,1.26,1.0,6.123233995736766e-17,2.0
Mariposa,2017,4,5,3.486,2.0,0,1.0,2.0,4.14,0.8660254037844387,-0.49999999999999983,2.6666666666666665
Mariposa,2017,5,2,3.17,20.0,0,5.0,1.0,3.486,0.49999999999999994,-0.8660254037844387,2.6666666666666665
Mariposa,2017,6,20,2.141,1615.0,1,2.0,5.0,3.17,1.2246467991473532e-16,-1.0,9.0
Mariposa,2017,7,1615,30.030272445820433,1507.0,1,20.0,2.0,2.141,-0.4999999999999998,-0.8660254037844388,545.6666666666666
Mariposa,2017,8,1507,10.16317186463172,736.0,1,1615.0,20.0,30.030272445820433,-0.8660254037844384,-0.5000000000000004,1047.3333333333333
Mariposa,2017,9,736,5.696236413043478,498.0,1,1507.0,1615.0,10.16317186463172,-1.0,-1.8369701987210297e-16,1286.0
Mariposa,2017,10,498,13.602168674698795,20.0,0,736.0,1507.0,5.696236413043478,-0.8660254037844386,0.5000000000000001,913.6666666666666
Mariposa,2017,11,20,5.0695,4.0,0,498.0,736.0,13.602168674698795,-0.5000000000000004,0.8660254037844384,418.0
Mariposa,2017,12,4,5.2925,23.0,0,20.0,498.0,5.0695,-2.4492935982947064e-16,1.0,174.0
Mariposa,2018,1,23,3.137391304347826,18.0,0,4.0,20.0,5.2925,0.49999999999999994,0.8660254037844387,15.666666666666666
Mariposa,2018,2,18,5.71,17.0,0,23.0,4.0,3.137391304347826,0.8660254037844386,0.5000000000000001,15.0
Mariposa,2018,3,17,6.238235294117647,9.0,0,18.0,23.0,5.71,1.0,6.123233995736766e-17,19.333333333333332
Mariposa,2018,4,9,7.022222222222222,19.0,0,17.0,18.0,6.238235294117647,0.8660254037844387,-0.49999999999999983,14.666666666666666
Mariposa,2018,6,19,7.964210526315789,3959.0,1,9.0,17.0,7.022222222222222,1.2246467991473532e-16,-1.0,15.0
Mariposa,2018,7,3959,14.564976004041425,2997.0,1,19.0,9.0,7.964210526315789,-0.4999999999999998,-0.8660254037844388,1329.0
Mariposa,2018,8,2997,18.86076076076076,86.0,1,3959.0,19.0,14.564976004041425,-0.8660254037844384,-0.5000000000000004,2325.0
Mariposa,2018,9,86,5.878372093023256,17.0,0,2997.0,3959.0,18.86076076076076,-1.0,-1.8369701987210297e-16,2347.3333333333335
Mariposa,2018,10,17,5.867647058823529,62.0,1,86.0,2997.0,5.878372093023256,-0.8660254037844386,0.5000000000000001,1033.3333333333333
Mariposa,2018,11,62,3.649193548387097,9.0,0,17.0,86.0,5.867647058823529,-0.5000000000000004,0.8660254037844384,55.0
Mariposa,2018,12,9,3.701111111111111,1.0,0,62.0,17.0,3.649193548387097,-2.4492935982947064e-16,1.0,29.333333333333332
Mariposa,2019,2,1,0.51,9.0,0,9.0,62.0,3.701111111111111,0.8660254037844386,0.5000000000000001,24.0
Mariposa,2019,3,9,8.262222222222222,15.0,0,1.0,9.0,0.51,1.0,6.123233995736766e-17,6.333333333333333
Mariposa,2019,4,15,3.205333333333334,2.0,0,9.0,1.0,8.262222222222222,0.8660254037844387,-0.49999999999999983,8.333333333333334
Mariposa,2019,5,2,4.09,5.0,0,15.0,9.0,3.205333333333334,0.49999999999999994,-0.8660254037844387,8.666666666666666
Mariposa,2019,6,5,4.748,16.0,0,2.0,15.0,4.09,1.2246467991473532e-16,-1.0,7.333333333333333
Mariposa,2019,7,16,14.013125,10.0,0,5.0,2.0,4.748,-0.4999999999999998,-0.8660254037844388,7.666666666666667
Mariposa,2019,8,10,58.597,1.0,0,16.0,5.0,14.013125,-0.8660254037844384,-0.5000000000000004,10.333333333333334
Mariposa,2019,9,1,3.36,422.0,1,10.0,16.0,58.597,-1.0,-1.8369701987210297e-16,9.0
Mariposa,2019,10,422,37.13663507109005,9.0,0,1.0,10.0,3.36,-0.8660254037844386,0.5000000000000001,144.33333333333334
Mariposa,2019,12,9,6.7988888888888885,13.0,0,422.0,1.0,37.13663507109005,-2.4492935982947064e-16,1.0,144.0
Mariposa,2020,1,13,2.8153846153846156,47.0,1,9.0,422.0,6.7988888888888885,0.49999999999999994,0.8660254037844387,148.0
Mariposa,2020,2,47,6.0238297872340425,14.0,0,13.0,9.0,2.8153846153846156,0.8660254037844386,0.5000000000000001,23.0
Mariposa,2020,3,14,3.337142857142857,9.0,0,47.0,13.0,6.0238297872340425,1.0,6.123233995736766e-17,24.666666666666668
Mariposa,2020,4,9,5.050000000000001,1.0,0,14.0,47.0,3.337142857142857,0.8660254037844387,-0.49999999999999983,23.333333333333332
Mariposa,2020,5,1,3.65,10.0,0,9.0,14.0,5.050000000000001,0.49999999999999994,-0.8660254037844387,8.0
Mariposa,2020,6,10,3.4810000000000003,5.0,0,1.0,9.0,3.65,1.2246467991473532e-16,-1.0,6.666666666666667
Mariposa,2020,7,5,2.062,88.0,1,10.0,1.0,3.4810000000000003,-0.4999999999999998,-0.8660254037844388,5.333333333333333
Mariposa,2020,8,88,3.3625,965.0,1,5.0,10.0,2.062,-0.8660254037844384,-0.5000000000000004,34.333333333333336
Mariposa,2020,9,965,11.672290155440416,283.0,1,88.0,5.0,3.3625,-1.0,-1.8369701987210297e-16,352.6666666666667
Mariposa,2020,10,283,7.399010600706714,16.0,0,965.0,88.0,11.672290155440416,-0.8660254037844386,0.5000000000000001,445.3333333333333
Mariposa,2020,11,16,1.528125,4.0,0,283.0,965.0,7.399010600706714,-0.5000000000000004,0.8660254037844384,421.3333333333333
Mendocino,2015,3,5,8.181999999999999,24.0,0,6.0,18.0,3.7083333333333335,1.0,6.123233995736766e-17,9.666666666666666
Mendocino,2015,4,24,8.21375,4.0,0,5.0,6.0,8.181999999999999,0.8660254037844387,-0.49999999999999983,11.666666666666666
Mendocino,2015,5,4,4.9725,5.0,0,24.0,5.0,8.21375,0.49999999999999994,-0.8660254037844387,11.0
Mendocino,2015,6,5,17.174,2.0,0,4.0,24.0,4.9725,1.2246467991473532e-16,-1.0,11.0
Mendocino,2015,7,2,3.59,2.0,0,5.0,4.0,17.174,-0.4999999999999998,-0.8660254037844388,3.6666666666666665
Mendocino,2015,8,2,1.235,3.0,0,2.0,5.0,3.59,-0.8660254037844384,-0.5000000000000004,3.0
Mendocino,2015,9,3,3.1799999999999997,2.0,0,2.0,2.0,1.235,-1.0,-1.8369701987210297e-16,2.3333333333333335
Mendocino,2015,10,2,0.43,10.0,0,3.0,2.0,3.1799999999999997,-0.8660254037844386,0.5000000000000001,2.3333333333333335
Mendocino,2015,11,10,3.665,2.0,0,2.0,3.0,0.43,-0.5000000000000004,0.8660254037844384,5.0
Mendocino,2015,12,2,3.415,1.0,0,10.0,2.0,3.665,-2.4492935982947064e-16,1.0,4.666666666666667
Mendocino,2016,2,1,3.1,4.0,0,2.0,10.0,3.415,0.8660254037844386,0.5000000000000001,4.333333333333333
Mendocino,2016,3,4,5.0575,10.0,0,1.0,2.0,3.1,1.0,6.123233995736766e-17,2.3333333333333335
Mendocino,2016,4,10,5.209,1.0,0,4.0,1.0,5.0575,0.8660254037844387,-0.49999999999999983,5.0
Mendocino,2016,5,1,1.49,2.0,0,10.0,4.0,5.209,0.49999999999999994,-0.8660254037844387,5.0
Mendocino,2016,6,2,8.68,4.0,0,1.0,10.0,1.49,1.2246467991473532e-16,-1.0,4.333333333333333
Mendocino,2016,8,4,12.3625,3.0,0,2.0,1.0,8.68,-0.8660254037844384,-0.5000000000000004,2.3333333333333335
Mendocino,2016,9,3,2.78,4.0,0,4.0,2.0,12.3625,-1.0,-1.8369701987210297e-16,3.0
Mendocino,2016,10,4,1.06,1.0,0,3.0,4.0,2.78,-0.8660254037844386,0.5000000000000001,3.6666666666666665
Mendocino,2016,11,1,0.8,6.0,0,4.0,3.0,1.06,-0.5000000000000004,0.8660254037844384,2.6666666666666665
Mendocino,2016,12,6,2.46,2.0,0,1.0,4.0,0.8,-2.4492935982947064e-16,1.0,3.6666666666666665
Mendocino,2017,3,2,3.02,14.0,0,6.0,1.0,2.46,1.0,6.123233995736766e-17,3.0
Mendocino,2017,4,14,9.64,1.0,0,2.0,6.0,3.02,0.8660254037844387,-0.49999999999999983,7.333333333333333
Mendocino,2017,5,1,3.66,1.0,0,14.0,2.0,9.64,0.49999999999999994,-0.8660254037844387,5.666666666666667
Mendocino,2017,6,1,9.5,10.0,0,1.0,14.0,3.66,1.2246467991473532e-16,-1.0,5.333333333333333
Mendocino,2017,7,10,10.859,3.0,0,1.0,1.0,9.5,-0.4999999999999998,-0.8660254037844388,4.0
Mendocino,2017,8,3,5.886666666666667,5.0,0,10.0,1.0,10.859,-0.8660254037844384,-0.5000000000000004,4.666666666666667
Mendocino,2017,9,5,14.323999999999998,1263.0,1,3.0,10.0,5.886666666666667,-1.0,-1.8369701987210297e-16,6.0
Mendocino,2017,10,1263,27.43512272367379,4.0,0,5.0,3.0,14.323999999999998,-0.8660254037844386,0.5000000000000001,423.6666666666667
Mendocino,2017,11,4,3.98,3.0,0,1263.0,5.0,27.43512272367379,-0.5000000000000004,0.8660254037844384,424.0
Mendocino,2017,12,3,4.153333333333333,1.0,0,4.0,1263.0,3.98,-2.4492935982947064e-16,1.0,423.3333333333333
Mendocino,2018,1,1,3.81,20.0,0,3.0,4.0,4.153333333333333,0.49999999999999994,0.8660254037844387,2.6666666666666665
Mendocino,2018,2,20,5.218500000000001,2.0,0,1.0,3.0,3.81,0.8660254037844386,0.5000000000000001,8.0
Mendocino,2018,3,2,3.4450000000000003,8.0,0,20.0,1.0,5.218500000000001,1.0,6.123233995736766e-17,7.666666666666667
Mendocino,2018,4,8,10.3725,20.0,0,2.0,20.0,3.4450000000000003,0.8660254037844387,-0.49999999999999983,10.0
Mendocino,2018,5,20,7.1450000000000005,3.0,0,8.0,2.0,10.3725,0.49999999999999994,-0.8660254037844387,10.0
Mendocino,2018,6,3,4.303333333333334,463.0,1,20.0,8.0,7.1450000000000005,1.2246467991473532e-16,-1.0,10.333333333333334
Mendocino,2018,7,463,34.70840172786177,211.0,1,3.0,20.0,4.303333333333334,-0.4999999999999998,-0.8660254037844388,162.0
Mendocino,2018,8,211,19.3057345971564,14.0,0,463.0,3.0,34.70840172786177,-0.8660254037844384,-0.5000000000000004,225.66666666666666
Mendocino,2018,10,14,5.211428571428572,3.0,0,211.0,463.0,19.3057345971564,-0.8660254037844386,0.5000000000000001,229.33333333333334
Mendocino,2018,11,3,4.51,15.0,0,14.0,211.0,5.211428571428572,-0.5000000000000004,0.8660254037844384,76.0
Mendocino,2018,12,15,5.401333333333333,9.0,0,3.0,14.0,4.51,-2.4492935982947064e-16,1.0,10.666666666666666
Mendocino,2019,1,9,3.8655555555555554,2.0,0,15.0,3.0,5.401333333333333,0.49999999999999994,0.8660254037844387,9.0
Mendocino,2019,2,2,2.24,8.0,0,9.0,15.0,3.8655555555555554,0.8660254037844386,0.5000000000000001,8.666666666666666
Mendocino,2019,3,8,4.14875,48.0,1,2.0,9.0,2.24,1.0,6.123233995736766e-17,6.333333333333333
Mendocino,2019,4,48,11.008333333333333,30.0,0,8.0,2.0,4.14875,0.8660254037844387,-0.49999999999999983,19.333333333333332
Mendocino,2019,5,30,17.043333333333333,14.0,0,48.0,8.0,11.008333333333333,0.49999999999999994,-0.8660254037844387,28.666666666666668
Mendocino,2019,7,14,3.0014285714285713,6.0,0,30.0,48.0,17.043333333333333,-0.4999999999999998,-0.8660254037844388,30.666666666666668
Mendocino,2019,8,6,1.2133333333333334,11.0,0,14.0,30.0,3.0014285714285713,-0.8660254037844384,-0.5000000000000004,16.666666666666668
Mendocino,2019,10,11,12.780909090909091,1.0,0,6.0,14.0,1.2133333333333334,-0.8660254037844386,0.5000000000000001,10.333333333333334
Mendocino,2019,11,1,2.95,1.0,0,11.0,6.0,12.780909090909091,-0.5000000000000004,0.8660254037844384,6.0
Mendocino,2019,12,1,11.3,2.0,0,1.0,11.0,2.95,-2.4492935982947064e-16,1.0,4.333333333333333
Mendocino,2020,1,2,1.7000000000000002,64.0,1,1.0,1.0,11.3,0.49999999999999994,0.8660254037844387,1.3333333333333333
Mendocino,2020,2,64,8.6990625,72.0,1,2.0,1.0,1.7000000000000002,0.8660254037844386,0.5000000000000001,22.333333333333332
Mendocino,2020,3,72,15.188472222222222,42.0,0,64.0,2.0,8.6990625,1.0,6.123233995736766e-17,46.0
Mendocino,2020,4,42,7.672380952380952,10.0,0,72.0,64.0,15.188472222222222,0.8660254037844387,-0.49999999999999983,59.333333333333336
Mendocino,2020,5,10,9.638,8.0,0,42.0,72.0,7.672380952380952,0.49999999999999994,-0.8660254037844387,41.333333333333336
Mendocino,2020,6,8,17.42625,525.0,1,10.0,42.0,9.638,1.2246467991473532e-16,-1.0,20.0
Mendocino,2020,8,525,15.833542857142858,9750.0,1,8.0,10.0,17.42625,-0.8660254037844384,-0.5000000000000004,181.0
Mendocino,2020,9,9750,18.62293435897436,1115.0,1,525.0,8.0,15.833542857142858,-1.0,-1.8369701987210297e-16,3427.6666666666665
Mendocino,2020,10,1115,19.43077130044843,8.0,0,9750.0,525.0,18.62293435897436,-0.8660254037844386,0.5000000000000001,3796.6666666666665
Mendocino,2020,11,8,4.9712499999999995,6.0,0,1115.0,9750.0,19.43077130044843,-0.5000000000000004,0.8660254037844384,3624.3333333333335
Merced,2015,3,25,5.7648,16.0,0,21.0,1.0,4.344285714285714,1.0,6.123233995736766e-17,15.666666666666666
Merced,2015,4,16,3.2075,17.0,0,25.0,21.0,5.7648,0.8660254037844387,-0.49999999999999983,20.666666666666668
Merced,2015,5,17,2.5341176470588236,12.0,0,16.0,25.0,3.2075,0.49999999999999994,-0.8660254037844387,19.333333333333332
Merced,2015,6,12,14.7375,54.0,1,17.0,16.0,2.5341176470588236,1.2246467991473532e-16,-1.0,15.0
Merced,2015,7,54,4.954814814814815,14.0,0,12.0,17.0,14.7375,-0.4999999999999998,-0.8660254037844388,27.666666666666668
Merced,2015,8,14,1.5807142857142855,16.0,0,54.0,12.0,4.954814814814815,-0.8660254037844384,-0.5000000000000004,26.666666666666668
Merced,2015,9,16,5.44125,23.0,0,14.0,54.0,1.5807142857142855,-1.0,-1.8369701987210297e-16,28.0
Merced,2015,10,23,3.143913043478261,21.0,0,16.0,14.0,5.44125,-0.8660254037844386,0.5000000000000001,17.666666666666668
Merced,2015,11,21,5.082380952380952,4.0,0,23.0,16.0,3.143913043478261,-0.5000000000000004,0.8660254037844384,20.0
Merced,2015,12,4,1.655,8.0,0,21.0,23.0,5.082380952380952,-2.4492935982947064e-16,1.0,16.0
Merced,2016,1,8,5.595000000000001,25.0,0,4.0,21.0,1.655,0.49999999999999994,0.8660254037844387,11.0
Merced,2016,2,25,5.146800000000001,26.0,0,8.0,4.0,5.595000000000001,0.8660254037844386,0.5000000000000001,12.333333333333334
Merced,2016,3,26,7.985384615384616,10.0,0,25.0,8.0,5.146800000000001,1.0,6.123233995736766e-17,19.666666666666668
Merced,2016,4,10,2.895,16.0,0,26.0,25.0,7.985384615384616,0.8660254037844387,-0.49999999999999983,20.333333333333332
Merced,2016,5,16,4.136875,47.0,1,10.0,26.0,2.895,0.49999999999999994,-0.8660254037844387,17.333333333333332
Merced,2016,6,47,6.281489361702128,19.0,0,16.0,10.0,4.136875,1.2246467991473532e-16,-1.0,24.333333333333332
Merced,2016,7,19,12.363684210526316,13.0,0,47.0,16.0,6.281489361702128,-0.4999999999999998,-0.8660254037844388,27.333333333333332
Merced,2016,8,13,3.534615384615385,16.0,0,19.0,47.0,12.363684210526316,-0.8660254037844384,-0.5000000000000004,26.333333333333332
Merced,2016,9,16,3.45875,19.0,0,13.0,19.0,3.534615384615385,-1.0,-1.8369701987210297e-16,16.0
Merced,2016,10,19,4.330526315789474,33.0,0,16.0,13.0,3.45875,-0.8660254037844386,0.5000000000000001,16.0
Merced,2016,11,33,6.03090909090909,14.0,0,19.0,16.0,4.330526315789474,-0.5000000000000004,0.8660254037844384,22.666666666666668
Merced,2016,12,14,3.8428571428571425,3.0,0,33.0,19.0,6.03090909090909,-2.4492935982947064e-16,1.0,22.0
Merced,2017,1,3,0.9066666666666668,14.0,0,14.0,33.0,3.8428571428571425,0.49999999999999994,0.8660254037844387,16.666666666666668
Merced,2017,2,14,4.200714285714286,37.0,0,3.0,14.0,0.9066666666666668,0.8660254037844386,0.5000000000000001,10.333333333333334
Merced,2017,3,37,5.098378378378379,41.0,0,14.0,3.0,4.200714285714286,1.0,6.123233995736766e-17,18.0
Merced,2017,4,41,14.154634146341465,28.0,0,37.0,14.0,5.098378378378379,0.8660254037844387,-0.49999999999999983,30.666666666666668
Merced,2017,5,28,23.5125,6.0,0,41.0,37.0,14.154634146341465,0.49999999999999994,-0.8660254037844387,35.333333333333336
Merced,2017,6,6,9.523333333333332,19.0,0,28.0,41.0,23.5125,1.2246467991473532e-16,-1.0,25.0
Merced,2017,7,19,3.604736842105263,16.0,0,6.0,28.0,9.523333333333332,-0.4999999999999998,-0.8660254037844388,17.666666666666668
Merced,2017,8,16,7.450625,18.0,0,19.0,6.0,3.604736842105263,-0.8660254037844384,-0.5000000000000004,13.666666666666666
Merced,2017,9,18,8.96888888888889,29.0,0,16.0,19.0,7.450625,-1.0,-1.8369701987210297e-16,17.666666666666668
Merced,2017,10,29,4.957931034482758,44.0,0,18.0,16.0,8.96888888888889,-0.8660254037844386,0.5000000000000001,21.0
Merced,2017,11,44,6.121363636363637,77.0,1,29.0,18.0,4.957931034482758,-0.5000000000000004,0.8660254037844384,30.333333333333332
Merced,2017,12,77,7.827792207792208,18.0,0,44.0,29.0,6.121363636363637,-2.4492935982947064e-16,1.0,50.0
Merced,2018,1,18,7.28388888888889,59.0,1,77.0,44.0,7.827792207792208,0.49999999999999994,0.8660254037844387,46.333333333333336
Merced,2018,2,59,6.106779661016949,19.0,0,18.0,77.0,7.28388888888889,0.8660254037844386,0.5000000000000001,51.333333333333336
Merced,2018,3,19,3.343157894736842,18.0,0,59.0,18.0,6.106779661016949,1.0,6.123233995736766e-17,32.0
Merced,2018,4,18,6.636666666666667,19.0,0,19.0,59.0,3.343157894736842,0.8660254037844387,-0.49999999999999983,32.0
Merced,2018,5,19,4.6821052631578945,12.0,0,18.0,19.0,6.636666666666667,0.49999999999999994,-0.8660254037844387,18.666666666666668
Merced,2018,6,12,3.734166666666667,8.0,0,19.0,18.0,4.6821052631578945,1.2246467991473532e-16,-1.0,16.333333333333332
Merced,2018,7,8,2.4,11.0,0,12.0,19.0,3.734166666666667,-0.4999999999999998,-0.8660254037844388,13.0
Merced,2018,8,11,3.555454545454545,14.0,0,8.0,12.0,2.4,-0.8660254037844384,-0.5000000000000004,10.333333333333334
Merced,2018,9,14,3.652857142857143,32.0,0,11.0,8.0,3.555454545454545,-1.0,-1.8369701987210297e-16,11.0
Merced,2018,10,32,5.2428125,14.0,0,14.0,11.0,3.652857142857143,-0.8660254037844386,0.5000000000000001,19.0
Merced,2018,11,14,5.409999999999999,21.0,0,32.0,14.0,5.2428125,-0.5000000000000004,0.8660254037844384,20.0
Merced,2018,12,21,5.298095238095239,11.0,0,14.0,32.0,5.409999999999999,-2.4492935982947064e-16,1.0,22.333333333333332
Merced,2019,1,11,3.316363636363636,8.0,0,21.0,14.0,5.298095238095239,0.49999999999999994,0.8660254037844387,15.333333333333334
Merced,2019,2,8,5.39625,33.0,0,11.0,21.0,3.316363636363636,0.8660254037844386,0.5000000000000001,13.333333333333334
Merced,2019,3,33,3.453030303030303,22.0,0,8.0,11.0,5.39625,1.0,6.123233995736766e-17,17.333333333333332
Merced,2019,4,22,4.330909090909091,23.0,0,33.0,8.0,3.453030303030303,0.8660254037844387,-0.49999999999999983,21.0
Merced,2019,5,23,10.10608695652174,31.0,0,22.0,33.0,4.330909090909091,0.49999999999999994,-0.8660254037844387,26.0
Merced,2019,6,31,25.716451612903228,20.0,0,23.0,22.0,10.10608695652174,1.2246467991473532e-16,-1.0,25.333333333333332
Merced,2019,7,20,4.872,10.0,0,31.0,23.0,25.716451612903228,-0.4999999999999998,-0.8660254037844388,24.666666666666668
Merced,2019,8,10,2.143,14.0,0,20.0,31.0,4.872,-0.8660254037844384,-0.5000000000000004,20.333333333333332
Merced,2019,9,14,3.837142857142857,35.0,0,10.0,20.0,2.143,-1.0,-1.8369701987210297e-16,14.666666666666666
Merced,2019,10,35,9.713142857142856,62.0,1,14.0,10.0,3.837142857142857,-0.8660254037844386,0.5000000000000001,19.666666666666668
Merced,2019,11,62,4.761774193548387,13.0,0,35.0,14.0,9.713142857142856,-0.5000000000000004,0.8660254037844384,37.0
Merced,2019,12,13,5.443076923076924,24.0,0,62.0,35.0,4.761774193548387,-2.4492935982947064e-16,1.0,36.666666666666664
Merced,2020,1,24,17.021666666666665,70.0,1,13.0,62.0,5.443076923076924,0.49999999999999994,0.8660254037844387,33.0
Merced,2020,2,70,5.251428571428572,33.0,0,24.0,13.0,17.021666666666665,0.8660254037844386,0.5000000000000001,35.666666666666664
Merced,2020,3,33,6.716060606060606,20.0,0,70.0,24.0,5.251428571428572,1.0,6.123233995736766e-17,42.333333333333336
Merced,2020,4,20,2.7515,37.0,0,33.0,70.0,6.716060606060606,0.8660254037844387,-0.49999999999999983,41.0
Merced,2020,5,37,7.367837837837838,64.0,1,20.0,33.0,2.7515,0.49999999999999994,-0.8660254037844387,30.0
Merced,2020,6,64,11.83375,21.0,0,37.0,20.0,7.367837837837838,1.2246467991473532e-16,-1.0,40.333333333333336
Merced,2020,7,21,3.2138095238095237,99.0,1,64.0,37.0,11.83375,-0.4999999999999998,-0.8660254037844388,40.666666666666664
Merced,2020,8,99,13.054040404040403,12.0,0,21.0,64.0,3.2138095238095237,-0.8660254037844384,-0.5000000000000004,61.333333333333336
Merced,2020,9,12,2.8441666666666667,6.0,0,99.0,21.0,13.054040404040403,-1.0,-1.8369701987210297e-16,44.0
Merced,2020,10,6,0.615,18.0,0,12.0,99.0,2.8441666666666667,-0.8660254037844386,0.5000000000000001,39.0
Merced,2020,11,18,2.9705555555555554,24.0,0,6.0,12.0,0.615,-0.5000000000000004,0.8660254037844384,12.0
Modoc,2015,3,8,5.00875,37.0,0,37.0,22.0,1.7424324324324325,1.0,6.123233995736766e-17,22.333333333333332
Modoc,2015,4,37,19.09864864864865,2.0,0,8.0,37.0,5.00875,0.8660254037844387,-0.49999999999999983,27.333333333333332
Modoc,2015,5,2,3.88,53.0,1,37.0,8.0,19.09864864864865,0.49999999999999994,-0.8660254037844387,15.666666666666666
Modoc,2015,7,53,22.345471698113208,107.0,1,2.0,37.0,3.88,-0.4999999999999998,-0.8660254037844388,30.666666666666668
Modoc,2015,8,107,11.540467289719626,2.0,0,53.0,2.0,22.345471698113208,-0.8660254037844384,-0.5000000000000004,54.0
Modoc,2015,9,2,2.9,41.0,0,107.0,53.0,11.540467289719626,-1.0,-1.8369701987210297e-16,54.0
Modoc,2015,10,41,14.956341463414637,239.0,1,2.0,107.0,2.9,-0.8660254037844386,0.5000000000000001,50.0
Modoc,2015,11,239,13.582426778242676,50.0,1,41.0,2.0,14.956341463414637,-0.5000000000000004,0.8660254037844384,94.0
Modoc,2015,12,50,21.143600000000003,5.0,0,239.0,41.0,13.582426778242676,-2.4492935982947064e-16,1.0,110.0
Modoc,2016,2,5,2.644,5.0,0,50.0,239.0,21.143600000000003,0.8660254037844386,0.5000000000000001,98.0
Modoc,2016,3,5,3.47,20.0,0,5.0,50.0,2.644,1.0,6.123233995736766e-17,20.0
Modoc,2016,4,20,5.1045,26.0,0,5.0,5.0,3.47,0.8660254037844387,-0.49999999999999983,10.0
Modoc,2016,5,26,12.06423076923077,2.0,0,20.0,5.0,5.1045,0.49999999999999994,-0.8660254037844387,17.0
Modoc,2016,6,2,9.955,6.0,0,26.0,20.0,12.06423076923077,1.2246467991473532e-16,-1.0,16.0
Modoc,2016,8,6,43.88333333333333,232.0,1,2.0,26.0,9.955,-0.8660254037844384,-0.5000000000000004,11.333333333333334
Modoc,2016,9,232,7.646163793103448,28.0,0,6.0,2.0,43.88333333333333,-1.0,-1.8369701987210297e-16,80.0
Modoc,2016,10,28,13.421071428571429,26.0,0,232.0,6.0,7.646163793103448,-0.8660254037844386,0.5000000000000001,88.66666666666667
Modoc,2016,11,26,6.599615384615385,57.0,1,28.0,232.0,13.421071428571429,-0.5000000000000004,0.8660254037844384,95.33333333333333
Modoc,2016,12,57,2.3882456140350876,2.0,0,26.0,28.0,6.599615384615385,-2.4492935982947064e-16,1.0,37.0
Modoc,2017,2,2,20.24,8.0,0,57.0,26.0,2.3882456140350876,0.8660254037844386,0.5000000000000001,28.333333333333332
Modoc,2017,3,8,29.57875,19.0,0,2.0,57.0,20.24,1.0,6.123233995736766e-17,22.333333333333332
Modoc,2017,4,19,11.043684210526315,55.0,1,8.0,2.0,29.57875,0.8660254037844387,-0.49999999999999983,9.666666666666666
Modoc,2017,5,55,21.637636363636364,17.0,0,19.0,8.0,11.043684210526315,0.49999999999999994,-0.8660254037844387,27.333333333333332
Modoc,2017,6,17,24.61176470588235,1557.0,1,55.0,19.0,21.637636363636364,1.2246467991473532e-16,-1.0,30.333333333333332
Modoc,2017,7,1557,15.266525369299936,1374.0,1,17.0,55.0,24.61176470588235,-0.4999999999999998,-0.8660254037844388,543.0
Modoc,2017,8,1374,9.65725618631732,4.0,0,1557.0,17.0,15.266525369299936,-0.8660254037844384,-0.5000000000000004,982.6666666666666
Modoc,2017,9,4,22.0375,52.0,1,1374.0,1557.0,9.65725618631732,-1.0,-1.8369701987210297e-16,978.3333333333334
Modoc,2017,10,52,10.535769230769231,14.0,0,4.0,1374.0,22.0375,-0.8660254037844386,0.5000000000000001,476.6666666666667
Modoc,2017,11,14,3.167857142857143,36.0,0,52.0,4.0,10.535769230769231,-0.5000000000000004,0.8660254037844384,23.333333333333332
Modoc,2017,12,36,7.265833333333333,9.0,0,14.0,52.0,3.167857142857143,-2.4492935982947064e-16,1.0,34.0
Modoc,2018,1,9,11.457777777777778,51.0,1,36.0,14.0,7.265833333333333,0.49999999999999994,0.8660254037844387,19.666666666666668
Modoc,2018,2,51,16.030196078431374,20.0,0,9.0,36.0,11.457777777777778,0.8660254037844386,0.5000000000000001,32.0
Modoc,2018,3,20,10.333,48.0,1,51.0,9.0,16.030196078431374,1.0,6.123233995736766e-17,26.666666666666668
Modoc,2018,4,48,15.52625,5.0,0,20.0,51.0,10.333,0.8660254037844387,-0.49999999999999983,39.666666666666664
Modoc,2018,5,5,27.826,14.0,0,48.0,20.0,15.52625,0.49999999999999994,-0.8660254037844387,24.333333333333332
Modoc,2018,7,14,48.55,2461.0,1,5.0,48.0,27.826,-0.4999999999999998,-0.8660254037844388,22.333333333333332
Modoc,2018,8,2461,16.660906135717187,3.0,0,14.0,5.0,48.55,-0.8660254037844384,-0.5000000000000004,826.6666666666666
Modoc,2018,9,3,9.293333333333331,6.0,0,2461.0,14.0,16.660906135717187,-1.0,-1.8369701987210297e-16,826.0
Modoc,2018,10,6,13.511666666666663,19.0,0,3.0,2461.0,9.293333333333331,-0.8660254037844386,0.5000000000000001,823.3333333333334
Modoc,2018,11,19,8.480526315789474,11.0,0,6.0,3.0,13.511666666666663,-0.5000000000000004,0.8660254037844384,9.333333333333334
Modoc,2018,12,11,26.296363636363637,5.0,0,19.0,6.0,8.480526315789474,-2.4492935982947064e-16,1.0,12.0
Modoc,2019,1,5,6.1579999999999995,8.0,0,11.0,19.0,26.296363636363637,0.49999999999999994,0.8660254037844387,11.666666666666666
Modoc,2019,3,8,11.32125,28.0,0,5.0,11.0,6.1579999999999995,1.0,6.123233995736766e-17,8.0
Modoc,2019,4,28,21.970714285714287,19.0,0,8.0,5.0,11.32125,0.8660254037844387,-0.49999999999999983,13.666666666666666
Modoc,2019,5,19,7.843157894736841,2.0,0,28.0,8.0,21.970714285714287,0.49999999999999994,-0.8660254037844387,18.333333333333332
Modoc,2019,6,2,5.935,158.0,1,19.0,28.0,7.843157894736841,1.2246467991473532e-16,-1.0,16.333333333333332
Modoc,2019,7,158,20.299810126582276,1.0,0,2.0,19.0,5.935,-0.4999999999999998,-0.8660254037844388,59.666666666666664
Modoc,2019,8,1,34.87,78.0,1,158.0,2.0,20.299810126582276,-0.8660254037844384,-0.5000000000000004,53.666666666666664
Modoc,2019,9,78,5.513333333333334,2.0,0,1.0,158.0,34.87,-1.0,-1.8369701987210297e-16,79.0
Modoc,2019,10,2,2.6399999999999997,4.0,0,78.0,1.0,5.513333333333334,-0.8660254037844386,0.5000000000000001,27.0
Modoc,2019,11,4,4.8225,7.0,0,2.0,78.0,2.6399999999999997,-0.5000000000000004,0.8660254037844384,28.0
Modoc,2019,12,7,6.718571428571429,43.0,0,4.0,2.0,4.8225,-2.4492935982947064e-16,1.0,4.333333333333333
Modoc,2020,2,43,14.451627906976745,19.0,0,7.0,4.0,6.718571428571429,0.8660254037844386,0.5000000000000001,18.0
Modoc,2020,3,19,7.362105263157894,33.0,0,43.0,7.0,14.451627906976745,1.0,6.123233995736766e-17,23.0
Modoc,2020,4,33,45.14,1.0,0,19.0,43.0,7.362105263157894,0.8660254037844387,-0.49999999999999983,31.666666666666668
Modoc,2020,6,1,9.34,463.0,1,33.0,19.0,45.14,1.2246467991473532e-16,-1.0,17.666666666666668
Modoc,2020,7,463,20.087537796976243,117.0,1,1.0,33.0,9.34,-0.4999999999999998,-0.8660254037844388,165.66666666666666
Modoc,2020,8,117,7.956495726495726,4.0,0,463.0,1.0,20.087537796976243,-0.8660254037844384,-0.5000000000000004,193.66666666666666
Modoc,2020,9,4,5.785,3.0,0,117.0,463.0,7.956495726495726,-1.0,-1.8369701987210297e-16,194.66666666666666
Modoc,2020,10,3,11.633333333333333,2.0,0,4.0,117.0,5.785,-0.8660254037844386,0.5000000000000001,41.333333333333336
Modoc,2020,11,2,6.105,19.0,0,3.0,4.0,11.633333333333333,-0.5000000000000004,0.8660254037844384,3.0
Mono,2015,8,151,18.112251655629137,1.0,0,2.0,7.0,8.105,-0.8660254037844384,-0.5000000000000004,53.333333333333336
Mono,2015,10,1,4.13,9.0,0,151.0,2.0,18.112251655629137,-0.8660254037844386,0.5000000000000001,51.333333333333336
Mono,2015,11,9,9.77111111111111,2.0,0,1.0,151.0,4.13,-0.5000000000000004,0.8660254037844384,53.666666666666664
Mono,2016,1,2,11.355,3.0,0,9.0,1.0,9.77111111111111,0.49999999999999994,0.8660254037844387,4.0
Mono,2016,2,3,10.19,5.0,0,2.0,9.0,11.355,0.8660254037844386,0.5000000000000001,4.666666666666667
Mono,2016,3,5,8.404,32.0,0,3.0,2.0,10.19,1.0,6.123233995736766e-17,3.3333333333333335
Mono,2016,6,32,13.6309375,204.0,1,5.0,3.0,8.404,1.2246467991473532e-16,-1.0,13.333333333333334
Mono,2016,8,204,16.405196078431374,153.0,1,32.0,5.0,13.6309375,-0.8660254037844384,-0.5000000000000004,80.33333333333333
Mono,2016,9,153,21.54235294117647,3.0,0,204.0,32.0,16.405196078431374,-1.0,-1.8369701987210297e-16,129.66666666666666
Mono,2017,1,3,7.563333333333333,18.0,0,153.0,204.0,21.54235294117647,0.49999999999999994,0.8660254037844387,120.0
Mono,2017,5,18,24.06888888888889,165.0,1,3.0,153.0,7.563333333333333,0.49999999999999994,-0.8660254037844387,58.0
Mono,2017,8,165,15.043030303030305,105.0,1,18.0,3.0,24.06888888888889,-0.8660254037844384,-0.5000000000000004,62.0
Mono,2017,9,105,33.04561904761905,13.0,0,165.0,18.0,15.043030303030305,-1.0,-1.8369701987210297e-16,96.0
Mono,2017,10,13,11.472307692307693,32.0,0,105.0,165.0,33.04561904761905,-0.8660254037844386,0.5000000000000001,94.33333333333333
Mono,2017,11,32,13.6053125,9.0,0,13.0,105.0,11.472307692307693,-0.5000000000000004,0.8660254037844384,50.0
Mono,2018,1,9,7.621111111111111,3.0,0,32.0,13.0,13.6053125,0.49999999999999994,0.8660254037844387,18.0
Mono,2018,3,3,8.853333333333333,17.0,0,9.0,32.0,7.621111111111111,1.0,6.123233995736766e-17,14.666666666666666
Mono,2018,4,17,22.37294117647059,10.0,0,3.0,9.0,8.853333333333333,0.8660254037844387,-0.49999999999999983,9.666666666666666
Mono,2018,6,10,6.4990000000000006,2.0,0,17.0,3.0,22.37294117647059,1.2246467991473532e-16,-1.0,10.0
Mono,2018,8,2,6.99,98.0,1,10.0,17.0,6.4990000000000006,-0.8660254037844384,-0.5000000000000004,9.666666666666666
Mono,2018,9,98,15.756020408163264,4.0,0,2.0,10.0,6.99,-1.0,-1.8369701987210297e-16,36.666666666666664
Mono,2018,10,4,8.102500000000001,6.0,0,98.0,2.0,15.756020408163264,-0.8660254037844386,0.5000000000000001,34.666666666666664
Mono,2018,11,6,8.331666666666667,6.0,0,4.0,98.0,8.102500000000001,-0.5000000000000004,0.8660254037844384,36.0
Mono,2018,12,6,5.265,34.0,0,6.0,4.0,8.331666666666667,-2.4492935982947064e-16,1.0,5.333333333333333
Mono,2019,5,34,16.45,14.0,0,6.0,6.0,5.265,0.49999999999999994,-0.8660254037844387,15.333333333333334
Mono,2019,6,14,10.625,479.0,1,34.0,6.0,16.45,1.2246467991473532e-16,-1.0,18.0
Mono,2019,8,479,10.519540709812109,49.0,1,14.0,34.0,10.625,-0.8660254037844384,-0.5000000000000004,175.66666666666666
Mono,2019,9,49,13.948571428571428,2.0,0,479.0,14.0,10.519540709812109,-1.0,-1.8369701987210297e-16,180.66666666666666
Mono,2020,1,2,5.96,13.0,0,49.0,479.0,13.948571428571428,0.49999999999999994,0.8660254037844387,176.66666666666666
Mono,2020,2,13,19.89076923076923,1.0,0,2.0,49.0,5.96,0.8660254037844386,0.5000000000000001,21.333333333333332
Mono,2020,3,1,4.47,2.0,0,13.0,2.0,19.89076923076923,1.0,6.123233995736766e-17,5.333333333333333
Mono,2020,5,2,10.739999999999998,23.0,0,1.0,13.0,4.47,0.49999999999999994,-0.8660254037844387,5.333333333333333
Mono,2020,6,23,36.00739130434783,3.0,0,2.0,1.0,10.739999999999998,1.2246467991473532e-16,-1.0,8.666666666666666
Mono,2020,7,3,18.546666666666667,221.0,1,23.0,2.0,36.00739130434783,-0.4999999999999998,-0.8660254037844388,9.333333333333334
Mono,2020,8,221,29.616199095022623,391.0,1,3.0,23.0,18.546666666666667,-0.8660254037844384,-0.5000000000000004,82.33333333333333
Mono,2020,9,391,18.43959079283887,54.0,1,221.0,3.0,29.616199095022623,-1.0,-1.8369701987210297e-16,205.0
Monterey,2015,3,14,2.1392857142857142,4.0,0,9.0,28.0,2.451111111111111,1.0,6.123233995736766e-17,17.0
Monterey,2015,4,4,5.8725000000000005,14.0,0,14.0,9.0,2.1392857142857142,0.8660254037844387,-0.49999999999999983,9.0
Monterey,2015,5,14,12.865,96.0,1,4.0,14.0,5.8725000000000005,0.49999999999999994,-0.8660254037844387,10.666666666666666
Monterey,2015,6,96,10.772291666666668,6.0,0,14.0,4.0,12.865,1.2246467991473532e-16,-1.0,38.0
Monterey,2015,7,6,6.449999999999999,3.0,0,96.0,14.0,10.772291666666668,-0.4999999999999998,-0.8660254037844388,38.666666666666664
Monterey,2015,8,3,2.5033333333333334,26.0,0,6.0,96.0,6.449999999999999,-0.8660254037844384,-0.5000000000000004,35.0
Monterey,2015,9,26,5.298461538461538,3.0,0,3.0,6.0,2.5033333333333334,-1.0,-1.8369701987210297e-16,11.666666666666666
Monterey,2015,10,3,0.88,19.0,0,26.0,3.0,5.298461538461538,-0.8660254037844386,0.5000000000000001,10.666666666666666
Monterey,2015,11,19,3.643157894736842,5.0,0,3.0,26.0,0.88,-0.5000000000000004,0.8660254037844384,16.0
Monterey,2015,12,5,3.701999999999999,5.0,0,19.0,3.0,3.643157894736842,-2.4492935982947064e-16,1.0,9.0
Monterey,2016,1,5,2.618,10.0,0,5.0,19.0,3.701999999999999,0.49999999999999994,0.8660254037844387,9.666666666666666
Monterey,2016,2,10,2.397,16.0,0,5.0,5.0,2.618,0.8660254037844386,0.5000000000000001,6.666666666666667
Monterey,2016,3,16,1.8825,1.0,0,10.0,5.0,2.397,1.0,6.123233995736766e-17,10.333333333333334
Monterey,2016,4,1,2.28,23.0,0,16.0,10.0,1.8825,0.8660254037844387,-0.49999999999999983,9.0
Monterey,2016,5,23,9.84086956521739,103.0,1,1.0,16.0,2.28,0.49999999999999994,-0.8660254037844387,13.333333333333334
Monterey,2016,6,103,22.811165048543693,2047.0,1,23.0,1.0,9.84086956521739,1.2246467991473532e-16,-1.0,42.333333333333336
Monterey,2016,7,2047,20.769003419638494,4109.0,1,103.0,23.0,22.811165048543693,-0.4999999999999998,-0.8660254037844388,724.3333333333334
Monterey,2016,8,4109,16.48533219761499,2010.0,1,2047.0,103.0,20.769003419638494,-0.8660254037844384,-0.5000000000000004,2086.3333333333335
Monterey,2016,9,2010,27.139114427860697,6.0,0,4109.0,2047.0,16.48533219761499,-1.0,-1.8369701987210297e-16,2722.0
Monterey,2016,10,6,1.3966666666666665,28.0,0,2010.0,4109.0,27.139114427860697,-0.8660254037844386,0.5000000000000001,2041.6666666666667
Monterey,2016,11,28,8.034285714285714,13.0,0,6.0,2010.0,1.3966666666666665,-0.5000000000000004,0.8660254037844384,681.3333333333334
Monterey,2016,12,13,3.2684615384615388,1.0,0,28.0,6.0,8.034285714285714,-2.4492935982947064e-16,1.0,15.666666666666666
Monterey,2017,1,1,2.81,5.0,0,13.0,28.0,3.2684615384615388,0.49999999999999994,0.8660254037844387,14.0
Monterey,2017,2,5,3.998,21.0,0,1.0,13.0,2.81,0.8660254037844386,0.5000000000000001,6.333333333333333
Monterey,2017,3,21,2.590952380952381,9.0,0,5.0,1.0,3.998,1.0,6.123233995736766e-17,9.0
Monterey,2017,4,9,1.6288888888888888,14.0,0,21.0,5.0,2.590952380952381,0.8660254037844387,-0.49999999999999983,11.666666666666666
Monterey,2017,5,14,3.3057142857142856,40.0,0,9.0,21.0,1.6288888888888888,0.49999999999999994,-0.8660254037844387,14.666666666666666
Monterey,2017,6,40,7.169499999999999,100.0,1,14.0,9.0,3.3057142857142856,1.2246467991473532e-16,-1.0,21.0
Monterey,2017,7,100,36.2144,2.0,0,40.0,14.0,7.169499999999999,-0.4999999999999998,-0.8660254037844388,51.333333333333336
Monterey,2017,8,2,0.895,2.0,0,100.0,40.0,36.2144,-0.8660254037844384,-0.5000000000000004,47.333333333333336
Monterey,2017,9,2,0.42,34.0,0,2.0,100.0,0.895,-1.0,-1.8369701987210297e-16,34.666666666666664
Monterey,2017,10,34,27.359117647058824,15.0,0,2.0,2.0,0.42,-0.8660254037844386,0.5000000000000001,12.666666666666666
Monterey,2017,11,15,9.798666666666666,15.0,0,34.0,2.0,27.359117647058824,-0.5000000000000004,0.8660254037844384,17.0
Monterey,2018,1,15,4.472666666666667,25.0,0,15.0,34.0,9.798666666666666,0.49999999999999994,0.8660254037844387,21.333333333333332
Monterey,2018,2,25,2.3756,14.0,0,15.0,15.0,4.472666666666667,0.8660254037844386,0.5000000000000001,18.333333333333332
Monterey,2018,3,14,3.6721428571428567,15.0,0,25.0,15.0,2.3756,1.0,6.123233995736766e-17,18.0
Monterey,2018,4,15,5.605333333333333,33.0,0,14.0,25.0,3.6721428571428567,0.8660254037844387,-0.49999999999999983,18.0
Monterey,2018,5,33,6.00939393939394,52.0,1,15.0,14.0,5.605333333333333,0.49999999999999994,-0.8660254037844387,20.666666666666668
Monterey,2018,6,52,10.71096153846154,2.0,0,33.0,15.0,6.00939393939394,1.2246467991473532e-16,-1.0,33.333333333333336
Monterey,2018,7,2,6.08,35.0,0,52.0,33.0,10.71096153846154,-0.4999999999999998,-0.8660254037844388,29.0
Monterey,2018,8,35,33.889714285714284,4.0,0,2.0,52.0,6.08,-0.8660254037844384,-0.5000000000000004,29.666666666666668
Monterey,2018,9,4,0.6575,26.0,0,35.0,2.0,33.889714285714284,-1.0,-1.8369701987210297e-16,13.666666666666666
Monterey,2018,10,26,9.647307692307692,9.0,0,4.0,35.0,0.6575,-0.8660254037844386,0.5000000000000001,21.666666666666668
Monterey,2018,12,9,5.282222222222222,8.0,0,26.0,4.0,9.647307692307692,-2.4492935982947064e-16,1.0,13.0
Monterey,2019,1,8,2.36875,3.0,0,9.0,26.0,5.282222222222222,0.49999999999999994,0.8660254037844387,14.333333333333334
Monterey,2019,2,3,8.07,21.0,0,8.0,9.0,2.36875,0.8660254037844386,0.5000000000000001,6.666666666666667
Monterey,2019,3,21,5.5252380952380955,8.0,0,3.0,8.0,8.07,1.0,6.123233995736766e-17,10.666666666666666
Monterey,2019,4,8,4.6225000000000005,28.0,0,21.0,3.0,5.5252380952380955,0.8660254037844387,-0.49999999999999983,10.666666666666666
Monterey,2019,5,28,12.580714285714285,24.0,0,8.0,21.0,4.6225000000000005,0.49999999999999994,-0.8660254037844387,19.0
Monterey,2019,6,24,7.93125,45.0,0,28.0,8.0,12.580714285714285,1.2246467991473532e-16,-1.0,20.0
Monterey,2019,7,45,10.53111111111111,12.0,0,24.0,28.0,7.93125,-0.4999999999999998,-0.8660254037844388,32.333333333333336
Monterey,2019,8,12,14.005,9.0,0,45.0,24.0,10.53111111111111,-0.8660254037844384,-0.5000000000000004,27.0
Monterey,2019,9,9,10.073333333333332,3.0,0,12.0,45.0,14.005,-1.0,-1.8369701987210297e-16,22.0
Monterey,2019,10,3,1.09,2.0,0,9.0,12.0,10.073333333333332,-0.8660254037844386,0.5000000000000001,8.0
Monterey,2019,11,2,4.63,10.0,0,3.0,9.0,1.09,-0.5000000000000004,0.8660254037844384,4.666666666666667
Monterey,2019,12,10,6.935,16.0,0,2.0,3.0,4.63,-2.4492935982947064e-16,1.0,5.0
Monterey,2020,1,16,3.580625,22.0,0,10.0,2.0,6.935,0.49999999999999994,0.8660254037844387,9.333333333333334
Monterey,2020,2,22,8.943636363636363,17.0,0,16.0,10.0,3.580625,0.8660254037844386,0.5000000000000001,16.0
Monterey,2020,3,17,7.284705882352942,22.0,0,22.0,16.0,8.943636363636363,1.0,6.123233995736766e-17,18.333333333333332
Monterey,2020,4,22,5.522272727272727,10.0,0,17.0,22.0,7.284705882352942,0.8660254037844387,-0.49999999999999983,20.333333333333332
Monterey,2020,5,10,7.018000000000001,99.0,1,22.0,17.0,5.522272727272727,0.49999999999999994,-0.8660254037844387,16.333333333333332
Monterey,2020,6,99,29.06858585858586,101.0,1,10.0,22.0,7.018000000000001,1.2246467991473532e-16,-1.0,43.666666666666664
Monterey,2020,7,101,26.024851485148517,3475.0,1,99.0,10.0,29.06858585858586,-0.4999999999999998,-0.8660254037844388,70.0
Monterey,2020,8,3475,19.463398561151077,3511.0,1,101.0,99.0,26.024851485148517,-0.8660254037844384,-0.5000000000000004,1225.0
Monterey,2020,9,3511,20.456243235545426,35.0,0,3475.0,101.0,19.463398561151077,-1.0,-1.8369701987210297e-16,2362.3333333333335
Monterey,2020,10,35,31.416285714285713,2.0,0,3511.0,3475.0,20.456243235545426,-0.8660254037844386,0.5000000000000001,2340.3333333333335
Monterey,2020,11,2,3.755,2.0,0,35.0,3511.0,31.416285714285713,-0.5000000000000004,0.8660254037844384,1182.6666666666667
Napa,2015,3,19,10.491052631578947,1.0,0,4.0,23.0,3.1975,1.0,6.123233995736766e-17,15.333333333333334
Napa,2015,4,1,15.92,3.0,0,19.0,4.0,10.491052631578947,0.8660254037844387,-0.49999999999999983,8.0
Napa,2015,6,3,8.603333333333333,37.0,0,1.0,19.0,15.92,1.2246467991473532e-16,-1.0,7.666666666666667
Napa,2015,8,37,53.12567567567567,47.0,1,3.0,1.0,8.603333333333333,-0.8660254037844384,-0.5000000000000004,13.666666666666666
Napa,2015,9,47,2.1002127659574468,10.0,0,37.0,3.0,53.12567567567567,-1.0,-1.8369701987210297e-16,29.0
Napa,2015,11,10,3.489,6.0,0,47.0,37.0,2.1002127659574468,-0.5000000000000004,0.8660254037844384,31.333333333333332
Napa,2015,12,6,4.0616666666666665,4.0,0,10.0,47.0,3.489,-2.4492935982947064e-16,1.0,21.0
Napa,2016,2,4,3.725,1.0,0,6.0,10.0,4.0616666666666665,0.8660254037844386,0.5000000000000001,6.666666666666667
Napa,2016,3,1,2.31,4.0,0,4.0,6.0,3.725,1.0,6.123233995736766e-17,3.6666666666666665
Napa,2016,7,4,5.1625,5.0,0,1.0,4.0,2.31,-0.4999999999999998,-0.8660254037844388,3.0
Napa,2016,8,5,16.014000000000003,1.0,0,4.0,1.0,5.1625,-0.8660254037844384,-0.5000000000000004,3.3333333333333335
Napa,2016,9,1,2.75,3.0,0,5.0,4.0,16.014000000000003,-1.0,-1.8369701987210297e-16,3.3333333333333335
Napa,2016,10,3,2.6199999999999997,5.0,0,1.0,5.0,2.75,-0.8660254037844386,0.5000000000000001,3.0
Napa,2016,11,5,3.474,1.0,0,3.0,1.0,2.6199999999999997,-0.5000000000000004,0.8660254037844384,3.0
Napa,2017,1,1,2.65,2.0,0,5.0,3.0,3.474,0.49999999999999994,0.8660254037844387,3.0
Napa,2017,3,2,1.53,7.0,0,1.0,5.0,2.65,1.0,6.123233995736766e-17,2.6666666666666665
Napa,2017,4,7,3.4085714285714284,11.0,0,2.0,1.0,1.53,0.8660254037844387,-0.49999999999999983,3.3333333333333335
Napa,2017,6,11,8.72090909090909,7.0,0,7.0,2.0,3.4085714285714284,1.2246467991473532e-16,-1.0,6.666666666666667
Napa,2017,8,7,19.987142857142857,4.0,0,11.0,7.0,8.72090909090909,-0.8660254037844384,-0.5000000000000004,8.333333333333334
Napa,2017,9,4,34.355000000000004,2285.0,1,7.0,11.0,19.987142857142857,-1.0,-1.8369701987210297e-16,7.333333333333333
Napa,2017,10,2285,12.236061269146608,1.0,0,4.0,7.0,34.355000000000004,-0.8660254037844386,0.5000000000000001,765.3333333333334
Napa,2017,11,1,2.54,11.0,0,2285.0,4.0,12.236061269146608,-0.5000000000000004,0.8660254037844384,763.3333333333334
Napa,2017,12,11,4.9354545454545455,3.0,0,1.0,2285.0,2.54,-2.4492935982947064e-16,1.0,765.6666666666666
Napa,2018,1,3,6.8,28.0,0,11.0,1.0,4.9354545454545455,0.49999999999999994,0.8660254037844387,5.0
Napa,2018,2,28,4.415,16.0,0,3.0,11.0,6.8,0.8660254037844386,0.5000000000000001,14.0
Napa,2018,3,16,4.22625,10.0,0,28.0,3.0,4.415,1.0,6.123233995736766e-17,15.666666666666666
Napa,2018,4,10,4.077,1.0,0,16.0,28.0,4.22625,0.8660254037844387,-0.49999999999999983,18.0
Napa,2018,5,1,33.27,876.0,1,10.0,16.0,4.077,0.49999999999999994,-0.8660254037844387,9.0
Napa,2018,7,876,16.379132420091324,3.0,0,1.0,10.0,33.27,-0.4999999999999998,-0.8660254037844388,295.6666666666667
Napa,2018,8,3,16.55666666666667,76.0,1,876.0,1.0,16.379132420091324,-0.8660254037844384,-0.5000000000000004,293.3333333333333
Napa,2018,9,76,8.58421052631579,6.0,0,3.0,876.0,16.55666666666667,-1.0,-1.8369701987210297e-16,318.3333333333333
Napa,2018,12,6,2.885,7.0,0,76.0,3.0,8.58421052631579,-2.4492935982947064e-16,1.0,28.333333333333332
Napa,2019,1,7,3.661428571428572,1.0,0,6.0,76.0,2.885,0.49999999999999994,0.8660254037844387,29.666666666666668
Napa,2019,2,1,6.27,17.0,0,7.0,6.0,3.661428571428572,0.8660254037844386,0.5000000000000001,4.666666666666667
Napa,2019,3,17,5.0729411764705885,22.0,0,1.0,7.0,6.27,1.0,6.123233995736766e-17,8.333333333333334
Napa,2019,4,22,3.380454545454546,2.0,0,17.0,1.0,5.0729411764705885,0.8660254037844387,-0.49999999999999983,13.333333333333334
Napa,2019,6,2,19.63,2.0,0,22.0,17.0,3.380454545454546,1.2246467991473532e-16,-1.0,13.666666666666666
Napa,2019,7,2,128.845,5.0,0,2.0,22.0,19.63,-0.4999999999999998,-0.8660254037844388,8.666666666666666
Napa,2020,1,5,3.082,31.0,0,2.0,2.0,128.845,0.49999999999999994,0.8660254037844387,3.0
Napa,2020,2,31,4.089354838709677,8.0,0,5.0,2.0,3.082,0.8660254037844386,0.5000000000000001,12.666666666666666
Napa,2020,3,8,5.4225,9.0,0,31.0,5.0,4.089354838709677,1.0,6.123233995736766e-17,14.666666666666666
Napa,2020,4,9,4.963333333333334,2.0,0,8.0,31.0,5.4225,0.8660254037844387,-0.49999999999999983,16.0
Napa,2020,5,2,2.395,4111.0,1,9.0,8.0,4.963333333333334,0.49999999999999994,-0.8660254037844387,6.333333333333333
Napa,2020,8,4111,32.75016540987594,1236.0,1,2.0,9.0,2.395,-0.8660254037844384,-0.5000000000000004,1374.0
Napa,2020,9,1236,21.326715210355985,474.0,1,4111.0,2.0,32.75016540987594,-1.0,-1.8369701987210297e-16,1783.0
Napa,2020,10,474,11.341666666666669,1.0,0,1236.0,4111.0,21.326715210355985,-0.8660254037844386,0.5000000000000001,1940.3333333333333
Napa,2020,11,1,8.03,5.0,0,474.0,1236.0,11.341666666666669,-0.5000000000000004,0.8660254037844384,570.3333333333334
Nevada,2015,3,1,2.41,1.0,0,2.0,12.0,1.745,1.0,6.123233995736766e-17,5.0
Nevada,2015,5,1,6.36,1.0,0,1.0,2.0,2.41,0.49999999999999994,-0.8660254037844387,1.3333333333333333
Nevada,2015,6,1,0.53,107.0,1,1.0,1.0,6.36,1.2246467991473532e-16,-1.0,1.0
Nevada,2015,7,107,20.78747663551402,4.0,0,1.0,1.0,0.53,-0.4999999999999998,-0.8660254037844388,36.333333333333336
Nevada,2015,8,4,4.2975,1.0,0,107.0,1.0,20.78747663551402,-0.8660254037844384,-0.5000000000000004,37.333333333333336
Nevada,2015,10,1,7.04,23.0,0,4.0,107.0,4.2975,-0.8660254037844386,0.5000000000000001,37.333333333333336
Nevada,2015,11,23,2.3060869565217392,8.0,0,1.0,4.0,7.04,-0.5000000000000004,0.8660254037844384,9.333333333333334
Nevada,2015,12,8,9.15125,2.0,0,23.0,1.0,2.3060869565217392,-2.4492935982947064e-16,1.0,10.666666666666666
Nevada,2016,2,2,3.4499999999999997,3.0,0,8.0,23.0,9.15125,0.8660254037844386,0.5000000000000001,11.0
Nevada,2016,3,3,2.723333333333333,5.0,0,2.0,8.0,3.4499999999999997,1.0,6.123233995736766e-17,4.333333333333333
Nevada,2016,6,5,4.232,1.0,0,3.0,2.0,2.723333333333333,1.2246467991473532e-16,-1.0,3.3333333333333335
Nevada,2016,7,1,7.07,2.0,0,5.0,3.0,4.232,-0.4999999999999998,-0.8660254037844388,3.0
Nevada,2016,8,2,8.335,4.0,0,1.0,5.0,7.07,-0.8660254037844384,-0.5000000000000004,2.6666666666666665
Nevada,2016,9,4,13.0725,3.0,0,2.0,1.0,8.335,-1.0,-1.8369701987210297e-16,2.3333333333333335
Nevada,2016,11,3,4.3,12.0,0,4.0,2.0,13.0725,-0.5000000000000004,0.8660254037844384,3.0
Nevada,2016,12,12,1.7816666666666665,2.0,0,3.0,4.0,4.3,-2.4492935982947064e-16,1.0,6.333333333333333
Nevada,2017,1,2,1.085,7.0,0,12.0,3.0,1.7816666666666665,0.49999999999999994,0.8660254037844387,5.666666666666667
Nevada,2017,3,7,3.762857142857143,4.0,0,2.0,12.0,1.085,1.0,6.123233995736766e-17,7.0
Nevada,2017,4,4,3.615,5.0,0,7.0,2.0,3.762857142857143,0.8660254037844387,-0.49999999999999983,4.333333333333333
Nevada,2017,5,5,5.21,1.0,0,4.0,7.0,3.615,0.49999999999999994,-0.8660254037844387,5.333333333333333
Nevada,2017,6,1,2.21,10.0,0,5.0,4.0,5.21,1.2246467991473532e-16,-1.0,3.3333333333333335
Nevada,2017,7,10,12.507,2.0,0,1.0,5.0,2.21,-0.4999999999999998,-0.8660254037844388,5.333333333333333
Nevada,2017,8,2,1.39,40.0,0,10.0,1.0,12.507,-0.8660254037844384,-0.5000000000000004,4.333333333333333
Nevada,2017,10,40,18.79275,5.0,0,2.0,10.0,1.39,-0.8660254037844386,0.5000000000000001,17.333333333333332
Nevada,2017,11,5,6.19,3.0,0,40.0,2.0,18.79275,-0.5000000000000004,0.8660254037844384,15.666666666666666
Nevada,2018,2,3,2.8000000000000003,1.0,0,5.0,40.0,6.19,0.8660254037844386,0.5000000000000001,16.0
Nevada,2018,3,1,5.53,1.0,0,3.0,5.0,2.8000000000000003,1.0,6.123233995736766e-17,3.0
Nevada,2018,4,1,2.64,1.0,0,1.0,3.0,5.53,0.8660254037844387,-0.49999999999999983,1.6666666666666667
Nevada,2018,5,1,1.72,2.0,0,1.0,1.0,2.64,0.49999999999999994,-0.8660254037844387,1.0
Nevada,2018,7,2,8.425,2.0,0,1.0,1.0,1.72,-0.4999999999999998,-0.8660254037844388,1.3333333333333333
Nevada,2018,8,2,1.0,2.0,0,2.0,1.0,8.425,-0.8660254037844384,-0.5000000000000004,1.6666666666666667
Nevada,2018,9,2,0.33,11.0,0,2.0,2.0,1.0,-1.0,-1.8369701987210297e-16,2.0
Nevada,2018,10,11,10.876363636363635,6.0,0,2.0,2.0,0.33,-0.8660254037844386,0.5000000000000001,5.0
Nevada,2018,11,6,20.153333333333332,15.0,0,11.0,2.0,10.876363636363635,-0.5000000000000004,0.8660254037844384,6.333333333333333
Nevada,2018,12,15,5.787333333333334,2.0,0,6.0,11.0,20.153333333333332,-2.4492935982947064e-16,1.0,10.666666666666666
Nevada,2019,2,2,2.075,3.0,0,15.0,6.0,5.787333333333334,0.8660254037844386,0.5000000000000001,7.666666666666667
Nevada,2019,3,3,2.6166666666666667,4.0,0,2.0,15.0,2.075,1.0,6.123233995736766e-17,6.666666666666667
Nevada,2019,5,4,4.9675,2.0,0,3.0,2.0,2.6166666666666667,0.49999999999999994,-0.8660254037844387,3.0
Nevada,2019,6,2,3.21,2.0,0,4.0,3.0,4.9675,1.2246467991473532e-16,-1.0,3.0
Nevada,2019,8,2,7.470000000000001,9.0,0,2.0,4.0,3.21,-0.8660254037844384,-0.5000000000000004,2.6666666666666665
Nevada,2019,9,9,13.77111111111111,14.0,0,2.0,2.0,7.470000000000001,-1.0,-1.8369701987210297e-16,4.333333333333333
Nevada,2019,10,14,10.240714285714288,11.0,0,9.0,2.0,13.77111111111111,-0.8660254037844386,0.5000000000000001,8.333333333333334
Nevada,2019,12,11,4.100909090909091,12.0,0,14.0,9.0,10.240714285714288,-2.4492935982947064e-16,1.0,11.333333333333334
Nevada,2020,1,12,3.5050000000000003,4.0,0,11.0,14.0,4.100909090909091,0.49999999999999994,0.8660254037844387,12.333333333333334
Nevada,2020,2,4,2.41,2.0,0,12.0,11.0,3.5050000000000003,0.8660254037844386,0.5000000000000001,9.0
Nevada,2020,3,2,2.285,1.0,0,4.0,12.0,2.41,1.0,6.123233995736766e-17,6.0
Nevada,2020,7,1,0.44,30.0,0,2.0,4.0,2.285,-0.4999999999999998,-0.8660254037844388,2.3333333333333335
Nevada,2020,8,30,7.0953333333333335,1.0,0,1.0,2.0,0.44,-0.8660254037844384,-0.5000000000000004,11.0
Nevada,2020,9,1,4.31,2.0,0,30.0,1.0,7.0953333333333335,-1.0,-1.8369701987210297e-16,10.666666666666666
Nevada,2020,10,2,0.8099999999999999,1.0,0,1.0,30.0,4.31,-0.8660254037844386,0.5000000000000001,11.0
Nevada,2020,11,1,9.48,4.0,0,2.0,1.0,0.8099999999999999,-0.5000000000000004,0.8660254037844384,1.3333333333333333
Orange,2015,3,32,2.160625,30.0,0,32.0,45.0,0.7828125,1.0,6.123233995736766e-17,36.333333333333336
Orange,2015,4,30,0.8426666666666667,12.0,0,32.0,32.0,2.160625,0.8660254037844387,-0.49999999999999983,31.333333333333332
Orange,2015,5,12,0.7983333333333333,18.0,0,30.0,32.0,0.8426666666666667,0.49999999999999994,-0.8660254037844387,24.666666666666668
Orange,2015,6,18,1.0016666666666667,21.0,0,12.0,30.0,0.7983333333333333,1.2246467991473532e-16,-1.0,20.0
Orange,2015,7,21,4.352380952380953,24.0,0,18.0,12.0,1.0016666666666667,-0.4999999999999998,-0.8660254037844388,17.0
Orange,2015,8,24,0.9108333333333332,26.0,0,21.0,18.0,4.352380952380953,-0.8660254037844384,-0.5000000000000004,21.0
Orange,2015,9,26,1.1503846153846151,20.0,0,24.0,21.0,0.9108333333333332,-1.0,-1.8369701987210297e-16,23.666666666666668
Orange,2015,10,20,0.8505,32.0,0,26.0,24.0,1.1503846153846151,-0.8660254037844386,0.5000000000000001,23.333333333333332
Orange,2015,11,32,1.0690625,31.0,0,20.0,26.0,0.8505,-0.5000000000000004,0.8660254037844384,26.0
Orange,2015,12,31,1.0003225806451614,26.0,0,32.0,20.0,1.0690625,-2.4492935982947064e-16,1.0,27.666666666666668
Orange,2016,1,26,0.9803846153846154,42.0,0,31.0,32.0,1.0003225806451614,0.49999999999999994,0.8660254037844387,29.666666666666668
Orange,2016,2,42,0.6621428571428571,26.0,0,26.0,31.0,0.9803846153846154,0.8660254037844386,0.5000000000000001,33.0
Orange,2016,3,26,0.643076923076923,36.0,0,42.0,26.0,0.6621428571428571,1.0,6.123233995736766e-17,31.333333333333332
Orange,2016,4,36,0.6422222222222222,18.0,0,26.0,42.0,0.643076923076923,0.8660254037844387,-0.49999999999999983,34.666666666666664
Orange,2016,5,18,0.61,24.0,0,36.0,26.0,0.6422222222222222,0.49999999999999994,-0.8660254037844387,26.666666666666668
Orange,2016,6,24,4.520416666666667,17.0,0,18.0,36.0,0.61,1.2246467991473532e-16,-1.0,26.0
Orange,2016,7,17,0.62,25.0,0,24.0,18.0,4.520416666666667,-0.4999999999999998,-0.8660254037844388,19.666666666666668
Orange,2016,8,25,1.1928,24.0,0,17.0,24.0,0.62,-0.8660254037844384,-0.5000000000000004,22.0
Orange,2016,9,24,0.6537499999999999,28.0,0,25.0,17.0,1.1928,-1.0,-1.8369701987210297e-16,22.0
Orange,2016,10,28,0.6282142857142857,41.0,0,24.0,25.0,0.6537499999999999,-0.8660254037844386,0.5000000000000001,25.666666666666668
Orange,2016,11,41,0.888048780487805,26.0,0,28.0,24.0,0.6282142857142857,-0.5000000000000004,0.8660254037844384,31.0
Orange,2016,12,26,0.6369230769230769,15.0,0,41.0,28.0,0.888048780487805,-2.4492935982947064e-16,1.0,31.666666666666668
Orange,2017,1,15,0.7453333333333333,10.0,0,26.0,41.0,0.6369230769230769,0.49999999999999994,0.8660254037844387,27.333333333333332
Orange,2017,2,10,0.529,20.0,0,15.0,26.0,0.7453333333333333,0.8660254037844386,0.5000000000000001,17.0
Orange,2017,3,20,0.589,33.0,0,10.0,15.0,0.529,1.0,6.123233995736766e-17,15.0
Orange,2017,4,33,0.5709090909090909,22.0,0,20.0,10.0,0.589,0.8660254037844387,-0.49999999999999983,21.0
Orange,2017,5,22,0.5977272727272728,24.0,0,33.0,20.0,0.5709090909090909,0.49999999999999994,-0.8660254037844387,25.0
Orange,2017,6,24,1.3170833333333334,23.0,0,22.0,33.0,0.5977272727272728,1.2246467991473532e-16,-1.0,26.333333333333332
Orange,2017,7,23,0.6069565217391305,14.0,0,24.0,22.0,1.3170833333333334,-0.4999999999999998,-0.8660254037844388,23.0
Orange,2017,8,14,0.6214285714285713,24.0,0,23.0,24.0,0.6069565217391305,-0.8660254037844384,-0.5000000000000004,20.333333333333332
Orange,2017,9,24,22.228333333333335,356.0,1,14.0,23.0,0.6214285714285713,-1.0,-1.8369701987210297e-16,20.333333333333332
Orange,2017,10,356,43.572162921348315,25.0,0,24.0,14.0,22.228333333333335,-0.8660254037844386,0.5000000000000001,131.33333333333334
Orange,2017,11,25,0.7116,45.0,0,356.0,24.0,43.572162921348315,-0.5000000000000004,0.8660254037844384,135.0
Orange,2017,12,45,0.7235555555555556,34.0,0,25.0,356.0,0.7116,-2.4492935982947064e-16,1.0,142.0
Orange,2018,1,34,0.6626470588235295,28.0,0,45.0,25.0,0.7235555555555556,0.49999999999999994,0.8660254037844387,34.666666666666664
Orange,2018,2,28,0.624642857142857,24.0,0,34.0,45.0,0.6626470588235295,0.8660254037844386,0.5000000000000001,35.666666666666664
Orange,2018,3,24,0.8108333333333334,42.0,0,28.0,34.0,0.624642857142857,1.0,6.123233995736766e-17,28.666666666666668
Orange,2018,4,42,1.0764285714285715,21.0,0,24.0,28.0,0.8108333333333334,0.8660254037844387,-0.49999999999999983,31.333333333333332
Orange,2018,5,21,0.690952380952381,22.0,0,42.0,24.0,1.0764285714285715,0.49999999999999994,-0.8660254037844387,29.0
Orange,2018,6,22,16.786363636363635,32.0,0,21.0,42.0,0.690952380952381,1.2246467991473532e-16,-1.0,28.333333333333332
Orange,2018,7,32,0.8375,285.0,1,22.0,21.0,16.786363636363635,-0.4999999999999998,-0.8660254037844388,25.0
Orange,2018,8,285,27.068912280701753,39.0,0,32.0,22.0,0.8375,-0.8660254037844384,-0.5000000000000004,113.0
Orange,2018,9,39,0.6825641025641026,34.0,0,285.0,32.0,27.068912280701753,-1.0,-1.8369701987210297e-16,118.66666666666667
Orange,2018,10,34,0.7679411764705882,44.0,0,39.0,285.0,0.6825641025641026,-0.8660254037844386,0.5000000000000001,119.33333333333333
Orange,2018,11,44,0.7220454545454545,34.0,0,34.0,39.0,0.7679411764705882,-0.5000000000000004,0.8660254037844384,39.0
Orange,2018,12,34,0.7323529411764705,32.0,0,44.0,34.0,0.7220454545454545,-2.4492935982947064e-16,1.0,37.333333333333336
Orange,2019,1,32,0.735625,17.0,0,34.0,44.0,0.7323529411764705,0.49999999999999994,0.8660254037844387,36.666666666666664
Orange,2019,2,17,0.6688235294117648,23.0,0,32.0,34.0,0.735625,0.8660254037844386,0.5000000000000001,27.666666666666668
Orange,2019,3,23,0.802608695652174,26.0,0,17.0,32.0,0.6688235294117648,1.0,6.123233995736766e-17,24.0
Orange,2019,4,26,0.7684615384615385,10.0,0,23.0,17.0,0.802608695652174,0.8660254037844387,-0.49999999999999983,22.0
Orange,2019,5,10,0.709,10.0,0,26.0,23.0,0.7684615384615385,0.49999999999999994,-0.8660254037844387,19.666666666666668
Orange,2019,6,10,0.7050000000000001,20.0,0,10.0,26.0,0.709,1.2246467991473532e-16,-1.0,15.333333333333334
Orange,2019,7,20,1.894,33.0,0,10.0,10.0,0.7050000000000001,-0.4999999999999998,-0.8660254037844388,13.333333333333334
Orange,2019,8,33,0.7151515151515152,41.0,0,20.0,10.0,1.894,-0.8660254037844384,-0.5000000000000004,21.0
Orange,2019,9,41,0.7660975609756098,54.0,1,33.0,20.0,0.7151515151515152,-1.0,-1.8369701987210297e-16,31.333333333333332
Orange,2019,10,54,0.702037037037037,39.0,0,41.0,33.0,0.7660975609756098,-0.8660254037844386,0.5000000000000001,42.666666666666664
Orange,2019,11,39,1.3433333333333333,12.0,0,54.0,41.0,0.702037037037037,-0.5000000000000004,0.8660254037844384,44.666666666666664
Orange,2019,12,12,0.6608333333333334,34.0,0,39.0,54.0,1.3433333333333333,-2.4492935982947064e-16,1.0,35.0
Orange,2020,1,34,0.68,39.0,0,12.0,39.0,0.6608333333333334,0.49999999999999994,0.8660254037844387,28.333333333333332
Orange,2020,2,39,0.6576923076923077,21.0,0,34.0,12.0,0.68,0.8660254037844386,0.5000000000000001,28.333333333333332
Orange,2020,3,21,0.6457142857142857,31.0,0,39.0,34.0,0.6576923076923077,1.0,6.123233995736766e-17,31.333333333333332
Orange,2020,4,31,0.8432258064516129,53.0,1,21.0,39.0,0.6457142857142857,0.8660254037844387,-0.49999999999999983,30.333333333333332
Orange,2020,5,53,0.7807547169811321,21.0,0,31.0,21.0,0.8432258064516129,0.49999999999999994,-0.8660254037844387,35.0
Orange,2020,6,21,0.7561904761904762,41.0,0,53.0,31.0,0.7807547169811321,1.2246467991473532e-16,-1.0,35.0
Orange,2020,7,41,0.6446341463414634,53.0,1,21.0,53.0,0.7561904761904762,-0.4999999999999998,-0.8660254037844388,38.333333333333336
Orange,2020,8,53,1.07,51.0,1,41.0,21.0,0.6446341463414634,-0.8660254037844384,-0.5000000000000004,38.333333333333336
Orange,2020,9,51,0.855686274509804,301.0,1,53.0,41.0,1.07,-1.0,-1.8369701987210297e-16,48.333333333333336
Orange,2020,10,301,17.453023255813953,31.0,0,51.0,53.0,0.855686274509804,-0.8660254037844386,0.5000000000000001,135.0
Orange,2020,11,31,0.7558064516129032,209.0,1,301.0,51.0,17.453023255813953,-0.5000000000000004,0.8660254037844384,127.66666666666667
Placer,2015,3,10,2.053,1.0,0,15.0,48.0,4.9446666666666665,1.0,6.123233995736766e-17,24.333333333333332
Placer,2015,4,1,0.8,1.0,0,10.0,15.0,2.053,0.8660254037844387,-0.49999999999999983,8.666666666666666
Placer,2015,5,1,5.88,9.0,0,1.0,10.0,0.8,0.49999999999999994,-0.8660254037844387,4.0
Placer,2015,7,9,12.35888888888889,1.0,0,1.0,1.0,5.88,-0.4999999999999998,-0.8660254037844388,3.6666666666666665
Placer,2015,8,1,0.24,6.0,0,9.0,1.0,12.35888888888889,-0.8660254037844384,-0.5000000000000004,3.6666666666666665
Placer,2015,9,6,1.9916666666666665,4.0,0,1.0,9.0,0.24,-1.0,-1.8369701987210297e-16,5.333333333333333
Placer,2015,10,4,2.2175,20.0,0,6.0,1.0,1.9916666666666665,-0.8660254037844386,0.5000000000000001,3.6666666666666665
Placer,2015,11,20,4.336,6.0,0,4.0,6.0,2.2175,-0.5000000000000004,0.8660254037844384,10.0
Placer,2015,12,6,2.318333333333334,2.0,0,20.0,4.0,4.336,-2.4492935982947064e-16,1.0,10.0
Placer,2016,1,2,3.885,5.0,0,6.0,20.0,2.318333333333334,0.49999999999999994,0.8660254037844387,9.333333333333334
Placer,2016,2,5,1.7739999999999998,2.0,0,2.0,6.0,3.885,0.8660254037844386,0.5000000000000001,4.333333333333333
Placer,2016,3,2,1.755,5.0,0,5.0,2.0,1.7739999999999998,1.0,6.123233995736766e-17,3.0
Placer,2016,4,5,6.33,8.0,0,2.0,5.0,1.755,0.8660254037844387,-0.49999999999999983,4.0
Placer,2016,5,8,6.1875,16.0,0,5.0,2.0,6.33,0.49999999999999994,-0.8660254037844387,5.0
Placer,2016,6,16,6.258125,2.0,0,8.0,5.0,6.1875,1.2246467991473532e-16,-1.0,9.666666666666666
Placer,2016,7,2,2.13,3.0,0,16.0,8.0,6.258125,-0.4999999999999998,-0.8660254037844388,8.666666666666666
Placer,2016,8,3,1.8066666666666664,2.0,0,2.0,16.0,2.13,-0.8660254037844384,-0.5000000000000004,7.0
Placer,2016,9,2,1.98,81.0,1,3.0,2.0,1.8066666666666664,-1.0,-1.8369701987210297e-16,2.3333333333333335
Placer,2016,10,81,10.880864197530864,5.0,0,2.0,3.0,1.98,-0.8660254037844386,0.5000000000000001,28.666666666666668
Placer,2016,11,5,2.8579999999999997,10.0,0,81.0,2.0,10.880864197530864,-0.5000000000000004,0.8660254037844384,29.333333333333332
Placer,2016,12,10,10.657,1.0,0,5.0,81.0,2.8579999999999997,-2.4492935982947064e-16,1.0,32.0
Placer,2017,3,1,3.76,1.0,0,10.0,5.0,10.657,1.0,6.123233995736766e-17,5.333333333333333
Placer,2017,4,1,1.06,16.0,0,1.0,10.0,3.76,0.8660254037844387,-0.49999999999999983,4.0
Placer,2017,5,16,4.116875,8.0,0,1.0,1.0,1.06,0.49999999999999994,-0.8660254037844387,6.0
Placer,2017,6,8,13.88625,3.0,0,16.0,1.0,4.116875,1.2246467991473532e-16,-1.0,8.333333333333334
Placer,2017,7,3,25.313333333333333,1.0,0,8.0,16.0,13.88625,-0.4999999999999998,-0.8660254037844388,9.0
Placer,2017,8,1,0.75,2.0,0,3.0,8.0,25.313333333333333,-0.8660254037844384,-0.5000000000000004,4.0
Placer,2017,9,2,1.72,5.0,0,1.0,3.0,0.75,-1.0,-1.8369701987210297e-16,2.0
Placer,2017,10,5,6.05,18.0,0,2.0,1.0,1.72,-0.8660254037844386,0.5000000000000001,2.6666666666666665
Placer,2017,11,18,16.60222222222222,2.0,0,5.0,2.0,6.05,-0.5000000000000004,0.8660254037844384,8.333333333333334
Placer,2017,12,2,5.44,5.0,0,18.0,5.0,16.60222222222222,-2.4492935982947064e-16,1.0,8.333333333333334
Placer,2018,2,5,6.144,4.0,0,2.0,18.0,5.44,0.8660254037844386,0.5000000000000001,8.333333333333334
Placer,2018,5,4,6.9775,2.0,0,5.0,2.0,6.144,0.49999999999999994,-0.8660254037844387,3.6666666666666665
Placer,2018,6,2,38.504999999999995,1.0,0,4.0,5.0,6.9775,1.2246467991473532e-16,-1.0,3.6666666666666665
Placer,2018,7,1,0.41,1.0,0,2.0,4.0,38.504999999999995,-0.4999999999999998,-0.8660254037844388,2.3333333333333335
Placer,2018,8,1,21.59,144.0,1,1.0,2.0,0.41,-0.8660254037844384,-0.5000000000000004,1.3333333333333333
Placer,2018,9,144,28.827708333333337,5.0,0,1.0,1.0,21.59,-1.0,-1.8369701987210297e-16,48.666666666666664
Placer,2018,10,5,5.534000000000001,8.0,0,144.0,1.0,28.827708333333337,-0.8660254037844386,0.5000000000000001,50.0
Placer,2018,11,8,14.2175,18.0,0,5.0,144.0,5.534000000000001,-0.5000000000000004,0.8660254037844384,52.333333333333336
Placer,2018,12,18,5.145,4.0,0,8.0,5.0,14.2175,-2.4492935982947064e-16,1.0,10.333333333333334
Placer,2019,1,4,1.905,19.0,0,18.0,8.0,5.145,0.49999999999999994,0.8660254037844387,10.0
Placer,2019,5,19,10.428421052631576,7.0,0,4.0,18.0,1.905,0.49999999999999994,-0.8660254037844387,13.666666666666666
Placer,2019,6,7,9.93142857142857,1.0,0,19.0,4.0,10.428421052631576,1.2246467991473532e-16,-1.0,10.0
Placer,2019,7,1,3.72,1.0,0,7.0,19.0,9.93142857142857,-0.4999999999999998,-0.8660254037844388,9.0
Placer,2019,8,1,1.8,11.0,0,1.0,7.0,3.72,-0.8660254037844384,-0.5000000000000004,3.0
Placer,2019,9,11,8.114545454545455,19.0,0,1.0,1.0,1.8,-1.0,-1.8369701987210297e-16,4.333333333333333
Placer,2019,10,19,6.527894736842105,2.0,0,11.0,1.0,8.114545454545455,-0.8660254037844386,0.5000000000000001,10.333333333333334
Placer,2019,11,2,2.535,3.0,0,19.0,11.0,6.527894736842105,-0.5000000000000004,0.8660254037844384,10.666666666666666
Placer,2019,12,3,5.126666666666667,37.0,0,2.0,19.0,2.535,-2.4492935982947064e-16,1.0,8.0
Placer,2020,2,37,8.819459459459459,24.0,0,3.0,2.0,5.126666666666667,0.8660254037844386,0.5000000000000001,14.0
Placer,2020,3,24,7.8495833333333325,24.0,0,37.0,3.0,8.819459459459459,1.0,6.123233995736766e-17,21.333333333333332
Placer,2020,4,24,8.036666666666667,1.0,0,24.0,37.0,7.8495833333333325,0.8660254037844387,-0.49999999999999983,28.333333333333332
Placer,2020,5,1,0.45,2.0,0,24.0,24.0,8.036666666666667,0.49999999999999994,-0.8660254037844387,16.333333333333332
Placer,2020,6,2,22.865,1.0,0,1.0,24.0,0.45,1.2246467991473532e-16,-1.0,9.0
Placer,2020,7,1,3.66,2.0,0,2.0,1.0,22.865,-0.4999999999999998,-0.8660254037844388,1.3333333333333333
Placer,2020,8,2,2.71,1.0,0,1.0,2.0,3.66,-0.8660254037844384,-0.5000000000000004,1.6666666666666667
Placer,2020,9,1,10.37,46.0,1,2.0,1.0,2.71,-1.0,-1.8369701987210297e-16,1.3333333333333333
Placer,2020,10,46,18.078260869565216,3.0,0,1.0,2.0,10.37,-0.8660254037844386,0.5000000000000001,16.333333333333332
Placer,2020,11,3,1.7033333333333331,1.0,0,46.0,1.0,18.078260869565216,-0.5000000000000004,0.8660254037844384,16.666666666666668
Plumas,2015,3,5,11.96,7.0,0,6.0,23.0,9.385,1.0,6.123233995736766e-17,11.333333333333334
Plumas,2015,4,7,6.654285714285714,5.0,0,5.0,6.0,11.96,0.8660254037844387,-0.49999999999999983,6.0
Plumas,2015,6,5,38.386,1.0,0,7.0,5.0,6.654285714285714,1.2246467991473532e-16,-1.0,5.666666666666667
Plumas,2015,9,1,14.29,38.0,0,5.0,7.0,38.386,-1.0,-1.8369701987210297e-16,4.333333333333333
Plumas,2015,10,38,5.779999999999999,57.0,1,1.0,5.0,14.29,-0.8660254037844386,0.5000000000000001,14.666666666666666
Plumas,2015,11,57,10.70017543859649,50.0,1,38.0,1.0,5.779999999999999,-0.5000000000000004,0.8660254037844384,32.0
Plumas,2015,12,50,4.3906,3.0,0,57.0,38.0,10.70017543859649,-2.4492935982947064e-16,1.0,48.333333333333336
Plumas,2016,1,3,4.19,2.0,0,50.0,57.0,4.3906,0.49999999999999994,0.8660254037844387,36.666666666666664
Plumas,2016,2,2,2.745,7.0,0,3.0,50.0,4.19,0.8660254037844386,0.5000000000000001,18.333333333333332
Plumas,2016,4,7,19.81571428571429,8.0,0,2.0,3.0,2.745,0.8660254037844387,-0.49999999999999983,4.0
Plumas,2016,5,8,21.58375,13.0,0,7.0,2.0,19.81571428571429,0.49999999999999994,-0.8660254037844387,5.666666666666667
Plumas,2016,6,13,9.273076923076925,1.0,0,8.0,7.0,21.58375,1.2246467991473532e-16,-1.0,9.333333333333334
Plumas,2016,8,1,0.79,29.0,0,13.0,8.0,9.273076923076925,-0.8660254037844384,-0.5000000000000004,7.333333333333333
Plumas,2016,9,29,33.73103448275862,19.0,0,1.0,13.0,0.79,-1.0,-1.8369701987210297e-16,14.333333333333334
Plumas,2016,10,19,14.998947368421051,39.0,0,29.0,1.0,33.73103448275862,-0.8660254037844386,0.5000000000000001,16.333333333333332
Plumas,2016,11,39,4.788461538461538,8.0,0,19.0,29.0,14.998947368421051,-0.5000000000000004,0.8660254037844384,29.0
Plumas,2016,12,8,5.38875,1.0,0,39.0,19.0,4.788461538461538,-2.4492935982947064e-16,1.0,22.0
Plumas,2017,4,1,2.69,14.0,0,8.0,39.0,5.38875,0.8660254037844387,-0.49999999999999983,16.0
Plumas,2017,5,14,16.623571428571427,17.0,0,1.0,8.0,2.69,0.49999999999999994,-0.8660254037844387,7.666666666666667
Plumas,2017,6,17,9.15470588235294,122.0,1,14.0,1.0,16.623571428571427,1.2246467991473532e-16,-1.0,10.666666666666666
Plumas,2017,7,122,6.601393442622951,368.0,1,17.0,14.0,9.15470588235294,-0.4999999999999998,-0.8660254037844388,51.0
Plumas,2017,8,368,4.98296195652174,35.0,0,122.0,17.0,6.601393442622951,-0.8660254037844384,-0.5000000000000004,169.0
Plumas,2017,9,35,7.38,85.0,1,368.0,122.0,4.98296195652174,-1.0,-1.8369701987210297e-16,175.0
Plumas,2017,10,85,8.084705882352942,88.0,1,35.0,368.0,7.38,-0.8660254037844386,0.5000000000000001,162.66666666666666
Plumas,2017,11,88,8.134431818181818,4.0,0,85.0,35.0,8.084705882352942,-0.5000000000000004,0.8660254037844384,69.33333333333333
Plumas,2017,12,4,2.45,1.0,0,88.0,85.0,8.134431818181818,-2.4492935982947064e-16,1.0,59.0
Plumas,2018,1,1,2.72,12.0,0,4.0,88.0,2.45,0.49999999999999994,0.8660254037844387,31.0
Plumas,2018,2,12,16.779999999999998,3.0,0,1.0,4.0,2.72,0.8660254037844386,0.5000000000000001,5.666666666666667
Plumas,2018,3,3,4.276666666666666,11.0,0,12.0,1.0,16.779999999999998,1.0,6.123233995736766e-17,5.333333333333333
Plumas,2018,4,11,13.92090909090909,9.0,0,3.0,12.0,4.276666666666666,0.8660254037844387,-0.49999999999999983,8.666666666666666
Plumas,2018,5,9,14.244444444444444,5.0,0,11.0,3.0,13.92090909090909,0.49999999999999994,-0.8660254037844387,7.666666666666667
Plumas,2018,6,5,8.122,16.0,0,9.0,11.0,14.244444444444444,1.2246467991473532e-16,-1.0,8.333333333333334
Plumas,2018,7,16,19.333125,13.0,0,5.0,9.0,8.122,-0.4999999999999998,-0.8660254037844388,10.0
Plumas,2018,8,13,5.166153846153846,15.0,0,16.0,5.0,19.333125,-0.8660254037844384,-0.5000000000000004,11.333333333333334
Plumas,2018,9,15,2.1026666666666665,65.0,1,13.0,16.0,5.166153846153846,-1.0,-1.8369701987210297e-16,14.666666666666666
Plumas,2018,10,65,13.52353846153846,60.0,1,15.0,13.0,2.1026666666666665,-0.8660254037844386,0.5000000000000001,31.0
Plumas,2018,11,60,9.698333333333332,8.0,0,65.0,15.0,13.52353846153846,-0.5000000000000004,0.8660254037844384,46.666666666666664
Plumas,2018,12,8,5.2275,7.0,0,60.0,65.0,9.698333333333332,-2.4492935982947064e-16,1.0,44.333333333333336
Plumas,2019,1,7,8.754285714285714,5.0,0,8.0,60.0,5.2275,0.49999999999999994,0.8660254037844387,25.0
Plumas,2019,3,5,4.244,25.0,0,7.0,8.0,8.754285714285714,1.0,6.123233995736766e-17,6.666666666666667
Plumas,2019,4,25,24.3996,3.0,0,5.0,7.0,4.244,0.8660254037844387,-0.49999999999999983,12.333333333333334
Plumas,2019,5,3,5.14,8.0,0,25.0,5.0,24.3996,0.49999999999999994,-0.8660254037844387,11.0
Plumas,2019,6,8,4.9425,1.0,0,3.0,25.0,5.14,1.2246467991473532e-16,-1.0,12.0
Plumas,2019,7,1,33.27,3244.0,1,8.0,3.0,4.9425,-0.4999999999999998,-0.8660254037844388,4.0
Plumas,2019,9,3244,24.907638717632555,27.0,0,1.0,8.0,33.27,-1.0,-1.8369701987210297e-16,1084.3333333333333
Plumas,2019,10,27,4.440740740740741,15.0,0,3244.0,1.0,24.907638717632555,-0.8660254037844386,0.5000000000000001,1090.6666666666667
Plumas,2019,11,15,5.685333333333333,2.0,0,27.0,3244.0,4.440740740740741,-0.5000000000000004,0.8660254037844384,1095.3333333333333
Plumas,2019,12,2,15.75,8.0,0,15.0,27.0,5.685333333333333,-2.4492935982947064e-16,1.0,14.666666666666666
Plumas,2020,1,8,5.505,8.0,0,2.0,15.0,15.75,0.49999999999999994,0.8660254037844387,8.333333333333334
Plumas,2020,2,8,12.63,1.0,0,8.0,2.0,5.505,0.8660254037844386,0.5000000000000001,6.0
Plumas,2020,3,1,37.24,2.0,0,8.0,8.0,12.63,1.0,6.123233995736766e-17,5.666666666666667
Plumas,2020,6,2,2.29,3064.0,1,1.0,8.0,37.24,1.2246467991473532e-16,-1.0,3.6666666666666665
Plumas,2020,8,3064,18.069830287206265,9774.0,1,2.0,1.0,2.29,-0.8660254037844384,-0.5000000000000004,1022.3333333333334
Plumas,2020,9,9774,20.326381215469613,497.0,1,3064.0,2.0,18.069830287206265,-1.0,-1.8369701987210297e-16,4280.0
Plumas,2020,10,497,8.282334004024145,5.0,0,9774.0,3064.0,20.326381215469613,-0.8660254037844386,0.5000000000000001,4445.0
Plumas,2020,11,5,4.38,4.0,0,497.0,9774.0,8.282334004024145,-0.5000000000000004,0.8660254037844384,3425.3333333333335
Riverside,2015,3,14,3.23,34.0,0,45.0,12.0,9.714,1.0,6.123233995736766e-17,23.666666666666668
Riverside,2015,4,34,2.313823529411765,10.0,0,14.0,45.0,3.23,0.8660254037844387,-0.49999999999999983,31.0
Riverside,2015,5,10,3.245,22.0,0,34.0,14.0,2.313823529411765,0.49999999999999994,-0.8660254037844387,19.333333333333332
Riverside,2015,6,22,22.468636363636364,18.0,0,10.0,34.0,3.245,1.2246467991473532e-16,-1.0,22.0
Riverside,2015,7,18,6.823333333333333,25.0,0,22.0,10.0,22.468636363636364,-0.4999999999999998,-0.8660254037844388,16.666666666666668
Riverside,2015,8,25,66.6328,16.0,0,18.0,22.0,6.823333333333333,-0.8660254037844384,-0.5000000000000004,21.666666666666668
Riverside,2015,9,16,2.09625,16.0,0,25.0,18.0,66.6328,-1.0,-1.8369701987210297e-16,19.666666666666668
Riverside,2015,10,16,1.744375,25.0,0,16.0,25.0,2.09625,-0.8660254037844386,0.5000000000000001,19.0
Riverside,2015,11,25,26.1476,15.0,0,16.0,16.0,1.744375,-0.5000000000000004,0.8660254037844384,19.0
Riverside,2015,12,15,4.648666666666667,8.0,0,25.0,16.0,26.1476,-2.4492935982947064e-16,1.0,18.666666666666668
Riverside,2016,1,8,4.6925,14.0,0,15.0,25.0,4.648666666666667,0.49999999999999994,0.8660254037844387,16.0
Riverside,2016,2,14,2.084285714285714,16.0,0,8.0,15.0,4.6925,0.8660254037844386,0.5000000000000001,12.333333333333334
Riverside,2016,3,16,5.47125,21.0,0,14.0,8.0,2.084285714285714,1.0,6.123233995736766e-17,12.666666666666666
Riverside,2016,4,21,0.9842857142857144,25.0,0,16.0,14.0,5.47125,0.8660254037844387,-0.49999999999999983,17.0
Riverside,2016,5,25,4.9608,17.0,0,21.0,16.0,0.9842857142857144,0.49999999999999994,-0.8660254037844387,20.666666666666668
Riverside,2016,6,17,20.931764705882355,22.0,0,25.0,21.0,4.9608,1.2246467991473532e-16,-1.0,21.0
Riverside,2016,7,22,3.424090909090909,55.0,1,17.0,25.0,20.931764705882355,-0.4999999999999998,-0.8660254037844388,21.333333333333332
Riverside,2016,8,55,54.20690909090909,25.0,0,22.0,17.0,3.424090909090909,-0.8660254037844384,-0.5000000000000004,31.333333333333332
Riverside,2016,9,25,2.064,70.0,1,55.0,22.0,54.20690909090909,-1.0,-1.8369701987210297e-16,34.0
Riverside,2016,10,70,5.486,23.0,0,25.0,55.0,2.064,-0.8660254037844386,0.5000000000000001,50.0
Riverside,2016,11,23,4.711739130434783,19.0,0,70.0,25.0,5.486,-0.5000000000000004,0.8660254037844384,39.333333333333336
Riverside,2016,12,19,1.7957894736842104,16.0,0,23.0,70.0,4.711739130434783,-2.4492935982947064e-16,1.0,37.333333333333336
Riverside,2017,1,16,3.123125,8.0,0,19.0,23.0,1.7957894736842104,0.49999999999999994,0.8660254037844387,19.333333333333332
Riverside,2017,2,8,2.88375,19.0,0,16.0,19.0,3.123125,0.8660254037844386,0.5000000000000001,14.333333333333334
Riverside,2017,3,19,1.5757894736842104,23.0,0,8.0,16.0,2.88375,1.0,6.123233995736766e-17,14.333333333333334
Riverside,2017,4,23,8.697826086956523,23.0,0,19.0,8.0,1.5757894736842104,0.8660254037844387,-0.49999999999999983,16.666666666666668
Riverside,2017,5,23,11.684347826086958,46.0,1,23.0,19.0,8.697826086956523,0.49999999999999994,-0.8660254037844387,21.666666666666668
Riverside,2017,6,46,2.7728260869565218,27.0,0,23.0,23.0,11.684347826086958,1.2246467991473532e-16,-1.0,30.666666666666668
Riverside,2017,7,27,13.042222222222222,28.0,0,46.0,23.0,2.7728260869565218,-0.4999999999999998,-0.8660254037844388,32.0
Riverside,2017,8,28,6.861785714285714,46.0,1,27.0,46.0,13.042222222222222,-0.8660254037844384,-0.5000000000000004,33.666666666666664
Riverside,2017,9,46,38.18152173913043,119.0,1,28.0,27.0,6.861785714285714,-1.0,-1.8369701987210297e-16,33.666666666666664
Riverside,2017,10,119,23.178571428571427,26.0,0,46.0,28.0,38.18152173913043,-0.8660254037844386,0.5000000000000001,64.33333333333333
Riverside,2017,11,26,6.860769230769231,28.0,0,119.0,46.0,23.178571428571427,-0.5000000000000004,0.8660254037844384,63.666666666666664
Riverside,2017,12,28,15.422857142857142,22.0,0,26.0,119.0,6.860769230769231,-2.4492935982947064e-16,1.0,57.666666666666664
Riverside,2018,1,22,6.172727272727273,24.0,0,28.0,26.0,15.422857142857142,0.49999999999999994,0.8660254037844387,25.333333333333332
Riverside,2018,2,24,2.61375,8.0,0,22.0,28.0,6.172727272727273,0.8660254037844386,0.5000000000000001,24.666666666666668
Riverside,2018,3,8,2.24625,46.0,1,24.0,22.0,2.61375,1.0,6.123233995736766e-17,18.0
Riverside,2018,4,46,6.208260869565217,14.0,0,8.0,24.0,2.24625,0.8660254037844387,-0.49999999999999983,26.0
Riverside,2018,5,14,7.36,37.0,0,46.0,8.0,6.208260869565217,0.49999999999999994,-0.8660254037844387,22.666666666666668
Riverside,2018,6,37,8.107027027027026,446.0,1,14.0,46.0,7.36,1.2246467991473532e-16,-1.0,32.333333333333336
Riverside,2018,7,446,43.807264573991034,542.0,1,37.0,14.0,8.107027027027026,-0.4999999999999998,-0.8660254037844388,165.66666666666666
Riverside,2018,8,542,24.49760147601476,29.0,0,446.0,37.0,43.807264573991034,-0.8660254037844384,-0.5000000000000004,341.6666666666667
Riverside,2018,9,29,4.387241379310345,63.0,1,542.0,446.0,24.49760147601476,-1.0,-1.8369701987210297e-16,339.0
Riverside,2018,10,63,2.358253968253968,28.0,0,29.0,542.0,4.387241379310345,-0.8660254037844386,0.5000000000000001,211.33333333333334
Riverside,2018,11,28,4.027857142857143,41.0,0,63.0,29.0,2.358253968253968,-0.5000000000000004,0.8660254037844384,40.0
Riverside,2018,12,41,2.406829268292683,12.0,0,28.0,63.0,4.027857142857143,-2.4492935982947064e-16,1.0,44.0
Riverside,2019,1,12,2.8575,19.0,0,41.0,28.0,2.406829268292683,0.49999999999999994,0.8660254037844387,27.0
Riverside,2019,2,19,2.556842105263158,46.0,1,12.0,41.0,2.8575,0.8660254037844386,0.5000000000000001,24.0
Riverside,2019,3,46,22.306304347826085,10.0,0,19.0,12.0,2.556842105263158,1.0,6.123233995736766e-17,25.666666666666668
Riverside,2019,4,10,0.697,35.0,0,46.0,19.0,22.306304347826085,0.8660254037844387,-0.49999999999999983,25.0
Riverside,2019,5,35,11.800571428571429,37.0,0,10.0,46.0,0.697,0.49999999999999994,-0.8660254037844387,30.333333333333332
Riverside,2019,6,37,15.859459459459458,47.0,1,35.0,10.0,11.800571428571429,1.2246467991473532e-16,-1.0,27.333333333333332
Riverside,2019,7,47,8.755531914893616,18.0,0,37.0,35.0,15.859459459459458,-0.4999999999999998,-0.8660254037844388,39.666666666666664
Riverside,2019,8,18,3.187777777777778,55.0,1,47.0,37.0,8.755531914893616,-0.8660254037844384,-0.5000000000000004,34.0
Riverside,2019,9,55,37.77763636363636,95.0,1,18.0,47.0,3.187777777777778,-1.0,-1.8369701987210297e-16,40.0
Riverside,2019,10,95,19.49978947368421,89.0,1,55.0,18.0,37.77763636363636,-0.8660254037844386,0.5000000000000001,56.0
Riverside,2019,11,89,2.4487640449438204,22.0,0,95.0,55.0,19.49978947368421,-0.5000000000000004,0.8660254037844384,79.66666666666667
Riverside,2019,12,22,3.0109090909090908,25.0,0,89.0,95.0,2.4487640449438204,-2.4492935982947064e-16,1.0,68.66666666666667
Riverside,2020,1,25,4.7576,32.0,0,22.0,89.0,3.0109090909090908,0.49999999999999994,0.8660254037844387,45.333333333333336
Riverside,2020,2,32,10.4465625,20.0,0,25.0,22.0,4.7576,0.8660254037844386,0.5000000000000001,26.333333333333332
Riverside,2020,3,20,33.560500000000005,10.0,0,32.0,25.0,10.4465625,1.0,6.123233995736766e-17,25.666666666666668
Riverside,2020,4,10,1.399,41.0,0,20.0,32.0,33.560500000000005,0.8660254037844387,-0.49999999999999983,20.666666666666668
Riverside,2020,5,41,3.908780487804878,67.0,1,10.0,20.0,1.399,0.49999999999999994,-0.8660254037844387,23.666666666666668
Riverside,2020,6,67,5.0244776119402985,82.0,1,41.0,10.0,3.908780487804878,1.2246467991473532e-16,-1.0,39.333333333333336
Riverside,2020,7,82,11.477926829268291,433.0,1,67.0,41.0,5.0244776119402985,-0.4999999999999998,-0.8660254037844388,63.333333333333336
Riverside,2020,8,433,32.350715935334875,100.0,1,82.0,67.0,11.477926829268291,-0.8660254037844384,-0.5000000000000004,194.0
Riverside,2020,9,100,19.3686,33.0,0,433.0,82.0,32.350715935334875,-1.0,-1.8369701987210297e-16,205.0
Riverside,2020,10,33,8.355454545454545,69.0,1,100.0,433.0,19.3686,-0.8660254037844386,0.5000000000000001,188.66666666666666
Riverside,2020,11,69,5.311159420289855,72.0,1,33.0,100.0,8.355454545454545,-0.5000000000000004,0.8660254037844384,67.33333333333333
Sacramento,2015,3,32,7.6290625,23.0,0,4.0,7.0,4.33,1.0,6.123233995736766e-17,14.333333333333334
Sacramento,2015,4,23,1.2895652173913044,11.0,0,32.0,4.0,7.6290625,0.8660254037844387,-0.49999999999999983,19.666666666666668
Sacramento,2015,5,11,5.966363636363636,15.0,0,23.0,32.0,1.2895652173913044,0.49999999999999994,-0.8660254037844387,22.0
Sacramento,2015,6,15,2.3266666666666667,21.0,0,11.0,23.0,5.966363636363636,1.2246467991473532e-16,-1.0,16.333333333333332
Sacramento,2015,7,21,10.768571428571429,5.0,0,15.0,11.0,2.3266666666666667,-0.4999999999999998,-0.8660254037844388,15.666666666666666
Sacramento,2015,8,5,0.998,10.0,0,21.0,15.0,10.768571428571429,-0.8660254037844384,-0.5000000000000004,13.666666666666666
Sacramento,2015,9,10,3.307,20.0,0,5.0,21.0,0.998,-1.0,-1.8369701987210297e-16,12.0
Sacramento,2015,10,20,5.1935,24.0,0,10.0,5.0,3.307,-0.8660254037844386,0.5000000000000001,11.666666666666666
Sacramento,2015,11,24,10.231666666666667,10.0,0,20.0,10.0,5.1935,-0.5000000000000004,0.8660254037844384,18.0
Sacramento,2015,12,10,1.8,13.0,0,24.0,20.0,10.231666666666667,-2.4492935982947064e-16,1.0,18.0
Sacramento,2016,2,13,6.356923076923077,18.0,0,10.0,24.0,1.8,0.8660254037844386,0.5000000000000001,15.666666666666666
Sacramento,2016,3,18,2.9605555555555556,17.0,0,13.0,10.0,6.356923076923077,1.0,6.123233995736766e-17,13.666666666666666
Sacramento,2016,4,17,4.490588235294118,14.0,0,18.0,13.0,2.9605555555555556,0.8660254037844387,-0.49999999999999983,16.0
Sacramento,2016,5,14,8.55857142857143,15.0,0,17.0,18.0,4.490588235294118,0.49999999999999994,-0.8660254037844387,16.333333333333332
Sacramento,2016,6,15,5.85,12.0,0,14.0,17.0,8.55857142857143,1.2246467991473532e-16,-1.0,15.333333333333334
Sacramento,2016,7,12,1.1,11.0,0,15.0,14.0,5.85,-0.4999999999999998,-0.8660254037844388,13.666666666666666
Sacramento,2016,8,11,2.6436363636363636,27.0,0,12.0,15.0,1.1,-0.8660254037844384,-0.5000000000000004,12.666666666666666
Sacramento,2016,9,27,9.376666666666669,14.0,0,11.0,12.0,2.6436363636363636,-1.0,-1.8369701987210297e-16,16.666666666666668
Sacramento,2016,10,14,3.4250000000000003,12.0,0,27.0,11.0,9.376666666666669,-0.8660254037844386,0.5000000000000001,17.333333333333332
Sacramento,2016,11,12,6.305,2.0,0,14.0,27.0,3.4250000000000003,-0.5000000000000004,0.8660254037844384,17.666666666666668
Sacramento,2017,2,2,0.39,10.0,0,12.0,14.0,6.305,0.8660254037844386,0.5000000000000001,9.333333333333334
Sacramento,2017,3,10,3.381,15.0,0,2.0,12.0,0.39,1.0,6.123233995736766e-17,8.0
Sacramento,2017,4,15,3.558666666666667,19.0,0,10.0,2.0,3.381,0.8660254037844387,-0.49999999999999983,9.0
Sacramento,2017,5,19,1.2842105263157897,14.0,0,15.0,10.0,3.558666666666667,0.49999999999999994,-0.8660254037844387,14.666666666666666
Sacramento,2017,6,14,2.6021428571428573,26.0,0,19.0,15.0,1.2842105263157897,1.2246467991473532e-16,-1.0,16.0
Sacramento,2017,7,26,14.876153846153848,13.0,0,14.0,19.0,2.6021428571428573,-0.4999999999999998,-0.8660254037844388,19.666666666666668
Sacramento,2017,8,13,5.837692307692308,17.0,0,26.0,14.0,14.876153846153848,-0.8660254037844384,-0.5000000000000004,17.666666666666668
Sacramento,2017,9,17,16.78058823529412,8.0,0,13.0,26.0,5.837692307692308,-1.0,-1.8369701987210297e-16,18.666666666666668
Sacramento,2017,10,8,1.985,12.0,0,17.0,13.0,16.78058823529412,-0.8660254037844386,0.5000000000000001,12.666666666666666
Sacramento,2017,11,12,4.414166666666667,6.0,0,8.0,17.0,1.985,-0.5000000000000004,0.8660254037844384,12.333333333333334
Sacramento,2017,12,6,7.641666666666666,2.0,0,12.0,8.0,4.414166666666667,-2.4492935982947064e-16,1.0,8.666666666666666
Sacramento,2018,1,2,2.25,27.0,0,6.0,12.0,7.641666666666666,0.49999999999999994,0.8660254037844387,6.666666666666667
Sacramento,2018,2,27,5.419259259259259,13.0,0,2.0,6.0,2.25,0.8660254037844386,0.5000000000000001,11.666666666666666
Sacramento,2018,3,13,2.6107692307692307,27.0,0,27.0,2.0,5.419259259259259,1.0,6.123233995736766e-17,14.0
Sacramento,2018,4,27,5.224814814814814,25.0,0,13.0,27.0,2.6107692307692307,0.8660254037844387,-0.49999999999999983,22.333333333333332
Sacramento,2018,5,25,8.8308,22.0,0,27.0,13.0,5.224814814814814,0.49999999999999994,-0.8660254037844387,21.666666666666668
Sacramento,2018,6,22,10.69181818181818,10.0,0,25.0,27.0,8.8308,1.2246467991473532e-16,-1.0,24.666666666666668
Sacramento,2018,7,10,9.633,3.0,0,22.0,25.0,10.69181818181818,-0.4999999999999998,-0.8660254037844388,19.0
Sacramento,2018,8,3,1.54,12.0,0,10.0,22.0,9.633,-0.8660254037844384,-0.5000000000000004,11.666666666666666
Sacramento,2018,9,12,16.925833333333333,12.0,0,3.0,10.0,1.54,-1.0,-1.8369701987210297e-16,8.333333333333334
Sacramento,2018,10,12,4.883333333333333,10.0,0,12.0,3.0,16.925833333333333,-0.8660254037844386,0.5000000000000001,9.0
Sacramento,2018,11,10,3.177,2.0,0,12.0,12.0,4.883333333333333,-0.5000000000000004,0.8660254037844384,11.333333333333334
Sacramento,2018,12,2,5.51,2.0,0,10.0,12.0,3.177,-2.4492935982947064e-16,1.0,8.0
Sacramento,2019,1,2,2.415,7.0,0,2.0,10.0,5.51,0.49999999999999994,0.8660254037844387,4.666666666666667
Sacramento,2019,3,7,4.147142857142858,14.0,0,2.0,2.0,2.415,1.0,6.123233995736766e-17,3.6666666666666665
Sacramento,2019,4,14,7.177142857142857,8.0,0,7.0,2.0,4.147142857142858,0.8660254037844387,-0.49999999999999983,7.666666666666667
Sacramento,2019,5,8,6.705,17.0,0,14.0,7.0,7.177142857142857,0.49999999999999994,-0.8660254037844387,9.666666666666666
Sacramento,2019,6,17,9.744117647058824,17.0,0,8.0,14.0,6.705,1.2246467991473532e-16,-1.0,13.0
Sacramento,2019,7,17,17.44235294117647,6.0,0,17.0,8.0,9.744117647058824,-0.4999999999999998,-0.8660254037844388,14.0
Sacramento,2019,8,6,8.071666666666667,16.0,0,17.0,17.0,17.44235294117647,-0.8660254037844384,-0.5000000000000004,13.333333333333334
Sacramento,2019,9,16,1.505,34.0,0,6.0,17.0,8.071666666666667,-1.0,-1.8369701987210297e-16,13.0
Sacramento,2019,10,34,4.836176470588235,18.0,0,16.0,6.0,1.505,-0.8660254037844386,0.5000000000000001,18.666666666666668
Sacramento,2019,11,18,4.004444444444444,1.0,0,34.0,16.0,4.836176470588235,-0.5000000000000004,0.8660254037844384,22.666666666666668
Sacramento,2019,12,1,3.84,3.0,0,18.0,34.0,4.004444444444444,-2.4492935982947064e-16,1.0,17.666666666666668
Sacramento,2020,1,3,2.8033333333333332,32.0,0,1.0,18.0,3.84,0.49999999999999994,0.8660254037844387,7.333333333333333
Sacramento,2020,2,32,8.388125,8.0,0,3.0,1.0,2.8033333333333332,0.8660254037844386,0.5000000000000001,12.0
Sacramento,2020,3,8,3.4212499999999997,6.0,0,32.0,3.0,8.388125,1.0,6.123233995736766e-17,14.333333333333334
Sacramento,2020,4,6,4.715,19.0,0,8.0,32.0,3.4212499999999997,0.8660254037844387,-0.49999999999999983,15.333333333333334
Sacramento,2020,5,19,7.01421052631579,47.0,1,6.0,8.0,4.715,0.49999999999999994,-0.8660254037844387,11.0
Sacramento,2020,6,47,33.058297872340425,5.0,0,19.0,6.0,7.01421052631579,1.2246467991473532e-16,-1.0,24.0
Sacramento,2020,7,5,6.497999999999999,12.0,0,47.0,19.0,33.058297872340425,-0.4999999999999998,-0.8660254037844388,23.666666666666668
Sacramento,2020,8,12,2.39,27.0,0,5.0,47.0,6.497999999999999,-0.8660254037844384,-0.5000000000000004,21.333333333333332
Sacramento,2020,9,27,15.082962962962965,9.0,0,12.0,5.0,2.39,-1.0,-1.8369701987210297e-16,14.666666666666666
Sacramento,2020,10,9,4.751111111111111,26.0,0,27.0,12.0,15.082962962962965,-0.8660254037844386,0.5000000000000001,16.0
Sacramento,2020,11,26,7.038461538461538,7.0,0,9.0,27.0,4.751111111111111,-0.5000000000000004,0.8660254037844384,20.666666666666668
San Benito,2015,3,6,9.126666666666669,2.0,0,1.0,4.0,7.44,1.0,6.123233995736766e-17,3.6666666666666665
San Benito,2015,7,2,15.27,26.0,0,6.0,1.0,9.126666666666669,-0.4999999999999998,-0.8660254037844388,3.0
San Benito,2015,10,26,14.989615384615384,10.0,0,2.0,6.0,15.27,-0.8660254037844386,0.5000000000000001,11.333333333333334
San Benito,2015,11,10,4.311999999999999,6.0,0,26.0,2.0,14.989615384615384,-0.5000000000000004,0.8660254037844384,12.666666666666666
San Benito,2015,12,6,3.171666666666667,3.0,0,10.0,26.0,4.311999999999999,-2.4492935982947064e-16,1.0,14.0
San Benito,2016,6,3,10.906666666666666,2.0,0,6.0,10.0,3.171666666666667,1.2246467991473532e-16,-1.0,6.333333333333333
San Benito,2016,7,2,9.9,3.0,0,3.0,6.0,10.906666666666666,-0.4999999999999998,-0.8660254037844388,3.6666666666666665
San Benito,2016,11,3,5.226666666666667,2.0,0,2.0,3.0,9.9,-0.5000000000000004,0.8660254037844384,2.6666666666666665
San Benito,2016,12,2,6.880000000000001,1.0,0,3.0,2.0,5.226666666666667,-2.4492935982947064e-16,1.0,2.3333333333333335
San Benito,2017,3,1,2.93,1.0,0,2.0,3.0,6.880000000000001,1.0,6.123233995736766e-17,2.0
San Benito,2017,5,1,0.92,1.0,0,1.0,2.0,2.93,0.49999999999999994,-0.8660254037844387,1.3333333333333333
San Benito,2017,10,1,1.87,7.0,0,1.0,1.0,0.92,-0.8660254037844386,0.5000000000000001,1.0
San Benito,2018,1,7,7.178571428571429,4.0,0,1.0,1.0,1.87,0.49999999999999994,0.8660254037844387,3.0
San Benito,2018,2,4,5.495,1.0,0,7.0,1.0,7.178571428571429,0.8660254037844386,0.5000000000000001,4.0
San Benito,2018,3,1,3.47,5.0,0,4.0,7.0,5.495,1.0,6.123233995736766e-17,4.0
San Benito,2018,4,5,1.876,86.0,1,1.0,4.0,3.47,0.8660254037844387,-0.49999999999999983,3.3333333333333335
San Benito,2018,6,86,26.34860465116279,9.0,0,5.0,1.0,1.876,1.2246467991473532e-16,-1.0,30.666666666666668
San Benito,2018,7,9,10.525555555555556,89.0,1,86.0,5.0,26.34860465116279,-0.4999999999999998,-0.8660254037844388,33.333333333333336
San Benito,2018,10,89,16.748651685393256,11.0,0,9.0,86.0,10.525555555555556,-0.8660254037844386,0.5000000000000001,61.333333333333336
San Benito,2018,12,11,4.594545454545455,6.0,0,89.0,9.0,16.748651685393256,-2.4492935982947064e-16,1.0,36.333333333333336
San Benito,2019,3,6,3.3800000000000003,6.0,0,11.0,89.0,4.594545454545455,1.0,6.123233995736766e-17,35.333333333333336
San Benito,2019,7,6,18.42,2.0,0,6.0,11.0,3.3800000000000003,-0.4999999999999998,-0.8660254037844388,7.666666666666667
San Benito,2019,8,2,24.36,7.0,0,6.0,6.0,18.42,-0.8660254037844384,-0.5000000000000004,4.666666666666667
San Benito,2019,9,7,28.03857142857143,89.0,1,2.0,6.0,24.36,-1.0,-1.8369701987210297e-16,5.0
San Benito,2019,11,89,6.660898876404495,1.0,0,7.0,2.0,28.03857142857143,-0.5000000000000004,0.8660254037844384,32.666666666666664
San Benito,2019,12,1,3.58,7.0,0,89.0,7.0,6.660898876404495,-2.4492935982947064e-16,1.0,32.333333333333336
San Benito,2020,2,7,4.2542857142857144,2.0,0,1.0,89.0,3.58,0.8660254037844386,0.5000000000000001,32.333333333333336
San Benito,2020,3,2,3.49,3.0,0,7.0,1.0,4.2542857142857144,1.0,6.123233995736766e-17,3.3333333333333335
San Benito,2020,4,3,8.74,1.0,0,2.0,7.0,3.49,0.8660254037844387,-0.49999999999999983,4.0
San Benito,2020,5,1,4.98,17.0,0,3.0,2.0,8.74,0.49999999999999994,-0.8660254037844387,2.0
San Benito,2020,6,17,85.01058823529412,6.0,0,1.0,3.0,4.98,1.2246467991473532e-16,-1.0,7.0
San Benito,2020,7,6,23.713333333333335,1.0,0,17.0,1.0,85.01058823529412,-0.4999999999999998,-0.8660254037844388,8.0
San Benito,2020,10,1,2.5,11.0,0,6.0,17.0,23.713333333333335,-0.8660254037844386,0.5000000000000001,8.0
San Benito,2020,11,11,45.21,4.0,0,1.0,6.0,2.5,-0.5000000000000004,0.8660254037844384,6.0
San Bernardino,2015,3,120,4.398750000000001,134.0,1,124.0,113.0,2.327338709677419,1.0,6.123233995736766e-17,119.0
San Bernardino,2015,4,134,1.5582089552238807,96.0,1,120.0,124.0,4.398750000000001,0.8660254037844387,-0.49999999999999983,126.0
San Bernardino,2015,5,96,3.381145833333333,3136.0,1,134.0,120.0,1.5582089552238807,0.49999999999999994,-0.8660254037844387,116.66666666666667
San Bernardino,2015,6,3136,36.301144770408165,152.0,1,96.0,134.0,3.381145833333333,1.2246467991473532e-16,-1.0,1122.0
San Bernardino,2015,7,152,2.499605263157895,152.0,1,3136.0,96.0,36.301144770408165,-0.4999999999999998,-0.8660254037844388,1128.0
San Bernardino,2015,8,152,3.939473684210526,149.0,1,152.0,3136.0,2.499605263157895,-0.8660254037844384,-0.5000000000000004,1146.6666666666667
San Bernardino,2015,9,149,1.743758389261745,127.0,1,152.0,152.0,3.939473684210526,-1.0,-1.8369701987210297e-16,151.0
San Bernardino,2015,10,127,1.9108661417322832,154.0,1,149.0,152.0,1.743758389261745,-0.8660254037844386,0.5000000000000001,142.66666666666666
San Bernardino,2015,11,154,2.0031818181818184,128.0,1,127.0,149.0,1.9108661417322832,-0.5000000000000004,0.8660254037844384,143.33333333333334
San Bernardino,2015,12,128,2.2678125,92.0,1,154.0,127.0,2.0031818181818184,-2.4492935982947064e-16,1.0,136.33333333333334
San Bernardino,2016,1,92,2.9086956521739133,128.0,1,128.0,154.0,2.2678125,0.49999999999999994,0.8660254037844387,124.66666666666667
San Bernardino,2016,2,128,2.62515625,113.0,1,92.0,128.0,2.9086956521739133,0.8660254037844386,0.5000000000000001,116.0
San Bernardino,2016,3,113,1.5338053097345132,112.0,1,128.0,92.0,2.62515625,1.0,6.123233995736766e-17,111.0
San Bernardino,2016,4,112,1.785625,154.0,1,113.0,128.0,1.5338053097345132,0.8660254037844387,-0.49999999999999983,117.66666666666667
San Bernardino,2016,5,154,1.5498051948051947,133.0,1,112.0,113.0,1.785625,0.49999999999999994,-0.8660254037844387,126.33333333333333
San Bernardino,2016,6,133,2.213308270676692,152.0,1,154.0,112.0,1.5498051948051947,1.2246467991473532e-16,-1.0,133.0
San Bernardino,2016,7,152,2.393421052631579,955.0,1,133.0,154.0,2.213308270676692,-0.4999999999999998,-0.8660254037844388,146.33333333333334
San Bernardino,2016,8,955,33.76220942408377,150.0,1,152.0,133.0,2.393421052631579,-0.8660254037844384,-0.5000000000000004,413.3333333333333
San Bernardino,2016,9,150,3.675933333333333,167.0,1,955.0,152.0,33.76220942408377,-1.0,-1.8369701987210297e-16,419.0
San Bernardino,2016,10,167,1.574670658682635,217.0,1,150.0,955.0,3.675933333333333,-0.8660254037844386,0.5000000000000001,424.0
San Bernardino,2016,11,217,1.9737327188940093,46.0,1,167.0,150.0,1.574670658682635,-0.5000000000000004,0.8660254037844384,178.0
San Bernardino,2016,12,46,3.5565217391304347,86.0,1,217.0,167.0,1.9737327188940093,-2.4492935982947064e-16,1.0,143.33333333333334
San Bernardino,2017,1,86,2.5282558139534883,74.0,1,46.0,217.0,3.5565217391304347,0.49999999999999994,0.8660254037844387,116.33333333333333
San Bernardino,2017,2,74,2.153243243243243,155.0,1,86.0,46.0,2.5282558139534883,0.8660254037844386,0.5000000000000001,68.66666666666667
San Bernardino,2017,3,155,1.4931612903225806,135.0,1,74.0,86.0,2.153243243243243,1.0,6.123233995736766e-17,105.0
San Bernardino,2017,4,135,1.4742222222222223,167.0,1,155.0,74.0,1.4931612903225806,0.8660254037844387,-0.49999999999999983,121.33333333333333
San Bernardino,2017,5,167,1.7192814371257483,239.0,1,135.0,155.0,1.4742222222222223,0.49999999999999994,-0.8660254037844387,152.33333333333334
San Bernardino,2017,6,239,7.576234309623431,166.0,1,167.0,135.0,1.7192814371257483,1.2246467991473532e-16,-1.0,180.33333333333334
San Bernardino,2017,7,166,2.9417469879518072,170.0,1,239.0,167.0,7.576234309623431,-0.4999999999999998,-0.8660254037844388,190.66666666666666
San Bernardino,2017,8,170,2.310235294117647,160.0,1,166.0,239.0,2.9417469879518072,-0.8660254037844384,-0.5000000000000004,191.66666666666666
San Bernardino,2017,9,160,1.7258125,213.0,1,170.0,166.0,2.310235294117647,-1.0,-1.8369701987210297e-16,165.33333333333334
San Bernardino,2017,10,213,1.73093896713615,105.0,1,160.0,170.0,1.7258125,-0.8660254037844386,0.5000000000000001,181.0
San Bernardino,2017,11,105,1.7930476190476192,144.0,1,213.0,160.0,1.73093896713615,-0.5000000000000004,0.8660254037844384,159.33333333333334
San Bernardino,2017,12,144,2.5520833333333335,137.0,1,105.0,213.0,1.7930476190476192,-2.4492935982947064e-16,1.0,154.0
San Bernardino,2018,1,137,1.7210948905109489,147.0,1,144.0,105.0,2.5520833333333335,0.49999999999999994,0.8660254037844387,128.66666666666666
San Bernardino,2018,2,147,2.298843537414966,95.0,1,137.0,144.0,1.7210948905109489,0.8660254037844386,0.5000000000000001,142.66666666666666
San Bernardino,2018,3,95,2.2610526315789476,123.0,1,147.0,137.0,2.298843537414966,1.0,6.123233995736766e-17,126.33333333333333
San Bernardino,2018,4,123,1.455853658536585,136.0,1,95.0,147.0,2.2610526315789476,0.8660254037844387,-0.49999999999999983,121.66666666666667
San Bernardino,2018,5,136,1.468014705882353,206.0,1,123.0,95.0,1.455853658536585,0.49999999999999994,-0.8660254037844387,118.0
San Bernardino,2018,6,206,2.8451456310679615,258.0,1,136.0,123.0,1.468014705882353,1.2246467991473532e-16,-1.0,155.0
San Bernardino,2018,7,258,5.480658914728682,187.0,1,206.0,136.0,2.8451456310679615,-0.4999999999999998,-0.8660254037844388,200.0
San Bernardino,2018,8,187,1.9177540106951871,176.0,1,258.0,206.0,5.480658914728682,-0.8660254037844384,-0.5000000000000004,217.0
San Bernardino,2018,9,176,2.272556818181818,208.0,1,187.0,258.0,1.9177540106951871,-1.0,-1.8369701987210297e-16,207.0
San Bernardino,2018,10,208,2.4592788461538464,156.0,1,176.0,187.0,2.272556818181818,-0.8660254037844386,0.5000000000000001,190.33333333333334
San Bernardino,2018,11,156,1.7958333333333332,107.0,1,208.0,176.0,2.4592788461538464,-0.5000000000000004,0.8660254037844384,180.0
San Bernardino,2018,12,107,1.8957943925233645,102.0,1,156.0,208.0,1.7958333333333332,-2.4492935982947064e-16,1.0,157.0
San Bernardino,2019,1,102,2.0777450980392156,82.0,1,107.0,156.0,1.8957943925233645,0.49999999999999994,0.8660254037844387,121.66666666666667
San Bernardino,2019,2,82,2.113048780487805,87.0,1,102.0,107.0,2.0777450980392156,0.8660254037844386,0.5000000000000001,97.0
San Bernardino,2019,3,87,1.832183908045977,139.0,1,82.0,102.0,2.113048780487805,1.0,6.123233995736766e-17,90.33333333333333
San Bernardino,2019,4,139,1.5942446043165468,114.0,1,87.0,82.0,1.832183908045977,0.8660254037844387,-0.49999999999999983,102.66666666666667
San Bernardino,2019,5,114,1.4809649122807018,157.0,1,139.0,87.0,1.5942446043165468,0.49999999999999994,-0.8660254037844387,113.33333333333333
San Bernardino,2019,6,157,1.7698089171974525,148.0,1,114.0,139.0,1.4809649122807018,1.2246467991473532e-16,-1.0,136.66666666666666
San Bernardino,2019,7,148,3.2698648648648647,167.0,1,157.0,114.0,1.7698089171974525,-0.4999999999999998,-0.8660254037844388,139.66666666666666
San Bernardino,2019,8,167,2.182754491017964,152.0,1,148.0,157.0,3.2698648648648647,-0.8660254037844384,-0.5000000000000004,157.33333333333334
San Bernardino,2019,9,152,1.5233552631578948,199.0,1,167.0,148.0,2.182754491017964,-1.0,-1.8369701987210297e-16,155.66666666666666
San Bernardino,2019,10,199,4.796984924623116,112.0,1,152.0,167.0,1.5233552631578948,-0.8660254037844386,0.5000000000000001,172.66666666666666
San Bernardino,2019,11,112,1.760982142857143,42.0,0,199.0,152.0,4.796984924623116,-0.5000000000000004,0.8660254037844384,154.33333333333334
San Bernardino,2019,12,42,1.7111904761904764,89.0,1,112.0,199.0,1.760982142857143,-2.4492935982947064e-16,1.0,117.66666666666667
San Bernardino,2020,1,89,1.5898876404494382,85.0,1,42.0,112.0,1.7111904761904764,0.49999999999999994,0.8660254037844387,81.0
San Bernardino,2020,2,85,1.8011764705882352,78.0,1,89.0,42.0,1.5898876404494382,0.8660254037844386,0.5000000000000001,72.0
San Bernardino,2020,3,78,2.0911538461538464,89.0,1,85.0,89.0,1.8011764705882352,1.0,6.123233995736766e-17,84.0
San Bernardino,2020,4,89,1.3917977528089889,162.0,1,78.0,85.0,2.0911538461538464,0.8660254037844387,-0.49999999999999983,84.0
San Bernardino,2020,5,162,3.431666666666666,104.0,1,89.0,78.0,1.3917977528089889,0.49999999999999994,-0.8660254037844387,109.66666666666667
San Bernardino,2020,6,104,2.788557692307692,163.0,1,162.0,89.0,3.431666666666666,1.2246467991473532e-16,-1.0,118.33333333333333
San Bernardino,2020,7,163,7.334049079754601,912.0,1,104.0,162.0,2.788557692307692,-0.4999999999999998,-0.8660254037844388,143.0
San Bernardino,2020,8,912,18.707620614035086,1629.0,1,163.0,104.0,7.334049079754601,-0.8660254037844384,-0.5000000000000004,393.0
San Bernardino,2020,9,1629,28.890705954573356,325.0,1,912.0,163.0,18.707620614035086,-1.0,-1.8369701987210297e-16,901.3333333333334
San Bernardino,2020,10,325,10.912184615384616,153.0,1,1629.0,912.0,28.890705954573356,-0.8660254037844386,0.5000000000000001,955.3333333333334
San Bernardino,2020,11,153,2.071764705882353,108.0,1,325.0,1629.0,10.912184615384616,-0.5000000000000004,0.8660254037844384,702.3333333333334
San Diego,2015,3,14,2.2,66.0,1,61.0,10.0,17.41344262295082,1.0,6.123233995736766e-17,28.333333333333332
San Diego,2015,4,66,10.436060606060606,9.0,0,14.0,61.0,2.2,0.8660254037844387,-0.49999999999999983,47.0
San Diego,2015,5,9,3.2244444444444444,30.0,0,66.0,14.0,10.436060606060606,0.49999999999999994,-0.8660254037844387,29.666666666666668
San Diego,2015,6,30,7.432666666666666,18.0,0,9.0,66.0,3.2244444444444444,1.2246467991473532e-16,-1.0,35.0
San Diego,2015,7,18,8.702222222222224,42.0,0,30.0,9.0,7.432666666666666,-0.4999999999999998,-0.8660254037844388,19.0
San Diego,2015,8,42,17.351666666666667,10.0,0,18.0,30.0,8.702222222222224,-0.8660254037844384,-0.5000000000000004,30.0
San Diego,2015,9,10,4.282,7.0,0,42.0,18.0,17.351666666666667,-1.0,-1.8369701987210297e-16,23.333333333333332
San Diego,2015,10,7,0.5814285714285715,9.0,0,10.0,42.0,4.282,-0.8660254037844386,0.5000000000000001,19.666666666666668
San Diego,2015,11,9,1.237777777777778,10.0,0,7.0,10.0,0.5814285714285715,-0.5000000000000004,0.8660254037844384,8.666666666666666
San Diego,2015,12,10,1.295,10.0,0,9.0,7.0,1.237777777777778,-2.4492935982947064e-16,1.0,8.666666666666666
San Diego,2016,1,10,2.263,42.0,0,10.0,9.0,1.295,0.49999999999999994,0.8660254037844387,9.666666666666666
San Diego,2016,2,42,7.73952380952381,47.0,1,10.0,10.0,2.263,0.8660254037844386,0.5000000000000001,20.666666666666668
San Diego,2016,3,47,11.376382978723406,17.0,0,42.0,10.0,7.73952380952381,1.0,6.123233995736766e-17,33.0
San Diego,2016,4,17,18.70823529411765,8.0,0,47.0,42.0,11.376382978723406,0.8660254037844387,-0.49999999999999983,35.333333333333336
San Diego,2016,5,8,11.11125,163.0,1,17.0,47.0,18.70823529411765,0.49999999999999994,-0.8660254037844387,24.0
San Diego,2016,6,163,35.704478527607364,11.0,0,8.0,17.0,11.11125,1.2246467991473532e-16,-1.0,62.666666666666664
San Diego,2016,7,11,9.981818181818182,3.0,0,163.0,8.0,35.704478527607364,-0.4999999999999998,-0.8660254037844388,60.666666666666664
San Diego,2016,8,3,1.4333333333333331,5.0,0,11.0,163.0,9.981818181818182,-0.8660254037844384,-0.5000000000000004,59.0
San Diego,2016,9,5,2.17,10.0,0,3.0,11.0,1.4333333333333331,-1.0,-1.8369701987210297e-16,6.333333333333333
San Diego,2016,10,10,0.517,12.0,0,5.0,3.0,2.17,-0.8660254037844386,0.5000000000000001,6.0
San Diego,2016,11,12,3.4333333333333336,27.0,0,10.0,5.0,0.517,-0.5000000000000004,0.8660254037844384,9.0
San Diego,2016,12,27,36.07111111111111,10.0,0,12.0,10.0,3.4333333333333336,-2.4492935982947064e-16,1.0,16.333333333333332
San Diego,2017,1,10,1.118,14.0,0,27.0,12.0,36.07111111111111,0.49999999999999994,0.8660254037844387,16.333333333333332
San Diego,2017,2,14,3.7707142857142855,57.0,1,10.0,27.0,1.118,0.8660254037844386,0.5000000000000001,17.0
San Diego,2017,3,57,19.44333333333333,31.0,0,14.0,10.0,3.7707142857142855,1.0,6.123233995736766e-17,27.0
San Diego,2017,4,31,5.599354838709678,81.0,1,57.0,14.0,19.44333333333333,0.8660254037844387,-0.49999999999999983,34.0
San Diego,2017,5,81,8.708148148148148,73.0,1,31.0,57.0,5.599354838709678,0.49999999999999994,-0.8660254037844387,56.333333333333336
San Diego,2017,6,73,8.742739726027398,22.0,0,81.0,31.0,8.708148148148148,1.2246467991473532e-16,-1.0,61.666666666666664
San Diego,2017,7,22,29.614545454545453,39.0,0,73.0,81.0,8.742739726027398,-0.4999999999999998,-0.8660254037844388,58.666666666666664
San Diego,2017,8,39,25.87025641025641,23.0,0,22.0,73.0,29.614545454545453,-0.8660254037844384,-0.5000000000000004,44.666666666666664
San Diego,2017,9,23,1.6282608695652174,72.0,1,39.0,22.0,25.87025641025641,-1.0,-1.8369701987210297e-16,28.0
San Diego,2017,10,72,7.309444444444444,13.0,0,23.0,39.0,1.6282608695652174,-0.8660254037844386,0.5000000000000001,44.666666666666664
San Diego,2017,11,13,0.7246153846153847,89.0,1,72.0,23.0,7.309444444444444,-0.5000000000000004,0.8660254037844384,36.0
San Diego,2017,12,89,39.71887640449438,25.0,0,13.0,72.0,0.7246153846153847,-2.4492935982947064e-16,1.0,58.0
San Diego,2018,1,25,8.2468,36.0,0,89.0,13.0,39.71887640449438,0.49999999999999994,0.8660254037844387,42.333333333333336
San Diego,2018,2,36,3.8952777777777783,27.0,0,25.0,89.0,8.2468,0.8660254037844386,0.5000000000000001,50.0
San Diego,2018,3,27,6.887037037037037,12.0,0,36.0,25.0,3.8952777777777783,1.0,6.123233995736766e-17,29.333333333333332
San Diego,2018,4,12,4.229166666666667,28.0,0,27.0,36.0,6.887037037037037,0.8660254037844387,-0.49999999999999983,25.0
San Diego,2018,5,28,9.82464285714286,40.0,0,12.0,27.0,4.229166666666667,0.49999999999999994,-0.8660254037844387,22.333333333333332
San Diego,2018,6,40,13.93075,68.0,1,28.0,12.0,9.82464285714286,1.2246467991473532e-16,-1.0,26.666666666666668
San Diego,2018,7,68,10.853235294117647,16.0,0,40.0,28.0,13.93075,-0.4999999999999998,-0.8660254037844388,45.333333333333336
San Diego,2018,8,16,10.32625,17.0,0,68.0,40.0,10.853235294117647,-0.8660254037844384,-0.5000000000000004,41.333333333333336
San Diego,2018,9,17,6.16235294117647,8.0,0,16.0,68.0,10.32625,-1.0,-1.8369701987210297e-16,33.666666666666664
San Diego,2018,10,8,0.60375,16.0,0,17.0,16.0,6.16235294117647,-0.8660254037844386,0.5000000000000001,13.666666666666666
San Diego,2018,11,16,2.951875,19.0,0,8.0,17.0,0.60375,-0.5000000000000004,0.8660254037844384,13.666666666666666
San Diego,2018,12,19,4.298421052631579,17.0,0,16.0,8.0,2.951875,-2.4492935982947064e-16,1.0,14.333333333333334
San Diego,2019,1,17,8.025882352941176,13.0,0,19.0,16.0,4.298421052631579,0.49999999999999994,0.8660254037844387,17.333333333333332
San Diego,2019,2,13,3.5453846153846156,13.0,0,17.0,19.0,8.025882352941176,0.8660254037844386,0.5000000000000001,16.333333333333332
San Diego,2019,3,13,3.983076923076923,11.0,0,13.0,17.0,3.5453846153846156,1.0,6.123233995736766e-17,14.333333333333334
San Diego,2019,4,11,6.7763636363636355,13.0,0,13.0,13.0,3.983076923076923,0.8660254037844387,-0.49999999999999983,12.333333333333334
San Diego,2019,5,13,4.552307692307692,27.0,0,11.0,13.0,6.7763636363636355,0.49999999999999994,-0.8660254037844387,12.333333333333334
San Diego,2019,6,27,6.782592592592592,30.0,0,13.0,11.0,4.552307692307692,1.2246467991473532e-16,-1.0,17.0
San Diego,2019,7,30,4.949333333333333,43.0,0,27.0,13.0,6.782592592592592,-0.4999999999999998,-0.8660254037844388,23.333333333333332
San Diego,2019,8,43,11.073488372093022,17.0,0,30.0,27.0,4.949333333333333,-0.8660254037844384,-0.5000000000000004,33.333333333333336
San Diego,2019,9,17,2.3458823529411768,42.0,0,43.0,30.0,11.073488372093022,-1.0,-1.8369701987210297e-16,30.0
San Diego,2019,10,42,5.916428571428572,12.0,0,17.0,43.0,2.3458823529411768,-0.8660254037844386,0.5000000000000001,34.0
San Diego,2019,11,12,0.7391666666666666,13.0,0,42.0,17.0,5.916428571428572,-0.5000000000000004,0.8660254037844384,23.666666666666668
San Diego,2019,12,13,2.3861538461538463,21.0,0,12.0,42.0,0.7391666666666666,-2.4492935982947064e-16,1.0,22.333333333333332
San Diego,2020,1,21,4.387142857142857,36.0,0,13.0,12.0,2.3861538461538463,0.49999999999999994,0.8660254037844387,15.333333333333334
San Diego,2020,2,36,6.049444444444444,20.0,0,21.0,13.0,4.387142857142857,0.8660254037844386,0.5000000000000001,23.333333333333332
San Diego,2020,3,20,7.848999999999999,13.0,0,36.0,21.0,6.049444444444444,1.0,6.123233995736766e-17,25.666666666666668
San Diego,2020,4,13,0.3346153846153846,35.0,0,20.0,36.0,7.848999999999999,0.8660254037844387,-0.49999999999999983,23.0
San Diego,2020,5,35,13.853714285714286,174.0,1,13.0,20.0,0.3346153846153846,0.49999999999999994,-0.8660254037844387,22.666666666666668
San Diego,2020,6,174,10.765459770114942,24.0,0,35.0,13.0,13.853714285714286,1.2246467991473532e-16,-1.0,74.0
San Diego,2020,7,24,2.36875,22.0,0,174.0,35.0,10.765459770114942,-0.4999999999999998,-0.8660254037844388,77.66666666666667
San Diego,2020,8,22,8.756818181818183,204.0,1,24.0,174.0,2.36875,-0.8660254037844384,-0.5000000000000004,73.33333333333333
San Diego,2020,9,204,16.697598039215688,17.0,0,22.0,24.0,8.756818181818183,-1.0,-1.8369701987210297e-16,83.33333333333333
San Diego,2020,10,17,0.8094117647058824,13.0,0,204.0,22.0,16.697598039215688,-0.8660254037844386,0.5000000000000001,81.0
San Diego,2020,11,13,0.4499999999999999,43.0,0,17.0,204.0,0.8094117647058824,-0.5000000000000004,0.8660254037844384,78.0
San Joaquin,2015,3,24,3.0775,55.0,1,22.0,4.0,3.5745454545454547,1.0,6.123233995736766e-17,16.666666666666668
San Joaquin,2015,4,55,5.642545454545454,47.0,1,24.0,22.0,3.0775,0.8660254037844387,-0.49999999999999983,33.666666666666664
San Joaquin,2015,5,47,10.171702127659575,32.0,0,55.0,24.0,5.642545454545454,0.49999999999999994,-0.8660254037844387,42.0
San Joaquin,2015,6,32,4.839375,23.0,0,47.0,55.0,10.171702127659575,1.2246467991473532e-16,-1.0,44.666666666666664
San Joaquin,2015,7,23,6.560434782608695,13.0,0,32.0,47.0,4.839375,-0.4999999999999998,-0.8660254037844388,34.0
San Joaquin,2015,8,13,1.8576923076923075,11.0,0,23.0,32.0,6.560434782608695,-0.8660254037844384,-0.5000000000000004,22.666666666666668
San Joaquin,2015,9,11,0.8281818181818181,20.0,0,13.0,23.0,1.8576923076923075,-1.0,-1.8369701987210297e-16,15.666666666666666
San Joaquin,2015,10,20,3.375,26.0,0,11.0,13.0,0.8281818181818181,-0.8660254037844386,0.5000000000000001,14.666666666666666
San Joaquin,2015,11,26,3.5953846153846154,9.0,0,20.0,11.0,3.375,-0.5000000000000004,0.8660254037844384,19.0
San Joaquin,2015,12,9,5.257777777777778,4.0,0,26.0,20.0,3.5953846153846154,-2.4492935982947064e-16,1.0,18.333333333333332
San Joaquin,2016,1,4,1.8325,9.0,0,9.0,26.0,5.257777777777778,0.49999999999999994,0.8660254037844387,13.0
San Joaquin,2016,2,9,1.6711111111111112,19.0,0,4.0,9.0,1.8325,0.8660254037844386,0.5000000000000001,7.333333333333333
San Joaquin,2016,3,19,2.2699999999999996,18.0,0,9.0,4.0,1.6711111111111112,1.0,6.123233995736766e-17,10.666666666666666
San Joaquin,2016,4,18,2.6544444444444446,20.0,0,19.0,9.0,2.2699999999999996,0.8660254037844387,-0.49999999999999983,15.333333333333334
San Joaquin,2016,5,20,6.326,26.0,0,18.0,19.0,2.6544444444444446,0.49999999999999994,-0.8660254037844387,19.0
San Joaquin,2016,6,26,5.041153846153846,23.0,0,20.0,18.0,6.326,1.2246467991473532e-16,-1.0,21.333333333333332
San Joaquin,2016,7,23,3.659130434782608,16.0,0,26.0,20.0,5.041153846153846,-0.4999999999999998,-0.8660254037844388,23.0
San Joaquin,2016,8,16,1.845,10.0,0,23.0,26.0,3.659130434782608,-0.8660254037844384,-0.5000000000000004,21.666666666666668
San Joaquin,2016,9,10,1.234,35.0,0,16.0,23.0,1.845,-1.0,-1.8369701987210297e-16,16.333333333333332
San Joaquin,2016,10,35,3.1565714285714286,38.0,0,10.0,16.0,1.234,-0.8660254037844386,0.5000000000000001,20.333333333333332
San Joaquin,2016,11,38,4.682894736842106,12.0,0,35.0,10.0,3.1565714285714286,-0.5000000000000004,0.8660254037844384,27.666666666666668
San Joaquin,2016,12,12,4.503333333333333,6.0,0,38.0,35.0,4.682894736842106,-2.4492935982947064e-16,1.0,28.333333333333332
San Joaquin,2017,2,6,1.6716666666666669,26.0,0,12.0,38.0,4.503333333333333,0.8660254037844386,0.5000000000000001,18.666666666666668
San Joaquin,2017,3,26,4.5661538461538465,42.0,0,6.0,12.0,1.6716666666666669,1.0,6.123233995736766e-17,14.666666666666666
San Joaquin,2017,4,42,2.904047619047619,39.0,0,26.0,6.0,4.5661538461538465,0.8660254037844387,-0.49999999999999983,24.666666666666668
San Joaquin,2017,5,39,3.54051282051282,32.0,0,42.0,26.0,2.904047619047619,0.49999999999999994,-0.8660254037844387,35.666666666666664
San Joaquin,2017,6,32,4.5096875,39.0,0,39.0,42.0,3.54051282051282,1.2246467991473532e-16,-1.0,37.666666666666664
San Joaquin,2017,7,39,1.7835897435897436,39.0,0,32.0,39.0,4.5096875,-0.4999999999999998,-0.8660254037844388,36.666666666666664
San Joaquin,2017,8,39,2.516923076923077,53.0,1,39.0,32.0,1.7835897435897436,-0.8660254037844384,-0.5000000000000004,36.666666666666664
San Joaquin,2017,9,53,11.195094339622642,39.0,0,39.0,39.0,2.516923076923077,-1.0,-1.8369701987210297e-16,43.666666666666664
San Joaquin,2017,10,39,2.382820512820513,53.0,1,53.0,39.0,11.195094339622642,-0.8660254037844386,0.5000000000000001,43.666666666666664
San Joaquin,2017,11,53,4.57811320754717,41.0,0,39.0,53.0,2.382820512820513,-0.5000000000000004,0.8660254037844384,48.333333333333336
San Joaquin,2017,12,41,4.281219512195122,11.0,0,53.0,39.0,4.57811320754717,-2.4492935982947064e-16,1.0,44.333333333333336
San Joaquin,2018,1,11,3.988181818181818,58.0,1,41.0,53.0,4.281219512195122,0.49999999999999994,0.8660254037844387,35.0
San Joaquin,2018,2,58,4.158620689655173,26.0,0,11.0,41.0,3.988181818181818,0.8660254037844386,0.5000000000000001,36.666666666666664
San Joaquin,2018,3,26,4.497307692307692,34.0,0,58.0,11.0,4.158620689655173,1.0,6.123233995736766e-17,31.666666666666668
San Joaquin,2018,4,34,2.8241176470588236,34.0,0,26.0,58.0,4.497307692307692,0.8660254037844387,-0.49999999999999983,39.333333333333336
San Joaquin,2018,5,34,2.151764705882353,37.0,0,34.0,26.0,2.8241176470588236,0.49999999999999994,-0.8660254037844387,31.333333333333332
San Joaquin,2018,6,37,5.3108108108108105,17.0,0,34.0,34.0,2.151764705882353,1.2246467991473532e-16,-1.0,35.0
San Joaquin,2018,7,17,2.472352941176471,30.0,0,37.0,34.0,5.3108108108108105,-0.4999999999999998,-0.8660254037844388,29.333333333333332
San Joaquin,2018,8,30,4.183333333333334,27.0,0,17.0,37.0,2.472352941176471,-0.8660254037844384,-0.5000000000000004,28.0
San Joaquin,2018,9,27,1.9585185185185183,52.0,1,30.0,17.0,4.183333333333334,-1.0,-1.8369701987210297e-16,24.666666666666668
San Joaquin,2018,10,52,3.2688461538461535,16.0,0,27.0,30.0,1.9585185185185183,-0.8660254037844386,0.5000000000000001,36.333333333333336
San Joaquin,2018,11,16,2.97875,23.0,0,52.0,27.0,3.2688461538461535,-0.5000000000000004,0.8660254037844384,31.666666666666668
San Joaquin,2018,12,23,2.2778260869565217,16.0,0,16.0,52.0,2.97875,-2.4492935982947064e-16,1.0,30.333333333333332
San Joaquin,2019,1,16,3.2993750000000004,13.0,0,23.0,16.0,2.2778260869565217,0.49999999999999994,0.8660254037844387,18.333333333333332
San Joaquin,2019,2,13,5.1184615384615375,40.0,0,16.0,23.0,3.2993750000000004,0.8660254037844386,0.5000000000000001,17.333333333333332
San Joaquin,2019,3,40,2.7947499999999996,33.0,0,13.0,16.0,5.1184615384615375,1.0,6.123233995736766e-17,23.0
San Joaquin,2019,4,33,3.0336363636363637,34.0,0,40.0,13.0,2.7947499999999996,0.8660254037844387,-0.49999999999999983,28.666666666666668
San Joaquin,2019,5,34,2.333235294117647,40.0,0,33.0,40.0,3.0336363636363637,0.49999999999999994,-0.8660254037844387,35.666666666666664
San Joaquin,2019,6,40,3.65925,43.0,0,34.0,33.0,2.333235294117647,1.2246467991473532e-16,-1.0,35.666666666666664
San Joaquin,2019,7,43,4.703720930232558,59.0,1,40.0,34.0,3.65925,-0.4999999999999998,-0.8660254037844388,39.0
San Joaquin,2019,8,59,7.922033898305085,35.0,0,43.0,40.0,4.703720930232558,-0.8660254037844384,-0.5000000000000004,47.333333333333336
San Joaquin,2019,9,35,6.658,54.0,1,59.0,43.0,7.922033898305085,-1.0,-1.8369701987210297e-16,45.666666666666664
San Joaquin,2019,10,54,3.2081481481481484,81.0,1,35.0,59.0,6.658,-0.8660254037844386,0.5000000000000001,49.333333333333336
San Joaquin,2019,11,81,4.467407407407408,15.0,0,54.0,35.0,3.2081481481481484,-0.5000000000000004,0.8660254037844384,56.666666666666664
San Joaquin,2019,12,15,2.9299999999999997,7.0,0,81.0,54.0,4.467407407407408,-2.4492935982947064e-16,1.0,50.0
San Joaquin,2020,1,7,1.9385714285714288,71.0,1,15.0,81.0,2.9299999999999997,0.49999999999999994,0.8660254037844387,34.333333333333336
San Joaquin,2020,2,71,3.244225352112676,67.0,1,7.0,15.0,1.9385714285714288,0.8660254037844386,0.5000000000000001,31.0
San Joaquin,2020,3,67,4.520746268656716,54.0,1,71.0,7.0,3.244225352112676,1.0,6.123233995736766e-17,48.333333333333336
San Joaquin,2020,4,54,3.7,26.0,0,67.0,71.0,4.520746268656716,0.8660254037844387,-0.49999999999999983,64.0
San Joaquin,2020,5,26,2.590384615384615,37.0,0,54.0,67.0,3.7,0.49999999999999994,-0.8660254037844387,49.0
San Joaquin,2020,6,37,2.6524324324324327,33.0,0,26.0,54.0,2.590384615384615,1.2246467991473532e-16,-1.0,39.0
San Joaquin,2020,7,33,2.7515151515151515,778.0,1,37.0,26.0,2.6524324324324327,-0.4999999999999998,-0.8660254037844388,32.0
San Joaquin,2020,8,778,21.5260411311054,22.0,0,33.0,37.0,2.7515151515151515,-0.8660254037844384,-0.5000000000000004,282.6666666666667
San Joaquin,2020,9,22,1.4745454545454544,31.0,0,778.0,33.0,21.5260411311054,-1.0,-1.8369701987210297e-16,277.6666666666667
San Joaquin,2020,10,31,0.9532258064516128,77.0,1,22.0,778.0,1.4745454545454544,-0.8660254037844386,0.5000000000000001,277.0
San Joaquin,2020,11,77,2.647142857142857,32.0,0,31.0,22.0,0.9532258064516128,-0.5000000000000004,0.8660254037844384,43.333333333333336
San Luis Obispo,2015,3,6,2.89,4.0,0,12.0,10.0,8.784166666666666,1.0,6.123233995736766e-17,9.333333333333334
San Luis Obispo,2015,4,4,3.565,5.0,0,6.0,12.0,2.89,0.8660254037844387,-0.49999999999999983,7.333333333333333
San Luis Obispo,2015,5,5,4.7219999999999995,10.0,0,4.0,6.0,3.565,0.49999999999999994,-0.8660254037844387,5.0
San Luis Obispo,2015,6,10,1.092,9.0,0,5.0,4.0,4.7219999999999995,1.2246467991473532e-16,-1.0,6.333333333333333
San Luis Obispo,2015,7,9,12.88888888888889,106.0,1,10.0,5.0,1.092,-0.4999999999999998,-0.8660254037844388,8.0
San Luis Obispo,2015,8,106,9.588867924528302,2.0,0,9.0,10.0,12.88888888888889,-0.8660254037844384,-0.5000000000000004,41.666666666666664
San Luis Obispo,2015,9,2,5.73,15.0,0,106.0,9.0,9.588867924528302,-1.0,-1.8369701987210297e-16,39.0
San Luis Obispo,2015,11,15,70.48266666666667,9.0,0,2.0,106.0,5.73,-0.5000000000000004,0.8660254037844384,41.0
San Luis Obispo,2015,12,9,4.581111111111111,2.0,0,15.0,2.0,70.48266666666667,-2.4492935982947064e-16,1.0,8.666666666666666
San Luis Obispo,2016,1,2,0.795,13.0,0,9.0,15.0,4.581111111111111,0.49999999999999994,0.8660254037844387,8.666666666666666
San Luis Obispo,2016,2,13,4.8730769230769235,7.0,0,2.0,9.0,0.795,0.8660254037844386,0.5000000000000001,8.0
San Luis Obispo,2016,3,7,12.05714285714286,8.0,0,13.0,2.0,4.8730769230769235,1.0,6.123233995736766e-17,7.333333333333333
San Luis Obispo,2016,4,8,10.16625,24.0,0,7.0,13.0,12.05714285714286,0.8660254037844387,-0.49999999999999983,9.333333333333334
San Luis Obispo,2016,5,24,2.53875,2.0,0,8.0,7.0,10.16625,0.49999999999999994,-0.8660254037844387,13.0
San Luis Obispo,2016,7,2,1.285,1514.0,1,24.0,8.0,2.53875,-0.4999999999999998,-0.8660254037844388,11.333333333333334
San Luis Obispo,2016,8,1514,31.390838837516515,1.0,0,2.0,24.0,1.285,-0.8660254037844384,-0.5000000000000004,513.3333333333334
San Luis Obispo,2016,9,1,1.89,4.0,0,1514.0,2.0,31.390838837516515,-1.0,-1.8369701987210297e-16,505.6666666666667
San Luis Obispo,2016,10,4,10.655,7.0,0,1.0,1514.0,1.89,-0.8660254037844386,0.5000000000000001,506.3333333333333
San Luis Obispo,2016,11,7,5.748571428571429,2.0,0,4.0,1.0,10.655,-0.5000000000000004,0.8660254037844384,4.0
San Luis Obispo,2016,12,2,5.3100000000000005,1.0,0,7.0,4.0,5.748571428571429,-2.4492935982947064e-16,1.0,4.333333333333333
San Luis Obispo,2017,1,1,0.89,5.0,0,2.0,7.0,5.3100000000000005,0.49999999999999994,0.8660254037844387,3.3333333333333335
San Luis Obispo,2017,2,5,4.412,17.0,0,1.0,2.0,0.89,0.8660254037844386,0.5000000000000001,2.6666666666666665
San Luis Obispo,2017,3,17,3.673529411764706,3.0,0,5.0,1.0,4.412,1.0,6.123233995736766e-17,7.666666666666667
San Luis Obispo,2017,4,3,3.6833333333333336,17.0,0,17.0,5.0,3.673529411764706,0.8660254037844387,-0.49999999999999983,8.333333333333334
San Luis Obispo,2017,5,17,22.308823529411764,25.0,0,3.0,17.0,3.6833333333333336,0.49999999999999994,-0.8660254037844387,12.333333333333334
San Luis Obispo,2017,6,25,1.3952,151.0,1,17.0,3.0,22.308823529411764,1.2246467991473532e-16,-1.0,15.0
San Luis Obispo,2017,7,151,26.69165562913907,2.0,0,25.0,17.0,1.3952,-0.4999999999999998,-0.8660254037844388,64.33333333333333
San Luis Obispo,2017,8,2,0.805,7.0,0,151.0,25.0,26.69165562913907,-0.8660254037844384,-0.5000000000000004,59.333333333333336
San Luis Obispo,2017,9,7,55.95714285714286,11.0,0,2.0,151.0,0.805,-1.0,-1.8369701987210297e-16,53.333333333333336
San Luis Obispo,2017,10,11,14.694545454545455,90.0,1,7.0,2.0,55.95714285714286,-0.8660254037844386,0.5000000000000001,6.666666666666667
San Luis Obispo,2017,11,90,32.465444444444444,6.0,0,11.0,7.0,14.694545454545455,-0.5000000000000004,0.8660254037844384,36.0
San Luis Obispo,2017,12,6,0.84,11.0,0,90.0,11.0,32.465444444444444,-2.4492935982947064e-16,1.0,35.666666666666664
San Luis Obispo,2018,1,11,7.72,25.0,0,6.0,90.0,0.84,0.49999999999999994,0.8660254037844387,35.666666666666664
San Luis Obispo,2018,2,25,6.893199999999999,6.0,0,11.0,6.0,7.72,0.8660254037844386,0.5000000000000001,14.0
San Luis Obispo,2018,3,6,4.631666666666667,11.0,0,25.0,11.0,6.893199999999999,1.0,6.123233995736766e-17,14.0
San Luis Obispo,2018,4,11,3.88,5.0,0,6.0,25.0,4.631666666666667,0.8660254037844387,-0.49999999999999983,14.0
San Luis Obispo,2018,5,5,2.602,14.0,0,11.0,6.0,3.88,0.49999999999999994,-0.8660254037844387,7.333333333333333
San Luis Obispo,2018,6,14,6.1899999999999995,9.0,0,5.0,11.0,2.602,1.2246467991473532e-16,-1.0,10.0
San Luis Obispo,2018,8,9,63.77666666666667,2.0,0,14.0,5.0,6.1899999999999995,-0.8660254037844384,-0.5000000000000004,9.333333333333334
San Luis Obispo,2018,9,2,5.415,6.0,0,9.0,14.0,63.77666666666667,-1.0,-1.8369701987210297e-16,8.333333333333334
San Luis Obispo,2018,10,6,53.06,91.0,1,2.0,9.0,5.415,-0.8660254037844386,0.5000000000000001,5.666666666666667
San Luis Obispo,2018,11,91,25.38879120879121,3.0,0,6.0,2.0,53.06,-0.5000000000000004,0.8660254037844384,33.0
San Luis Obispo,2018,12,3,6.136666666666667,7.0,0,91.0,6.0,25.38879120879121,-2.4492935982947064e-16,1.0,33.333333333333336
San Luis Obispo,2019,1,7,5.799999999999999,3.0,0,3.0,91.0,6.136666666666667,0.49999999999999994,0.8660254037844387,33.666666666666664
San Luis Obispo,2019,3,3,1.9733333333333336,16.0,0,7.0,3.0,5.799999999999999,1.0,6.123233995736766e-17,4.333333333333333
San Luis Obispo,2019,4,16,6.20125,2.0,0,3.0,7.0,1.9733333333333336,0.8660254037844387,-0.49999999999999983,8.666666666666666
San Luis Obispo,2019,5,2,3.545,20.0,0,16.0,3.0,6.20125,0.49999999999999994,-0.8660254037844387,7.0
San Luis Obispo,2019,6,20,54.705499999999994,1.0,0,2.0,16.0,3.545,1.2246467991473532e-16,-1.0,12.666666666666666
San Luis Obispo,2019,7,1,1.86,2.0,0,20.0,2.0,54.705499999999994,-0.4999999999999998,-0.8660254037844388,7.666666666666667
San Luis Obispo,2019,8,2,6.1899999999999995,3.0,0,1.0,20.0,1.86,-0.8660254037844384,-0.5000000000000004,7.666666666666667
San Luis Obispo,2019,9,3,0.6433333333333334,7.0,0,2.0,1.0,6.1899999999999995,-1.0,-1.8369701987210297e-16,2.0
San Luis Obispo,2019,10,7,1.804285714285714,51.0,1,3.0,2.0,0.6433333333333334,-0.8660254037844386,0.5000000000000001,4.0
San Luis Obispo,2019,11,51,11.256078431372549,14.0,0,7.0,3.0,1.804285714285714,-0.5000000000000004,0.8660254037844384,20.333333333333332
San Luis Obispo,2019,12,14,5.239285714285714,44.0,0,51.0,7.0,11.256078431372549,-2.4492935982947064e-16,1.0,24.0
San Luis Obispo,2020,1,44,5.357954545454546,21.0,0,14.0,51.0,5.239285714285714,0.49999999999999994,0.8660254037844387,36.333333333333336
San Luis Obispo,2020,2,21,6.483333333333333,24.0,0,44.0,14.0,5.357954545454546,0.8660254037844386,0.5000000000000001,26.333333333333332
San Luis Obispo,2020,3,24,9.71625,12.0,0,21.0,44.0,6.483333333333333,1.0,6.123233995736766e-17,29.666666666666668
San Luis Obispo,2020,4,12,2.9891666666666663,5.0,0,24.0,21.0,9.71625,0.8660254037844387,-0.49999999999999983,19.0
San Luis Obispo,2020,5,5,3.258,58.0,1,12.0,24.0,2.9891666666666663,0.49999999999999994,-0.8660254037844387,13.666666666666666
San Luis Obispo,2020,6,58,22.97396551724138,21.0,0,5.0,12.0,3.258,1.2246467991473532e-16,-1.0,25.0
San Luis Obispo,2020,7,21,25.789047619047626,55.0,1,58.0,5.0,22.97396551724138,-0.4999999999999998,-0.8660254037844388,28.0
San Luis Obispo,2020,8,55,3.831636363636364,2.0,0,21.0,58.0,25.789047619047626,-0.8660254037844384,-0.5000000000000004,44.666666666666664
San Luis Obispo,2020,9,2,12.5,72.0,1,55.0,21.0,3.831636363636364,-1.0,-1.8369701987210297e-16,26.0
San Luis Obispo,2020,11,72,158.92347222222222,4.0,0,2.0,55.0,12.5,-0.5000000000000004,0.8660254037844384,43.0
San Mateo,2015,11,2,4.475,3.0,0,1.0,2.0,3.8,-0.5000000000000004,0.8660254037844384,1.6666666666666667
San Mateo,2017,3,3,0.6266666666666666,2.0,0,2.0,1.0,4.475,1.0,6.123233995736766e-17,2.0
San Mateo,2017,4,2,0.375,4.0,0,3.0,2.0,0.6266666666666666,0.8660254037844387,-0.49999999999999983,2.3333333333333335
San Mateo,2017,9,4,0.985,2.0,0,2.0,3.0,0.375,-1.0,-1.8369701987210297e-16,3.0
San Mateo,2017,10,2,0.325,7.0,0,4.0,2.0,0.985,-0.8660254037844386,0.5000000000000001,2.6666666666666665
San Mateo,2017,11,7,4.142857142857143,3.0,0,2.0,4.0,0.325,-0.5000000000000004,0.8660254037844384,4.333333333333333
San Mateo,2017,12,3,0.28,1.0,0,7.0,2.0,4.142857142857143,-2.4492935982947064e-16,1.0,4.0
San Mateo,2018,2,1,0.59,2.0,0,3.0,7.0,0.28,0.8660254037844386,0.5000000000000001,3.6666666666666665
San Mateo,2018,3,2,1.215,1.0,0,1.0,3.0,0.59,1.0,6.123233995736766e-17,2.0
San Mateo,2018,4,1,0.5,4.0,0,2.0,1.0,1.215,0.8660254037844387,-0.49999999999999983,1.3333333333333333
San Mateo,2018,5,4,3.65,2.0,0,1.0,2.0,0.5,0.49999999999999994,-0.8660254037844387,2.3333333333333335
San Mateo,2018,6,2,3.84,2.0,0,4.0,1.0,3.65,1.2246467991473532e-16,-1.0,2.3333333333333335
San Mateo,2018,8,2,1.13,5.0,0,2.0,4.0,3.84,-0.8660254037844384,-0.5000000000000004,2.6666666666666665
San Mateo,2018,9,5,1.604,3.0,0,2.0,2.0,1.13,-1.0,-1.8369701987210297e-16,3.0
San Mateo,2018,10,3,0.3466666666666667,2.0,0,5.0,2.0,1.604,-0.8660254037844386,0.5000000000000001,3.3333333333333335
San Mateo,2018,11,2,0.3,2.0,0,3.0,5.0,0.3466666666666667,-0.5000000000000004,0.8660254037844384,3.3333333333333335
San Mateo,2019,9,2,1.825,1.0,0,2.0,3.0,0.3,-1.0,-1.8369701987210297e-16,2.3333333333333335
San Mateo,2019,10,1,0.55,1.0,0,2.0,2.0,1.825,-0.8660254037844386,0.5000000000000001,1.6666666666666667
San Mateo,2020,2,1,0.49,827.0,1,1.0,2.0,0.55,0.8660254037844386,0.5000000000000001,1.3333333333333333
San Mateo,2020,8,827,13.211753325272069,3.0,0,1.0,1.0,0.49,-0.8660254037844384,-0.5000000000000004,276.3333333333333
San Mateo,2020,9,3,2.5933333333333333,3.0,0,827.0,1.0,13.211753325272069,-1.0,-1.8369701987210297e-16,277.0
San Mateo,2020,10,3,2.9933333333333336,2.0,0,3.0,827.0,2.5933333333333333,-0.8660254037844386,0.5000000000000001,277.6666666666667
Santa Barbara,2015,3,4,0.6174999999999999,3.0,0,12.0,1.0,2.075833333333333,1.0,6.123233995736766e-17,5.666666666666667
Santa Barbara,2015,4,3,0.4166666666666667,3.0,0,4.0,12.0,0.6174999999999999,0.8660254037844387,-0.49999999999999983,6.333333333333333
Santa Barbara,2015,5,3,0.4666666666666666,33.0,0,3.0,4.0,0.4166666666666667,0.49999999999999994,-0.8660254037844387,3.3333333333333335
Santa Barbara,2015,6,33,64.8769696969697,9.0,0,3.0,3.0,0.4666666666666666,1.2246467991473532e-16,-1.0,13.0
Santa Barbara,2015,7,9,31.98222222222222,6.0,0,33.0,3.0,64.8769696969697,-0.4999999999999998,-0.8660254037844388,15.0
Santa Barbara,2015,8,6,13.221666666666666,2.0,0,9.0,33.0,31.98222222222222,-0.8660254037844384,-0.5000000000000004,16.0
Santa Barbara,2015,9,2,5.29,1.0,0,6.0,9.0,13.221666666666666,-1.0,-1.8369701987210297e-16,5.666666666666667
Santa Barbara,2015,10,1,3.51,3.0,0,2.0,6.0,5.29,-0.8660254037844386,0.5000000000000001,3.0
Santa Barbara,2015,11,3,10.473333333333334,3.0,0,1.0,2.0,3.51,-0.5000000000000004,0.8660254037844384,2.0
Santa Barbara,2016,1,3,2.9233333333333333,2.0,0,3.0,1.0,10.473333333333334,0.49999999999999994,0.8660254037844387,2.3333333333333335
Santa Barbara,2016,2,2,1.3,1.0,0,3.0,3.0,2.9233333333333333,0.8660254037844386,0.5000000000000001,2.6666666666666665
Santa Barbara,2016,3,1,2.27,3.0,0,2.0,3.0,1.3,1.0,6.123233995736766e-17,2.0
Santa Barbara,2016,4,3,9.896666666666668,3.0,0,1.0,2.0,2.27,0.8660254037844387,-0.49999999999999983,2.0
Santa Barbara,2016,5,3,12.433333333333332,283.0,1,3.0,1.0,9.896666666666668,0.49999999999999994,-0.8660254037844387,2.3333333333333335
Santa Barbara,2016,6,283,19.020176678445228,12.0,0,3.0,3.0,12.433333333333332,1.2246467991473532e-16,-1.0,96.33333333333333
Santa Barbara,2016,7,12,38.745,714.0,1,283.0,3.0,19.020176678445228,-0.4999999999999998,-0.8660254037844388,99.33333333333333
Santa Barbara,2016,8,714,43.31204481792717,438.0,1,12.0,283.0,38.745,-0.8660254037844384,-0.5000000000000004,336.3333333333333
Santa Barbara,2016,9,438,33.980593607305934,4.0,0,714.0,12.0,43.31204481792717,-1.0,-1.8369701987210297e-16,388.0
Santa Barbara,2016,11,4,7.17,2.0,0,438.0,714.0,33.980593607305934,-0.5000000000000004,0.8660254037844384,385.3333333333333
Santa Barbara,2017,1,2,3.61,1.0,0,4.0,438.0,7.17,0.49999999999999994,0.8660254037844387,148.0
Santa Barbara,2017,2,1,3.92,4.0,0,2.0,4.0,3.61,0.8660254037844386,0.5000000000000001,2.3333333333333335
Santa Barbara,2017,3,4,2.415,3.0,0,1.0,2.0,3.92,1.0,6.123233995736766e-17,2.3333333333333335
Santa Barbara,2017,4,3,20.226666666666667,10.0,0,4.0,1.0,2.415,0.8660254037844387,-0.49999999999999983,2.6666666666666665
Santa Barbara,2017,5,10,20.761,10.0,0,3.0,4.0,20.226666666666667,0.49999999999999994,-0.8660254037844387,5.666666666666667
Santa Barbara,2017,6,10,33.25,1893.0,1,10.0,3.0,20.761,1.2246467991473532e-16,-1.0,7.666666666666667
Santa Barbara,2017,7,1893,33.66659799260433,4.0,0,10.0,10.0,33.25,-0.4999999999999998,-0.8660254037844388,637.6666666666666
Santa Barbara,2017,8,4,7.725,8.0,0,1893.0,10.0,33.66659799260433,-0.8660254037844384,-0.5000000000000004,635.6666666666666
Santa Barbara,2017,9,8,41.01875,4.0,0,4.0,1893.0,7.725,-1.0,-1.8369701987210297e-16,635.0
Santa Barbara,2017,10,4,12.0575,9.0,0,8.0,4.0,41.01875,-0.8660254037844386,0.5000000000000001,5.333333333333333
Santa Barbara,2017,11,9,9.957777777777778,1778.0,1,4.0,8.0,12.0575,-0.5000000000000004,0.8660254037844384,7.0
Santa Barbara,2017,12,1778,38.36821147356581,1.0,0,9.0,4.0,9.957777777777778,-2.4492935982947064e-16,1.0,597.0
Santa Barbara,2018,1,1,2.47,2.0,0,1778.0,9.0,38.36821147356581,0.49999999999999994,0.8660254037844387,596.0
Santa Barbara,2018,2,2,4.425,27.0,0,1.0,1778.0,2.47,0.8660254037844386,0.5000000000000001,593.6666666666666
Santa Barbara,2018,3,27,10.158888888888889,2.0,0,2.0,1.0,4.425,1.0,6.123233995736766e-17,10.0
Santa Barbara,2018,5,2,7.345,9.0,0,27.0,2.0,10.158888888888889,0.49999999999999994,-0.8660254037844387,10.333333333333334
Santa Barbara,2018,6,9,14.685555555555558,15.0,0,2.0,27.0,7.345,1.2246467991473532e-16,-1.0,12.666666666666666
Santa Barbara,2018,7,15,10.059333333333331,4.0,0,9.0,2.0,14.685555555555558,-0.4999999999999998,-0.8660254037844388,8.666666666666666
Santa Barbara,2018,8,4,34.5875,2.0,0,15.0,9.0,10.059333333333331,-0.8660254037844384,-0.5000000000000004,9.333333333333334
Santa Barbara,2018,9,2,3.3,2.0,0,4.0,15.0,34.5875,-1.0,-1.8369701987210297e-16,7.0
Santa Barbara,2018,10,2,0.5800000000000001,14.0,0,2.0,4.0,3.3,-0.8660254037844386,0.5000000000000001,2.6666666666666665
Santa Barbara,2018,11,14,53.04928571428571,4.0,0,2.0,2.0,0.5800000000000001,-0.5000000000000004,0.8660254037844384,6.0
Santa Barbara,2018,12,4,5.4825,6.0,0,14.0,2.0,53.04928571428571,-2.4492935982947064e-16,1.0,6.666666666666667
Santa Barbara,2019,1,6,2.885,3.0,0,4.0,14.0,5.4825,0.49999999999999994,0.8660254037844387,8.0
Santa Barbara,2019,2,3,2.6833333333333336,2.0,0,6.0,4.0,2.885,0.8660254037844386,0.5000000000000001,4.333333333333333
Santa Barbara,2019,4,2,2.94,10.0,0,3.0,6.0,2.6833333333333336,0.8660254037844387,-0.49999999999999983,3.6666666666666665
Santa Barbara,2019,6,10,15.339,19.0,0,2.0,3.0,2.94,1.2246467991473532e-16,-1.0,5.0
Santa Barbara,2019,7,19,12.687894736842106,4.0,0,10.0,2.0,15.339,-0.4999999999999998,-0.8660254037844388,10.333333333333334
Santa Barbara,2019,9,4,2.5125,1.0,0,19.0,10.0,12.687894736842106,-1.0,-1.8369701987210297e-16,11.0
Santa Barbara,2019,10,1,0.6,130.0,1,4.0,19.0,2.5125,-0.8660254037844386,0.5000000000000001,8.0
Santa Barbara,2019,11,130,22.265384615384615,2.0,0,1.0,4.0,0.6,-0.5000000000000004,0.8660254037844384,45.0
Santa Barbara,2019,12,2,4.51,11.0,0,130.0,1.0,22.265384615384615,-2.4492935982947064e-16,1.0,44.333333333333336
Santa Barbara,2020,1,11,3.2018181818181817,8.0,0,2.0,130.0,4.51,0.49999999999999994,0.8660254037844387,47.666666666666664
Santa Barbara,2020,2,8,4.26625,2.0,0,11.0,2.0,3.2018181818181817,0.8660254037844386,0.5000000000000001,7.0
Santa Barbara,2020,3,2,1.845,1.0,0,8.0,11.0,4.26625,1.0,6.123233995736766e-17,7.0
Santa Barbara,2020,4,1,3.08,6.0,0,2.0,8.0,1.845,0.8660254037844387,-0.49999999999999983,3.6666666666666665
Santa Barbara,2020,5,6,11.886666666666663,21.0,0,1.0,2.0,3.08,0.49999999999999994,-0.8660254037844387,3.0
Santa Barbara,2020,6,21,35.98095238095238,12.0,0,6.0,1.0,11.886666666666663,1.2246467991473532e-16,-1.0,9.333333333333334
Santa Barbara,2020,7,12,20.8175,6.0,0,21.0,6.0,35.98095238095238,-0.4999999999999998,-0.8660254037844388,13.0
Santa Barbara,2020,8,6,7.315,3.0,0,12.0,21.0,20.8175,-0.8660254037844384,-0.5000000000000004,13.0
Santa Barbara,2020,9,3,17.49,3.0,0,6.0,12.0,7.315,-1.0,-1.8369701987210297e-16,7.0
Santa Barbara,2020,10,3,13.073333333333332,18.0,0,3.0,6.0,17.49,-0.8660254037844386,0.5000000000000001,4.0
Santa Clara,2015,3,28,0.6285714285714287,27.0,0,22.0,26.0,0.6131818181818182,1.0,6.123233995736766e-17,25.333333333333332
Santa Clara,2015,4,27,0.6340740740740741,12.0,0,28.0,22.0,0.6285714285714287,0.8660254037844387,-0.49999999999999983,25.666666666666668
Santa Clara,2015,5,12,1.0141666666666669,48.0,1,27.0,28.0,0.6340740740740741,0.49999999999999994,-0.8660254037844387,22.333333333333332
Santa Clara,2015,6,48,2.136041666666667,38.0,0,12.0,27.0,1.0141666666666669,1.2246467991473532e-16,-1.0,29.0
Santa Clara,2015,7,38,0.8676315789473684,38.0,0,48.0,12.0,2.136041666666667,-0.4999999999999998,-0.8660254037844388,32.666666666666664
Santa Clara,2015,8,38,2.091842105263158,31.0,0,38.0,48.0,0.8676315789473684,-0.8660254037844384,-0.5000000000000004,41.333333333333336
Santa Clara,2015,9,31,0.6654838709677419,35.0,0,38.0,38.0,2.091842105263158,-1.0,-1.8369701987210297e-16,35.666666666666664
Santa Clara,2015,10,35,0.8331428571428572,48.0,1,31.0,38.0,0.6654838709677419,-0.8660254037844386,0.5000000000000001,34.666666666666664
Santa Clara,2015,11,48,1.0297916666666669,16.0,0,35.0,31.0,0.8331428571428572,-0.5000000000000004,0.8660254037844384,38.0
Santa Clara,2015,12,16,0.601875,6.0,0,48.0,35.0,1.0297916666666669,-2.4492935982947064e-16,1.0,33.0
Santa Clara,2016,1,6,0.8816666666666667,26.0,0,16.0,48.0,0.601875,0.49999999999999994,0.8660254037844387,23.333333333333332
Santa Clara,2016,2,26,0.6738461538461539,20.0,0,6.0,16.0,0.8816666666666667,0.8660254037844386,0.5000000000000001,16.0
Santa Clara,2016,3,20,0.776,30.0,0,26.0,6.0,0.6738461538461539,1.0,6.123233995736766e-17,17.333333333333332
Santa Clara,2016,4,30,0.7633333333333333,29.0,0,20.0,26.0,0.776,0.8660254037844387,-0.49999999999999983,25.333333333333332
Santa Clara,2016,5,29,0.7606896551724137,65.0,1,30.0,20.0,0.7633333333333333,0.49999999999999994,-0.8660254037844387,26.333333333333332
Santa Clara,2016,6,65,1.401846153846154,58.0,1,29.0,30.0,0.7606896551724137,1.2246467991473532e-16,-1.0,41.333333333333336
Santa Clara,2016,7,58,0.7351724137931035,38.0,0,65.0,29.0,1.401846153846154,-0.4999999999999998,-0.8660254037844388,50.666666666666664
Santa Clara,2016,8,38,0.751578947368421,255.0,1,58.0,65.0,0.7351724137931035,-0.8660254037844384,-0.5000000000000004,53.666666666666664
Santa Clara,2016,9,255,18.972392156862742,30.0,0,38.0,58.0,0.751578947368421,-1.0,-1.8369701987210297e-16,117.0
Santa Clara,2016,10,30,0.661,36.0,0,255.0,38.0,18.972392156862742,-0.8660254037844386,0.5000000000000001,107.66666666666667
Santa Clara,2016,11,36,0.7394444444444445,17.0,0,30.0,255.0,0.661,-0.5000000000000004,0.8660254037844384,107.0
Santa Clara,2016,12,17,0.9588235294117649,14.0,0,36.0,30.0,0.7394444444444445,-2.4492935982947064e-16,1.0,27.666666666666668
Santa Clara,2017,1,14,0.6071428571428571,9.0,0,17.0,36.0,0.9588235294117649,0.49999999999999994,0.8660254037844387,22.333333333333332
Santa Clara,2017,2,9,0.6622222222222223,16.0,0,14.0,17.0,0.6071428571428571,0.8660254037844386,0.5000000000000001,13.333333333333334
Santa Clara,2017,3,16,0.635,23.0,0,9.0,14.0,0.6622222222222223,1.0,6.123233995736766e-17,13.0
Santa Clara,2017,4,23,1.2478260869565216,55.0,1,16.0,9.0,0.635,0.8660254037844387,-0.49999999999999983,16.0
Santa Clara,2017,5,55,0.9590909090909092,48.0,1,23.0,16.0,1.2478260869565216,0.49999999999999994,-0.8660254037844387,31.333333333333332
Santa Clara,2017,6,48,1.5016666666666667,57.0,1,55.0,23.0,0.9590909090909092,1.2246467991473532e-16,-1.0,42.0
Santa Clara,2017,7,57,0.7275438596491228,45.0,0,48.0,55.0,1.5016666666666667,-0.4999999999999998,-0.8660254037844388,53.333333333333336
Santa Clara,2017,8,45,0.8657777777777778,45.0,0,57.0,48.0,0.7275438596491228,-0.8660254037844384,-0.5000000000000004,50.0
Santa Clara,2017,9,45,0.8833333333333333,48.0,1,45.0,57.0,0.8657777777777778,-1.0,-1.8369701987210297e-16,49.0
Santa Clara,2017,10,48,0.5695833333333333,21.0,0,45.0,45.0,0.8833333333333333,-0.8660254037844386,0.5000000000000001,46.0
Santa Clara,2017,11,21,1.316190476190476,25.0,0,48.0,45.0,0.5695833333333333,-0.5000000000000004,0.8660254037844384,38.0
Santa Clara,2017,12,25,0.792,11.0,0,21.0,48.0,1.316190476190476,-2.4492935982947064e-16,1.0,31.333333333333332
Santa Clara,2018,1,11,0.6409090909090909,39.0,0,25.0,21.0,0.792,0.49999999999999994,0.8660254037844387,19.0
Santa Clara,2018,2,39,0.7861538461538462,27.0,0,11.0,25.0,0.6409090909090909,0.8660254037844386,0.5000000000000001,25.0
Santa Clara,2018,3,27,0.617037037037037,31.0,0,39.0,11.0,0.7861538461538462,1.0,6.123233995736766e-17,25.666666666666668
Santa Clara,2018,4,31,1.3816129032258064,30.0,0,27.0,39.0,0.617037037037037,0.8660254037844387,-0.49999999999999983,32.333333333333336
Santa Clara,2018,5,30,0.8556666666666667,60.0,1,31.0,27.0,1.3816129032258064,0.49999999999999994,-0.8660254037844387,29.333333333333332
Santa Clara,2018,6,60,3.126833333333334,59.0,1,30.0,31.0,0.8556666666666667,1.2246467991473532e-16,-1.0,40.333333333333336
Santa Clara,2018,7,59,5.480338983050848,32.0,0,60.0,30.0,3.126833333333334,-0.4999999999999998,-0.8660254037844388,49.666666666666664
Santa Clara,2018,8,32,0.630625,53.0,1,59.0,60.0,5.480338983050848,-0.8660254037844384,-0.5000000000000004,50.333333333333336
Santa Clara,2018,9,53,0.5911320754716981,50.0,1,32.0,59.0,0.630625,-1.0,-1.8369701987210297e-16,48.0
Santa Clara,2018,10,50,1.2772,31.0,0,53.0,32.0,0.5911320754716981,-0.8660254037844386,0.5000000000000001,45.0
Santa Clara,2018,11,31,0.844516129032258,16.0,0,50.0,53.0,1.2772,-0.5000000000000004,0.8660254037844384,44.666666666666664
Santa Clara,2018,12,16,0.899375,11.0,0,31.0,50.0,0.844516129032258,-2.4492935982947064e-16,1.0,32.333333333333336
Santa Clara,2019,1,11,1.3318181818181818,6.0,0,16.0,31.0,0.899375,0.49999999999999994,0.8660254037844387,19.333333333333332
Santa Clara,2019,2,6,0.5916666666666667,23.0,0,11.0,16.0,1.3318181818181818,0.8660254037844386,0.5000000000000001,11.0
Santa Clara,2019,3,23,0.8873913043478261,24.0,0,6.0,11.0,0.5916666666666667,1.0,6.123233995736766e-17,13.333333333333334
Santa Clara,2019,4,24,0.5691666666666667,20.0,0,23.0,6.0,0.8873913043478261,0.8660254037844387,-0.49999999999999983,17.666666666666668
Santa Clara,2019,5,20,0.7855000000000001,37.0,0,24.0,23.0,0.5691666666666667,0.49999999999999994,-0.8660254037844387,22.333333333333332
Santa Clara,2019,6,37,0.7664864864864864,67.0,1,20.0,24.0,0.7855000000000001,1.2246467991473532e-16,-1.0,27.0
Santa Clara,2019,7,67,1.3782089552238803,55.0,1,37.0,20.0,0.7664864864864864,-0.4999999999999998,-0.8660254037844388,41.333333333333336
Santa Clara,2019,8,55,0.836,55.0,1,67.0,37.0,1.3782089552238803,-0.8660254037844384,-0.5000000000000004,53.0
Santa Clara,2019,9,55,0.8674545454545455,50.0,1,55.0,67.0,0.836,-1.0,-1.8369701987210297e-16,59.0
Santa Clara,2019,10,50,0.6372,31.0,0,55.0,55.0,0.8674545454545455,-0.8660254037844386,0.5000000000000001,53.333333333333336
Santa Clara,2019,11,31,0.6648387096774193,6.0,0,50.0,55.0,0.6372,-0.5000000000000004,0.8660254037844384,45.333333333333336
Santa Clara,2019,12,6,0.725,12.0,0,31.0,50.0,0.6648387096774193,-2.4492935982947064e-16,1.0,29.0
Santa Clara,2020,1,12,0.7016666666666667,30.0,0,6.0,31.0,0.725,0.49999999999999994,0.8660254037844387,16.333333333333332
Santa Clara,2020,2,30,0.7186666666666667,24.0,0,12.0,6.0,0.7016666666666667,0.8660254037844386,0.5000000000000001,16.0
Santa Clara,2020,3,24,0.7179166666666666,33.0,0,30.0,12.0,0.7186666666666667,1.0,6.123233995736766e-17,22.0
Santa Clara,2020,4,33,0.6318181818181818,37.0,0,24.0,30.0,0.7179166666666666,0.8660254037844387,-0.49999999999999983,29.0
Santa Clara,2020,5,37,1.0497297297297297,38.0,0,33.0,24.0,0.6318181818181818,0.49999999999999994,-0.8660254037844387,31.333333333333332
Santa Clara,2020,6,38,0.7963157894736842,180.0,1,37.0,33.0,1.0497297297297297,1.2246467991473532e-16,-1.0,36.0
Santa Clara,2020,7,180,3.899277777777778,4810.0,1,38.0,37.0,0.7963157894736842,-0.4999999999999998,-0.8660254037844388,85.0
Santa Clara,2020,8,4810,25.19150311850312,57.0,1,180.0,38.0,3.899277777777778,-0.8660254037844384,-0.5000000000000004,1676.0
Santa Clara,2020,9,57,2.773684210526316,33.0,0,4810.0,180.0,25.19150311850312,-1.0,-1.8369701987210297e-16,1682.3333333333333
Santa Clara,2020,10,33,0.5812121212121212,31.0,0,57.0,4810.0,2.773684210526316,-0.8660254037844386,0.5000000000000001,1633.3333333333333
Santa Clara,2020,11,31,0.7051612903225807,22.0,0,33.0,57.0,0.5812121212121212,-0.5000000000000004,0.8660254037844384,40.333333333333336
Santa Cruz,2015,6,1,3.03,1.0,0,1.0,2.0,2.42,1.2246467991473532e-16,-1.0,1.3333333333333333
Santa Cruz,2015,7,1,6.08,1.0,0,1.0,1.0,3.03,-0.4999999999999998,-0.8660254037844388,1.0
Santa Cruz,2015,9,1,1.22,1.0,0,1.0,1.0,6.08,-1.0,-1.8369701987210297e-16,1.0
Santa Cruz,2015,10,1,5.06,1.0,0,1.0,1.0,1.22,-0.8660254037844386,0.5000000000000001,1.0
Santa Cruz,2016,3,1,3.15,2.0,0,1.0,1.0,5.06,1.0,6.123233995736766e-17,1.0
Santa Cruz,2016,5,2,4.41,1.0,0,1.0,1.0,3.15,0.49999999999999994,-0.8660254037844387,1.3333333333333333
Santa Cruz,2016,7,1,3.69,3.0,0,2.0,1.0,4.41,-0.4999999999999998,-0.8660254037844388,1.3333333333333333
Santa Cruz,2016,9,3,2.4566666666666666,1.0,0,1.0,2.0,3.69,-1.0,-1.8369701987210297e-16,2.0
Santa Cruz,2016,10,1,6.4,1.0,0,3.0,1.0,2.4566666666666666,-0.8660254037844386,0.5000000000000001,1.6666666666666667
Santa Cruz,2017,3,1,4.19,1.0,0,1.0,3.0,6.4,1.0,6.123233995736766e-17,1.6666666666666667
Santa Cruz,2017,5,1,9.23,2.0,0,1.0,1.0,4.19,0.49999999999999994,-0.8660254037844387,1.0
Santa Cruz,2017,6,2,4.775,3.0,0,1.0,1.0,9.23,1.2246467991473532e-16,-1.0,1.3333333333333333
Santa Cruz,2017,7,3,3.953333333333333,1.0,0,2.0,1.0,4.775,-0.4999999999999998,-0.8660254037844388,2.0
Santa Cruz,2017,8,1,40.83,21.0,0,3.0,2.0,3.953333333333333,-0.8660254037844384,-0.5000000000000004,2.0
Santa Cruz,2017,10,21,7.273333333333333,1.0,0,1.0,3.0,40.83,-0.8660254037844386,0.5000000000000001,8.333333333333334
Santa Cruz,2017,11,1,1.89,2.0,0,21.0,1.0,7.273333333333333,-0.5000000000000004,0.8660254037844384,7.666666666666667
Santa Cruz,2018,1,2,1.42,5.0,0,1.0,21.0,1.89,0.49999999999999994,0.8660254037844387,8.0
Santa Cruz,2018,2,5,11.532,1.0,0,2.0,1.0,1.42,0.8660254037844386,0.5000000000000001,2.6666666666666665
Santa Cruz,2018,5,1,2.38,5.0,0,5.0,2.0,11.532,0.49999999999999994,-0.8660254037844387,2.6666666666666665
Santa Cruz,2018,6,5,29.603999999999996,1.0,0,1.0,5.0,2.38,1.2246467991473532e-16,-1.0,3.6666666666666665
Santa Cruz,2018,8,1,0.44,5.0,0,5.0,1.0,29.603999999999996,-0.8660254037844384,-0.5000000000000004,2.3333333333333335
Santa Cruz,2018,11,5,8.434000000000001,1.0,0,1.0,5.0,0.44,-0.5000000000000004,0.8660254037844384,3.6666666666666665
Santa Cruz,2019,5,1,4.38,1.0,0,5.0,1.0,8.434000000000001,0.49999999999999994,-0.8660254037844387,2.3333333333333335
Santa Cruz,2019,6,1,1.84,7.0,0,1.0,5.0,4.38,1.2246467991473532e-16,-1.0,2.3333333333333335
Santa Cruz,2019,7,7,5.681428571428571,7.0,0,1.0,1.0,1.84,-0.4999999999999998,-0.8660254037844388,3.0
Santa Cruz,2019,8,7,11.7,1.0,0,7.0,1.0,5.681428571428571,-0.8660254037844384,-0.5000000000000004,5.0
Santa Cruz,2019,10,1,3.47,9.0,0,7.0,7.0,11.7,-0.8660254037844386,0.5000000000000001,5.0
Santa Cruz,2020,2,9,26.348888888888887,3.0,0,1.0,7.0,3.47,0.8660254037844386,0.5000000000000001,5.666666666666667
Santa Cruz,2020,4,3,4.183333333333333,2118.0,1,9.0,1.0,26.348888888888887,0.8660254037844387,-0.49999999999999983,4.333333333333333
Santa Cruz,2020,8,2118,27.87199716713881,4.0,0,3.0,9.0,4.183333333333333,-0.8660254037844384,-0.5000000000000004,710.0
Santa Cruz,2020,9,4,1.2425,1.0,0,2118.0,3.0,27.87199716713881,-1.0,-1.8369701987210297e-16,708.3333333333334
Santa Cruz,2020,10,1,3.63,4.0,0,4.0,2118.0,1.2425,-0.8660254037844386,0.5000000000000001,707.6666666666666
Santa Cruz,2020,11,4,7.5575,1.0,0,1.0,4.0,3.63,-0.5000000000000004,0.8660254037844384,3.0
Shasta,2015,3,19,4.136842105263159,23.0,0,16.0,17.0,4.015625,1.0,6.123233995736766e-17,17.333333333333332
Shasta,2015,4,23,8.108695652173912,7.0,0,19.0,16.0,4.136842105263159,0.8660254037844387,-0.49999999999999983,19.333333333333332
Shasta,2015,5,7,1.1557142857142857,2.0,0,23.0,19.0,8.108695652173912,0.49999999999999994,-0.8660254037844387,16.333333333333332
Shasta,2015,6,2,0.565,6.0,0,7.0,23.0,1.1557142857142857,1.2246467991473532e-16,-1.0,10.666666666666666
Shasta,2015,7,6,2.4,7.0,0,2.0,7.0,0.565,-0.4999999999999998,-0.8660254037844388,5.0
Shasta,2015,8,7,6.677142857142857,8.0,0,6.0,2.0,2.4,-0.8660254037844384,-0.5000000000000004,5.0
Shasta,2015,9,8,5.694999999999999,30.0,0,7.0,6.0,6.677142857142857,-1.0,-1.8369701987210297e-16,7.0
Shasta,2015,10,30,8.887666666666666,59.0,1,8.0,7.0,5.694999999999999,-0.8660254037844386,0.5000000000000001,15.0
Shasta,2015,11,59,8.963050847457628,11.0,0,30.0,8.0,8.887666666666666,-0.5000000000000004,0.8660254037844384,32.333333333333336
Shasta,2015,12,11,2.4481818181818182,2.0,0,59.0,30.0,8.963050847457628,-2.4492935982947064e-16,1.0,33.333333333333336
Shasta,2016,2,2,2.9800000000000004,5.0,0,11.0,59.0,2.4481818181818182,0.8660254037844386,0.5000000000000001,24.0
Shasta,2016,3,5,5.578,20.0,0,2.0,11.0,2.9800000000000004,1.0,6.123233995736766e-17,6.0
Shasta,2016,4,20,4.5835,8.0,0,5.0,2.0,5.578,0.8660254037844387,-0.49999999999999983,9.0
Shasta,2016,5,8,1.87125,2.0,0,20.0,5.0,4.5835,0.49999999999999994,-0.8660254037844387,11.0
Shasta,2016,6,2,1.0,24.0,0,8.0,20.0,1.87125,1.2246467991473532e-16,-1.0,10.0
Shasta,2016,7,24,8.917083333333332,3.0,0,2.0,8.0,1.0,-0.4999999999999998,-0.8660254037844388,11.333333333333334
Shasta,2016,8,3,0.61,1.0,0,24.0,2.0,8.917083333333332,-0.8660254037844384,-0.5000000000000004,9.666666666666666
Shasta,2016,9,1,1.34,16.0,0,3.0,24.0,0.61,-1.0,-1.8369701987210297e-16,9.333333333333334
Shasta,2016,10,16,7.4975,108.0,1,1.0,3.0,1.34,-0.8660254037844386,0.5000000000000001,6.666666666666667
Shasta,2016,11,108,4.371018518518518,30.0,0,16.0,1.0,7.4975,-0.5000000000000004,0.8660254037844384,41.666666666666664
Shasta,2016,12,30,2.609,7.0,0,108.0,16.0,4.371018518518518,-2.4492935982947064e-16,1.0,51.333333333333336
Shasta,2017,3,7,3.74,4.0,0,30.0,108.0,2.609,1.0,6.123233995736766e-17,48.333333333333336
Shasta,2017,4,4,1.43,29.0,0,7.0,30.0,3.74,0.8660254037844387,-0.49999999999999983,13.666666666666666
Shasta,2017,5,29,15.60689655172414,3.0,0,4.0,7.0,1.43,0.49999999999999994,-0.8660254037844387,13.333333333333334
Shasta,2017,6,3,7.176666666666667,19.0,0,29.0,4.0,15.60689655172414,1.2246467991473532e-16,-1.0,12.0
Shasta,2017,7,19,17.056315789473683,5.0,0,3.0,29.0,7.176666666666667,-0.4999999999999998,-0.8660254037844388,17.0
Shasta,2017,8,5,10.9,105.0,1,19.0,3.0,17.056315789473683,-0.8660254037844384,-0.5000000000000004,9.0
Shasta,2017,9,105,15.87504761904762,13.0,0,5.0,19.0,10.9,-1.0,-1.8369701987210297e-16,43.0
Shasta,2017,10,13,7.668461538461538,26.0,0,105.0,5.0,15.87504761904762,-0.8660254037844386,0.5000000000000001,41.0
Shasta,2017,11,26,10.313461538461535,24.0,0,13.0,105.0,7.668461538461538,-0.5000000000000004,0.8660254037844384,48.0
Shasta,2017,12,24,4.225416666666667,9.0,0,26.0,13.0,10.313461538461535,-2.4492935982947064e-16,1.0,21.0
Shasta,2018,1,9,3.2266666666666666,54.0,1,24.0,26.0,4.225416666666667,0.49999999999999994,0.8660254037844387,19.666666666666668
Shasta,2018,2,54,6.362592592592592,3.0,0,9.0,24.0,3.2266666666666666,0.8660254037844386,0.5000000000000001,29.0
Shasta,2018,3,3,2.5433333333333334,28.0,0,54.0,9.0,6.362592592592592,1.0,6.123233995736766e-17,22.0
Shasta,2018,4,28,14.387142857142855,84.0,1,3.0,54.0,2.5433333333333334,0.8660254037844387,-0.49999999999999983,28.333333333333332
Shasta,2018,6,84,26.19833333333333,4624.0,1,28.0,3.0,14.387142857142855,1.2246467991473532e-16,-1.0,38.333333333333336
Shasta,2018,7,4624,20.392409169550177,7988.0,1,84.0,28.0,26.19833333333333,-0.4999999999999998,-0.8660254037844388,1578.6666666666667
Shasta,2018,8,7988,13.276174261392088,3933.0,1,4624.0,84.0,20.392409169550177,-0.8660254037844384,-0.5000000000000004,4232.0
Shasta,2018,9,3933,12.90392829900839,6.0,0,7988.0,4624.0,13.276174261392088,-1.0,-1.8369701987210297e-16,5515.0
Shasta,2018,10,6,2.193333333333334,6.0,0,3933.0,7988.0,12.90392829900839,-0.8660254037844386,0.5000000000000001,3975.6666666666665
Shasta,2018,11,6,4.263333333333333,84.0,1,6.0,3933.0,2.193333333333334,-0.5000000000000004,0.8660254037844384,1315.0
Shasta,2018,12,84,3.891190476190476,16.0,0,6.0,6.0,4.263333333333333,-2.4492935982947064e-16,1.0,32.0
Shasta,2019,1,16,7.89375,2.0,0,84.0,6.0,3.891190476190476,0.49999999999999994,0.8660254037844387,35.333333333333336
Shasta,2019,2,2,2.615,11.0,0,16.0,84.0,7.89375,0.8660254037844386,0.5000000000000001,34.0
Shasta,2019,3,11,4.3999999999999995,9.0,0,2.0,16.0,2.615,1.0,6.123233995736766e-17,9.666666666666666
Shasta,2019,4,9,8.248888888888889,15.0,0,11.0,2.0,4.3999999999999995,0.8660254037844387,-0.49999999999999983,7.333333333333333
Shasta,2019,5,15,8.787333333333333,2.0,0,9.0,11.0,8.248888888888889,0.49999999999999994,-0.8660254037844387,11.666666666666666
Shasta,2019,6,2,1.1,12.0,0,15.0,9.0,8.787333333333333,1.2246467991473532e-16,-1.0,8.666666666666666
Shasta,2019,7,12,5.305833333333333,39.0,0,2.0,15.0,1.1,-0.4999999999999998,-0.8660254037844388,9.666666666666666
Shasta,2019,8,39,11.380512820512822,11.0,0,12.0,2.0,5.305833333333333,-0.8660254037844384,-0.5000000000000004,17.666666666666668
Shasta,2019,9,11,1.7763636363636364,8.0,0,39.0,12.0,11.380512820512822,-1.0,-1.8369701987210297e-16,20.666666666666668
Shasta,2019,10,8,17.44,25.0,0,11.0,39.0,1.7763636363636364,-0.8660254037844386,0.5000000000000001,19.333333333333332
Shasta,2019,11,25,16.9404,40.0,0,8.0,11.0,17.44,-0.5000000000000004,0.8660254037844384,14.666666666666666
Shasta,2019,12,40,4.571,56.0,1,25.0,8.0,16.9404,-2.4492935982947064e-16,1.0,24.333333333333332
Shasta,2020,1,56,6.449464285714286,46.0,1,40.0,25.0,4.571,0.49999999999999994,0.8660254037844387,40.333333333333336
Shasta,2020,2,46,7.009347826086957,56.0,1,56.0,40.0,6.449464285714286,0.8660254037844386,0.5000000000000001,47.333333333333336
Shasta,2020,3,56,6.345178571428571,18.0,0,46.0,56.0,7.009347826086957,1.0,6.123233995736766e-17,52.666666666666664
Shasta,2020,4,18,14.885,5.0,0,56.0,46.0,6.345178571428571,0.8660254037844387,-0.49999999999999983,40.0
Shasta,2020,5,5,1.45,9.0,0,18.0,56.0,14.885,0.49999999999999994,-0.8660254037844387,26.333333333333332
Shasta,2020,6,9,11.237777777777778,18.0,0,5.0,18.0,1.45,1.2246467991473532e-16,-1.0,10.666666666666666
Shasta,2020,7,18,2.7466666666666666,10.0,0,9.0,5.0,11.237777777777778,-0.4999999999999998,-0.8660254037844388,10.666666666666666
Shasta,2020,8,10,1.687,1399.0,1,18.0,9.0,2.7466666666666666,-0.8660254037844384,-0.5000000000000004,12.333333333333334
Shasta,2020,9,1399,15.688041458184417,186.0,1,10.0,18.0,1.687,-1.0,-1.8369701987210297e-16,475.6666666666667
Shasta,2020,10,186,6.132634408602151,123.0,1,1399.0,10.0,15.688041458184417,-0.8660254037844386,0.5000000000000001,531.6666666666666
Shasta,2020,11,123,9.386422764227644,92.0,1,186.0,1399.0,6.132634408602151,-0.5000000000000004,0.8660254037844384,569.3333333333334
Sierra,2015,10,3,12.593333333333334,22.0,0,1.0,9.0,1.84,-0.8660254037844386,0.5000000000000001,4.333333333333333
Sierra,2015,11,22,7.522727272727272,1.0,0,3.0,1.0,12.593333333333334,-0.5000000000000004,0.8660254037844384,8.666666666666666
Sierra,2015,12,1,1.29,2.0,0,22.0,3.0,7.522727272727272,-2.4492935982947064e-16,1.0,8.666666666666666
Sierra,2016,3,2,3.395,2.0,0,1.0,22.0,1.29,1.0,6.123233995736766e-17,8.333333333333334
Sierra,2016,4,2,5.82,9.0,0,2.0,1.0,3.395,0.8660254037844387,-0.49999999999999983,1.6666666666666667
Sierra,2016,10,9,10.835555555555556,18.0,0,2.0,2.0,5.82,-0.8660254037844386,0.5000000000000001,4.333333333333333
Sierra,2016,11,18,10.585,3.0,0,9.0,2.0,10.835555555555556,-0.5000000000000004,0.8660254037844384,9.666666666666666
Sierra,2016,12,3,15.853333333333332,1.0,0,18.0,9.0,10.585,-2.4492935982947064e-16,1.0,10.0
Sierra,2017,4,1,1.07,4.0,0,3.0,18.0,15.853333333333332,0.8660254037844387,-0.49999999999999983,7.333333333333333
Sierra,2017,5,4,10.1525,3.0,0,1.0,3.0,1.07,0.49999999999999994,-0.8660254037844387,2.6666666666666665
Sierra,2017,6,3,0.62,21.0,0,4.0,1.0,10.1525,1.2246467991473532e-16,-1.0,2.6666666666666665
Sierra,2017,7,21,13.768095238095238,12.0,0,3.0,4.0,0.62,-0.4999999999999998,-0.8660254037844388,9.333333333333334
Sierra,2017,11,12,3.3275,1.0,0,21.0,3.0,13.768095238095238,-0.5000000000000004,0.8660254037844384,12.0
Sierra,2018,1,1,3.09,2.0,0,12.0,21.0,3.3275,0.49999999999999994,0.8660254037844387,11.333333333333334
Sierra,2018,2,2,5.04,3.0,0,1.0,12.0,3.09,0.8660254037844386,0.5000000000000001,5.0
Sierra,2018,3,3,3.2266666666666666,1.0,0,2.0,1.0,5.04,1.0,6.123233995736766e-17,2.0
Sierra,2018,9,1,29.55,28.0,0,3.0,2.0,3.2266666666666666,-1.0,-1.8369701987210297e-16,2.0
Sierra,2018,10,28,8.8775,9.0,0,1.0,3.0,29.55,-0.8660254037844386,0.5000000000000001,10.666666666666666
Sierra,2018,11,9,5.651111111111111,6.0,0,28.0,1.0,8.8775,-0.5000000000000004,0.8660254037844384,12.666666666666666
Sierra,2018,12,6,2.4766666666666666,15.0,0,9.0,28.0,5.651111111111111,-2.4492935982947064e-16,1.0,14.333333333333334
Sierra,2019,10,15,9.303333333333336,12.0,0,6.0,9.0,2.4766666666666666,-0.8660254037844386,0.5000000000000001,10.0
Sierra,2019,11,12,6.1275,3.0,0,15.0,6.0,9.303333333333336,-0.5000000000000004,0.8660254037844384,11.0
Sierra,2019,12,3,1.65,5.0,0,12.0,15.0,6.1275,-2.4492935982947064e-16,1.0,10.0
Sierra,2020,1,5,5.2299999999999995,3.0,0,3.0,12.0,1.65,0.49999999999999994,0.8660254037844387,6.666666666666667
Sierra,2020,2,3,17.529999999999998,543.0,1,5.0,3.0,5.2299999999999995,0.8660254037844386,0.5000000000000001,3.6666666666666665
Sierra,2020,8,543,60.67681399631676,9.0,0,3.0,5.0,17.529999999999998,-0.8660254037844384,-0.5000000000000004,183.66666666666666
Sierra,2020,9,9,16.943333333333335,11.0,0,543.0,3.0,60.67681399631676,-1.0,-1.8369701987210297e-16,185.0
Siskiyou,2015,3,21,8.507619047619048,35.0,0,31.0,12.0,6.714838709677419,1.0,6.123233995736766e-17,21.333333333333332
Siskiyou,2015,4,35,20.449142857142856,2.0,0,21.0,31.0,8.507619047619048,0.8660254037844387,-0.49999999999999983,29.0
Siskiyou,2015,5,2,13.615,2.0,0,35.0,21.0,20.449142857142856,0.49999999999999994,-0.8660254037844387,19.333333333333332
Siskiyou,2015,6,2,2.67,2.0,0,2.0,35.0,13.615,1.2246467991473532e-16,-1.0,13.0
Siskiyou,2015,7,2,0.435,57.0,1,2.0,2.0,2.67,-0.4999999999999998,-0.8660254037844388,2.0
Siskiyou,2015,8,57,4.948421052631579,11.0,0,2.0,2.0,0.435,-0.8660254037844384,-0.5000000000000004,20.333333333333332
Siskiyou,2015,9,11,2.3354545454545454,40.0,0,57.0,2.0,4.948421052631579,-1.0,-1.8369701987210297e-16,23.333333333333332
Siskiyou,2015,10,40,6.6049999999999995,405.0,1,11.0,57.0,2.3354545454545454,-0.8660254037844386,0.5000000000000001,36.0
Siskiyou,2015,11,405,9.23241975308642,59.0,1,40.0,11.0,6.6049999999999995,-0.5000000000000004,0.8660254037844384,152.0
Siskiyou,2015,12,59,8.257457627118644,7.0,0,405.0,40.0,9.23241975308642,-2.4492935982947064e-16,1.0,168.0
Siskiyou,2016,2,7,2.914285714285714,22.0,0,59.0,405.0,8.257457627118644,0.8660254037844386,0.5000000000000001,157.0
Siskiyou,2016,3,22,16.970000000000002,62.0,1,7.0,59.0,2.914285714285714,1.0,6.123233995736766e-17,29.333333333333332
Siskiyou,2016,4,62,14.863709677419354,15.0,0,22.0,7.0,16.970000000000002,0.8660254037844387,-0.49999999999999983,30.333333333333332
Siskiyou,2016,5,15,6.5553333333333335,318.0,1,62.0,22.0,14.863709677419354,0.49999999999999994,-0.8660254037844387,33.0
Siskiyou,2016,6,318,13.038176100628933,17.0,0,15.0,62.0,6.5553333333333335,1.2246467991473532e-16,-1.0,131.66666666666666
Siskiyou,2016,7,17,4.233529411764706,599.0,1,318.0,15.0,13.038176100628933,-0.4999999999999998,-0.8660254037844388,116.66666666666667
Siskiyou,2016,8,599,13.148230383973289,1480.0,1,17.0,318.0,4.233529411764706,-0.8660254037844384,-0.5000000000000004,311.3333333333333
Siskiyou,2016,9,1480,7.251689189189189,121.0,1,599.0,17.0,13.148230383973289,-1.0,-1.8369701987210297e-16,698.6666666666666
Siskiyou,2016,10,121,8.69206611570248,179.0,1,1480.0,599.0,7.251689189189189,-0.8660254037844386,0.5000000000000001,733.3333333333334
Siskiyou,2016,11,179,4.373128491620111,29.0,0,121.0,1480.0,8.69206611570248,-0.5000000000000004,0.8660254037844384,593.3333333333334
Siskiyou,2016,12,29,4.87551724137931,1.0,0,179.0,121.0,4.373128491620111,-2.4492935982947064e-16,1.0,109.66666666666667
Siskiyou,2017,2,1,2.85,5.0,0,29.0,179.0,4.87551724137931,0.8660254037844386,0.5000000000000001,69.66666666666667
Siskiyou,2017,3,5,23.156,11.0,0,1.0,29.0,2.85,1.0,6.123233995736766e-17,11.666666666666666
Siskiyou,2017,4,11,16.62,20.0,0,5.0,1.0,23.156,0.8660254037844387,-0.49999999999999983,5.666666666666667
Siskiyou,2017,5,20,13.797,10.0,0,11.0,5.0,16.62,0.49999999999999994,-0.8660254037844387,12.0
Siskiyou,2017,6,10,3.683,538.0,1,20.0,11.0,13.797,1.2246467991473532e-16,-1.0,13.666666666666666
Siskiyou,2017,7,538,5.555000000000001,10497.0,1,10.0,20.0,3.683,-0.4999999999999998,-0.8660254037844388,189.33333333333334
Siskiyou,2017,8,10497,8.675744498428122,7909.0,1,538.0,10.0,5.555000000000001,-0.8660254037844384,-0.5000000000000004,3681.6666666666665
Siskiyou,2017,9,7909,13.657684915918574,373.0,1,10497.0,538.0,8.675744498428122,-1.0,-1.8369701987210297e-16,6314.666666666667
Siskiyou,2017,10,373,8.470375335120643,127.0,1,7909.0,10497.0,13.657684915918574,-0.8660254037844386,0.5000000000000001,6259.666666666667
Siskiyou,2017,11,127,3.24244094488189,35.0,0,373.0,7909.0,8.470375335120643,-0.5000000000000004,0.8660254037844384,2803.0
Siskiyou,2017,12,35,4.467142857142857,2.0,0,127.0,373.0,3.24244094488189,-2.4492935982947064e-16,1.0,178.33333333333334
Siskiyou,2018,1,2,2.285,23.0,0,35.0,127.0,4.467142857142857,0.49999999999999994,0.8660254037844387,54.666666666666664
Siskiyou,2018,2,23,5.4830434782608695,12.0,0,2.0,35.0,2.285,0.8660254037844386,0.5000000000000001,20.0
Siskiyou,2018,3,12,5.164166666666667,37.0,0,23.0,2.0,5.4830434782608695,1.0,6.123233995736766e-17,12.333333333333334
Siskiyou,2018,4,37,24.613513513513514,27.0,0,12.0,23.0,5.164166666666667,0.8660254037844387,-0.49999999999999983,24.0
Siskiyou,2018,5,27,20.275185185185183,14.0,0,37.0,12.0,24.613513513513514,0.49999999999999994,-0.8660254037844387,25.333333333333332
Siskiyou,2018,6,14,12.155714285714286,1025.0,1,27.0,37.0,20.275185185185183,1.2246467991473532e-16,-1.0,26.0
Siskiyou,2018,7,1025,16.154439024390243,2346.0,1,14.0,27.0,12.155714285714286,-0.4999999999999998,-0.8660254037844388,355.3333333333333
Siskiyou,2018,8,2346,5.648759590792839,1480.0,1,1025.0,14.0,16.154439024390243,-0.8660254037844384,-0.5000000000000004,1128.3333333333333
Siskiyou,2018,9,1480,9.64706081081081,175.0,1,2346.0,1025.0,5.648759590792839,-1.0,-1.8369701987210297e-16,1617.0
Siskiyou,2018,10,175,17.31982857142857,77.0,1,1480.0,2346.0,9.64706081081081,-0.8660254037844386,0.5000000000000001,1333.6666666666667
Siskiyou,2018,11,77,15.877272727272729,52.0,1,175.0,1480.0,17.31982857142857,-0.5000000000000004,0.8660254037844384,577.3333333333334
Siskiyou,2018,12,52,4.862115384615385,12.0,0,77.0,175.0,15.877272727272729,-2.4492935982947064e-16,1.0,101.33333333333333
Siskiyou,2019,1,12,4.060833333333334,2.0,0,52.0,77.0,4.862115384615385,0.49999999999999994,0.8660254037844387,47.0
Siskiyou,2019,2,2,1.535,16.0,0,12.0,52.0,4.060833333333334,0.8660254037844386,0.5000000000000001,22.0
Siskiyou,2019,3,16,10.731875,23.0,0,2.0,12.0,1.535,1.0,6.123233995736766e-17,10.0
Siskiyou,2019,4,23,13.935652173913043,37.0,0,16.0,2.0,10.731875,0.8660254037844387,-0.49999999999999983,13.666666666666666
Siskiyou,2019,5,37,12.606486486486489,15.0,0,23.0,16.0,13.935652173913043,0.49999999999999994,-0.8660254037844387,25.333333333333332
Siskiyou,2019,6,15,7.709333333333333,4.0,0,37.0,23.0,12.606486486486489,1.2246467991473532e-16,-1.0,25.0
Siskiyou,2019,7,4,5.2875,1.0,0,15.0,37.0,7.709333333333333,-0.4999999999999998,-0.8660254037844388,18.666666666666668
Siskiyou,2019,8,1,2.98,223.0,1,4.0,15.0,5.2875,-0.8660254037844384,-0.5000000000000004,6.666666666666667
Siskiyou,2019,9,223,11.952286995515696,130.0,1,1.0,4.0,2.98,-1.0,-1.8369701987210297e-16,76.0
Siskiyou,2019,10,130,8.881384615384615,63.0,1,223.0,1.0,11.952286995515696,-0.8660254037844386,0.5000000000000001,118.0
Siskiyou,2019,11,63,5.426507936507937,65.0,1,130.0,223.0,8.881384615384615,-0.5000000000000004,0.8660254037844384,138.66666666666666
Siskiyou,2019,12,65,4.3632307692307695,1.0,0,63.0,130.0,5.426507936507937,-2.4492935982947064e-16,1.0,86.0
Siskiyou,2020,1,1,2.93,57.0,1,65.0,63.0,4.3632307692307695,0.49999999999999994,0.8660254037844387,43.0
Siskiyou,2020,2,57,14.138070175438596,8.0,0,1.0,65.0,2.93,0.8660254037844386,0.5000000000000001,41.0
Siskiyou,2020,3,8,2.90875,41.0,0,57.0,1.0,14.138070175438596,1.0,6.123233995736766e-17,22.0
Siskiyou,2020,4,41,15.614878048780488,3.0,0,8.0,57.0,2.90875,0.8660254037844387,-0.49999999999999983,35.333333333333336
Siskiyou,2020,5,3,2.5766666666666667,2.0,0,41.0,8.0,15.614878048780488,0.49999999999999994,-0.8660254037844387,17.333333333333332
Siskiyou,2020,6,2,4.4399999999999995,959.0,1,3.0,41.0,2.5766666666666667,1.2246467991473532e-16,-1.0,15.333333333333334
Siskiyou,2020,7,959,23.30424400417101,415.0,1,2.0,3.0,4.4399999999999995,-0.4999999999999998,-0.8660254037844388,321.3333333333333
Siskiyou,2020,8,415,6.771180722891566,6138.0,1,959.0,2.0,23.30424400417101,-0.8660254037844384,-0.5000000000000004,458.6666666666667
Siskiyou,2020,9,6138,17.960940045617466,1247.0,1,415.0,959.0,6.771180722891566,-1.0,-1.8369701987210297e-16,2504.0
Siskiyou,2020,10,1247,4.385412991178829,122.0,1,6138.0,415.0,17.960940045617466,-0.8660254037844386,0.5000000000000001,2600.0
Siskiyou,2020,11,122,3.460655737704918,19.0,0,1247.0,6138.0,4.385412991178829,-0.5000000000000004,0.8660254037844384,2502.3333333333335
Solano,2015,3,36,1.1958333333333333,57.0,1,35.0,26.0,1.439142857142857,1.0,6.123233995736766e-17,32.333333333333336
Solano,2015,4,57,2.363859649122807,33.0,0,36.0,35.0,1.1958333333333333,0.8660254037844387,-0.49999999999999983,42.666666666666664
Solano,2015,5,33,1.5351515151515152,38.0,0,57.0,36.0,2.363859649122807,0.49999999999999994,-0.8660254037844387,42.0
Solano,2015,6,38,1.1986842105263158,144.0,1,33.0,57.0,1.5351515151515152,1.2246467991473532e-16,-1.0,42.666666666666664
Solano,2015,7,144,17.320833333333333,39.0,0,38.0,33.0,1.1986842105263158,-0.4999999999999998,-0.8660254037844388,71.66666666666667
Solano,2015,8,39,0.9115384615384616,42.0,0,144.0,38.0,17.320833333333333,-0.8660254037844384,-0.5000000000000004,73.66666666666667
Solano,2015,9,42,2.084047619047619,44.0,0,39.0,144.0,0.9115384615384616,-1.0,-1.8369701987210297e-16,75.0
Solano,2015,10,44,1.0002272727272727,51.0,1,42.0,39.0,2.084047619047619,-0.8660254037844386,0.5000000000000001,41.666666666666664
Solano,2015,11,51,1.7515686274509803,18.0,0,44.0,42.0,1.0002272727272727,-0.5000000000000004,0.8660254037844384,45.666666666666664
Solano,2015,12,18,1.0872222222222223,7.0,0,51.0,44.0,1.7515686274509803,-2.4492935982947064e-16,1.0,37.666666666666664
Solano,2016,1,7,0.86,16.0,0,18.0,51.0,1.0872222222222223,0.49999999999999994,0.8660254037844387,25.333333333333332
Solano,2016,2,16,1.076875,27.0,0,7.0,18.0,0.86,0.8660254037844386,0.5000000000000001,13.666666666666666
Solano,2016,3,27,1.0985185185185184,40.0,0,16.0,7.0,1.076875,1.0,6.123233995736766e-17,16.666666666666668
Solano,2016,4,40,2.809,28.0,0,27.0,16.0,1.0985185185185184,0.8660254037844387,-0.49999999999999983,27.666666666666668
Solano,2016,5,28,1.799642857142857,24.0,0,40.0,27.0,2.809,0.49999999999999994,-0.8660254037844387,31.666666666666668
Solano,2016,6,24,1.2466666666666668,35.0,0,28.0,40.0,1.799642857142857,1.2246467991473532e-16,-1.0,30.666666666666668
Solano,2016,7,35,2.9697142857142858,12.0,0,24.0,28.0,1.2466666666666668,-0.4999999999999998,-0.8660254037844388,29.0
Solano,2016,8,12,1.5075,34.0,0,35.0,24.0,2.9697142857142858,-0.8660254037844384,-0.5000000000000004,23.666666666666668
Solano,2016,9,34,1.7897058823529413,33.0,0,12.0,35.0,1.5075,-1.0,-1.8369701987210297e-16,27.0
Solano,2016,10,33,1.2469696969696968,36.0,0,34.0,12.0,1.7897058823529413,-0.8660254037844386,0.5000000000000001,26.333333333333332
Solano,2016,11,36,1.8661111111111108,12.0,0,33.0,34.0,1.2469696969696968,-0.5000000000000004,0.8660254037844384,34.333333333333336
Solano,2016,12,12,1.1075000000000002,4.0,0,36.0,33.0,1.8661111111111108,-2.4492935982947064e-16,1.0,27.0
Solano,2017,1,4,0.9425,16.0,0,12.0,36.0,1.1075000000000002,0.49999999999999994,0.8660254037844387,17.333333333333332
Solano,2017,3,16,1.46875,16.0,0,4.0,12.0,0.9425,1.0,6.123233995736766e-17,10.666666666666666
Solano,2017,4,16,1.165,13.0,0,16.0,4.0,1.46875,0.8660254037844387,-0.49999999999999983,12.0
Solano,2017,5,13,1.263076923076923,30.0,0,16.0,16.0,1.165,0.49999999999999994,-0.8660254037844387,15.0
Solano,2017,6,30,2.3056666666666668,29.0,0,13.0,16.0,1.263076923076923,1.2246467991473532e-16,-1.0,19.666666666666668
Solano,2017,7,29,1.4555172413793105,19.0,0,30.0,13.0,2.3056666666666668,-0.4999999999999998,-0.8660254037844388,24.0
Solano,2017,8,19,1.2547368421052632,34.0,0,29.0,30.0,1.4555172413793105,-0.8660254037844384,-0.5000000000000004,26.0
Solano,2017,9,34,1.632941176470588,206.0,1,19.0,29.0,1.2547368421052632,-1.0,-1.8369701987210297e-16,27.333333333333332
Solano,2017,10,206,11.453009708737865,28.0,0,34.0,19.0,1.632941176470588,-0.8660254037844386,0.5000000000000001,86.33333333333333
Solano,2017,11,28,2.5010714285714286,25.0,0,206.0,34.0,11.453009708737865,-0.5000000000000004,0.8660254037844384,89.33333333333333
Solano,2017,12,25,1.3416,9.0,0,28.0,206.0,2.5010714285714286,-2.4492935982947064e-16,1.0,86.33333333333333
Solano,2018,1,9,1.3711111111111112,41.0,0,25.0,28.0,1.3416,0.49999999999999994,0.8660254037844387,20.666666666666668
Solano,2018,2,41,1.997073170731707,19.0,0,9.0,25.0,1.3711111111111112,0.8660254037844386,0.5000000000000001,25.0
Solano,2018,3,19,1.5247368421052632,29.0,0,41.0,9.0,1.997073170731707,1.0,6.123233995736766e-17,23.0
Solano,2018,4,29,1.7089655172413794,19.0,0,19.0,41.0,1.5247368421052632,0.8660254037844387,-0.49999999999999983,29.666666666666668
Solano,2018,5,19,1.3568421052631578,26.0,0,29.0,19.0,1.7089655172413794,0.49999999999999994,-0.8660254037844387,22.333333333333332
Solano,2018,6,26,1.8584615384615384,23.0,0,19.0,29.0,1.3568421052631578,1.2246467991473532e-16,-1.0,24.666666666666668
Solano,2018,7,23,5.0978260869565215,23.0,0,26.0,19.0,1.8584615384615384,-0.4999999999999998,-0.8660254037844388,22.666666666666668
Solano,2018,8,23,2.2717391304347827,25.0,0,23.0,26.0,5.0978260869565215,-0.8660254037844384,-0.5000000000000004,24.0
Solano,2018,9,25,2.5936000000000003,84.0,1,23.0,23.0,2.2717391304347827,-1.0,-1.8369701987210297e-16,23.666666666666668
Solano,2018,10,84,14.243690476190476,37.0,0,25.0,23.0,2.5936000000000003,-0.8660254037844386,0.5000000000000001,44.0
Solano,2018,11,37,6.187837837837837,30.0,0,84.0,25.0,14.243690476190476,-0.5000000000000004,0.8660254037844384,48.666666666666664
Solano,2018,12,30,2.8920000000000003,16.0,0,37.0,84.0,6.187837837837837,-2.4492935982947064e-16,1.0,50.333333333333336
Solano,2019,1,16,2.73,5.0,0,30.0,37.0,2.8920000000000003,0.49999999999999994,0.8660254037844387,27.666666666666668
Solano,2019,2,5,2.086,16.0,0,16.0,30.0,2.73,0.8660254037844386,0.5000000000000001,17.0
Solano,2019,3,16,1.679375,5.0,0,5.0,16.0,2.086,1.0,6.123233995736766e-17,12.333333333333334
Solano,2019,4,5,5.6819999999999995,9.0,0,16.0,5.0,1.679375,0.8660254037844387,-0.49999999999999983,8.666666666666666
Solano,2019,5,9,1.5577777777777777,21.0,0,5.0,16.0,5.6819999999999995,0.49999999999999994,-0.8660254037844387,10.0
Solano,2019,6,21,3.017142857142857,27.0,0,9.0,5.0,1.5577777777777777,1.2246467991473532e-16,-1.0,11.666666666666666
Solano,2019,7,27,1.6933333333333334,27.0,0,21.0,9.0,3.017142857142857,-0.4999999999999998,-0.8660254037844388,19.0
Solano,2019,8,27,1.444074074074074,35.0,0,27.0,21.0,1.6933333333333334,-0.8660254037844384,-0.5000000000000004,25.0
Solano,2019,9,35,2.112285714285714,108.0,1,27.0,27.0,1.444074074074074,-1.0,-1.8369701987210297e-16,29.666666666666668
Solano,2019,10,108,4.332592592592593,43.0,0,35.0,27.0,2.112285714285714,-0.8660254037844386,0.5000000000000001,56.666666666666664
Solano,2019,11,43,1.7216279069767442,11.0,0,108.0,35.0,4.332592592592593,-0.5000000000000004,0.8660254037844384,62.0
Solano,2019,12,11,1.39,15.0,0,43.0,108.0,1.7216279069767442,-2.4492935982947064e-16,1.0,54.0
Solano,2020,1,15,1.5826666666666669,43.0,0,11.0,43.0,1.39,0.49999999999999994,0.8660254037844387,23.0
Solano,2020,2,43,2.768372093023256,39.0,0,15.0,11.0,1.5826666666666669,0.8660254037844386,0.5000000000000001,23.0
Solano,2020,3,39,3.025897435897436,35.0,0,43.0,15.0,2.768372093023256,1.0,6.123233995736766e-17,32.333333333333336
Solano,2020,4,35,2.1714285714285713,19.0,0,39.0,43.0,3.025897435897436,0.8660254037844387,-0.49999999999999983,39.0
Solano,2020,5,19,1.315263157894737,70.0,1,35.0,39.0,2.1714285714285713,0.49999999999999994,-0.8660254037844387,31.0
Solano,2020,6,70,2.198571428571429,25.0,0,19.0,35.0,1.315263157894737,1.2246467991473532e-16,-1.0,41.333333333333336
Solano,2020,7,25,2.696,912.0,1,70.0,19.0,2.198571428571429,-0.4999999999999998,-0.8660254037844388,38.0
Solano,2020,8,912,28.92309210526316,19.0,0,25.0,70.0,2.696,-0.8660254037844384,-0.5000000000000004,335.6666666666667
Solano,2020,9,19,1.426842105263158,46.0,1,912.0,25.0,28.92309210526316,-1.0,-1.8369701987210297e-16,318.6666666666667
Solano,2020,10,46,11.14782608695652,59.0,1,19.0,912.0,1.426842105263158,-0.8660254037844386,0.5000000000000001,325.6666666666667
Solano,2020,11,59,2.889661016949153,37.0,0,46.0,19.0,11.14782608695652,-0.5000000000000004,0.8660254037844384,41.333333333333336
Sonoma,2015,3,1,4.33,3.0,0,6.0,2.0,1.8966666666666667,1.0,6.123233995736766e-17,3.0
Sonoma,2015,4,3,3.466666666666667,3.0,0,1.0,6.0,4.33,0.8660254037844387,-0.49999999999999983,3.3333333333333335
Sonoma,2015,6,3,2.53,1.0,0,3.0,1.0,3.466666666666667,1.2246467991473532e-16,-1.0,2.3333333333333335
Sonoma,2015,7,1,3.12,2.0,0,3.0,3.0,2.53,-0.4999999999999998,-0.8660254037844388,2.3333333333333335
Sonoma,2015,9,2,24.565,4.0,0,1.0,3.0,3.12,-1.0,-1.8369701987210297e-16,2.0
Sonoma,2015,10,4,6.91,4.0,0,2.0,1.0,24.565,-0.8660254037844386,0.5000000000000001,2.3333333333333335
Sonoma,2015,11,4,3.4175,1.0,0,4.0,2.0,6.91,-0.5000000000000004,0.8660254037844384,3.3333333333333335
Sonoma,2015,12,1,2.78,1.0,0,4.0,4.0,3.4175,-2.4492935982947064e-16,1.0,3.0
Sonoma,2016,2,1,2.99,1.0,0,1.0,4.0,2.78,0.8660254037844386,0.5000000000000001,2.0
Sonoma,2016,4,1,2.0,2.0,0,1.0,1.0,2.99,0.8660254037844387,-0.49999999999999983,1.0
Sonoma,2016,5,2,3.03,58.0,1,1.0,1.0,2.0,0.49999999999999994,-0.8660254037844387,1.3333333333333333
Sonoma,2016,9,58,47.7153448275862,5.0,0,2.0,1.0,3.03,-1.0,-1.8369701987210297e-16,20.333333333333332
Sonoma,2016,10,5,4.008,7.0,0,58.0,2.0,47.7153448275862,-0.8660254037844386,0.5000000000000001,21.666666666666668
Sonoma,2016,11,7,3.1442857142857146,3.0,0,5.0,58.0,4.008,-0.5000000000000004,0.8660254037844384,23.333333333333332
Sonoma,2016,12,3,2.8666666666666667,1.0,0,7.0,5.0,3.1442857142857146,-2.4492935982947064e-16,1.0,5.0
Sonoma,2017,1,1,0.68,3.0,0,3.0,7.0,2.8666666666666667,0.49999999999999994,0.8660254037844387,3.6666666666666665
Sonoma,2017,2,3,1.856666666666667,7.0,0,1.0,3.0,0.68,0.8660254037844386,0.5000000000000001,2.3333333333333335
Sonoma,2017,3,7,6.964285714285714,6.0,0,3.0,1.0,1.856666666666667,1.0,6.123233995736766e-17,3.6666666666666665
Sonoma,2017,4,6,2.8783333333333334,1.0,0,7.0,3.0,6.964285714285714,0.8660254037844387,-0.49999999999999983,5.333333333333333
Sonoma,2017,5,1,0.69,2.0,0,6.0,7.0,2.8783333333333334,0.49999999999999994,-0.8660254037844387,4.666666666666667
Sonoma,2017,6,2,1.6549999999999998,2.0,0,1.0,6.0,0.69,1.2246467991473532e-16,-1.0,3.0
Sonoma,2017,7,2,3.875,1.0,0,2.0,1.0,1.6549999999999998,-0.4999999999999998,-0.8660254037844388,1.6666666666666667
Sonoma,2017,8,1,2.66,5.0,0,2.0,2.0,3.875,-0.8660254037844384,-0.5000000000000004,1.6666666666666667
Sonoma,2017,9,5,1.674,3027.0,1,1.0,2.0,2.66,-1.0,-1.8369701987210297e-16,2.6666666666666665
Sonoma,2017,10,3027,17.097304261645192,9.0,0,5.0,1.0,1.674,-0.8660254037844386,0.5000000000000001,1011.0
Sonoma,2017,12,9,4.661111111111111,4.0,0,3027.0,5.0,17.097304261645192,-2.4492935982947064e-16,1.0,1013.6666666666666
Sonoma,2018,1,4,2.445,17.0,0,9.0,3027.0,4.661111111111111,0.49999999999999994,0.8660254037844387,1013.3333333333334
Sonoma,2018,2,17,4.043529411764705,4.0,0,4.0,9.0,2.445,0.8660254037844386,0.5000000000000001,10.0
Sonoma,2018,3,4,0.86,4.0,0,17.0,4.0,4.043529411764705,1.0,6.123233995736766e-17,8.333333333333334
Sonoma,2018,4,4,1.7975,3.0,0,4.0,17.0,0.86,0.8660254037844387,-0.49999999999999983,8.333333333333334
Sonoma,2018,5,3,3.543333333333333,7.0,0,4.0,4.0,1.7975,0.49999999999999994,-0.8660254037844387,3.6666666666666665
Sonoma,2018,6,7,22.898571428571422,2.0,0,3.0,4.0,3.543333333333333,1.2246467991473532e-16,-1.0,4.666666666666667
Sonoma,2018,7,2,1.4,3.0,0,7.0,3.0,22.898571428571422,-0.4999999999999998,-0.8660254037844388,4.0
Sonoma,2018,8,3,10.636666666666668,3.0,0,2.0,7.0,1.4,-0.8660254037844384,-0.5000000000000004,4.0
Sonoma,2018,9,3,0.58,6.0,0,3.0,2.0,10.636666666666668,-1.0,-1.8369701987210297e-16,2.6666666666666665
Sonoma,2018,10,6,4.028333333333333,3.0,0,3.0,3.0,0.58,-0.8660254037844386,0.5000000000000001,4.0
Sonoma,2018,11,3,3.516666666666667,4.0,0,6.0,3.0,4.028333333333333,-0.5000000000000004,0.8660254037844384,4.0
Sonoma,2018,12,4,5.215,6.0,0,3.0,6.0,3.516666666666667,-2.4492935982947064e-16,1.0,4.333333333333333
Sonoma,2019,1,6,8.755,5.0,0,4.0,3.0,5.215,0.49999999999999994,0.8660254037844387,4.333333333333333
Sonoma,2019,2,5,7.196000000000001,9.0,0,6.0,4.0,8.755,0.8660254037844386,0.5000000000000001,5.0
Sonoma,2019,3,9,7.635555555555555,9.0,0,5.0,6.0,7.196000000000001,1.0,6.123233995736766e-17,6.666666666666667
Sonoma,2019,4,9,3.0966666666666667,4.0,0,9.0,5.0,7.635555555555555,0.8660254037844387,-0.49999999999999983,7.666666666666667
Sonoma,2019,5,4,2.04,13.0,0,9.0,9.0,3.0966666666666667,0.49999999999999994,-0.8660254037844387,7.333333333333333
Sonoma,2019,6,13,4.506153846153846,3.0,0,4.0,9.0,2.04,1.2246467991473532e-16,-1.0,8.666666666666666
Sonoma,2019,7,3,0.8733333333333334,8.0,0,13.0,4.0,4.506153846153846,-0.4999999999999998,-0.8660254037844388,6.666666666666667
Sonoma,2019,8,8,1.3825,4.0,0,3.0,13.0,0.8733333333333334,-0.8660254037844384,-0.5000000000000004,8.0
Sonoma,2019,9,4,1.95,1763.0,1,8.0,3.0,1.3825,-1.0,-1.8369701987210297e-16,5.0
Sonoma,2019,10,1763,26.27334089619966,2.0,0,4.0,8.0,1.95,-0.8660254037844386,0.5000000000000001,591.6666666666666
Sonoma,2019,11,2,1.03,1.0,0,1763.0,4.0,26.27334089619966,-0.5000000000000004,0.8660254037844384,589.6666666666666
Sonoma,2020,1,1,1.75,28.0,0,2.0,1763.0,1.03,0.49999999999999994,0.8660254037844387,588.6666666666666
Sonoma,2020,2,28,4.8289285714285715,16.0,0,1.0,2.0,1.75,0.8660254037844386,0.5000000000000001,10.333333333333334
Sonoma,2020,3,16,6.864999999999999,5.0,0,28.0,1.0,4.8289285714285715,1.0,6.123233995736766e-17,15.0
Sonoma,2020,4,5,4.484,6.0,0,16.0,28.0,6.864999999999999,0.8660254037844387,-0.49999999999999983,16.333333333333332
Sonoma,2020,5,6,3.709999999999999,2.0,0,5.0,16.0,4.484,0.49999999999999994,-0.8660254037844387,9.0
Sonoma,2020,6,2,0.63,1.0,0,6.0,5.0,3.709999999999999,1.2246467991473532e-16,-1.0,4.333333333333333
Sonoma,2020,7,1,3.89,1591.0,1,2.0,6.0,0.63,-0.4999999999999998,-0.8660254037844388,3.0
Sonoma,2020,8,1591,11.615160276555626,727.0,1,1.0,2.0,3.89,-0.8660254037844384,-0.5000000000000004,531.3333333333334
Sonoma,2020,9,727,19.413892709766163,12.0,0,1591.0,1.0,11.615160276555626,-1.0,-1.8369701987210297e-16,773.0
Sonoma,2020,10,12,1.2983333333333331,18.0,0,727.0,1591.0,19.413892709766163,-0.8660254037844386,0.5000000000000001,776.6666666666666
Sonoma,2020,11,18,4.684444444444445,13.0,0,12.0,727.0,1.2983333333333331,-0.5000000000000004,0.8660254037844384,252.33333333333334
Stanislaus,2015,3,7,6.374285714285714,17.0,0,20.0,6.0,5.169,1.0,6.123233995736766e-17,11.0
Stanislaus,2015,4,17,4.970000000000001,6.0,0,7.0,20.0,6.374285714285714,0.8660254037844387,-0.49999999999999983,14.666666666666666
Stanislaus,2015,5,6,1.2,10.0,0,17.0,7.0,4.970000000000001,0.49999999999999994,-0.8660254037844387,10.0
Stanislaus,2015,6,10,2.8289999999999997,20.0,0,6.0,17.0,1.2,1.2246467991473532e-16,-1.0,11.0
Stanislaus,2015,7,20,3.899,16.0,0,10.0,6.0,2.8289999999999997,-0.4999999999999998,-0.8660254037844388,12.0
Stanislaus,2015,8,16,2.524375,8.0,0,20.0,10.0,3.899,-0.8660254037844384,-0.5000000000000004,15.333333333333334
Stanislaus,2015,9,8,2.2325,14.0,0,16.0,20.0,2.524375,-1.0,-1.8369701987210297e-16,14.666666666666666
Stanislaus,2015,10,14,5.403571428571429,16.0,0,8.0,16.0,2.2325,-0.8660254037844386,0.5000000000000001,12.666666666666666
Stanislaus,2015,11,16,4.6625,7.0,0,14.0,8.0,5.403571428571429,-0.5000000000000004,0.8660254037844384,12.666666666666666
Stanislaus,2015,12,7,4.288571428571429,4.0,0,16.0,14.0,4.6625,-2.4492935982947064e-16,1.0,12.333333333333334
Stanislaus,2016,1,4,2.5349999999999997,6.0,0,7.0,16.0,4.288571428571429,0.49999999999999994,0.8660254037844387,9.0
Stanislaus,2016,2,6,3.27,11.0,0,4.0,7.0,2.5349999999999997,0.8660254037844386,0.5000000000000001,5.666666666666667
Stanislaus,2016,3,11,3.805454545454545,10.0,0,6.0,4.0,3.27,1.0,6.123233995736766e-17,7.0
Stanislaus,2016,4,10,2.175,12.0,0,11.0,6.0,3.805454545454545,0.8660254037844387,-0.49999999999999983,9.0
Stanislaus,2016,5,12,2.5941666666666667,25.0,0,10.0,11.0,2.175,0.49999999999999994,-0.8660254037844387,11.0
Stanislaus,2016,6,25,4.8464,54.0,1,12.0,10.0,2.5941666666666667,1.2246467991473532e-16,-1.0,15.666666666666666
Stanislaus,2016,7,54,9.247777777777776,34.0,0,25.0,12.0,4.8464,-0.4999999999999998,-0.8660254037844388,30.333333333333332
Stanislaus,2016,8,34,9.59529411764706,11.0,0,54.0,25.0,9.247777777777776,-0.8660254037844384,-0.5000000000000004,37.666666666666664
Stanislaus,2016,9,11,4.093636363636364,29.0,0,34.0,54.0,9.59529411764706,-1.0,-1.8369701987210297e-16,33.0
Stanislaus,2016,10,29,5.455172413793103,41.0,0,11.0,34.0,4.093636363636364,-0.8660254037844386,0.5000000000000001,24.666666666666668
Stanislaus,2016,11,41,4.693658536585366,8.0,0,29.0,11.0,5.455172413793103,-0.5000000000000004,0.8660254037844384,27.0
Stanislaus,2016,12,8,3.45,1.0,0,41.0,29.0,4.693658536585366,-2.4492935982947064e-16,1.0,26.0
Stanislaus,2017,1,1,0.68,4.0,0,8.0,41.0,3.45,0.49999999999999994,0.8660254037844387,16.666666666666668
Stanislaus,2017,2,4,1.9575,21.0,0,1.0,8.0,0.68,0.8660254037844386,0.5000000000000001,4.333333333333333
Stanislaus,2017,3,21,3.517142857142857,32.0,0,4.0,1.0,1.9575,1.0,6.123233995736766e-17,8.666666666666666
Stanislaus,2017,4,32,6.0,24.0,0,21.0,4.0,3.517142857142857,0.8660254037844387,-0.49999999999999983,19.0
Stanislaus,2017,5,24,6.151666666666667,28.0,0,32.0,21.0,6.0,0.49999999999999994,-0.8660254037844387,25.666666666666668
Stanislaus,2017,6,28,3.818928571428572,25.0,0,24.0,32.0,6.151666666666667,1.2246467991473532e-16,-1.0,28.0
Stanislaus,2017,7,25,4.6512,22.0,0,28.0,24.0,3.818928571428572,-0.4999999999999998,-0.8660254037844388,25.666666666666668
Stanislaus,2017,8,22,4.423636363636364,27.0,0,25.0,28.0,4.6512,-0.8660254037844384,-0.5000000000000004,25.0
Stanislaus,2017,9,27,10.766666666666666,47.0,1,22.0,25.0,4.423636363636364,-1.0,-1.8369701987210297e-16,24.666666666666668
Stanislaus,2017,10,47,5.646595744680851,54.0,1,27.0,22.0,10.766666666666666,-0.8660254037844386,0.5000000000000001,32.0
Stanislaus,2017,11,54,11.023518518518518,59.0,1,47.0,27.0,5.646595744680851,-0.5000000000000004,0.8660254037844384,42.666666666666664
Stanislaus,2017,12,59,9.944576271186442,23.0,0,54.0,47.0,11.023518518518518,-2.4492935982947064e-16,1.0,53.333333333333336
Stanislaus,2018,1,23,6.753043478260869,64.0,1,59.0,54.0,9.944576271186442,0.49999999999999994,0.8660254037844387,45.333333333333336
Stanislaus,2018,2,64,4.82828125,15.0,0,23.0,59.0,6.753043478260869,0.8660254037844386,0.5000000000000001,48.666666666666664
Stanislaus,2018,3,15,3.256,25.0,0,64.0,23.0,4.82828125,1.0,6.123233995736766e-17,34.0
Stanislaus,2018,4,25,3.3132,31.0,0,15.0,64.0,3.256,0.8660254037844387,-0.49999999999999983,34.666666666666664
Stanislaus,2018,5,31,5.209354838709678,28.0,0,25.0,15.0,3.3132,0.49999999999999994,-0.8660254037844387,23.666666666666668
Stanislaus,2018,6,28,4.152857142857143,9.0,0,31.0,25.0,5.209354838709678,1.2246467991473532e-16,-1.0,28.0
Stanislaus,2018,7,9,2.7555555555555555,25.0,0,28.0,31.0,4.152857142857143,-0.4999999999999998,-0.8660254037844388,22.666666666666668
Stanislaus,2018,8,25,2.7572,26.0,0,9.0,28.0,2.7555555555555555,-0.8660254037844384,-0.5000000000000004,20.666666666666668
Stanislaus,2018,9,26,9.933076923076923,25.0,0,25.0,9.0,2.7572,-1.0,-1.8369701987210297e-16,20.0
Stanislaus,2018,10,25,3.45,22.0,0,26.0,25.0,9.933076923076923,-0.8660254037844386,0.5000000000000001,25.333333333333332
Stanislaus,2018,11,22,5.655454545454545,46.0,1,25.0,26.0,3.45,-0.5000000000000004,0.8660254037844384,24.333333333333332
Stanislaus,2018,12,46,6.47804347826087,13.0,0,22.0,25.0,5.655454545454545,-2.4492935982947064e-16,1.0,31.0
Stanislaus,2019,1,13,3.2515384615384617,5.0,0,46.0,22.0,6.47804347826087,0.49999999999999994,0.8660254037844387,27.0
Stanislaus,2019,2,5,3.656,28.0,0,13.0,46.0,3.2515384615384617,0.8660254037844386,0.5000000000000001,21.333333333333332
Stanislaus,2019,3,28,3.942142857142857,22.0,0,5.0,13.0,3.656,1.0,6.123233995736766e-17,15.333333333333334
Stanislaus,2019,4,22,3.223181818181818,25.0,0,28.0,5.0,3.942142857142857,0.8660254037844387,-0.49999999999999983,18.333333333333332
Stanislaus,2019,5,25,5.756799999999999,59.0,1,22.0,28.0,3.223181818181818,0.49999999999999994,-0.8660254037844387,25.0
Stanislaus,2019,6,59,3.856101694915254,32.0,0,25.0,22.0,5.756799999999999,1.2246467991473532e-16,-1.0,35.333333333333336
Stanislaus,2019,7,32,6.6721875,17.0,0,59.0,25.0,3.856101694915254,-0.4999999999999998,-0.8660254037844388,38.666666666666664
Stanislaus,2019,8,17,2.206470588235294,16.0,0,32.0,59.0,6.6721875,-0.8660254037844384,-0.5000000000000004,36.0
Stanislaus,2019,9,16,3.620625,20.0,0,17.0,32.0,2.206470588235294,-1.0,-1.8369701987210297e-16,21.666666666666668
Stanislaus,2019,10,20,9.001999999999999,42.0,0,16.0,17.0,3.620625,-0.8660254037844386,0.5000000000000001,17.666666666666668
Stanislaus,2019,11,42,5.087142857142857,19.0,0,20.0,16.0,9.001999999999999,-0.5000000000000004,0.8660254037844384,26.0
Stanislaus,2019,12,19,3.5536842105263156,14.0,0,42.0,20.0,5.087142857142857,-2.4492935982947064e-16,1.0,27.0
Stanislaus,2020,1,14,4.0685714285714285,49.0,1,19.0,42.0,3.5536842105263156,0.49999999999999994,0.8660254037844387,25.0
Stanislaus,2020,2,49,4.035306122448979,40.0,0,14.0,19.0,4.0685714285714285,0.8660254037844386,0.5000000000000001,27.333333333333332
Stanislaus,2020,3,40,9.03425,27.0,0,49.0,14.0,4.035306122448979,1.0,6.123233995736766e-17,34.333333333333336
Stanislaus,2020,4,27,6.058518518518518,23.0,0,40.0,49.0,9.03425,0.8660254037844387,-0.49999999999999983,38.666666666666664
Stanislaus,2020,5,23,3.316086956521739,36.0,0,27.0,40.0,6.058518518518518,0.49999999999999994,-0.8660254037844387,30.0
Stanislaus,2020,6,36,3.4883333333333333,22.0,0,23.0,27.0,3.316086956521739,1.2246467991473532e-16,-1.0,28.666666666666668
Stanislaus,2020,7,22,3.0995454545454546,3036.0,1,36.0,23.0,3.4883333333333333,-0.4999999999999998,-0.8660254037844388,27.0
Stanislaus,2020,8,3036,24.40202239789196,25.0,0,22.0,36.0,3.0995454545454546,-0.8660254037844384,-0.5000000000000004,1031.3333333333333
Stanislaus,2020,9,25,2.7512,10.0,0,3036.0,22.0,24.40202239789196,-1.0,-1.8369701987210297e-16,1027.6666666666667
Stanislaus,2020,10,10,4.326,39.0,0,25.0,3036.0,2.7512,-0.8660254037844386,0.5000000000000001,1023.6666666666666
Stanislaus,2020,11,39,3.148461538461538,17.0,0,10.0,25.0,4.326,-0.5000000000000004,0.8660254037844384,24.666666666666668
Sutter,2015,3,35,8.120285714285714,14.0,0,16.0,6.0,4.585,1.0,6.123233995736766e-17,19.0
Sutter,2015,4,14,3.970714285714286,6.0,0,35.0,16.0,8.120285714285714,0.8660254037844387,-0.49999999999999983,21.666666666666668
Sutter,2015,5,6,6.146666666666667,9.0,0,14.0,35.0,3.970714285714286,0.49999999999999994,-0.8660254037844387,18.333333333333332
Sutter,2015,6,9,6.666666666666667,3.0,0,6.0,14.0,6.146666666666667,1.2246467991473532e-16,-1.0,9.666666666666666
Sutter,2015,7,3,7.606666666666667,18.0,0,9.0,6.0,6.666666666666667,-0.4999999999999998,-0.8660254037844388,6.0
Sutter,2015,8,18,9.335,33.0,0,3.0,9.0,7.606666666666667,-0.8660254037844384,-0.5000000000000004,10.0
Sutter,2015,9,33,8.926363636363636,104.0,1,18.0,3.0,9.335,-1.0,-1.8369701987210297e-16,18.0
Sutter,2015,10,104,12.858942307692306,33.0,0,33.0,18.0,8.926363636363636,-0.8660254037844386,0.5000000000000001,51.666666666666664
Sutter,2015,11,33,7.906060606060605,5.0,0,104.0,33.0,12.858942307692306,-0.5000000000000004,0.8660254037844384,56.666666666666664
Sutter,2015,12,5,4.514,11.0,0,33.0,104.0,7.906060606060605,-2.4492935982947064e-16,1.0,47.333333333333336
Sutter,2016,2,11,4.017272727272727,7.0,0,5.0,33.0,4.514,0.8660254037844386,0.5000000000000001,16.333333333333332
Sutter,2016,3,7,4.395714285714286,31.0,0,11.0,5.0,4.017272727272727,1.0,6.123233995736766e-17,7.666666666666667
Sutter,2016,4,31,6.40483870967742,2.0,0,7.0,11.0,4.395714285714286,0.8660254037844387,-0.49999999999999983,16.333333333333332
Sutter,2016,5,2,0.78,6.0,0,31.0,7.0,6.40483870967742,0.49999999999999994,-0.8660254037844387,13.333333333333334
Sutter,2016,6,6,8.531666666666666,12.0,0,2.0,31.0,0.78,1.2246467991473532e-16,-1.0,13.0
Sutter,2016,7,12,6.81,24.0,0,6.0,2.0,8.531666666666666,-0.4999999999999998,-0.8660254037844388,6.666666666666667
Sutter,2016,8,24,8.513333333333334,86.0,1,12.0,6.0,6.81,-0.8660254037844384,-0.5000000000000004,14.0
Sutter,2016,9,86,9.593255813953489,111.0,1,24.0,12.0,8.513333333333334,-1.0,-1.8369701987210297e-16,40.666666666666664
Sutter,2016,10,111,9.296396396396398,65.0,1,86.0,24.0,9.593255813953489,-0.8660254037844386,0.5000000000000001,73.66666666666667
Sutter,2016,11,65,10.962153846153846,4.0,0,111.0,86.0,9.296396396396398,-0.5000000000000004,0.8660254037844384,87.33333333333333
Sutter,2016,12,4,4.5024999999999995,2.0,0,65.0,111.0,10.962153846153846,-2.4492935982947064e-16,1.0,60.0
Sutter,2017,2,2,2.325,3.0,0,4.0,65.0,4.5024999999999995,0.8660254037844386,0.5000000000000001,23.666666666666668
Sutter,2017,3,3,3.77,18.0,0,2.0,4.0,2.325,1.0,6.123233995736766e-17,3.0
Sutter,2017,4,18,4.621666666666666,27.0,0,3.0,2.0,3.77,0.8660254037844387,-0.49999999999999983,7.666666666666667
Sutter,2017,5,27,7.34,7.0,0,18.0,3.0,4.621666666666666,0.49999999999999994,-0.8660254037844387,16.0
Sutter,2017,6,7,7.140000000000001,28.0,0,27.0,18.0,7.34,1.2246467991473532e-16,-1.0,17.333333333333332
Sutter,2017,7,28,8.826071428571428,33.0,0,7.0,27.0,7.140000000000001,-0.4999999999999998,-0.8660254037844388,20.666666666666668
Sutter,2017,8,33,9.32,67.0,1,28.0,7.0,8.826071428571428,-0.8660254037844384,-0.5000000000000004,22.666666666666668
Sutter,2017,9,67,6.728208955223881,65.0,1,33.0,28.0,9.32,-1.0,-1.8369701987210297e-16,42.666666666666664
Sutter,2017,10,65,6.011692307692307,22.0,0,67.0,33.0,6.728208955223881,-0.8660254037844386,0.5000000000000001,55.0
Sutter,2017,11,22,8.092727272727272,20.0,0,65.0,67.0,6.011692307692307,-0.5000000000000004,0.8660254037844384,51.333333333333336
Sutter,2017,12,20,26.0135,2.0,0,22.0,65.0,8.092727272727272,-2.4492935982947064e-16,1.0,35.666666666666664
Sutter,2018,1,2,6.78,75.0,1,20.0,22.0,26.0135,0.49999999999999994,0.8660254037844387,14.666666666666666
Sutter,2018,2,75,6.587466666666667,14.0,0,2.0,20.0,6.78,0.8660254037844386,0.5000000000000001,32.333333333333336
Sutter,2018,3,14,4.440714285714286,44.0,0,75.0,2.0,6.587466666666667,1.0,6.123233995736766e-17,30.333333333333332
Sutter,2018,4,44,5.720909090909091,30.0,0,14.0,75.0,4.440714285714286,0.8660254037844387,-0.49999999999999983,44.333333333333336
Sutter,2018,5,30,7.626,20.0,0,44.0,14.0,5.720909090909091,0.49999999999999994,-0.8660254037844387,29.333333333333332
Sutter,2018,6,20,7.125,13.0,0,30.0,44.0,7.626,1.2246467991473532e-16,-1.0,31.333333333333332
Sutter,2018,7,13,9.524615384615384,32.0,0,20.0,30.0,7.125,-0.4999999999999998,-0.8660254037844388,21.0
Sutter,2018,8,32,6.786875,84.0,1,13.0,20.0,9.524615384615384,-0.8660254037844384,-0.5000000000000004,21.666666666666668
Sutter,2018,9,84,7.555119047619048,100.0,1,32.0,13.0,6.786875,-1.0,-1.8369701987210297e-16,43.0
Sutter,2018,10,100,6.1787,25.0,0,84.0,32.0,7.555119047619048,-0.8660254037844386,0.5000000000000001,72.0
Sutter,2018,11,25,8.115599999999999,21.0,0,100.0,84.0,6.1787,-0.5000000000000004,0.8660254037844384,69.66666666666667
Sutter,2018,12,21,6.350952380952381,3.0,0,25.0,100.0,8.115599999999999,-2.4492935982947064e-16,1.0,48.666666666666664
Sutter,2019,1,3,6.766666666666667,20.0,0,21.0,25.0,6.350952380952381,0.49999999999999994,0.8660254037844387,16.333333333333332
Sutter,2019,2,20,7.948,7.0,0,3.0,21.0,6.766666666666667,0.8660254037844386,0.5000000000000001,14.666666666666666
Sutter,2019,3,7,5.28,25.0,0,20.0,3.0,7.948,1.0,6.123233995736766e-17,10.0
Sutter,2019,4,25,5.1732000000000005,21.0,0,7.0,20.0,5.28,0.8660254037844387,-0.49999999999999983,17.333333333333332
Sutter,2019,5,21,3.9785714285714286,33.0,0,25.0,7.0,5.1732000000000005,0.49999999999999994,-0.8660254037844387,17.666666666666668
Sutter,2019,6,33,6.9757575757575765,35.0,0,21.0,25.0,3.9785714285714286,1.2246467991473532e-16,-1.0,26.333333333333332
Sutter,2019,7,35,8.08657142857143,14.0,0,33.0,21.0,6.9757575757575765,-0.4999999999999998,-0.8660254037844388,29.666666666666668
Sutter,2019,8,14,7.352142857142858,63.0,1,35.0,33.0,8.08657142857143,-0.8660254037844384,-0.5000000000000004,27.333333333333332
Sutter,2019,9,63,6.648412698412699,112.0,1,14.0,35.0,7.352142857142858,-1.0,-1.8369701987210297e-16,37.333333333333336
Sutter,2019,10,112,5.955892857142857,98.0,1,63.0,14.0,6.648412698412699,-0.8660254037844386,0.5000000000000001,63.0
Sutter,2019,11,98,8.82204081632653,1.0,0,112.0,63.0,5.955892857142857,-0.5000000000000004,0.8660254037844384,91.0
Sutter,2019,12,1,2.23,11.0,0,98.0,112.0,8.82204081632653,-2.4492935982947064e-16,1.0,70.33333333333333
Sutter,2020,1,11,3.421818181818182,128.0,1,1.0,98.0,2.23,0.49999999999999994,0.8660254037844387,36.666666666666664
Sutter,2020,2,128,10.224140625,42.0,0,11.0,1.0,3.421818181818182,0.8660254037844386,0.5000000000000001,46.666666666666664
Sutter,2020,3,42,6.515238095238095,42.0,0,128.0,11.0,10.224140625,1.0,6.123233995736766e-17,60.333333333333336
Sutter,2020,4,42,10.771904761904764,13.0,0,42.0,128.0,6.515238095238095,0.8660254037844387,-0.49999999999999983,70.66666666666667
Sutter,2020,5,13,5.06923076923077,41.0,0,42.0,42.0,10.771904761904764,0.49999999999999994,-0.8660254037844387,32.333333333333336
Sutter,2020,6,41,8.057560975609757,31.0,0,13.0,42.0,5.06923076923077,1.2246467991473532e-16,-1.0,32.0
Sutter,2020,7,31,8.410645161290324,11.0,0,41.0,13.0,8.057560975609757,-0.4999999999999998,-0.8660254037844388,28.333333333333332
Sutter,2020,8,11,7.288181818181818,2.0,0,31.0,41.0,8.410645161290324,-0.8660254037844384,-0.5000000000000004,27.666666666666668
Sutter,2020,9,2,6.71,91.0,1,11.0,31.0,7.288181818181818,-1.0,-1.8369701987210297e-16,14.666666666666666
Sutter,2020,10,91,9.028241758241755,102.0,1,2.0,11.0,6.71,-0.8660254037844386,0.5000000000000001,34.666666666666664
Sutter,2020,11,102,8.759803921568627,60.0,1,91.0,2.0,9.028241758241755,-0.5000000000000004,0.8660254037844384,65.0
Tehama,2015,3,18,2.937777777777778,6.0,0,10.0,17.0,5.7829999999999995,1.0,6.123233995736766e-17,15.0
Tehama,2015,4,6,2.14,1.0,0,18.0,10.0,2.937777777777778,0.8660254037844387,-0.49999999999999983,11.333333333333334
Tehama,2015,5,1,8.9,3.0,0,6.0,18.0,2.14,0.49999999999999994,-0.8660254037844387,8.333333333333334
Tehama,2015,7,3,2.8033333333333332,2.0,0,1.0,6.0,8.9,-0.4999999999999998,-0.8660254037844388,3.3333333333333335
Tehama,2015,9,2,6.07,9.0,0,3.0,1.0,2.8033333333333332,-1.0,-1.8369701987210297e-16,2.0
Tehama,2015,11,9,3.562222222222222,2.0,0,2.0,3.0,6.07,-0.5000000000000004,0.8660254037844384,4.666666666666667
Tehama,2015,12,2,1.84,5.0,0,9.0,2.0,3.562222222222222,-2.4492935982947064e-16,1.0,4.333333333333333
Tehama,2016,2,5,3.418,7.0,0,2.0,9.0,1.84,0.8660254037844386,0.5000000000000001,5.333333333333333
Tehama,2016,3,7,2.3314285714285714,1.0,0,5.0,2.0,3.418,1.0,6.123233995736766e-17,4.666666666666667
Tehama,2016,4,1,6.93,5.0,0,7.0,5.0,2.3314285714285714,0.8660254037844387,-0.49999999999999983,4.333333333333333
Tehama,2016,5,5,2.568,21.0,0,1.0,7.0,6.93,0.49999999999999994,-0.8660254037844387,4.333333333333333
Tehama,2016,6,21,20.357142857142858,1.0,0,5.0,1.0,2.568,1.2246467991473532e-16,-1.0,9.0
Tehama,2016,7,1,5.93,2.0,0,21.0,5.0,20.357142857142858,-0.4999999999999998,-0.8660254037844388,9.0
Tehama,2016,8,2,4.1850000000000005,2.0,0,1.0,21.0,5.93,-0.8660254037844384,-0.5000000000000004,8.0
Tehama,2016,9,2,0.655,12.0,0,2.0,1.0,4.1850000000000005,-1.0,-1.8369701987210297e-16,1.6666666666666667
Tehama,2016,10,12,9.59,4.0,0,2.0,2.0,0.655,-0.8660254037844386,0.5000000000000001,5.333333333333333
Tehama,2016,11,4,3.0175,7.0,0,12.0,2.0,9.59,-0.5000000000000004,0.8660254037844384,6.0
Tehama,2016,12,7,8.484285714285715,3.0,0,4.0,12.0,3.0175,-2.4492935982947064e-16,1.0,7.666666666666667
Tehama,2017,1,3,4.1066666666666665,8.0,0,7.0,4.0,8.484285714285715,0.49999999999999994,0.8660254037844387,4.666666666666667
Tehama,2017,3,8,3.79,2.0,0,3.0,7.0,4.1066666666666665,1.0,6.123233995736766e-17,6.0
Tehama,2017,4,2,2.59,7.0,0,8.0,3.0,3.79,0.8660254037844387,-0.49999999999999983,4.333333333333333
Tehama,2017,5,7,9.317142857142857,7.0,0,2.0,8.0,2.59,0.49999999999999994,-0.8660254037844387,5.666666666666667
Tehama,2017,6,7,8.638571428571428,4.0,0,7.0,2.0,9.317142857142857,1.2246467991473532e-16,-1.0,5.333333333333333
Tehama,2017,7,4,13.815,6.0,0,7.0,7.0,8.638571428571428,-0.4999999999999998,-0.8660254037844388,6.0
Tehama,2017,8,6,12.306666666666668,17.0,0,4.0,7.0,13.815,-0.8660254037844384,-0.5000000000000004,5.666666666666667
Tehama,2017,9,17,2.958235294117647,42.0,0,6.0,4.0,12.306666666666668,-1.0,-1.8369701987210297e-16,9.0
Tehama,2017,10,42,4.064285714285715,24.0,0,17.0,6.0,2.958235294117647,-0.8660254037844386,0.5000000000000001,21.666666666666668
Tehama,2017,11,24,25.00375,5.0,0,42.0,17.0,4.064285714285715,-0.5000000000000004,0.8660254037844384,27.666666666666668
Tehama,2017,12,5,3.308,6.0,0,24.0,42.0,25.00375,-2.4492935982947064e-16,1.0,23.666666666666668
Tehama,2018,1,6,5.656666666666666,51.0,1,5.0,24.0,3.308,0.49999999999999994,0.8660254037844387,11.666666666666666
Tehama,2018,2,51,5.847254901960784,7.0,0,6.0,5.0,5.656666666666666,0.8660254037844386,0.5000000000000001,20.666666666666668
Tehama,2018,3,7,3.6471428571428577,10.0,0,51.0,6.0,5.847254901960784,1.0,6.123233995736766e-17,21.333333333333332
Tehama,2018,4,10,3.652,19.0,0,7.0,51.0,3.6471428571428577,0.8660254037844387,-0.49999999999999983,22.666666666666668
Tehama,2018,5,19,5.814210526315789,98.0,1,10.0,7.0,3.652,0.49999999999999994,-0.8660254037844387,12.0
Tehama,2018,6,98,9.453673469387756,10.0,0,19.0,10.0,5.814210526315789,1.2246467991473532e-16,-1.0,42.333333333333336
Tehama,2018,7,10,6.064,9.0,0,98.0,19.0,9.453673469387756,-0.4999999999999998,-0.8660254037844388,42.333333333333336
Tehama,2018,9,9,129.74444444444444,96.0,1,10.0,98.0,6.064,-1.0,-1.8369701987210297e-16,39.0
Tehama,2018,10,96,10.064895833333331,2.0,0,9.0,10.0,129.74444444444444,-0.8660254037844386,0.5000000000000001,38.333333333333336
Tehama,2018,11,2,3.095,14.0,0,96.0,9.0,10.064895833333331,-0.5000000000000004,0.8660254037844384,35.666666666666664
Tehama,2018,12,14,4.514285714285714,3.0,0,2.0,96.0,3.095,-2.4492935982947064e-16,1.0,37.333333333333336
Tehama,2019,1,3,2.6999999999999997,1.0,0,14.0,2.0,4.514285714285714,0.49999999999999994,0.8660254037844387,6.333333333333333
Tehama,2019,2,1,1.61,12.0,0,3.0,14.0,2.6999999999999997,0.8660254037844386,0.5000000000000001,6.0
Tehama,2019,3,12,2.705,78.0,1,1.0,3.0,1.61,1.0,6.123233995736766e-17,5.333333333333333
Tehama,2019,4,78,12.89653846153846,69.0,1,12.0,1.0,2.705,0.8660254037844387,-0.49999999999999983,30.333333333333332
Tehama,2019,5,69,9.205797101449276,55.0,1,78.0,12.0,12.89653846153846,0.49999999999999994,-0.8660254037844387,53.0
Tehama,2019,6,55,6.652909090909091,59.0,1,69.0,78.0,9.205797101449276,1.2246467991473532e-16,-1.0,67.33333333333333
Tehama,2019,7,59,20.185593220338983,1.0,0,55.0,69.0,6.652909090909091,-0.4999999999999998,-0.8660254037844388,61.0
Tehama,2019,8,1,2.82,610.0,1,59.0,55.0,20.185593220338983,-0.8660254037844384,-0.5000000000000004,38.333333333333336
Tehama,2019,9,610,25.689901639344264,11.0,0,1.0,59.0,2.82,-1.0,-1.8369701987210297e-16,223.33333333333334
Tehama,2019,10,11,3.309090909090909,143.0,1,610.0,1.0,25.689901639344264,-0.8660254037844386,0.5000000000000001,207.33333333333334
Tehama,2019,11,143,21.18503496503497,2.0,0,11.0,610.0,3.309090909090909,-0.5000000000000004,0.8660254037844384,254.66666666666666
Tehama,2019,12,2,8.57,17.0,0,143.0,11.0,21.18503496503497,-2.4492935982947064e-16,1.0,52.0
Tehama,2020,1,17,3.1252941176470586,85.0,1,2.0,143.0,8.57,0.49999999999999994,0.8660254037844387,54.0
Tehama,2020,2,85,7.284588235294117,24.0,0,17.0,2.0,3.1252941176470586,0.8660254037844386,0.5000000000000001,34.666666666666664
Tehama,2020,3,24,4.148333333333333,30.0,0,85.0,17.0,7.284588235294117,1.0,6.123233995736766e-17,42.0
Tehama,2020,4,30,4.631666666666666,7.0,0,24.0,85.0,4.148333333333333,0.8660254037844387,-0.49999999999999983,46.333333333333336
Tehama,2020,5,7,11.068571428571428,6.0,0,30.0,24.0,4.631666666666666,0.49999999999999994,-0.8660254037844387,20.333333333333332
Tehama,2020,6,6,4.803333333333334,5.0,0,7.0,30.0,11.068571428571428,1.2246467991473532e-16,-1.0,14.333333333333334
Tehama,2020,7,5,6.792,6674.0,1,6.0,7.0,4.803333333333334,-0.4999999999999998,-0.8660254037844388,6.0
Tehama,2020,8,6674,14.9836290080911,9369.0,1,5.0,6.0,6.792,-0.8660254037844384,-0.5000000000000004,2228.3333333333335
Tehama,2020,9,9369,18.40386060411997,613.0,1,6674.0,5.0,14.9836290080911,-1.0,-1.8369701987210297e-16,5349.333333333333
Tehama,2020,10,613,6.053393148450245,41.0,0,9369.0,6674.0,18.40386060411997,-0.8660254037844386,0.5000000000000001,5552.0
Tehama,2020,11,41,7.476341463414635,26.0,0,613.0,9369.0,6.053393148450245,-0.5000000000000004,0.8660254037844384,3341.0
Trinity,2015,4,6,4.571666666666666,1.0,0,7.0,8.0,6.268571428571429,0.8660254037844387,-0.49999999999999983,7.0
Trinity,2015,5,1,1.07,93.0,1,6.0,7.0,4.571666666666666,0.49999999999999994,-0.8660254037844387,4.666666666666667
Trinity,2015,6,93,8.43225806451613,229.0,1,1.0,6.0,1.07,1.2246467991473532e-16,-1.0,33.333333333333336
Trinity,2015,7,229,22.209126637554583,12613.0,1,93.0,1.0,8.43225806451613,-0.4999999999999998,-0.8660254037844388,107.66666666666667
Trinity,2015,8,12613,6.74611749781971,615.0,1,229.0,93.0,22.209126637554583,-0.8660254037844384,-0.5000000000000004,4311.666666666667
Trinity,2015,9,615,9.904634146341465,40.0,0,12613.0,229.0,6.74611749781971,-1.0,-1.8369701987210297e-16,4485.666666666667
Trinity,2015,10,40,3.107,29.0,0,615.0,12613.0,9.904634146341465,-0.8660254037844386,0.5000000000000001,4422.666666666667
Trinity,2015,11,29,5.89448275862069,10.0,0,40.0,615.0,3.107,-0.5000000000000004,0.8660254037844384,228.0
Trinity,2015,12,10,5.567,24.0,0,29.0,40.0,5.89448275862069,-2.4492935982947064e-16,1.0,26.333333333333332
Trinity,2016,2,24,20.405833333333337,1.0,0,10.0,29.0,5.567,0.8660254037844386,0.5000000000000001,21.0
Trinity,2016,3,1,0.79,6.0,0,24.0,10.0,20.405833333333337,1.0,6.123233995736766e-17,11.666666666666666
Trinity,2016,4,6,5.005,4.0,0,1.0,24.0,0.79,0.8660254037844387,-0.49999999999999983,10.333333333333334
Trinity,2016,5,4,1.8325,2.0,0,6.0,1.0,5.005,0.49999999999999994,-0.8660254037844387,3.6666666666666665
Trinity,2016,8,2,1.38,1.0,0,4.0,6.0,1.8325,-0.8660254037844384,-0.5000000000000004,4.0
Trinity,2016,9,1,0.65,12.0,0,2.0,4.0,1.38,-1.0,-1.8369701987210297e-16,2.3333333333333335
Trinity,2016,10,12,5.834166666666667,56.0,1,1.0,2.0,0.65,-0.8660254037844386,0.5000000000000001,5.0
Trinity,2016,11,56,4.121607142857143,5.0,0,12.0,1.0,5.834166666666667,-0.5000000000000004,0.8660254037844384,23.0
Trinity,2016,12,5,2.844,1.0,0,56.0,12.0,4.121607142857143,-2.4492935982947064e-16,1.0,24.333333333333332
Trinity,2017,1,1,1.85,2.0,0,5.0,56.0,2.844,0.49999999999999994,0.8660254037844387,20.666666666666668
Trinity,2017,3,2,7.64,2.0,0,1.0,5.0,1.85,1.0,6.123233995736766e-17,2.6666666666666665
Trinity,2017,4,2,2.51,3.0,0,2.0,1.0,7.64,0.8660254037844387,-0.49999999999999983,1.6666666666666667
Trinity,2017,5,3,4.733333333333333,1.0,0,2.0,2.0,2.51,0.49999999999999994,-0.8660254037844387,2.3333333333333335
Trinity,2017,7,1,7.51,424.0,1,3.0,2.0,4.733333333333333,-0.4999999999999998,-0.8660254037844388,2.0
Trinity,2017,8,424,7.346627358490566,1786.0,1,1.0,3.0,7.51,-0.8660254037844384,-0.5000000000000004,142.66666666666666
Trinity,2017,9,1786,9.522026875699888,542.0,1,424.0,1.0,7.346627358490566,-1.0,-1.8369701987210297e-16,737.0
Trinity,2017,10,542,11.12090405904059,18.0,0,1786.0,424.0,9.522026875699888,-0.8660254037844386,0.5000000000000001,917.3333333333334
Trinity,2017,11,18,2.86,4.0,0,542.0,1786.0,11.12090405904059,-0.5000000000000004,0.8660254037844384,782.0
Trinity,2017,12,4,6.842499999999999,2.0,0,18.0,542.0,2.86,-2.4492935982947064e-16,1.0,188.0
Trinity,2018,1,2,5.02,21.0,0,4.0,18.0,6.842499999999999,0.49999999999999994,0.8660254037844387,8.0
Trinity,2018,2,21,10.682380952380951,2.0,0,2.0,4.0,5.02,0.8660254037844386,0.5000000000000001,9.0
Trinity,2018,3,2,8.405000000000001,4.0,0,21.0,2.0,10.682380952380951,1.0,6.123233995736766e-17,8.333333333333334
Trinity,2018,4,4,4.03,2.0,0,2.0,21.0,8.405000000000001,0.8660254037844387,-0.49999999999999983,9.0
Trinity,2018,6,2,1.7799999999999998,229.0,1,4.0,2.0,4.03,1.2246467991473532e-16,-1.0,2.6666666666666665
Trinity,2018,7,229,12.750960698689957,1454.0,1,2.0,4.0,1.7799999999999998,-0.4999999999999998,-0.8660254037844388,78.33333333333333
Trinity,2018,8,1454,18.100178817056396,637.0,1,229.0,2.0,12.750960698689957,-0.8660254037844384,-0.5000000000000004,561.6666666666666
Trinity,2018,9,637,9.731098901098902,4.0,0,1454.0,229.0,18.100178817056396,-1.0,-1.8369701987210297e-16,773.3333333333334
Trinity,2018,10,4,4.772500000000001,16.0,0,637.0,1454.0,9.731098901098902,-0.8660254037844386,0.5000000000000001,698.3333333333334
Trinity,2018,12,16,3.70875,16.0,0,4.0,637.0,4.772500000000001,-2.4492935982947064e-16,1.0,219.0
Trinity,2019,1,16,6.4375,2.0,0,16.0,4.0,3.70875,0.49999999999999994,0.8660254037844387,12.0
Trinity,2019,4,2,4.615,1.0,0,16.0,16.0,6.4375,0.8660254037844387,-0.49999999999999983,11.333333333333334
Trinity,2019,5,1,1.93,102.0,1,2.0,16.0,4.615,0.49999999999999994,-0.8660254037844387,6.333333333333333
Trinity,2019,6,102,15.942549019607842,2.0,0,1.0,2.0,1.93,1.2246467991473532e-16,-1.0,35.0
Trinity,2019,7,2,2.97,1.0,0,102.0,1.0,15.942549019607842,-0.4999999999999998,-0.8660254037844388,35.0
Trinity,2019,8,1,0.75,158.0,1,2.0,102.0,2.97,-0.8660254037844384,-0.5000000000000004,35.0
Trinity,2019,9,158,23.021708860759492,10.0,0,1.0,2.0,0.75,-1.0,-1.8369701987210297e-16,53.666666666666664
Trinity,2019,10,10,5.517,4.0,0,158.0,1.0,23.021708860759492,-0.8660254037844386,0.5000000000000001,56.333333333333336
Trinity,2019,12,4,3.7375,15.0,0,10.0,158.0,5.517,-2.4492935982947064e-16,1.0,57.333333333333336
Trinity,2020,1,15,2.572,14.0,0,4.0,10.0,3.7375,0.49999999999999994,0.8660254037844387,9.666666666666666
Trinity,2020,2,14,5.4,6.0,0,15.0,4.0,2.572,0.8660254037844386,0.5000000000000001,11.0
Trinity,2020,3,6,4.945,16.0,0,14.0,15.0,5.4,1.0,6.123233995736766e-17,11.666666666666666
Trinity,2020,4,16,39.276875,2.0,0,6.0,14.0,4.945,0.8660254037844387,-0.49999999999999983,12.0
Trinity,2020,5,2,0.8899999999999999,120.0,1,16.0,6.0,39.276875,0.49999999999999994,-0.8660254037844387,8.0
Trinity,2020,7,120,10.9835,1054.0,1,2.0,16.0,0.8899999999999999,-0.4999999999999998,-0.8660254037844388,46.0
Trinity,2020,8,1054,8.473159392789375,22082.0,1,120.0,2.0,10.9835,-0.8660254037844384,-0.5000000000000004,392.0
Trinity,2020,9,22082,20.145309754551217,5166.0,1,1054.0,120.0,8.473159392789375,-1.0,-1.8369701987210297e-16,7752.0
Trinity,2020,10,5166,7.168637243515293,95.0,1,22082.0,1054.0,20.145309754551217,-0.8660254037844386,0.5000000000000001,9434.0
Trinity,2020,11,95,7.5256842105263155,16.0,0,5166.0,22082.0,7.168637243515293,-0.5000000000000004,0.8660254037844384,9114.333333333334
Tulare,2015,3,65,6.303846153846154,43.0,0,55.0,23.0,5.201818181818182,1.0,6.123233995736766e-17,47.666666666666664
Tulare,2015,4,43,7.092790697674419,18.0,0,65.0,55.0,6.303846153846154,0.8660254037844387,-0.49999999999999983,54.333333333333336
Tulare,2015,5,18,6.365,37.0,0,43.0,65.0,7.092790697674419,0.49999999999999994,-0.8660254037844387,42.0
Tulare,2015,6,37,4.675945945945946,90.0,1,18.0,43.0,6.365,1.2246467991473532e-16,-1.0,32.666666666666664
Tulare,2015,7,90,6.787222222222223,762.0,1,37.0,18.0,4.675945945945946,-0.4999999999999998,-0.8660254037844388,48.333333333333336
Tulare,2015,8,762,10.225459317585305,288.0,1,90.0,37.0,6.787222222222223,-0.8660254037844384,-0.5000000000000004,296.3333333333333
Tulare,2015,9,288,5.074548611111111,74.0,1,762.0,90.0,10.225459317585305,-1.0,-1.8369701987210297e-16,380.0
Tulare,2015,10,74,8.141216216216216,33.0,0,288.0,762.0,5.074548611111111,-0.8660254037844386,0.5000000000000001,374.6666666666667
Tulare,2015,11,33,4.40060606060606,17.0,0,74.0,288.0,8.141216216216216,-0.5000000000000004,0.8660254037844384,131.66666666666666
Tulare,2015,12,17,7.437647058823529,15.0,0,33.0,74.0,4.40060606060606,-2.4492935982947064e-16,1.0,41.333333333333336
Tulare,2016,1,15,3.3819999999999997,73.0,1,17.0,33.0,7.437647058823529,0.49999999999999994,0.8660254037844387,21.666666666666668
Tulare,2016,2,73,5.583561643835616,43.0,0,15.0,17.0,3.3819999999999997,0.8660254037844386,0.5000000000000001,35.0
Tulare,2016,3,43,6.359534883720929,46.0,1,73.0,15.0,5.583561643835616,1.0,6.123233995736766e-17,43.666666666666664
Tulare,2016,4,46,6.983478260869566,52.0,1,43.0,73.0,6.359534883720929,0.8660254037844387,-0.49999999999999983,54.0
Tulare,2016,5,52,5.3003846153846155,162.0,1,46.0,43.0,6.983478260869566,0.49999999999999994,-0.8660254037844387,47.0
Tulare,2016,6,162,5.210432098765432,55.0,1,52.0,46.0,5.3003846153846155,1.2246467991473532e-16,-1.0,86.66666666666667
Tulare,2016,7,55,4.763999999999999,1245.0,1,162.0,52.0,5.210432098765432,-0.4999999999999998,-0.8660254037844388,89.66666666666667
Tulare,2016,8,1245,24.602642570281127,163.0,1,55.0,162.0,4.763999999999999,-0.8660254037844384,-0.5000000000000004,487.3333333333333
Tulare,2016,9,163,8.465889570552148,398.0,1,1245.0,55.0,24.602642570281127,-1.0,-1.8369701987210297e-16,487.6666666666667
Tulare,2016,10,398,12.994221105527638,619.0,1,163.0,1245.0,8.465889570552148,-0.8660254037844386,0.5000000000000001,602.0
Tulare,2016,11,619,12.66476575121163,23.0,0,398.0,163.0,12.994221105527638,-0.5000000000000004,0.8660254037844384,393.3333333333333
Tulare,2016,12,23,8.572173913043478,11.0,0,619.0,398.0,12.66476575121163,-2.4492935982947064e-16,1.0,346.6666666666667
Tulare,2017,1,11,3.0572727272727276,27.0,0,23.0,619.0,8.572173913043478,0.49999999999999994,0.8660254037844387,217.66666666666666
Tulare,2017,2,27,4.782592592592592,68.0,1,11.0,23.0,3.0572727272727276,0.8660254037844386,0.5000000000000001,20.333333333333332
Tulare,2017,3,68,7.766470588235294,45.0,0,27.0,11.0,4.782592592592592,1.0,6.123233995736766e-17,35.333333333333336
Tulare,2017,4,45,7.558222222222223,41.0,0,68.0,27.0,7.766470588235294,0.8660254037844387,-0.49999999999999983,46.666666666666664
Tulare,2017,5,41,6.482195121951219,320.0,1,45.0,68.0,7.558222222222223,0.49999999999999994,-0.8660254037844387,51.333333333333336
Tulare,2017,6,320,18.23540625,1164.0,1,41.0,45.0,6.482195121951219,1.2246467991473532e-16,-1.0,135.33333333333334
Tulare,2017,7,1164,21.848513745704462,771.0,1,320.0,41.0,18.23540625,-0.4999999999999998,-0.8660254037844388,508.3333333333333
Tulare,2017,8,771,24.15242542153048,1689.0,1,1164.0,320.0,21.848513745704462,-0.8660254037844384,-0.5000000000000004,751.6666666666666
Tulare,2017,9,1689,9.419911190053286,2103.0,1,771.0,1164.0,24.15242542153048,-1.0,-1.8369701987210297e-16,1208.0
Tulare,2017,10,2103,10.71752258678079,119.0,1,1689.0,771.0,9.419911190053286,-0.8660254037844386,0.5000000000000001,1521.0
Tulare,2017,11,119,14.057899159663869,53.0,1,2103.0,1689.0,10.71752258678079,-0.5000000000000004,0.8660254037844384,1303.6666666666667
Tulare,2017,12,53,7.82566037735849,45.0,0,119.0,2103.0,14.057899159663869,-2.4492935982947064e-16,1.0,758.3333333333334
Tulare,2018,1,45,6.536222222222222,60.0,1,53.0,119.0,7.82566037735849,0.49999999999999994,0.8660254037844387,72.33333333333333
Tulare,2018,2,60,8.7895,53.0,1,45.0,53.0,6.536222222222222,0.8660254037844386,0.5000000000000001,52.666666666666664
Tulare,2018,3,53,9.64509433962264,48.0,1,60.0,45.0,8.7895,1.0,6.123233995736766e-17,52.666666666666664
Tulare,2018,4,48,9.10625,48.0,1,53.0,60.0,9.64509433962264,0.8660254037844387,-0.49999999999999983,53.666666666666664
Tulare,2018,5,48,6.672499999999999,48.0,1,48.0,53.0,9.10625,0.49999999999999994,-0.8660254037844387,49.666666666666664
Tulare,2018,6,48,5.351458333333333,38.0,0,48.0,48.0,6.672499999999999,1.2246467991473532e-16,-1.0,48.0
Tulare,2018,7,38,7.622631578947369,58.0,1,48.0,48.0,5.351458333333333,-0.4999999999999998,-0.8660254037844388,44.666666666666664
Tulare,2018,8,58,4.555172413793104,48.0,1,38.0,48.0,7.622631578947369,-0.8660254037844384,-0.5000000000000004,48.0
Tulare,2018,9,48,4.905208333333333,347.0,1,58.0,38.0,4.555172413793104,-1.0,-1.8369701987210297e-16,48.0
Tulare,2018,10,347,7.631873198847262,982.0,1,48.0,58.0,4.905208333333333,-0.8660254037844386,0.5000000000000001,151.0
Tulare,2018,11,982,7.010549898167006,12.0,0,347.0,48.0,7.631873198847262,-0.5000000000000004,0.8660254037844384,459.0
Tulare,2018,12,12,8.900833333333333,13.0,0,982.0,347.0,7.010549898167006,-2.4492935982947064e-16,1.0,447.0
Tulare,2019,1,13,4.5515384615384615,25.0,0,12.0,982.0,8.900833333333333,0.49999999999999994,0.8660254037844387,335.6666666666667
Tulare,2019,2,25,4.1512,69.0,1,13.0,12.0,4.5515384615384615,0.8660254037844386,0.5000000000000001,16.666666666666668
Tulare,2019,3,69,7.609420289855072,32.0,0,25.0,13.0,4.1512,1.0,6.123233995736766e-17,35.666666666666664
Tulare,2019,4,32,5.5121875,32.0,0,69.0,25.0,7.609420289855072,0.8660254037844387,-0.49999999999999983,42.0
Tulare,2019,5,32,6.9859374999999995,183.0,1,32.0,69.0,5.5121875,0.49999999999999994,-0.8660254037844387,44.333333333333336
Tulare,2019,6,183,9.042622950819672,87.0,1,32.0,32.0,6.9859374999999995,1.2246467991473532e-16,-1.0,82.33333333333333
Tulare,2019,7,87,4.934022988505747,274.0,1,183.0,32.0,9.042622950819672,-0.4999999999999998,-0.8660254037844388,100.66666666666667
Tulare,2019,8,274,8.867043795620438,399.0,1,87.0,183.0,4.934022988505747,-0.8660254037844384,-0.5000000000000004,181.33333333333334
Tulare,2019,9,399,8.450426065162906,102.0,1,274.0,87.0,8.867043795620438,-1.0,-1.8369701987210297e-16,253.33333333333334
Tulare,2019,10,102,6.559901960784313,108.0,1,399.0,274.0,8.450426065162906,-0.8660254037844386,0.5000000000000001,258.3333333333333
Tulare,2019,11,108,8.550370370370372,29.0,0,102.0,399.0,6.559901960784313,-0.5000000000000004,0.8660254037844384,203.0
Tulare,2019,12,29,16.05,41.0,0,108.0,102.0,8.550370370370372,-2.4492935982947064e-16,1.0,79.66666666666667
Tulare,2020,1,41,7.408780487804877,39.0,0,29.0,108.0,16.05,0.49999999999999994,0.8660254037844387,59.333333333333336
Tulare,2020,2,39,4.425128205128205,84.0,1,41.0,29.0,7.408780487804877,0.8660254037844386,0.5000000000000001,36.333333333333336
Tulare,2020,3,84,6.3480952380952385,50.0,1,39.0,41.0,4.425128205128205,1.0,6.123233995736766e-17,54.666666666666664
Tulare,2020,4,50,5.7341999999999995,75.0,1,84.0,39.0,6.3480952380952385,0.8660254037844387,-0.49999999999999983,57.666666666666664
Tulare,2020,5,75,5.323333333333333,74.0,1,50.0,84.0,5.7341999999999995,0.49999999999999994,-0.8660254037844387,69.66666666666667
Tulare,2020,6,74,9.605675675675675,42.0,0,75.0,50.0,5.323333333333333,1.2246467991473532e-16,-1.0,66.33333333333333
Tulare,2020,7,42,6.660714285714286,3452.0,1,74.0,75.0,9.605675675675675,-0.4999999999999998,-0.8660254037844388,63.666666666666664
Tulare,2020,8,3452,30.814910196987256,13098.0,1,42.0,74.0,6.660714285714286,-0.8660254037844384,-0.5000000000000004,1189.3333333333333
Tulare,2020,9,13098,22.67446251336082,3368.0,1,3452.0,42.0,30.814910196987256,-1.0,-1.8369701987210297e-16,5530.666666666667
Tulare,2020,10,3368,12.85666864608076,259.0,1,13098.0,3452.0,22.67446251336082,-0.8660254037844386,0.5000000000000001,6639.333333333333
Tulare,2020,11,259,7.700463320463321,54.0,1,3368.0,13098.0,12.85666864608076,-0.5000000000000004,0.8660254037844384,5575.0
Tuolumne,2015,4,2,1.085,9.0,0,9.0,1.0,6.417777777777778,0.8660254037844387,-0.49999999999999983,4.0
Tuolumne,2015,7,9,1.9666666666666663,30.0,0,2.0,9.0,1.085,-0.4999999999999998,-0.8660254037844388,6.666666666666667
Tuolumne,2015,8,30,2.7356666666666665,59.0,1,9.0,2.0,1.9666666666666663,-0.8660254037844384,-0.5000000000000004,13.666666666666666
Tuolumne,2015,9,59,12.139661016949152,20.0,0,30.0,9.0,2.7356666666666665,-1.0,-1.8369701987210297e-16,32.666666666666664
Tuolumne,2015,10,20,2.633,285.0,1,59.0,30.0,12.139661016949152,-0.8660254037844386,0.5000000000000001,36.333333333333336
Tuolumne,2015,11,285,11.47280701754386,104.0,1,20.0,59.0,2.633,-0.5000000000000004,0.8660254037844384,121.33333333333333
Tuolumne,2015,12,104,12.942692307692308,7.0,0,285.0,20.0,11.47280701754386,-2.4492935982947064e-16,1.0,136.33333333333334
Tuolumne,2016,1,7,2.85,5.0,0,104.0,285.0,12.942692307692308,0.49999999999999994,0.8660254037844387,132.0
Tuolumne,2016,2,5,3.2079999999999997,2.0,0,7.0,104.0,2.85,0.8660254037844386,0.5000000000000001,38.666666666666664
Tuolumne,2016,3,2,3.86,3.0,0,5.0,7.0,3.2079999999999997,1.0,6.123233995736766e-17,4.666666666666667
Tuolumne,2016,6,3,2.063333333333333,2.0,0,2.0,5.0,3.86,1.2246467991473532e-16,-1.0,3.3333333333333335
Tuolumne,2016,7,2,5.06,5.0,0,3.0,2.0,2.063333333333333,-0.4999999999999998,-0.8660254037844388,2.3333333333333335
Tuolumne,2016,8,5,19.44,46.0,1,2.0,3.0,5.06,-0.8660254037844384,-0.5000000000000004,3.3333333333333335
Tuolumne,2016,9,46,47.14804347826087,2.0,0,5.0,2.0,19.44,-1.0,-1.8369701987210297e-16,17.666666666666668
Tuolumne,2016,10,2,4.125,74.0,1,46.0,5.0,47.14804347826087,-0.8660254037844386,0.5000000000000001,17.666666666666668
Tuolumne,2016,11,74,4.4698648648648645,30.0,0,2.0,46.0,4.125,-0.5000000000000004,0.8660254037844384,40.666666666666664
Tuolumne,2016,12,30,16.891666666666666,6.0,0,74.0,2.0,4.4698648648648645,-2.4492935982947064e-16,1.0,35.333333333333336
Tuolumne,2017,1,6,26.305000000000003,3.0,0,30.0,74.0,16.891666666666666,0.49999999999999994,0.8660254037844387,36.666666666666664
Tuolumne,2017,2,3,7.733333333333334,37.0,0,6.0,30.0,26.305000000000003,0.8660254037844386,0.5000000000000001,13.0
Tuolumne,2017,3,37,17.324594594594593,4.0,0,3.0,6.0,7.733333333333334,1.0,6.123233995736766e-17,15.333333333333334
Tuolumne,2017,4,4,1.91,5.0,0,37.0,3.0,17.324594594594593,0.8660254037844387,-0.49999999999999983,14.666666666666666
Tuolumne,2017,5,5,29.22,4.0,0,4.0,37.0,1.91,0.49999999999999994,-0.8660254037844387,15.333333333333334
Tuolumne,2017,6,4,0.65,3.0,0,5.0,4.0,29.22,1.2246467991473532e-16,-1.0,4.333333333333333
Tuolumne,2017,7,3,1.0233333333333334,59.0,1,4.0,5.0,0.65,-0.4999999999999998,-0.8660254037844388,4.0
Tuolumne,2017,8,59,4.073898305084746,265.0,1,3.0,4.0,1.0233333333333334,-0.8660254037844384,-0.5000000000000004,22.0
Tuolumne,2017,9,265,10.112830188679244,125.0,1,59.0,3.0,4.073898305084746,-1.0,-1.8369701987210297e-16,109.0
Tuolumne,2017,10,125,3.57056,73.0,1,265.0,59.0,10.112830188679244,-0.8660254037844386,0.5000000000000001,149.66666666666666
Tuolumne,2017,11,73,12.133972602739725,103.0,1,125.0,265.0,3.57056,-0.5000000000000004,0.8660254037844384,154.33333333333334
Tuolumne,2018,1,103,5.190970873786408,21.0,0,73.0,125.0,12.133972602739725,0.49999999999999994,0.8660254037844387,100.33333333333333
Tuolumne,2018,2,21,10.773333333333332,14.0,0,103.0,73.0,5.190970873786408,0.8660254037844386,0.5000000000000001,65.66666666666667
Tuolumne,2018,3,14,3.943571428571429,2.0,0,21.0,103.0,10.773333333333332,1.0,6.123233995736766e-17,46.0
Tuolumne,2018,4,2,1.525,1.0,0,14.0,21.0,3.943571428571429,0.8660254037844387,-0.49999999999999983,12.333333333333334
Tuolumne,2018,5,1,18.3,21.0,0,2.0,14.0,1.525,0.49999999999999994,-0.8660254037844387,5.666666666666667
Tuolumne,2018,6,21,23.47571428571429,9.0,0,1.0,2.0,18.3,1.2246467991473532e-16,-1.0,8.0
Tuolumne,2018,7,9,10.52111111111111,2553.0,1,21.0,1.0,23.47571428571429,-0.4999999999999998,-0.8660254037844388,10.333333333333334
Tuolumne,2018,8,2553,15.964531923227574,96.0,1,9.0,21.0,10.52111111111111,-0.8660254037844384,-0.5000000000000004,861.0
Tuolumne,2018,9,96,3.1927083333333335,78.0,1,2553.0,9.0,15.964531923227574,-1.0,-1.8369701987210297e-16,886.0
Tuolumne,2018,10,78,8.73102564102564,28.0,0,96.0,2553.0,3.1927083333333335,-0.8660254037844386,0.5000000000000001,909.0
Tuolumne,2018,11,28,14.913571428571428,9.0,0,78.0,96.0,8.73102564102564,-0.5000000000000004,0.8660254037844384,67.33333333333333
Tuolumne,2018,12,9,1.9366666666666663,26.0,0,28.0,78.0,14.913571428571428,-2.4492935982947064e-16,1.0,38.333333333333336
Tuolumne,2019,1,26,7.641923076923077,5.0,0,9.0,28.0,1.9366666666666663,0.49999999999999994,0.8660254037844387,21.0
Tuolumne,2019,4,5,2.774,7.0,0,26.0,9.0,7.641923076923077,0.8660254037844387,-0.49999999999999983,13.333333333333334
Tuolumne,2019,5,7,4.734285714285714,2.0,0,5.0,26.0,2.774,0.49999999999999994,-0.8660254037844387,12.666666666666666
Tuolumne,2019,6,2,5.68,6.0,0,7.0,5.0,4.734285714285714,1.2246467991473532e-16,-1.0,4.666666666666667
Tuolumne,2019,7,6,16.686666666666664,10.0,0,2.0,7.0,5.68,-0.4999999999999998,-0.8660254037844388,5.0
Tuolumne,2019,8,10,1.837,92.0,1,6.0,2.0,16.686666666666664,-0.8660254037844384,-0.5000000000000004,6.0
Tuolumne,2019,9,92,6.2177173913043475,31.0,0,10.0,6.0,1.837,-1.0,-1.8369701987210297e-16,36.0
Tuolumne,2019,10,31,6.59741935483871,19.0,0,92.0,10.0,6.2177173913043475,-0.8660254037844386,0.5000000000000001,44.333333333333336
Tuolumne,2019,11,19,5.656315789473684,34.0,0,31.0,92.0,6.59741935483871,-0.5000000000000004,0.8660254037844384,47.333333333333336
Tuolumne,2019,12,34,14.418823529411766,232.0,1,19.0,31.0,5.656315789473684,-2.4492935982947064e-16,1.0,28.0
Tuolumne,2020,1,232,31.075258620689656,26.0,0,34.0,19.0,14.418823529411766,0.49999999999999994,0.8660254037844387,95.0
Tuolumne,2020,2,26,4.370384615384615,28.0,0,232.0,34.0,31.075258620689656,0.8660254037844386,0.5000000000000001,97.33333333333333
Tuolumne,2020,3,28,9.732857142857144,1.0,0,26.0,232.0,4.370384615384615,1.0,6.123233995736766e-17,95.33333333333333
Tuolumne,2020,5,1,2.87,7.0,0,28.0,26.0,9.732857142857144,0.49999999999999994,-0.8660254037844387,18.333333333333332
Tuolumne,2020,7,7,6.452857142857143,256.0,1,1.0,28.0,2.87,-0.4999999999999998,-0.8660254037844388,12.0
Tuolumne,2020,8,256,6.0220703125,347.0,1,7.0,1.0,6.452857142857143,-0.8660254037844384,-0.5000000000000004,88.0
Tuolumne,2020,9,347,2.7270028818443803,209.0,1,256.0,7.0,6.0220703125,-1.0,-1.8369701987210297e-16,203.33333333333334
Tuolumne,2020,10,209,3.1685645933014355,23.0,0,347.0,256.0,2.7270028818443803,-0.8660254037844386,0.5000000000000001,270.6666666666667
Tuolumne,2020,11,23,1.2917391304347827,18.0,0,209.0,347.0,3.1685645933014355,-0.5000000000000004,0.8660254037844384,193.0
Ventura,2015,3,40,3.8675,20.0,0,26.0,16.0,3.9192307692307695,1.0,6.123233995736766e-17,27.333333333333332
Ventura,2015,4,20,1.4775,7.0,0,40.0,26.0,3.8675,0.8660254037844387,-0.49999999999999983,28.666666666666668
Ventura,2015,5,7,1.2157142857142855,27.0,0,20.0,40.0,1.4775,0.49999999999999994,-0.8660254037844387,22.333333333333332
Ventura,2015,6,27,33.93592592592592,17.0,0,7.0,20.0,1.2157142857142855,1.2246467991473532e-16,-1.0,18.0
Ventura,2015,7,17,3.383529411764706,30.0,0,27.0,7.0,33.93592592592592,-0.4999999999999998,-0.8660254037844388,17.0
Ventura,2015,8,30,17.564,21.0,0,17.0,27.0,3.383529411764706,-0.8660254037844384,-0.5000000000000004,24.666666666666668
Ventura,2015,9,21,0.5528571428571428,31.0,0,30.0,17.0,17.564,-1.0,-1.8369701987210297e-16,22.666666666666668
Ventura,2015,10,31,0.5851612903225807,28.0,0,21.0,30.0,0.5528571428571428,-0.8660254037844386,0.5000000000000001,27.333333333333332
Ventura,2015,11,28,1.9542857142857144,46.0,1,31.0,21.0,0.5851612903225807,-0.5000000000000004,0.8660254037844384,26.666666666666668
Ventura,2015,12,46,32.62282608695652,11.0,0,28.0,31.0,1.9542857142857144,-2.4492935982947064e-16,1.0,35.0
Ventura,2016,1,11,2.022727272727273,28.0,0,46.0,28.0,32.62282608695652,0.49999999999999994,0.8660254037844387,28.333333333333332
Ventura,2016,2,28,1.952142857142857,11.0,0,11.0,46.0,2.022727272727273,0.8660254037844386,0.5000000000000001,28.333333333333332
Ventura,2016,3,11,1.6481818181818182,19.0,0,28.0,11.0,1.952142857142857,1.0,6.123233995736766e-17,16.666666666666668
Ventura,2016,4,19,3.848947368421052,10.0,0,11.0,28.0,1.6481818181818182,0.8660254037844387,-0.49999999999999983,19.333333333333332
Ventura,2016,5,10,13.028,21.0,0,19.0,11.0,3.848947368421052,0.49999999999999994,-0.8660254037844387,13.333333333333334
Ventura,2016,6,21,9.142857142857142,299.0,1,10.0,19.0,13.028,1.2246467991473532e-16,-1.0,16.666666666666668
Ventura,2016,7,299,10.567023411371236,26.0,0,21.0,10.0,9.142857142857142,-0.4999999999999998,-0.8660254037844388,110.0
Ventura,2016,8,26,0.4526923076923076,13.0,0,299.0,21.0,10.567023411371236,-0.8660254037844384,-0.5000000000000004,115.33333333333333
Ventura,2016,9,13,0.5853846153846154,16.0,0,26.0,299.0,0.4526923076923076,-1.0,-1.8369701987210297e-16,112.66666666666667
Ventura,2016,10,16,0.655625,14.0,0,13.0,26.0,0.5853846153846154,-0.8660254037844386,0.5000000000000001,18.333333333333332
Ventura,2016,11,14,0.4907142857142857,6.0,0,16.0,13.0,0.655625,-0.5000000000000004,0.8660254037844384,14.333333333333334
Ventura,2016,12,6,0.6583333333333333,20.0,0,14.0,16.0,0.4907142857142857,-2.4492935982947064e-16,1.0,12.0
Ventura,2017,1,20,6.5585,19.0,0,6.0,14.0,0.6583333333333333,0.49999999999999994,0.8660254037844387,13.333333333333334
Ventura,2017,2,19,7.503157894736842,28.0,0,20.0,6.0,6.5585,0.8660254037844386,0.5000000000000001,15.0
Ventura,2017,3,28,3.226785714285714,22.0,0,19.0,20.0,7.503157894736842,1.0,6.123233995736766e-17,22.333333333333332
Ventura,2017,4,22,4.6068181818181815,17.0,0,28.0,19.0,3.226785714285714,0.8660254037844387,-0.49999999999999983,23.0
Ventura,2017,5,17,11.464117647058824,18.0,0,22.0,28.0,4.6068181818181815,0.49999999999999994,-0.8660254037844387,22.333333333333332
Ventura,2017,6,18,1.5033333333333334,25.0,0,17.0,22.0,11.464117647058824,1.2246467991473532e-16,-1.0,19.0
Ventura,2017,7,25,2.5156,13.0,0,18.0,17.0,1.5033333333333334,-0.4999999999999998,-0.8660254037844388,20.0
Ventura,2017,8,13,0.4876923076923077,13.0,0,25.0,18.0,2.5156,-0.8660254037844384,-0.5000000000000004,18.666666666666668
Ventura,2017,9,13,0.7023076923076922,23.0,0,13.0,25.0,0.4876923076923077,-1.0,-1.8369701987210297e-16,17.0
Ventura,2017,10,23,5.80304347826087,7.0,0,13.0,13.0,0.7023076923076922,-0.8660254037844386,0.5000000000000001,16.333333333333332
Ventura,2017,11,7,0.66,7646.0,1,23.0,13.0,5.80304347826087,-0.5000000000000004,0.8660254037844384,14.333333333333334
Ventura,2017,12,7646,31.008412241695005,22.0,0,7.0,23.0,0.66,-2.4492935982947064e-16,1.0,2558.6666666666665
Ventura,2018,1,22,2.514090909090909,23.0,0,7646.0,7.0,31.008412241695005,0.49999999999999994,0.8660254037844387,2558.3333333333335
Ventura,2018,2,23,2.8278260869565215,9.0,0,22.0,7646.0,2.514090909090909,0.8660254037844386,0.5000000000000001,2563.6666666666665
Ventura,2018,3,9,1.0566666666666666,26.0,0,23.0,22.0,2.8278260869565215,1.0,6.123233995736766e-17,18.0
Ventura,2018,4,26,1.705769230769231,14.0,0,9.0,23.0,1.0566666666666666,0.8660254037844387,-0.49999999999999983,19.333333333333332
Ventura,2018,5,14,15.924285714285714,19.0,0,26.0,9.0,1.705769230769231,0.49999999999999994,-0.8660254037844387,16.333333333333332
Ventura,2018,6,19,3.4478947368421053,11.0,0,14.0,26.0,15.924285714285714,1.2246467991473532e-16,-1.0,19.666666666666668
Ventura,2018,7,11,1.708181818181818,14.0,0,19.0,14.0,3.4478947368421053,-0.4999999999999998,-0.8660254037844388,14.666666666666666
Ventura,2018,8,14,0.5742857142857142,16.0,0,11.0,19.0,1.708181818181818,-0.8660254037844384,-0.5000000000000004,14.666666666666666
Ventura,2018,9,16,5.3549999999999995,17.0,0,14.0,11.0,0.5742857142857142,-1.0,-1.8369701987210297e-16,13.666666666666666
Ventura,2018,10,17,1.371764705882353,766.0,1,16.0,14.0,5.3549999999999995,-0.8660254037844386,0.5000000000000001,15.666666666666666
Ventura,2018,11,766,23.561409921671014,34.0,0,17.0,16.0,1.371764705882353,-0.5000000000000004,0.8660254037844384,266.3333333333333
Ventura,2018,12,34,4.330588235294118,36.0,0,766.0,17.0,23.561409921671014,-2.4492935982947064e-16,1.0,272.3333333333333
Ventura,2019,1,36,4.0025,9.0,0,34.0,766.0,4.330588235294118,0.49999999999999994,0.8660254037844387,278.6666666666667
Ventura,2019,2,9,2.9244444444444446,16.0,0,36.0,34.0,4.0025,0.8660254037844386,0.5000000000000001,26.333333333333332
Ventura,2019,3,16,2.425,16.0,0,9.0,36.0,2.9244444444444446,1.0,6.123233995736766e-17,20.333333333333332
Ventura,2019,4,16,1.134375,18.0,0,16.0,9.0,2.425,0.8660254037844387,-0.49999999999999983,13.666666666666666
Ventura,2019,5,18,20.46277777777778,8.0,0,16.0,16.0,1.134375,0.49999999999999994,-0.8660254037844387,16.666666666666668
Ventura,2019,6,8,0.4325,30.0,0,18.0,16.0,20.46277777777778,1.2246467991473532e-16,-1.0,14.0
Ventura,2019,7,30,4.698999999999999,31.0,0,8.0,18.0,0.4325,-0.4999999999999998,-0.8660254037844388,18.666666666666668
Ventura,2019,8,31,1.3612903225806452,23.0,0,30.0,8.0,4.698999999999999,-0.8660254037844384,-0.5000000000000004,23.0
Ventura,2019,9,23,1.1143478260869564,47.0,1,31.0,30.0,1.3612903225806452,-1.0,-1.8369701987210297e-16,28.0
Ventura,2019,10,47,4.567021276595745,157.0,1,23.0,31.0,1.1143478260869564,-0.8660254037844386,0.5000000000000001,33.666666666666664
Ventura,2019,11,157,9.526433121019108,14.0,0,47.0,23.0,4.567021276595745,-0.5000000000000004,0.8660254037844384,75.66666666666667
Ventura,2019,12,14,4.298571428571429,31.0,0,157.0,47.0,9.526433121019108,-2.4492935982947064e-16,1.0,72.66666666666667
Ventura,2020,1,31,4.188709677419355,27.0,0,14.0,157.0,4.298571428571429,0.49999999999999994,0.8660254037844387,67.33333333333333
Ventura,2020,2,27,4.583333333333333,17.0,0,31.0,14.0,4.188709677419355,0.8660254037844386,0.5000000000000001,24.0
Ventura,2020,3,17,2.0811764705882356,14.0,0,27.0,31.0,4.583333333333333,1.0,6.123233995736766e-17,25.0
Ventura,2020,4,14,2.3792857142857144,37.0,0,17.0,27.0,2.0811764705882356,0.8660254037844387,-0.49999999999999983,19.333333333333332
Ventura,2020,5,37,5.081621621621621,36.0,0,14.0,17.0,2.3792857142857144,0.49999999999999994,-0.8660254037844387,22.666666666666668
Ventura,2020,6,36,2.318888888888889,38.0,0,37.0,14.0,5.081621621621621,1.2246467991473532e-16,-1.0,29.0
Ventura,2020,7,38,3.1276315789473688,43.0,0,36.0,37.0,2.318888888888889,-0.4999999999999998,-0.8660254037844388,37.0
Ventura,2020,8,43,3.127441860465116,34.0,0,38.0,36.0,3.1276315789473688,-0.8660254037844384,-0.5000000000000004,39.0
Ventura,2020,9,34,0.7020588235294118,24.0,0,43.0,38.0,3.127441860465116,-1.0,-1.8369701987210297e-16,38.333333333333336
Ventura,2020,10,24,1.025,43.0,0,34.0,43.0,0.7020588235294118,-0.8660254037844386,0.5000000000000001,33.666666666666664
Ventura,2020,11,43,2.701395348837209,39.0,0,24.0,34.0,1.025,-0.5000000000000004,0.8660254037844384,33.666666666666664
Yolo,2015,3,17,7.562941176470588,1.0,0,16.0,16.0,4.050625,1.0,6.123233995736766e-17,16.333333333333332
Yolo,2015,4,1,3.97,2.0,0,17.0,16.0,7.562941176470588,0.8660254037844387,-0.49999999999999983,11.333333333333334
Yolo,2015,5,2,3.99,4.0,0,1.0,17.0,3.97,0.49999999999999994,-0.8660254037844387,6.666666666666667
Yolo,2015,6,4,8.5625,94.0,1,2.0,1.0,3.99,1.2246467991473532e-16,-1.0,2.3333333333333335
Yolo,2015,7,94,20.242978723404253,150.0,1,4.0,2.0,8.5625,-0.4999999999999998,-0.8660254037844388,33.333333333333336
Yolo,2015,8,150,28.3888,6.0,0,94.0,4.0,20.242978723404253,-0.8660254037844384,-0.5000000000000004,82.66666666666667
Yolo,2015,9,6,5.59,23.0,0,150.0,94.0,28.3888,-1.0,-1.8369701987210297e-16,83.33333333333333
Yolo,2015,10,23,4.008260869565217,24.0,0,6.0,150.0,5.59,-0.8660254037844386,0.5000000000000001,59.666666666666664
Yolo,2015,11,24,3.20375,12.0,0,23.0,6.0,4.008260869565217,-0.5000000000000004,0.8660254037844384,17.666666666666668
Yolo,2015,12,12,3.456666666666667,1.0,0,24.0,23.0,3.20375,-2.4492935982947064e-16,1.0,19.666666666666668
Yolo,2016,1,1,0.69,18.0,0,12.0,24.0,3.456666666666667,0.49999999999999994,0.8660254037844387,12.333333333333334
Yolo,2016,2,18,4.536111111111111,11.0,0,1.0,12.0,0.69,0.8660254037844386,0.5000000000000001,10.333333333333334
Yolo,2016,3,11,9.47090909090909,3.0,0,18.0,1.0,4.536111111111111,1.0,6.123233995736766e-17,10.0
Yolo,2016,4,3,6.45,4.0,0,11.0,18.0,9.47090909090909,0.8660254037844387,-0.49999999999999983,10.666666666666666
Yolo,2016,5,4,3.9225,4.0,0,3.0,11.0,6.45,0.49999999999999994,-0.8660254037844387,6.0
Yolo,2016,6,4,6.1850000000000005,9.0,0,4.0,3.0,3.9225,1.2246467991473532e-16,-1.0,3.6666666666666665
Yolo,2016,7,9,5.732222222222223,129.0,1,4.0,4.0,6.1850000000000005,-0.4999999999999998,-0.8660254037844388,5.666666666666667
Yolo,2016,8,129,5.384496124031008,19.0,0,9.0,4.0,5.732222222222223,-0.8660254037844384,-0.5000000000000004,47.333333333333336
Yolo,2016,9,19,4.846842105263158,24.0,0,129.0,9.0,5.384496124031008,-1.0,-1.8369701987210297e-16,52.333333333333336
Yolo,2016,10,24,5.38,16.0,0,19.0,129.0,4.846842105263158,-0.8660254037844386,0.5000000000000001,57.333333333333336
Yolo,2016,11,16,8.880625,4.0,0,24.0,19.0,5.38,-0.5000000000000004,0.8660254037844384,19.666666666666668
Yolo,2016,12,4,3.8575,1.0,0,16.0,24.0,8.880625,-2.4492935982947064e-16,1.0,14.666666666666666
Yolo,2017,2,1,5.41,13.0,0,4.0,16.0,3.8575,0.8660254037844386,0.5000000000000001,7.0
Yolo,2017,3,13,7.351538461538462,5.0,0,1.0,4.0,5.41,1.0,6.123233995736766e-17,6.0
Yolo,2017,4,5,1.7719999999999998,13.0,0,13.0,1.0,7.351538461538462,0.8660254037844387,-0.49999999999999983,6.333333333333333
Yolo,2017,5,13,5.274615384615386,13.0,0,5.0,13.0,1.7719999999999998,0.49999999999999994,-0.8660254037844387,10.333333333333334
Yolo,2017,6,13,7.851538461538461,51.0,1,13.0,5.0,5.274615384615386,1.2246467991473532e-16,-1.0,10.333333333333334
Yolo,2017,7,51,6.354509803921569,38.0,0,13.0,13.0,7.851538461538461,-0.4999999999999998,-0.8660254037844388,25.666666666666668
Yolo,2017,8,38,6.959736842105264,20.0,0,51.0,13.0,6.354509803921569,-0.8660254037844384,-0.5000000000000004,34.0
Yolo,2017,9,20,7.135,30.0,0,38.0,51.0,6.959736842105264,-1.0,-1.8369701987210297e-16,36.333333333333336
Yolo,2017,10,30,7.518,26.0,0,20.0,38.0,7.135,-0.8660254037844386,0.5000000000000001,29.333333333333332
Yolo,2017,11,26,4.869230769230769,10.0,0,30.0,20.0,7.518,-0.5000000000000004,0.8660254037844384,25.333333333333332
Yolo,2017,12,10,2.622,9.0,0,26.0,30.0,4.869230769230769,-2.4492935982947064e-16,1.0,22.0
Yolo,2018,1,9,6.045555555555556,30.0,0,10.0,26.0,2.622,0.49999999999999994,0.8660254037844387,15.0
Yolo,2018,2,30,3.292333333333333,13.0,0,9.0,10.0,6.045555555555556,0.8660254037844386,0.5000000000000001,16.333333333333332
Yolo,2018,3,13,3.835384615384615,15.0,0,30.0,9.0,3.292333333333333,1.0,6.123233995736766e-17,17.333333333333332
Yolo,2018,4,15,3.8513333333333337,4.0,0,13.0,30.0,3.835384615384615,0.8660254037844387,-0.49999999999999983,19.333333333333332
Yolo,2018,5,4,2.9025,7.0,0,15.0,13.0,3.8513333333333337,0.49999999999999994,-0.8660254037844387,10.666666666666666
Yolo,2018,6,7,6.942857142857143,1446.0,1,4.0,15.0,2.9025,1.2246467991473532e-16,-1.0,8.666666666666666
Yolo,2018,7,1446,19.40765560165975,6.0,0,7.0,4.0,6.942857142857143,-0.4999999999999998,-0.8660254037844388,485.6666666666667
Yolo,2018,8,6,5.1883333333333335,37.0,0,1446.0,7.0,19.40765560165975,-0.8660254037844384,-0.5000000000000004,486.3333333333333
Yolo,2018,9,37,9.662432432432432,42.0,0,6.0,1446.0,5.1883333333333335,-1.0,-1.8369701987210297e-16,496.3333333333333
Yolo,2018,10,42,8.427380952380952,8.0,0,37.0,6.0,9.662432432432432,-0.8660254037844386,0.5000000000000001,28.333333333333332
Yolo,2018,11,8,10.6225,14.0,0,42.0,37.0,8.427380952380952,-0.5000000000000004,0.8660254037844384,29.0
Yolo,2018,12,14,4.481428571428571,5.0,0,8.0,42.0,10.6225,-2.4492935982947064e-16,1.0,21.333333333333332
Yolo,2019,1,5,4.686,8.0,0,14.0,8.0,4.481428571428571,0.49999999999999994,0.8660254037844387,9.0
Yolo,2019,2,8,4.78375,6.0,0,5.0,14.0,4.686,0.8660254037844386,0.5000000000000001,9.0
Yolo,2019,3,6,3.581666666666667,31.0,0,8.0,5.0,4.78375,1.0,6.123233995736766e-17,6.333333333333333
Yolo,2019,4,31,6.674838709677419,13.0,0,6.0,8.0,3.581666666666667,0.8660254037844387,-0.49999999999999983,15.0
Yolo,2019,5,13,3.5615384615384613,40.0,0,31.0,6.0,6.674838709677419,0.49999999999999994,-0.8660254037844387,16.666666666666668
Yolo,2019,6,40,7.29825,16.0,0,13.0,31.0,3.5615384615384613,1.2246467991473532e-16,-1.0,28.0
Yolo,2019,7,16,7.235,5.0,0,40.0,13.0,7.29825,-0.4999999999999998,-0.8660254037844388,23.0
Yolo,2019,8,5,3.656,12.0,0,16.0,40.0,7.235,-0.8660254037844384,-0.5000000000000004,20.333333333333332
Yolo,2019,9,12,6.232499999999999,19.0,0,5.0,16.0,3.656,-1.0,-1.8369701987210297e-16,11.0
Yolo,2019,10,19,5.091578947368421,57.0,1,12.0,5.0,6.232499999999999,-0.8660254037844386,0.5000000000000001,12.0
Yolo,2019,11,57,10.151754385964912,2.0,0,19.0,12.0,5.091578947368421,-0.5000000000000004,0.8660254037844384,29.333333333333332
Yolo,2019,12,2,2.77,14.0,0,57.0,19.0,10.151754385964912,-2.4492935982947064e-16,1.0,26.0
Yolo,2020,1,14,4.345714285714286,71.0,1,2.0,57.0,2.77,0.49999999999999994,0.8660254037844387,24.333333333333332
Yolo,2020,2,71,4.942112676056338,37.0,0,14.0,2.0,4.345714285714286,0.8660254037844386,0.5000000000000001,29.0
Yolo,2020,3,37,3.5256756756756755,24.0,0,71.0,14.0,4.942112676056338,1.0,6.123233995736766e-17,40.666666666666664
Yolo,2020,4,24,4.6554166666666665,6.0,0,37.0,71.0,3.5256756756756755,0.8660254037844387,-0.49999999999999983,44.0
Yolo,2020,5,6,5.838333333333334,10.0,0,24.0,37.0,4.6554166666666665,0.49999999999999994,-0.8660254037844387,22.333333333333332
Yolo,2020,6,10,10.02,33.0,0,6.0,24.0,5.838333333333334,1.2246467991473532e-16,-1.0,13.333333333333334
Yolo,2020,7,33,8.341212121212122,1683.0,1,10.0,6.0,10.02,-0.4999999999999998,-0.8660254037844388,16.333333333333332
Yolo,2020,8,1683,17.705531788472964,15.0,0,33.0,10.0,8.341212121212122,-0.8660254037844384,-0.5000000000000004,575.3333333333334
Yolo,2020,10,15,17.86,85.0,1,1683.0,33.0,17.705531788472964,-0.8660254037844386,0.5000000000000001,577.0
Yolo,2020,11,85,6.341176470588235,45.0,0,15.0,1683.0,17.86,-0.5000000000000004,0.8660254037844384,594.3333333333334
Yuba,2015,3,18,4.827222222222222,5.0,0,4.0,6.0,4.2524999999999995,1.0,6.123233995736766e-17,9.333333333333334
Yuba,2015,4,5,6.35,4.0,0,18.0,4.0,4.827222222222222,0.8660254037844387,-0.49999999999999983,9.0
Yuba,2015,5,4,5.3075,15.0,0,5.0,18.0,6.35,0.49999999999999994,-0.8660254037844387,9.0
Yuba,2015,6,15,35.768,6.0,0,4.0,5.0,5.3075,1.2246467991473532e-16,-1.0,8.0
Yuba,2015,7,6,1.6333333333333335,13.0,0,15.0,4.0,35.768,-0.4999999999999998,-0.8660254037844388,8.333333333333334
Yuba,2015,8,13,27.553846153846152,24.0,0,6.0,15.0,1.6333333333333335,-0.8660254037844384,-0.5000000000000004,11.333333333333334
Yuba,2015,9,24,5.887083333333333,34.0,0,13.0,6.0,27.553846153846152,-1.0,-1.8369701987210297e-16,14.333333333333334
Yuba,2015,10,34,9.221764705882354,23.0,0,24.0,13.0,5.887083333333333,-0.8660254037844386,0.5000000000000001,23.666666666666668
Yuba,2015,11,23,9.503913043478262,3.0,0,34.0,24.0,9.221764705882354,-0.5000000000000004,0.8660254037844384,27.0
Yuba,2015,12,3,2.6233333333333335,7.0,0,23.0,34.0,9.503913043478262,-2.4492935982947064e-16,1.0,20.0
Yuba,2016,1,7,1.7714285714285716,1.0,0,3.0,23.0,2.6233333333333335,0.49999999999999994,0.8660254037844387,11.0
Yuba,2016,2,1,2.32,8.0,0,7.0,3.0,1.7714285714285716,0.8660254037844386,0.5000000000000001,3.6666666666666665
Yuba,2016,3,8,6.1775,9.0,0,1.0,7.0,2.32,1.0,6.123233995736766e-17,5.333333333333333
Yuba,2016,4,9,8.405555555555557,15.0,0,8.0,1.0,6.1775,0.8660254037844387,-0.49999999999999983,6.0
Yuba,2016,5,15,6.227333333333333,2.0,0,9.0,8.0,8.405555555555557,0.49999999999999994,-0.8660254037844387,10.666666666666666
Yuba,2016,6,2,3.21,4.0,0,15.0,9.0,6.227333333333333,1.2246467991473532e-16,-1.0,8.666666666666666
Yuba,2016,7,4,8.035,8.0,0,2.0,15.0,3.21,-0.4999999999999998,-0.8660254037844388,7.0
Yuba,2016,8,8,4.29,32.0,0,4.0,2.0,8.035,-0.8660254037844384,-0.5000000000000004,4.666666666666667
Yuba,2016,9,32,10.6421875,30.0,0,8.0,4.0,4.29,-1.0,-1.8369701987210297e-16,14.666666666666666
Yuba,2016,10,30,7.932333333333333,26.0,0,32.0,8.0,10.6421875,-0.8660254037844386,0.5000000000000001,23.333333333333332
Yuba,2016,11,26,5.1911538461538465,1.0,0,30.0,32.0,7.932333333333333,-0.5000000000000004,0.8660254037844384,29.333333333333332
Yuba,2016,12,1,5.26,1.0,0,26.0,30.0,5.1911538461538465,-2.4492935982947064e-16,1.0,19.0
Yuba,2017,2,1,2.15,5.0,0,1.0,26.0,5.26,0.8660254037844386,0.5000000000000001,9.333333333333334
Yuba,2017,3,5,2.854,1.0,0,1.0,1.0,2.15,1.0,6.123233995736766e-17,2.3333333333333335
Yuba,2017,4,1,1.58,12.0,0,5.0,1.0,2.854,0.8660254037844387,-0.49999999999999983,2.3333333333333335
Yuba,2017,5,12,8.714166666666666,4.0,0,1.0,5.0,1.58,0.49999999999999994,-0.8660254037844387,6.0
Yuba,2017,6,4,2.705,16.0,0,12.0,1.0,8.714166666666666,1.2246467991473532e-16,-1.0,5.666666666666667
Yuba,2017,7,16,4.45,21.0,0,4.0,12.0,2.705,-0.4999999999999998,-0.8660254037844388,10.666666666666666
Yuba,2017,8,21,11.567619047619049,21.0,0,16.0,4.0,4.45,-0.8660254037844384,-0.5000000000000004,13.666666666666666
Yuba,2017,9,21,7.2004761904761905,364.0,1,21.0,16.0,11.567619047619049,-1.0,-1.8369701987210297e-16,19.333333333333332
Yuba,2017,10,364,14.370384615384614,19.0,0,21.0,21.0,7.2004761904761905,-0.8660254037844386,0.5000000000000001,135.33333333333334
Yuba,2017,11,19,5.688421052631579,7.0,0,364.0,21.0,14.370384615384614,-0.5000000000000004,0.8660254037844384,134.66666666666666
Yuba,2017,12,7,5.724285714285714,5.0,0,19.0,364.0,5.688421052631579,-2.4492935982947064e-16,1.0,130.0
Yuba,2018,1,5,3.276,8.0,0,7.0,19.0,5.724285714285714,0.49999999999999994,0.8660254037844387,10.333333333333334
Yuba,2018,2,8,2.10875,6.0,0,5.0,7.0,3.276,0.8660254037844386,0.5000000000000001,6.666666666666667
Yuba,2018,3,6,3.078333333333333,33.0,0,8.0,5.0,2.10875,1.0,6.123233995736766e-17,6.333333333333333
Yuba,2018,4,33,7.0148484848484856,4.0,0,6.0,8.0,3.078333333333333,0.8660254037844387,-0.49999999999999983,15.666666666666666
Yuba,2018,5,4,3.25,13.0,0,33.0,6.0,7.0148484848484856,0.49999999999999994,-0.8660254037844387,14.333333333333334
Yuba,2018,6,13,4.280769230769231,6.0,0,4.0,33.0,3.25,1.2246467991473532e-16,-1.0,16.666666666666668
Yuba,2018,7,6,4.873333333333334,12.0,0,13.0,4.0,4.280769230769231,-0.4999999999999998,-0.8660254037844388,7.666666666666667
Yuba,2018,8,12,7.206666666666666,51.0,1,6.0,13.0,4.873333333333334,-0.8660254037844384,-0.5000000000000004,10.333333333333334
Yuba,2018,9,51,11.300196078431371,50.0,1,12.0,6.0,7.206666666666666,-1.0,-1.8369701987210297e-16,23.0
Yuba,2018,10,50,6.4914,8.0,0,51.0,12.0,11.300196078431371,-0.8660254037844386,0.5000000000000001,37.666666666666664
Yuba,2018,11,8,4.9775,10.0,0,50.0,51.0,6.4914,-0.5000000000000004,0.8660254037844384,36.333333333333336
Yuba,2018,12,10,4.215999999999999,2.0,0,8.0,50.0,4.9775,-2.4492935982947064e-16,1.0,22.666666666666668
Yuba,2019,1,2,1.525,1.0,0,10.0,8.0,4.215999999999999,0.49999999999999994,0.8660254037844387,6.666666666666667
Yuba,2019,2,1,4.68,21.0,0,2.0,10.0,1.525,0.8660254037844386,0.5000000000000001,4.333333333333333
Yuba,2019,3,21,6.292380952380953,46.0,1,1.0,2.0,4.68,1.0,6.123233995736766e-17,8.0
Yuba,2019,4,46,4.092391304347826,12.0,0,21.0,1.0,6.292380952380953,0.8660254037844387,-0.49999999999999983,22.666666666666668
Yuba,2019,5,12,4.161666666666666,10.0,0,46.0,21.0,4.092391304347826,0.49999999999999994,-0.8660254037844387,26.333333333333332
Yuba,2019,6,10,20.05,1.0,0,12.0,46.0,4.161666666666666,1.2246467991473532e-16,-1.0,22.666666666666668
Yuba,2019,7,1,2.53,16.0,0,10.0,12.0,20.05,-0.4999999999999998,-0.8660254037844388,7.666666666666667
Yuba,2019,8,16,8.065625,18.0,0,1.0,10.0,2.53,-0.8660254037844384,-0.5000000000000004,9.0
Yuba,2019,9,18,6.318333333333333,41.0,0,16.0,1.0,8.065625,-1.0,-1.8369701987210297e-16,11.666666666666666
Yuba,2019,10,41,5.078048780487805,30.0,0,18.0,16.0,6.318333333333333,-0.8660254037844386,0.5000000000000001,25.0
Yuba,2019,11,30,6.957666666666666,13.0,0,41.0,18.0,5.078048780487805,-0.5000000000000004,0.8660254037844384,29.666666666666668
Yuba,2019,12,13,4.883846153846154,3.0,0,30.0,41.0,6.957666666666666,-2.4492935982947064e-16,1.0,28.0
Yuba,2020,1,3,4.57,35.0,0,13.0,30.0,4.883846153846154,0.49999999999999994,0.8660254037844387,15.333333333333334
Yuba,2020,2,35,5.376571428571428,49.0,1,3.0,13.0,4.57,0.8660254037844386,0.5000000000000001,17.0
Yuba,2020,3,49,6.307346938775511,34.0,0,35.0,3.0,5.376571428571428,1.0,6.123233995736766e-17,29.0
Yuba,2020,4,34,6.882941176470588,28.0,0,49.0,35.0,6.307346938775511,0.8660254037844387,-0.49999999999999983,39.333333333333336
Yuba,2020,5,28,9.55642857142857,15.0,0,34.0,49.0,6.882941176470588,0.49999999999999994,-0.8660254037844387,37.0
Yuba,2020,6,15,8.426,12.0,0,28.0,34.0,9.55642857142857,1.2246467991473532e-16,-1.0,25.666666666666668
Yuba,2020,7,12,5.645833333333333,5.0,0,15.0,28.0,8.426,-0.4999999999999998,-0.8660254037844388,18.333333333333332
Yuba,2020,8,5,4.192,56.0,1,12.0,15.0,5.645833333333333,-0.8660254037844384,-0.5000000000000004,10.666666666666666
Yuba,2020,9,56,11.696071428571427,44.0,0,5.0,12.0,4.192,-1.0,-1.8369701987210297e-16,24.333333333333332
Yuba,2020,10,44,9.207045454545456,52.0,1,56.0,5.0,11.696071428571427,-0.8660254037844386,0.5000000000000001,35.0
Yuba,2020,11,52,9.647884615384616,11.0,0,44.0,56.0,9.207045454545456,-0.5000000000000004,0.8660254037844384,50.666666666666664
