NAME,year,month,avg_pm25,next_month_pm25,label_next_month_pm25,pm25_lag1,pm25_lag2,pm25_rolling3,month_sin,month_cos,fire_count,avg_frp,fire_last_1,fire_last_2,frp_last_1,fire_rolling_3,label_next_month
Alameda,2015,3,8.980110459227468,7.926694165919282,0,10.360743771300449,19.21207196370968,14.786407867505064,1.0,6.123233995736766e-17,11,0.921818181818182,6.0,8.0,0.455,8.333333333333334,0
Alameda,2015,4,7.926694165919282,7.39500616532258,0,8.980110459227468,10.360743771300449,12.8509753980792,0.8660254037844387,-0.4999999999999998,12,0.6108333333333333,11.0,6.0,0.921818181818182,9.666666666666666,0
Alameda,2015,5,7.39500616532258,9.257430561403508,0,7.926694165919282,8.980110459227468,9.089182798815733,0.4999999999999999,-0.8660254037844387,10,12.705,12.0,11.0,0.6108333333333333,11.0,0
Alameda,2015,6,9.257430561403508,5.991522789473684,0,7.39500616532258,7.926694165919282,8.100603596823111,1.2246467991473532e-16,-1.0,9,0.4455555555555555,10.0,12.0,12.705,10.333333333333334,0
Alameda,2015,7,5.991522789473684,9.99693338271605,0,9.257430561403508,7.39500616532258,8.19304363088179,-0.4999999999999998,-0.8660254037844388,10,15.398,9.0,10.0,0.4455555555555555,9.666666666666666,0
Alameda,2015,8,9.99693338271605,7.9411944,0,5.991522789473684,9.257430561403508,7.5479865053999236,-0.8660254037844384,-0.5000000000000004,36,2.1683333333333334,10.0,9.0,15.398,18.333333333333332,0
Alameda,2015,9,7.9411944,7.80623233467742,0,9.99693338271605,5.991522789473684,8.415295577864415,-1.0,-1.8369701987210294e-16,12,0.41,36.0,10.0,2.1683333333333334,19.333333333333332,0
Alameda,2015,10,7.80623233467742,8.451312213043478,0,7.9411944,9.99693338271605,7.976550190729911,-0.8660254037844386,0.5000000000000001,9,0.5055555555555555,12.0,36.0,0.41,19.0,0
Alameda,2015,11,8.451312213043478,8.238377489878543,0,7.80623233467742,7.9411944,8.58145337246449,-0.5000000000000004,0.8660254037844384,7,2.2114285714285713,9.0,12.0,0.5055555555555555,9.333333333333334,0
Alameda,2015,12,8.238377489878543,7.957035359649123,0,8.451312213043478,7.80623233467742,8.066246315906966,-2.4492935982947064e-16,1.0,3,0.68,7.0,9.0,2.2114285714285713,6.333333333333333,0
Alameda,2016,2,9.464466193965515,5.827590286290323,0,7.957035359649123,8.238377489878543,8.215575020857047,0.8660254037844386,0.5000000000000001,6,0.6016666666666667,3.0,7.0,0.68,5.333333333333333,0
Alameda,2016,3,5.827590286290323,7.090990829166667,0,9.464466193965515,7.957035359649123,8.553293014497727,1.0,6.123233995736766e-17,6,1.3133333333333332,6.0,3.0,0.6016666666666667,5.0,0
Alameda,2016,4,7.090990829166667,7.895722630081301,0,5.827590286290323,9.464466193965515,7.749697279968321,0.8660254037844387,-0.4999999999999998,5,0.5740000000000001,6.0,6.0,1.3133333333333332,5.666666666666667,0
Alameda,2016,5,7.895722630081301,8.465073433333334,0,7.090990829166667,5.827590286290323,7.4610157698075,0.4999999999999999,-0.8660254037844387,3,0.52,5.0,6.0,0.5740000000000001,4.666666666666667,0
Alameda,2016,6,8.465073433333334,6.8502323441558435,0,7.895722630081301,7.090990829166667,6.938101248512763,1.2246467991473532e-16,-1.0,15,1.5306666666666666,3.0,5.0,0.52,7.666666666666667,0
Alameda,2016,7,6.8502323441558435,6.658694235099338,0,8.465073433333334,7.895722630081301,7.8172622975271,-0.4999999999999998,-0.8660254037844388,22,5.954090909090908,15.0,3.0,1.5306666666666666,13.333333333333334,0
Alameda,2016,8,6.658694235099338,10.156837110204082,0,6.8502323441558435,8.465073433333334,7.737009469190158,-0.8660254037844384,-0.5000000000000004,9,0.5022222222222221,22.0,15.0,5.954090909090908,15.333333333333334,0
Alameda,2016,9,10.156837110204082,5.508600321192053,0,6.658694235099338,6.8502323441558435,7.324666670862839,-1.0,-1.8369701987210294e-16,14,0.5042857142857143,9.0,22.0,0.5022222222222221,15.0,0
Alameda,2016,10,5.508600321192053,7.88770343,0,10.156837110204082,6.658694235099338,7.8885878964864204,-0.8660254037844386,0.5000000000000001,8,0.6174999999999999,14.0,9.0,0.5042857142857143,10.333333333333334,0
Alameda,2016,11,7.88770343,9.195122407942238,0,5.508600321192053,10.156837110204082,7.441377222165158,-0.5000000000000004,0.8660254037844384,5,0.678,8.0,14.0,0.6174999999999999,9.0,0
Alameda,2016,12,9.195122407942238,9.08034599661017,0,7.88770343,5.508600321192053,7.851046953798711,-2.4492935982947064e-16,1.0,4,0.7125,5.0,8.0,0.678,5.666666666666667,0
Alameda,2017,1,9.08034599661017,6.285680423357664,0,9.195122407942238,7.88770343,7.5304753863780975,0.4999999999999999,0.8660254037844387,2,0.505,4.0,5.0,0.7125,3.6666666666666665,0
Alameda,2017,2,6.285680423357664,6.697648781758957,0,9.08034599661017,9.195122407942238,8.721057278184135,0.8660254037844386,0.5000000000000001,3,0.6233333333333334,2.0,4.0,0.505,3.0,0
Alameda,2017,3,6.697648781758957,6.78465239261745,0,6.285680423357664,9.08034599661017,8.187049609303356,1.0,6.123233995736766e-17,11,0.5181818181818182,3.0,2.0,0.6233333333333334,5.333333333333333,0
Alameda,2017,4,6.78465239261745,8.053697503311257,0,6.697648781758957,6.285680423357664,7.354558400575597,0.8660254037844387,-0.4999999999999998,7,1.9,11.0,3.0,0.5181818181818182,7.0,0
Alameda,2017,5,8.053697503311257,8.220448066666666,0,6.78465239261745,6.697648781758957,6.58932719924469,0.4999999999999999,-0.8660254037844387,16,0.40375,7.0,11.0,1.9,11.333333333333334,0
Alameda,2017,6,8.220448066666666,9.424833686468649,0,8.053697503311257,6.78465239261745,7.178666225895888,1.2246467991473532e-16,-1.0,15,1.600666666666667,16.0,7.0,0.40375,12.666666666666666,0
Alameda,2017,7,9.424833686468649,10.995213326797384,0,8.220448066666666,8.053697503311257,7.686265987531791,-0.4999999999999998,-0.8660254037844388,35,0.776,15.0,16.0,1.600666666666667,22.0,0
Alameda,2017,8,10.995213326797384,14.347013166666663,1,9.424833686468649,8.220448066666666,8.566326418815525,-0.8660254037844384,-0.5000000000000004,33,7.253636363636364,35.0,15.0,0.776,27.666666666666668,0
Alameda,2017,9,14.347013166666663,16.198726055194804,1,10.995213326797384,9.424833686468649,9.5468316933109,-1.0,-1.8369701987210294e-16,21,0.7571428571428571,33.0,35.0,7.253636363636364,29.666666666666668,0
Alameda,2017,10,16.198726055194804,9.26921058,0,14.347013166666663,10.995213326797384,11.589020059977566,-0.8660254037844386,0.5000000000000001,21,0.5138095238095238,21.0,33.0,0.7571428571428571,25.0,0
Alameda,2017,11,9.26921058,18.01576432686084,1,16.198726055194804,14.347013166666663,13.846984182886285,-0.5000000000000004,0.8660254037844384,3,0.3733333333333333,21.0,21.0,0.5138095238095238,15.0,0
Alameda,2017,12,18.01576432686084,14.03310618446602,1,9.26921058,16.198726055194804,13.271649933953825,-2.4492935982947064e-16,1.0,7,0.7757142857142857,3.0,21.0,0.3733333333333333,10.333333333333334,0
Alameda,2018,1,14.03310618446602,9.355391356115108,0,18.01576432686084,9.26921058,14.49456698735188,0.4999999999999999,0.8660254037844387,1,0.64,7.0,3.0,0.7757142857142857,3.6666666666666665,0
Alameda,2018,2,9.355391356115108,7.716583762987012,0,14.03310618446602,18.01576432686084,13.772693697108954,0.8660254037844386,0.5000000000000001,12,0.8275,1.0,7.0,0.64,6.666666666666667,0
Alameda,2018,3,7.716583762987012,9.13077345480226,0,9.355391356115108,14.03310618446602,13.801420622480656,1.0,6.123233995736766e-17,14,0.5342857142857144,12.0,1.0,0.8275,9.0,0
Alameda,2018,4,9.13077345480226,8.147555862903227,0,7.716583762987012,9.355391356115108,10.368360434522714,0.8660254037844387,-0.4999999999999998,11,0.6354545454545455,14.0,12.0,0.5342857142857144,12.333333333333334,0
Alameda,2018,5,8.147555862903227,10.487333353932584,0,9.13077345480226,7.716583762987012,8.734249524634793,0.4999999999999999,-0.8660254037844387,17,9.26764705882353,11.0,14.0,0.6354545454545455,14.0,0
Alameda,2018,6,10.487333353932584,8.361539460916442,0,8.147555862903227,9.13077345480226,8.331637693564167,1.2246467991473532e-16,-1.0,13,0.4123076923076923,17.0,11.0,9.26764705882353,13.666666666666666,0
Alameda,2018,7,8.361539460916442,14.326300564864864,1,10.487333353932584,8.147555862903227,9.255220890546022,-0.4999999999999998,-0.8660254037844388,28,1.9639285714285717,13.0,17.0,0.4123076923076923,19.333333333333332,0
Alameda,2018,8,14.326300564864864,11.480326605555554,1,8.361539460916442,10.487333353932584,8.99880955925075,-0.8660254037844384,-0.5000000000000004,20,0.4445,28.0,13.0,1.9639285714285717,20.333333333333332,0
Alameda,2018,9,11.480326605555554,8.742718505747126,0,14.326300564864864,8.361539460916442,11.058391126571296,-1.0,-1.8369701987210294e-16,29,0.8124137931034482,20.0,28.0,0.4445,25.666666666666668,0
Alameda,2018,10,8.742718505747126,44.02833272413793,1,11.480326605555554,14.326300564864864,11.389388877112289,-0.8660254037844386,0.5000000000000001,26,0.5123076923076924,29.0,20.0,0.8124137931034482,25.0,0
Alameda,2018,11,44.02833272413793,8.919109695652173,0,8.742718505747126,11.480326605555554,11.516448558722516,-0.5000000000000004,0.8660254037844384,10,0.45,26.0,29.0,0.5123076923076924,21.666666666666668,0
Alameda,2018,12,8.919109695652173,9.089432983870967,0,44.02833272413793,8.742718505747126,21.417125945146875,-2.4492935982947064e-16,1.0,3,0.43,10.0,26.0,0.45,13.0,0
Alameda,2019,1,9.089432983870967,4.2776680625,0,8.919109695652173,44.02833272413793,20.56338697517908,0.4999999999999999,0.8660254037844387,7,2.5271428571428567,3.0,10.0,0.43,6.666666666666667,0
Alameda,2019,2,4.2776680625,5.280086203252033,0,9.089432983870967,8.919109695652173,20.678958467887025,0.8660254037844386,0.5000000000000001,4,0.4775,7.0,3.0,2.5271428571428567,4.666666666666667,0
Alameda,2019,3,5.280086203252033,7.271800854651163,0,4.2776680625,9.089432983870967,7.428736914007714,1.0,6.123233995736766e-17,6,0.5216666666666666,4.0,7.0,0.4775,5.666666666666667,0
Alameda,2019,4,7.271800854651163,6.348074232432433,0,5.280086203252033,4.2776680625,6.215729083207667,0.8660254037844387,-0.4999999999999998,10,0.641,6.0,4.0,0.5216666666666666,6.666666666666667,0
Alameda,2019,5,6.348074232432433,8.180202761111111,0,7.271800854651163,5.280086203252033,5.609851706801066,0.4999999999999999,-0.8660254037844387,6,0.3816666666666666,10.0,6.0,0.641,7.333333333333333,0
Alameda,2019,6,8.180202761111111,7.773801350404312,0,6.348074232432433,7.271800854651163,6.299987096778543,1.2246467991473532e-16,-1.0,17,3.385294117647059,6.0,10.0,0.3816666666666666,11.0,0
Alameda,2019,7,7.773801350404312,6.7756915164835165,0,8.180202761111111,6.348074232432433,7.266692616064902,-0.4999999999999998,-0.8660254037844388,20,3.5375,17.0,6.0,3.385294117647059,14.333333333333334,0
Alameda,2019,8,6.7756915164835165,6.27983048502994,0,7.773801350404312,8.180202761111111,7.434026114649285,-0.8660254037844384,-0.5000000000000004,19,24.968421052631577,20.0,17.0,3.5375,18.666666666666668,0
Alameda,2019,9,6.27983048502994,8.711593153424658,0,6.7756915164835165,7.773801350404312,7.57656520933298,-1.0,-1.8369701987210294e-16,21,0.7028571428571428,19.0,20.0,24.968421052631577,20.0,0
Alameda,2019,10,8.711593153424658,11.461391538888888,1,6.27983048502994,6.7756915164835165,6.943107783972589,-0.8660254037844386,0.5000000000000001,21,1.7014285714285713,21.0,19.0,0.7028571428571428,20.333333333333332,0
Alameda,2019,11,11.461391538888888,6.485112193820225,0,8.711593153424658,6.27983048502994,7.255705051646038,-0.5000000000000004,0.8660254037844384,3,0.4033333333333333,21.0,21.0,1.7014285714285713,15.0,0
Alameda,2020,1,7.3567974623655905,8.690519349854227,0,6.485112193820225,11.461391538888888,8.886032295377923,0.4999999999999999,0.8660254037844387,3,0.6133333333333333,3.0,21.0,0.4033333333333333,9.0,0
Alameda,2020,2,8.690519349854227,5.131800807692308,0,7.3567974623655905,6.485112193820225,8.434433731691568,0.8660254037844386,0.5000000000000001,5,0.532,3.0,3.0,0.6133333333333333,3.6666666666666665,0
Alameda,2020,3,5.131800807692308,5.309871283333333,0,8.690519349854227,7.3567974623655905,7.510809668680014,1.0,6.123233995736766e-17,3,0.6966666666666667,5.0,3.0,0.532,3.6666666666666665,0
Alameda,2020,4,5.309871283333333,5.88927785326087,0,5.131800807692308,8.690519349854227,7.0597058733040425,0.8660254037844387,-0.4999999999999998,10,15.771999999999997,3.0,5.0,0.6966666666666667,6.0,0
Alameda,2020,5,5.88927785326087,6.815876627777778,0,5.309871283333333,5.131800807692308,6.377397146959955,0.4999999999999999,-0.8660254037844387,8,0.50875,10.0,3.0,15.771999999999997,7.0,0
Alameda,2020,6,6.815876627777778,7.6024357388888895,0,5.88927785326087,5.309871283333333,5.443649981428837,1.2246467991473532e-16,-1.0,11,1.1581818181818182,8.0,10.0,0.50875,9.666666666666666,0
Alameda,2020,7,7.6024357388888895,16.74372567385445,1,6.815876627777778,5.88927785326087,6.005008588123992,-0.4999999999999998,-0.8660254037844388,19,3.347368421052632,11.0,8.0,1.1581818181818182,12.666666666666666,1
Alameda,2020,8,16.74372567385445,32.005523815126054,1,7.6024357388888895,6.815876627777778,6.769196739975844,-0.8660254037844384,-0.5000000000000004,981,14.061926605504588,19.0,11.0,3.347368421052632,337.0,0
Alameda,2020,9,32.005523815126054,14.731446566395665,1,16.74372567385445,7.6024357388888895,10.387346013507036,-1.0,-1.8369701987210294e-16,13,16.959230769230768,981.0,19.0,14.061926605504588,337.6666666666667,0
Alameda,2020,10,14.731446566395665,9.5610453796034,0,32.005523815126054,16.74372567385445,18.783895075956465,-0.8660254037844386,0.5000000000000001,13,0.4769230769230769,13.0,981.0,16.959230769230768,335.6666666666667,0
Alameda,2020,11,9.5610453796034,12.1213254077135,1,14.731446566395665,32.005523815126054,21.16023201845872,-0.5000000000000004,0.8660254037844384,12,0.8291666666666666,13.0,13.0,0.4769230769230769,12.666666666666666,0
Butte,2015,3,5.709677419354839,5.1,0,8.75925925925926,23.786956521739132,16.273107890499197,1.0,6.123233995736766e-17,42,8.418809523809523,11.0,5.0,5.506363636363637,19.333333333333332,0
Butte,2015,4,5.1,6.338461538461539,0,5.709677419354839,8.75925925925926,12.751964400117744,0.8660254037844387,-0.4999999999999998,25,9.7668,42.0,11.0,8.418809523809523,26.0,0
Butte,2015,5,6.338461538461539,7.461538461538462,0,5.1,5.709677419354839,6.5229788928713655,0.4999999999999999,-0.8660254037844387,12,8.104166666666666,25.0,42.0,9.7668,26.333333333333332,0
Butte,2015,6,7.461538461538462,6.23103448275862,0,6.338461538461539,5.1,5.7160463192721265,1.2246467991473532e-16,-1.0,3,15.706666666666669,12.0,25.0,8.104166666666666,13.333333333333334,0
Butte,2015,7,6.23103448275862,9.15925925925926,0,7.461538461538462,6.338461538461539,6.3,-0.4999999999999998,-0.8660254037844388,15,26.100666666666665,3.0,12.0,15.706666666666669,10.0,0
Butte,2015,8,9.15925925925926,8.52962962962963,0,6.23103448275862,7.461538461538462,6.6770114942528735,-0.8660254037844384,-0.5000000000000004,11,6.3536363636363635,15.0,3.0,26.100666666666665,9.666666666666666,1
Butte,2015,9,8.52962962962963,7.453333333333333,0,9.15925925925926,6.23103448275862,7.617277401185447,-1.0,-1.8369701987210294e-16,57,45.47,11.0,15.0,6.3536363636363635,27.666666666666668,1
Butte,2015,10,7.453333333333333,12.733333333333333,1,8.52962962962963,9.15925925925926,7.973307790549171,-0.8660254037844386,0.5000000000000001,48,10.131666666666666,57.0,11.0,45.47,38.666666666666664,0
Butte,2015,11,12.733333333333333,11.148275862068964,0,7.453333333333333,8.52962962962963,8.380740740740741,-0.5000000000000004,0.8660254037844384,27,8.514444444444443,48.0,57.0,10.131666666666666,44.0,0
Butte,2015,12,11.148275862068964,8.246666666666666,0,12.733333333333333,7.453333333333333,9.5720987654321,-2.4492935982947064e-16,1.0,5,3.8,27.0,48.0,8.514444444444443,26.666666666666668,0
Butte,2016,1,8.246666666666666,7.45,0,11.148275862068964,12.733333333333333,10.444980842911876,0.4999999999999999,0.8660254037844387,2,1.195,5.0,27.0,3.8,11.333333333333334,0
Butte,2016,2,7.45,3.5214285714285714,0,8.246666666666666,11.148275862068964,10.70942528735632,0.8660254037844386,0.5000000000000001,18,4.978888888888889,2.0,5.0,1.195,8.333333333333334,0
Butte,2016,3,3.5214285714285714,4.319999999999999,0,7.45,8.246666666666666,8.94831417624521,1.0,6.123233995736766e-17,8,2.4075,18.0,2.0,4.978888888888889,9.333333333333334,0
Butte,2016,4,4.319999999999999,4.469230769230769,0,3.5214285714285714,7.45,6.406031746031746,0.8660254037844387,-0.4999999999999998,44,6.339772727272727,8.0,18.0,2.4075,23.333333333333332,0
Butte,2016,5,4.469230769230769,5.825,0,4.319999999999999,3.5214285714285714,5.097142857142857,0.4999999999999999,-0.8660254037844387,8,6.48375,44.0,8.0,6.339772727272727,20.0,0
Butte,2016,6,5.825,8.564,0,4.469230769230769,4.319999999999999,4.103553113553113,1.2246467991473532e-16,-1.0,6,8.4,8.0,44.0,6.48375,19.333333333333332,0
Butte,2016,7,8.564,9.555172413793104,0,5.825,4.469230769230769,4.871410256410257,-0.4999999999999998,-0.8660254037844388,24,8.84,6.0,8.0,8.4,12.666666666666666,0
Butte,2016,8,9.555172413793104,11.242857142857144,1,8.564,5.825,6.286076923076923,-0.8660254037844384,-0.5000000000000004,22,9.846363636363636,24.0,6.0,8.84,17.333333333333332,1
Butte,2016,9,11.242857142857144,5.493333333333334,0,9.555172413793104,8.564,7.981390804597702,-1.0,-1.8369701987210294e-16,52,6.533461538461538,22.0,24.0,9.846363636363636,32.666666666666664,0
Butte,2016,10,5.493333333333334,8.033333333333333,0,11.242857142857144,9.555172413793104,9.787343185550084,-0.8660254037844386,0.5000000000000001,15,4.862666666666667,52.0,22.0,6.533461538461538,29.666666666666668,0
Butte,2016,11,8.033333333333333,17.99473684210526,1,5.493333333333334,11.242857142857144,8.763787629994527,-0.5000000000000004,0.8660254037844384,23,7.6378260869565215,15.0,52.0,4.862666666666667,30.0,0
Butte,2016,12,17.99473684210526,8.748148148148148,0,8.033333333333333,5.493333333333334,8.256507936507937,-2.4492935982947064e-16,1.0,1,2.07,23.0,15.0,7.6378260869565215,13.0,0
Butte,2017,3,4.613793103448275,3.470833333333333,0,4.7153846153846155,8.748148148148148,10.486089868546008,1.0,6.123233995736766e-17,3,0.6733333333333333,1.0,23.0,2.07,9.0,0
Butte,2017,4,3.470833333333333,5.47741935483871,0,4.613793103448275,4.7153846153846155,6.025775288993678,0.8660254037844387,-0.4999999999999998,10,7.462000000000001,3.0,1.0,0.6733333333333333,4.666666666666667,0
Butte,2017,5,5.47741935483871,5.765,0,3.470833333333333,4.613793103448275,4.266670350722073,0.4999999999999999,-0.8660254037844387,23,11.33304347826087,10.0,3.0,7.462000000000001,12.0,0
Butte,2017,6,5.765,8.0,0,5.47741935483871,3.470833333333333,4.520681930540105,1.2246467991473532e-16,-1.0,8,4.75,23.0,10.0,11.33304347826087,13.666666666666666,1
Butte,2017,7,8.0,12.75,1,5.765,5.47741935483871,4.904417562724014,-0.4999999999999998,-0.8660254037844388,234,7.844358974358974,8.0,23.0,4.75,88.33333333333333,1
Butte,2017,8,12.75,15.58846153846154,1,8.0,5.765,6.414139784946236,-0.8660254037844384,-0.5000000000000004,217,15.583410138248848,234.0,8.0,7.844358974358974,153.0,1
Butte,2017,9,15.58846153846154,7.7,0,12.75,8.0,8.838333333333333,-1.0,-1.8369701987210294e-16,92,8.199021739130433,217.0,234.0,15.583410138248848,181.0,1
Butte,2017,10,7.7,10.045454545454543,0,15.58846153846154,12.75,12.112820512820512,-0.8660254037844386,0.5000000000000001,302,9.122582781456954,92.0,217.0,8.199021739130433,203.66666666666663,0
Butte,2017,11,10.045454545454543,19.85,1,7.7,15.58846153846154,12.012820512820513,-0.5000000000000004,0.8660254037844384,22,4.245909090909091,302.0,92.0,9.122582781456954,138.66666666666666,0
Butte,2017,12,19.85,12.203448275862067,1,10.045454545454543,7.7,11.11130536130536,-2.4492935982947064e-16,1.0,8,2.3375,22.0,302.0,4.245909090909091,110.66666666666669,0
Butte,2018,1,12.203448275862067,6.9222222222222225,0,19.85,10.045454545454543,12.53181818181818,0.4999999999999999,0.8660254037844387,8,2.58,8.0,22.0,2.3375,12.666666666666666,0
Butte,2018,2,6.9222222222222225,3.767741935483871,0,12.203448275862067,19.85,14.032967607105537,0.8660254037844386,0.5000000000000001,42,6.417380952380953,8.0,8.0,2.58,19.333333333333332,0
Butte,2018,3,3.767741935483871,4.538461538461538,0,6.9222222222222225,12.203448275862067,12.991890166028098,1.0,6.123233995736766e-17,6,3.5383333333333336,42.0,8.0,6.417380952380953,18.666666666666668,0
Butte,2018,4,4.538461538461538,5.516666666666667,0,3.767741935483871,6.9222222222222225,7.631137477856053,0.8660254037844387,-0.4999999999999998,30,6.4863333333333335,6.0,42.0,3.5383333333333336,26.0,0
Butte,2018,5,5.516666666666667,6.5814814814814815,0,4.538461538461538,3.767741935483871,5.076141898722542,0.4999999999999999,-0.8660254037844387,13,7.1084615384615395,30.0,6.0,6.4863333333333335,16.333333333333332,0
Butte,2018,6,6.5814814814814815,11.936666666666667,1,5.516666666666667,4.538461538461538,4.607623380204024,1.2246467991473532e-16,-1.0,26,8.152307692307692,13.0,30.0,7.1084615384615395,23.0,0
Butte,2018,7,11.936666666666667,26.24516129032258,1,6.5814814814814815,5.516666666666667,5.545536562203227,-0.4999999999999998,-0.8660254037844388,11,4.732727272727273,26.0,13.0,8.152307692307692,16.666666666666668,0
Butte,2018,8,26.24516129032258,11.366666666666667,1,11.936666666666667,6.5814814814814815,8.011604938271605,-0.8660254037844384,-0.5000000000000004,8,7.78,11.0,26.0,4.732727272727273,15.0,0
Butte,2018,9,11.366666666666667,7.646666666666667,0,26.24516129032258,11.936666666666667,14.92110314615691,-1.0,-1.8369701987210294e-16,38,8.284210526315789,8.0,11.0,7.78,19.0,1
Butte,2018,10,7.646666666666667,61.736,1,11.366666666666667,26.24516129032258,16.516164874551972,-0.8660254037844386,0.5000000000000001,105,8.164190476190477,38.0,8.0,8.284210526315789,50.333333333333336,1
Butte,2018,11,61.736,12.043333333333331,1,7.646666666666667,11.366666666666667,15.08616487455197,-0.5000000000000004,0.8660254037844384,4660,21.715060085836907,105.0,38.0,8.164190476190477,1601.0,0
Butte,2018,12,12.043333333333331,12.64074074074074,1,61.736,7.646666666666667,26.91644444444444,-2.4492935982947064e-16,1.0,13,5.105384615384616,4660.0,105.0,21.715060085836907,1592.6666666666667,0
Butte,2019,1,12.64074074074074,4.673076923076923,0,12.043333333333331,61.736,27.142,0.4999999999999999,0.8660254037844387,14,4.892142857142857,13.0,4660.0,5.105384615384616,1562.3333333333333,0
Butte,2019,3,4.0344827586206895,4.632142857142857,0,4.673076923076923,12.64074074074074,9.785716999050331,1.0,6.123233995736766e-17,12,4.034166666666667,14.0,13.0,4.892142857142857,13.0,0
Butte,2019,4,4.632142857142857,5.051612903225807,0,4.0344827586206895,4.673076923076923,7.116100140812786,0.8660254037844387,-0.4999999999999998,20,5.618,12.0,14.0,4.034166666666667,15.333333333333334,0
Butte,2019,5,5.051612903225807,6.32,0,4.632142857142857,4.0344827586206895,4.446567512946824,0.4999999999999999,-0.8660254037844387,32,5.50625,20.0,12.0,5.618,21.333333333333332,1
Butte,2019,6,6.32,7.7935011129032254,0,5.051612903225807,4.632142857142857,4.5727461729964505,1.2246467991473532e-16,-1.0,59,8.212881355932204,32.0,20.0,5.50625,37.0,0
Butte,2019,7,7.7935011129032254,7.1158090000000005,0,6.32,5.051612903225807,5.334585253456221,-0.4999999999999998,-0.8660254037844388,35,7.863714285714286,59.0,32.0,8.212881355932204,42.0,0
Butte,2019,8,7.1158090000000005,3.779594405405405,0,7.7935011129032254,6.32,6.388371338709677,-0.8660254037844384,-0.5000000000000004,12,5.409166666666667,35.0,59.0,7.863714285714286,35.333333333333336,1
Butte,2019,9,3.779594405405405,5.5572378387096775,0,7.1158090000000005,7.7935011129032254,7.076436704301076,-1.0,-1.8369701987210294e-16,56,5.898392857142857,12.0,35.0,5.409166666666667,34.333333333333336,1
Butte,2019,10,5.5572378387096775,10.616859933333334,0,3.779594405405405,7.1158090000000005,6.229634839436211,-0.8660254037844386,0.5000000000000001,116,11.182586206896552,56.0,12.0,5.898392857142857,61.333333333333336,1
Butte,2019,11,10.616859933333334,11.465024548387095,1,5.5572378387096775,3.779594405405405,5.4842137480383615,-0.5000000000000004,0.8660254037844384,75,7.768933333333333,116.0,56.0,11.182586206896552,82.33333333333333,0
Butte,2019,12,11.465024548387095,11.81385735483871,1,10.616859933333334,5.5572378387096775,6.651230725816139,-2.4492935982947064e-16,1.0,30,5.206,75.0,116.0,7.768933333333333,73.66666666666667,0
Butte,2020,1,11.81385735483871,10.032953448275862,0,11.465024548387095,10.616859933333334,9.2130407734767,0.4999999999999999,0.8660254037844387,5,2.962,30.0,75.0,5.206,36.666666666666664,1
Butte,2020,2,10.032953448275862,4.684446737704919,0,11.81385735483871,11.465024548387095,11.29858061218638,0.8660254037844386,0.5000000000000001,53,4.994716981132075,5.0,30.0,2.962,29.333333333333332,1
Butte,2020,3,4.684446737704919,4.163433266666667,0,10.032953448275862,11.81385735483871,11.10394511716722,1.0,6.123233995736766e-17,67,7.110298507462686,53.0,5.0,4.994716981132075,41.666666666666664,1
Butte,2020,4,4.163433266666667,4.06885725,0,4.684446737704919,10.032953448275862,8.843752513606498,0.8660254037844387,-0.4999999999999998,48,3.56875,67.0,53.0,7.110298507462686,56.0,0
Butte,2020,5,4.06885725,5.628349283333334,0,4.163433266666667,4.684446737704919,6.293611150882483,0.4999999999999999,-0.8660254037844387,31,5.836451612903226,48.0,67.0,3.56875,48.666666666666664,0
Butte,2020,6,5.628349283333334,8.35370093220339,0,4.06885725,4.163433266666667,4.305579084790529,1.2246467991473532e-16,-1.0,16,5.950625,31.0,48.0,5.836451612903226,31.666666666666668,0
Butte,2020,7,8.35370093220339,32.365408096774196,1,5.628349283333334,4.06885725,4.620213266666667,-0.4999999999999998,-0.8660254037844388,13,15.553076923076922,16.0,31.0,5.950625,20.0,1
Butte,2020,8,32.365408096774196,60.74346453333333,1,8.35370093220339,5.628349283333334,6.016969155178908,-0.8660254037844384,-0.5000000000000004,160,8.5085625,13.0,16.0,15.553076923076922,63.0,1
Butte,2020,9,60.74346453333333,19.136440903225807,1,32.365408096774196,8.35370093220339,15.449152770770306,-1.0,-1.8369701987210294e-16,3993,11.22250438266967,160.0,13.0,8.5085625,1388.6666666666667,1
Butte,2020,10,19.136440903225807,12.74449775,1,60.74346453333333,32.365408096774196,33.82085785410364,-0.8660254037844386,0.5000000000000001,73,7.643013698630138,3993.0,160.0,11.22250438266967,1408.6666666666667,1
Butte,2020,11,12.74449775,17.158327483870966,1,19.136440903225807,60.74346453333333,37.41510451111111,-0.5000000000000004,0.8660254037844384,89,7.15629213483146,73.0,3993.0,7.643013698630138,1385.0,0
Calaveras,2015,3,5.10077085483871,4.77530795,0,6.446933178571428,11.054230951612904,8.750582065092166,1.0,6.123233995736766e-17,4,11.3725,1.0,1.0,3.2,2.0,0
Calaveras,2015,4,4.77530795,5.301034403225806,0,5.10077085483871,6.446933178571428,7.533978328341014,0.8660254037844387,-0.4999999999999998,2,5.275,4.0,1.0,11.3725,2.3333333333333335,0
Calaveras,2015,6,5.3520657499999995,4.865356032258064,0,5.301034403225806,4.77530795,5.059037736021506,1.2246467991473532e-16,-1.0,1,2.08,2.0,4.0,5.275,2.3333333333333335,0
Calaveras,2015,8,6.969166177419355,31.221286183333333,1,4.865356032258064,5.3520657499999995,5.172818728494623,-0.8660254037844384,-0.5000000000000004,1,1.08,1.0,2.0,2.08,1.3333333333333333,1
Calaveras,2015,9,31.221286183333333,6.3178875,0,6.969166177419355,4.865356032258064,5.728862653225806,-1.0,-1.8369701987210294e-16,2692,25.40375557206538,1.0,1.0,1.08,898.0,0
Calaveras,2015,11,8.794725,8.779710112903226,0,6.3178875,31.221286183333333,14.83611328691756,-0.5000000000000004,0.8660254037844384,2,0.8500000000000001,2692.0,1.0,25.40375557206538,898.3333333333334,0
Calaveras,2015,12,8.779710112903226,7.831206193548387,0,8.794725,6.3178875,15.444632894444444,-2.4492935982947064e-16,1.0,1,1.77,2.0,2692.0,0.8500000000000001,898.3333333333334,0
Calaveras,2016,1,7.831206193548387,9.395272810344828,0,8.779710112903226,8.794725,7.964107537634408,0.4999999999999999,0.8660254037844387,2,12.845,1.0,2.0,1.77,1.6666666666666667,0
Calaveras,2016,2,9.395272810344828,7.053837774193548,0,7.831206193548387,8.779710112903226,8.468547102150536,0.8660254037844386,0.5000000000000001,2,3.61,2.0,1.0,12.845,1.6666666666666667,0
Calaveras,2016,3,7.053837774193548,5.807530183333333,0,9.395272810344828,7.831206193548387,8.668729705598812,1.0,6.123233995736766e-17,10,4.213,2.0,2.0,3.61,4.666666666666667,0
Calaveras,2016,4,5.807530183333333,6.484479583333334,0,7.053837774193548,9.395272810344828,8.093438926028918,0.8660254037844387,-0.4999999999999998,6,2.81,10.0,2.0,4.213,6.0,0
Calaveras,2016,5,6.484479583333334,6.368060466666666,0,5.807530183333333,7.053837774193548,7.418880255957235,0.4999999999999999,-0.8660254037844387,5,8.443999999999999,6.0,10.0,2.81,7.0,0
Calaveras,2016,7,7.01985529032258,9.793200714285714,0,6.368060466666666,6.484479583333334,6.22002341111111,-0.4999999999999998,-0.8660254037844388,29,34.19310344827586,5.0,6.0,8.443999999999999,13.333333333333334,0
Calaveras,2016,8,9.793200714285714,9.59040455,0,7.01985529032258,6.368060466666666,6.6241317801075255,-0.8660254037844384,-0.5000000000000004,18,76.54666666666667,29.0,5.0,34.19310344827586,17.333333333333332,0
Calaveras,2016,11,7.929888162790697,14.487809694915253,1,5.389760677419355,9.59040455,8.257788647235023,-0.5000000000000004,0.8660254037844384,24,8.030833333333332,18.0,29.0,76.54666666666667,23.666666666666668,0
Calaveras,2016,12,14.487809694915253,12.085117654545456,1,7.929888162790697,5.389760677419355,7.636684463403349,-2.4492935982947064e-16,1.0,8,3.15125,24.0,18.0,8.030833333333332,16.666666666666668,0
Calaveras,2017,1,12.085117654545456,9.966718589285716,0,14.487809694915253,7.929888162790697,9.269152845041766,0.4999999999999999,0.8660254037844387,2,1.605,8.0,24.0,3.15125,11.333333333333334,0
Calaveras,2017,2,9.966718589285716,9.350672857142856,0,12.085117654545456,14.487809694915253,11.5009385040838,0.8660254037844386,0.5000000000000001,1,2.99,2.0,8.0,1.605,3.6666666666666665,0
Calaveras,2017,7,11.08146404,14.637695016129031,1,9.350672857142856,9.966718589285716,10.467503033658009,-0.4999999999999998,-0.8660254037844388,12,23.719166666666663,10.0,12.0,5.542,11.333333333333334,0
Calaveras,2017,8,14.637695016129031,15.647121783333334,1,11.08146404,9.350672857142856,10.132951828809524,-0.8660254037844384,-0.5000000000000004,1,0.84,12.0,10.0,23.719166666666663,7.666666666666667,0
Calaveras,2017,10,15.223448177419357,12.027273266666668,1,15.647121783333334,14.637695016129031,13.788760279820789,-0.8660254037844386,0.5000000000000001,8,34.792500000000004,1.0,12.0,0.84,7.0,0
Calaveras,2017,11,12.027273266666668,15.96211429032258,1,15.223448177419357,15.647121783333334,15.169421658960571,-0.5000000000000004,0.8660254037844384,23,1.912608695652174,8.0,1.0,34.792500000000004,10.666666666666666,0
Calaveras,2018,1,13.61163514516129,14.073827454545455,1,15.96211429032258,12.027273266666668,14.4042785781362,0.4999999999999999,0.8660254037844387,30,4.852333333333333,23.0,8.0,1.912608695652174,20.333333333333332,0
Calaveras,2018,2,14.073827454545455,9.354062032258064,0,13.61163514516129,15.96211429032258,13.867007567383512,0.8660254037844386,0.5000000000000001,27,3.4385185185185185,30.0,23.0,4.852333333333333,26.666666666666668,0
Calaveras,2018,3,9.354062032258064,10.258283866666666,0,14.073827454545455,13.61163514516129,14.54919229667644,1.0,6.123233995736766e-17,2,3.03,27.0,30.0,3.4385185185185185,19.666666666666668,0
Calaveras,2018,4,10.258283866666666,11.43011922580645,1,9.354062032258064,14.073827454545455,12.346508210654934,0.8660254037844387,-0.4999999999999998,17,3.7423529411764704,2.0,27.0,3.03,15.333333333333334,0
Calaveras,2018,5,11.43011922580645,12.21871375,1,10.258283866666666,9.354062032258064,11.228724451156728,0.4999999999999999,-0.8660254037844387,7,3.597142857142857,17.0,2.0,3.7423529411764704,8.666666666666666,0
Calaveras,2018,6,12.21871375,17.540323112903227,1,11.43011922580645,10.258283866666666,10.347488374910393,1.2246467991473532e-16,-1.0,34,2.003823529411765,7.0,17.0,3.597142857142857,19.333333333333332,0
Calaveras,2018,8,30.46731116129032,12.913266916666666,1,17.540323112903227,12.21871375,13.729718696236558,-0.8660254037844384,-0.5000000000000004,1,4.34,34.0,7.0,2.003823529411765,14.0,0
Calaveras,2018,10,9.909995803921568,16.52649705,1,12.913266916666666,30.46731116129032,20.306967063620068,-0.8660254037844386,0.5000000000000001,18,7.723888888888889,1.0,34.0,4.34,17.666666666666668,0
Calaveras,2018,11,16.52649705,16.618495822580645,1,9.909995803921568,12.913266916666666,17.76352462729285,-0.5000000000000004,0.8660254037844384,1,3.22,18.0,1.0,7.723888888888889,6.666666666666667,0
Calaveras,2018,12,16.618495822580645,8.849624782608696,0,16.52649705,9.909995803921568,13.11658659019608,-2.4492935982947064e-16,1.0,23,3.152608695652174,1.0,18.0,3.22,14.0,0
Calaveras,2019,1,8.849624782608696,4.252099218181818,0,16.618495822580645,16.52649705,14.351662892167404,0.4999999999999999,0.8660254037844387,21,6.874761904761905,23.0,1.0,3.152608695652174,15.0,0
Calaveras,2019,3,4.512349693548388,4.843788827586207,0,4.252099218181818,8.849624782608696,9.90673994112372,1.0,6.123233995736766e-17,1,1.89,21.0,23.0,6.874761904761905,15.0,0
Calaveras,2019,4,4.843788827586207,4.93666435483871,0,4.512349693548388,4.252099218181818,5.871357898112966,0.8660254037844387,-0.4999999999999998,13,3.047692307692308,1.0,21.0,1.89,11.666666666666666,0
Calaveras,2019,5,4.93666435483871,5.135335983333333,0,4.843788827586207,4.512349693548388,4.536079246438803,0.4999999999999999,-0.8660254037844387,4,3.94,13.0,1.0,3.047692307692308,6.0,0
Calaveras,2019,6,5.135335983333333,5.599926661290322,0,4.93666435483871,4.843788827586207,4.764267625324433,1.2246467991473532e-16,-1.0,7,4.442857142857143,4.0,13.0,3.94,8.0,0
Calaveras,2019,9,3.64493355,5.820843789473684,0,5.598909838709678,5.599926661290322,5.44472416111111,-1.0,-1.8369701987210294e-16,2,14.490000000000002,7.0,4.0,4.442857142857143,4.333333333333333,0
Calaveras,2019,10,5.820843789473684,6.89636735,0,3.64493355,5.598909838709678,4.947923349999999,-0.8660254037844386,0.5000000000000001,3,3.3866666666666667,2.0,7.0,14.490000000000002,4.0,0
Calaveras,2019,11,6.89636735,7.269194409090909,0,5.820843789473684,3.64493355,5.021562392727787,-0.5000000000000004,0.8660254037844384,21,29.18047619047619,3.0,2.0,3.3866666666666667,8.666666666666666,0
Calaveras,2019,12,7.269194409090909,9.821838467741935,0,6.89636735,5.820843789473684,5.4540482298245605,-2.4492935982947064e-16,1.0,11,3.411818181818182,21.0,3.0,29.18047619047619,11.666666666666666,0
Calaveras,2020,1,9.821838467741935,10.479668086206896,0,7.269194409090909,6.89636735,6.662135182854864,0.4999999999999999,0.8660254037844387,14,6.688571428571429,11.0,21.0,3.411818181818182,15.333333333333334,0
Calaveras,2020,2,10.479668086206896,5.232000919354839,0,9.821838467741935,7.269194409090909,7.995800075610947,0.8660254037844386,0.5000000000000001,29,4.077241379310345,14.0,11.0,6.688571428571429,18.0,0
Calaveras,2020,3,5.232000919354839,4.752859130434783,0,10.479668086206896,9.821838467741935,9.19023365434658,1.0,6.123233995736766e-17,11,5.0636363636363635,29.0,14.0,4.077241379310345,18.0,0
Calaveras,2020,4,4.752859130434783,4.380114967741936,0,5.232000919354839,10.479668086206896,8.511169157767888,0.8660254037844387,-0.4999999999999998,19,5.977368421052631,11.0,29.0,5.0636363636363635,19.666666666666668,0
Calaveras,2020,5,4.380114967741936,6.078418813559322,0,4.752859130434783,5.232000919354839,6.821509378665504,0.4999999999999999,-0.8660254037844387,7,4.908571428571428,19.0,11.0,5.977368421052631,12.333333333333334,1
Calaveras,2020,6,6.078418813559322,9.525264048387095,0,4.380114967741936,4.752859130434783,4.788325005843851,1.2246467991473532e-16,-1.0,65,5.525384615384616,7.0,19.0,4.908571428571428,30.333333333333332,0
Calaveras,2020,7,9.525264048387095,30.546820935483872,1,6.078418813559322,4.380114967741936,5.070464303912012,-0.4999999999999998,-0.8660254037844388,5,9.066,65.0,7.0,5.525384615384616,25.666666666666668,0
Calaveras,2020,8,30.546820935483872,40.5175924,1,9.525264048387095,6.078418813559322,6.661265943229449,-0.8660254037844384,-0.5000000000000004,41,1.5743902439024389,5.0,65.0,9.066,37.0,0
Calaveras,2020,10,13.53770085483871,7.91039902,0,40.5175924,30.546820935483872,26.863225794623656,-0.8660254037844386,0.5000000000000001,2,11.25,41.0,5.0,1.5743902439024389,16.0,0
Calaveras,2020,11,7.91039902,9.564767403225806,0,13.53770085483871,40.5175924,28.20070473010752,-0.5000000000000004,0.8660254037844384,5,2.604,2.0,41.0,11.25,16.0,0
Colusa,2015,3,4.328519158730159,4.523880184615384,0,5.6079282,8.176492029850747,6.892210114925374,1.0,6.123233995736766e-17,111,8.396396396396396,26.0,21.0,14.55,52.666666666666664,0
Colusa,2015,4,4.523880184615384,6.2274240625,0,4.328519158730159,5.6079282,6.037646462860302,0.8660254037844387,-0.4999999999999998,22,4.513636363636364,111.0,26.0,8.396396396396396,53.0,0
Colusa,2015,5,6.2274240625,10.269780296875,0,4.523880184615384,4.328519158730159,4.820109181115181,0.4999999999999999,-0.8660254037844387,17,18.57764705882353,22.0,111.0,4.513636363636364,50.0,0
Colusa,2015,6,10.269780296875,8.79534946551724,0,6.2274240625,4.523880184615384,5.026607801948514,1.2246467991473532e-16,-1.0,10,6.392,17.0,22.0,18.57764705882353,16.333333333333332,0
Colusa,2015,7,8.79534946551724,14.96998077419355,1,10.269780296875,6.2274240625,7.007028181330128,-0.4999999999999998,-0.8660254037844388,3,1.9933333333333336,10.0,17.0,6.392,10.0,1
Colusa,2015,8,14.96998077419355,4.6939538125,0,8.79534946551724,10.269780296875,8.430851274964079,-0.8660254037844384,-0.5000000000000004,288,8.643194444444445,3.0,10.0,1.9933333333333336,100.33333333333331,0
Colusa,2015,9,4.6939538125,7.291665018181819,0,14.96998077419355,8.79534946551724,11.345036845528597,-1.0,-1.8369701987210294e-16,23,11.216956521739132,288.0,3.0,8.643194444444445,104.66666666666669,1
Colusa,2015,10,7.291665018181819,4.8030156153846155,0,4.6939538125,14.96998077419355,9.486428017403597,-0.8660254037844386,0.5000000000000001,190,16.45684210526316,23.0,288.0,11.216956521739132,167.0,1
Colusa,2015,11,4.8030156153846155,5.120438343283582,0,7.291665018181819,4.6939538125,8.98519986829179,-0.5000000000000004,0.8660254037844384,54,14.001481481481482,190.0,23.0,16.45684210526316,89.0,0
Colusa,2015,12,5.120438343283582,2.361529488888889,0,4.8030156153846155,7.291665018181819,5.596211482022145,-2.4492935982947064e-16,1.0,7,9.047142857142855,54.0,190.0,14.001481481481482,83.66666666666667,0
Colusa,2016,1,2.361529488888889,3.240651596774194,0,5.120438343283582,4.8030156153846155,5.738372992283338,0.4999999999999999,0.8660254037844387,1,3.91,7.0,54.0,9.047142857142855,20.666666666666668,0
Colusa,2016,2,3.240651596774194,1.746501393939394,0,2.361529488888889,5.120438343283582,4.094994482519029,0.8660254037844386,0.5000000000000001,45,9.450888888888889,1.0,7.0,3.91,17.666666666666668,0
Colusa,2016,3,1.746501393939394,3.799663507692307,0,3.240651596774194,2.361529488888889,3.5742064763155548,1.0,6.123233995736766e-17,14,10.057857142857143,45.0,1.0,9.450888888888889,20.0,0
Colusa,2016,4,3.799663507692307,2.9901206181818183,0,1.746501393939394,3.240651596774194,2.449560826534159,0.8660254037844387,-0.4999999999999998,36,5.780555555555555,14.0,45.0,10.057857142857143,31.666666666666668,0
Colusa,2016,5,2.9901206181818183,4.580345630769231,0,3.799663507692307,1.746501393939394,2.9289388328019648,0.4999999999999999,-0.8660254037844387,8,8.67375,36.0,14.0,5.780555555555555,19.333333333333332,0
Colusa,2016,6,4.580345630769231,6.583621402985075,0,2.9901206181818183,3.799663507692307,2.8454285066045064,1.2246467991473532e-16,-1.0,11,10.753636363636362,8.0,36.0,8.67375,18.333333333333332,1
Colusa,2016,7,6.583621402985075,8.487491646153845,0,4.580345630769231,2.9901206181818183,3.7900432522144514,-0.4999999999999998,-0.8660254037844388,49,11.592653061224487,11.0,8.0,10.753636363636362,22.666666666666668,0
Colusa,2016,8,8.487491646153845,9.401532907692308,0,6.583621402985075,4.580345630769231,4.718029217312041,-0.8660254037844384,-0.5000000000000004,24,25.977500000000003,49.0,11.0,11.592653061224487,28.0,0
Colusa,2016,9,9.401532907692308,3.196060223880597,0,8.487491646153845,6.583621402985075,6.550486226636051,-1.0,-1.8369701987210294e-16,40,8.722249999999999,24.0,49.0,25.977500000000003,37.666666666666664,1
Colusa,2016,10,3.196060223880597,4.220884799999999,0,9.401532907692308,8.487491646153845,8.157548652277077,-0.8660254037844386,0.5000000000000001,86,13.96674418604651,40.0,24.0,8.722249999999999,50.0,1
Colusa,2016,11,4.220884799999999,5.327388268656716,0,3.196060223880597,9.401532907692308,7.028361592575583,-0.5000000000000004,0.8660254037844384,84,8.87202380952381,86.0,40.0,13.96674418604651,70.0,0
Colusa,2017,1,4.861356838235294,2.444416627118644,0,5.327388268656716,4.220884799999999,4.248111097512438,0.4999999999999999,0.8660254037844387,2,1.985,84.0,86.0,8.87202380952381,57.333333333333336,0
Colusa,2017,2,2.444416627118644,1.1415853181818183,0,4.861356838235294,5.327388268656716,4.803209968964004,0.8660254037844386,0.5000000000000001,1,2.75,2.0,84.0,1.985,29.0,0
Colusa,2017,3,1.1415853181818183,1.2741912615384614,0,2.444416627118644,4.861356838235294,4.211053911336885,1.0,6.123233995736766e-17,20,3.31,1.0,2.0,2.75,7.666666666666667,1
Colusa,2017,4,1.2741912615384614,4.48543653125,0,1.1415853181818183,2.444416627118644,2.8157862611785855,0.8660254037844387,-0.4999999999999998,69,5.9571014492753624,20.0,1.0,3.31,30.0,0
Colusa,2017,5,4.48543653125,4.181025483870968,0,1.2741912615384614,1.1415853181818183,1.620064402279641,0.4999999999999999,-0.8660254037844387,30,6.137333333333333,69.0,20.0,5.9571014492753624,39.666666666666664,0
Colusa,2017,6,4.181025483870968,2.5341280769230767,0,4.48543653125,1.2741912615384614,2.300404370323427,1.2246467991473532e-16,-1.0,42,5.662619047619048,30.0,69.0,6.137333333333333,47.0,0
Colusa,2017,7,2.5341280769230767,3.9828932833333335,0,4.181025483870968,4.48543653125,3.3135510922198104,-0.4999999999999998,-0.8660254037844388,28,11.112142857142857,42.0,30.0,5.662619047619048,33.333333333333336,0
Colusa,2017,8,3.9828932833333335,9.083005421875,0,2.5341280769230767,4.181025483870968,3.7335300306813486,-0.8660254037844384,-0.5000000000000004,11,10.875454545454543,28.0,42.0,11.112142857142857,27.0,0
Colusa,2017,9,9.083005421875,11.053494924242424,0,3.9828932833333335,2.5341280769230767,3.5660156147091264,-1.0,-1.8369701987210294e-16,29,5.330689655172414,11.0,28.0,10.875454545454543,22.666666666666668,1
Colusa,2017,10,11.053494924242424,4.758508828125,0,9.083005421875,3.9828932833333335,5.200008927377137,-0.8660254037844386,0.5000000000000001,191,11.472094240837697,29.0,11.0,5.330689655172414,77.0,1
Colusa,2017,11,4.758508828125,6.8071378125,0,11.053494924242424,9.083005421875,8.039797876483586,-0.5000000000000004,0.8660254037844384,48,13.32875,191.0,29.0,11.472094240837697,89.33333333333333,1
Colusa,2017,12,6.8071378125,3.1371632575757573,0,4.758508828125,11.053494924242424,8.298336391414141,-2.4492935982947064e-16,1.0,70,12.971714285714285,48.0,191.0,13.32875,103.0,0
Colusa,2018,1,3.1371632575757573,1.254571037037037,0,6.8071378125,4.758508828125,7.539713854955809,0.4999999999999999,0.8660254037844387,6,3.0583333333333336,70.0,48.0,12.971714285714285,41.333333333333336,1
Colusa,2018,2,1.254571037037037,0.5530504032258065,0,3.1371632575757573,6.8071378125,4.900936632733586,0.8660254037844386,0.5000000000000001,88,7.105,6.0,70.0,3.0583333333333336,54.666666666666664,1
Colusa,2018,3,0.5530504032258065,-1.221706904761905,0,1.254571037037037,3.1371632575757573,3.732957369037599,1.0,6.123233995736766e-17,50,5.5162,88.0,6.0,7.105,48.0,0
Colusa,2018,4,-1.221706904761905,4.264947061538462,0,0.5530504032258065,1.254571037037037,1.6482615659462008,0.8660254037844387,-0.4999999999999998,25,6.5152,50.0,88.0,5.5162,54.333333333333336,0
Colusa,2018,5,4.264947061538462,6.3511036615384615,0,-1.221706904761905,0.5530504032258065,0.1953048451669801,0.4999999999999999,-0.8660254037844387,27,9.322962962962963,25.0,50.0,6.5152,34.0,0
Colusa,2018,6,6.3511036615384615,16.766083328125,1,4.264947061538462,-1.221706904761905,1.1987635200007885,1.2246467991473532e-16,-1.0,20,17.0855,27.0,25.0,9.322962962962963,24.0,0
Colusa,2018,7,16.766083328125,40.36940297014925,1,6.3511036615384615,4.264947061538462,3.13144793943834,-0.4999999999999998,-0.8660254037844388,26,7.388846153846154,20.0,27.0,17.0855,24.333333333333332,1
Colusa,2018,8,40.36940297014925,12.71564106153846,1,16.766083328125,6.3511036615384615,9.127378017067308,-0.8660254037844384,-0.5000000000000004,2566,22.09263834762276,26.0,20.0,7.388846153846154,870.6666666666666,0
Colusa,2018,9,12.71564106153846,7.599605785714286,0,40.36940297014925,16.766083328125,21.162196653270907,-1.0,-1.8369701987210294e-16,29,12.806206896551725,2566.0,26.0,22.09263834762276,873.6666666666666,1
Colusa,2018,10,7.599605785714286,22.250536153846156,1,12.71564106153846,40.36940297014925,23.283709119937573,-0.8660254037844386,0.5000000000000001,126,14.77031746031746,29.0,2566.0,12.806206896551725,907.0,0
Colusa,2018,11,22.250536153846156,6.426442326923077,0,7.599605785714286,12.71564106153846,20.228216605800668,-0.5000000000000004,0.8660254037844384,34,5.373235294117647,126.0,29.0,14.77031746031746,63.0,0
Colusa,2018,12,6.426442326923077,6.790606365079365,0,22.250536153846156,7.599605785714286,14.188594333699635,-2.4492935982947064e-16,1.0,21,17.583333333333332,34.0,126.0,5.373235294117647,60.333333333333336,0
Colusa,2019,1,6.790606365079365,5.7006250000000005,0,6.426442326923077,22.250536153846156,12.092194755494509,0.4999999999999999,0.8660254037844387,6,4.048333333333333,21.0,34.0,17.583333333333332,20.333333333333332,0
Colusa,2019,2,5.7006250000000005,4.941279555555556,0,6.790606365079365,6.426442326923077,11.822528281949536,0.8660254037844386,0.5000000000000001,11,4.658181818181818,6.0,21.0,4.048333333333333,12.666666666666666,0
Colusa,2019,3,4.941279555555556,3.3243589692307696,0,5.7006250000000005,6.790606365079365,6.305891230667483,1.0,6.123233995736766e-17,13,5.718461538461539,11.0,6.0,4.658181818181818,10.0,1
Colusa,2019,4,3.3243589692307696,4.574066940298508,0,4.941279555555556,5.7006250000000005,5.810836973544976,0.8660254037844387,-0.4999999999999998,48,8.233958333333334,13.0,11.0,5.718461538461539,24.0,0
Colusa,2019,5,4.574066940298508,5.226004650793651,0,3.3243589692307696,4.941279555555556,4.655421174928777,0.4999999999999999,-0.8660254037844387,18,8.315,48.0,13.0,8.233958333333334,26.333333333333332,0
Colusa,2019,6,5.226004650793651,8.327163104477613,0,4.574066940298508,3.3243589692307696,4.2799018216949465,1.2246467991473532e-16,-1.0,26,9.08423076923077,18.0,48.0,8.315,30.666666666666668,0
Colusa,2019,7,8.327163104477613,8.306746047619049,0,5.226004650793651,4.574066940298508,4.374810186774312,-0.4999999999999998,-0.8660254037844388,22,13.503181818181815,26.0,18.0,9.08423076923077,22.0,0
Colusa,2019,8,8.306746047619049,6.195820827586207,0,8.327163104477613,5.226004650793651,6.042411565189926,-0.8660254037844384,-0.5000000000000004,5,4.351999999999999,22.0,26.0,13.503181818181815,17.666666666666668,0
Colusa,2019,9,6.195820827586207,6.419099465517242,0,8.306746047619049,8.327163104477613,7.286637934296773,-1.0,-1.8369701987210294e-16,15,17.505999999999997,5.0,22.0,4.351999999999999,14.0,1
Colusa,2019,10,6.419099465517242,8.904469590163934,0,6.195820827586207,8.306746047619049,7.609909993227625,-0.8660254037844386,0.5000000000000001,120,12.622416666666668,15.0,5.0,17.505999999999997,46.666666666666664,1
Colusa,2019,11,8.904469590163934,6.569115,0,6.419099465517242,6.195820827586207,6.973888780240834,-0.5000000000000004,0.8660254037844384,151,13.750993377483445,120.0,15.0,12.622416666666668,95.33333333333331,0
Colusa,2019,12,6.569115,7.76,0,8.904469590163934,6.419099465517242,7.17312996108913,-2.4492935982947064e-16,1.0,3,2.2466666666666666,151.0,120.0,13.750993377483445,91.33333333333331,0
Colusa,2020,1,7.76,8.2,0,6.569115,8.904469590163934,7.297561351893728,0.4999999999999999,0.8660254037844387,15,4.554666666666666,3.0,151.0,2.2466666666666666,56.333333333333336,1
Colusa,2020,2,8.2,5.7863636666666665,0,7.76,6.569115,7.744528196721315,0.8660254037844386,0.5000000000000001,110,11.026545454545456,15.0,3.0,4.554666666666666,42.666666666666664,1
Colusa,2020,3,5.7863636666666665,3.411495384615385,0,8.2,7.76,7.509705000000001,1.0,6.123233995736766e-17,47,6.990851063829787,110.0,15.0,11.026545454545456,57.333333333333336,0
Colusa,2020,4,3.411495384615385,4.64,0,5.7863636666666665,8.2,7.2487878888888915,0.8660254037844387,-0.4999999999999998,38,6.793157894736842,47.0,110.0,6.990851063829787,65.0,0
Colusa,2020,5,4.64,5.375,0,3.411495384615385,5.7863636666666665,5.799286350427352,0.4999999999999999,-0.8660254037844387,3,5.576666666666667,38.0,47.0,6.793157894736842,29.333333333333332,0
Colusa,2020,6,5.375,8.64,0,4.64,3.411495384615385,4.612619683760686,1.2246467991473532e-16,-1.0,16,10.009375,3.0,38.0,5.576666666666667,19.0,0
Colusa,2020,7,8.64,33.93427001818182,1,5.375,4.64,4.475498461538463,-0.4999999999999998,-0.8660254037844388,21,8.375238095238094,16.0,3.0,10.009375,13.333333333333334,1
Colusa,2020,8,33.93427001818182,46.66462974,1,8.64,5.375,6.218333333333336,-0.8660254037844384,-0.5000000000000004,48,8.893541666666666,21.0,16.0,8.375238095238094,28.333333333333332,1
Colusa,2020,10,20.77698725757576,7.586683519230769,0,46.66462974,33.93427001818182,29.746299919393945,-0.8660254037844386,0.5000000000000001,75,8.544266666666667,48.0,21.0,8.893541666666666,48.0,1
Colusa,2020,11,7.586683519230769,11.061594974358972,0,20.77698725757576,46.66462974,33.79196233858587,-0.5000000000000004,0.8660254037844384,225,11.837155555555556,75.0,48.0,8.544266666666667,116.0,1
Contra Costa,2015,3,6.822707362831858,6.243777137931034,0,10.30289170909091,19.10655681451613,14.70472426180352,1.0,6.123233995736766e-17,108,1.4321296296296295,73.0,53.0,1.0258904109589042,78.0,1
Contra Costa,2015,4,6.243777137931034,5.439841974358974,0,6.822707362831858,10.30289170909091,12.077385295479631,0.8660254037844387,-0.4999999999999998,135,1.1663703703703705,108.0,73.0,1.4321296296296295,105.33333333333331,1
Contra Costa,2015,5,5.439841974358974,9.128776742857143,0,6.243777137931034,6.822707362831858,7.789792069951267,0.4999999999999999,-0.8660254037844387,89,1.0168539325842696,135.0,108.0,1.1663703703703705,110.66666666666669,1
Contra Costa,2015,6,9.128776742857143,6.136051008130082,0,5.439841974358974,6.243777137931034,6.168775491707289,1.2246467991473532e-16,-1.0,100,1.1309,89.0,135.0,1.0168539325842696,108.0,1
Contra Costa,2015,7,6.136051008130082,10.311871766129032,0,9.128776742857143,5.439841974358974,6.937465285049051,-0.4999999999999998,-0.8660254037844388,100,1.5151,100.0,89.0,1.1309,96.33333333333331,1
Contra Costa,2015,8,10.311871766129032,7.350800008849557,0,6.136051008130082,9.128776742857143,6.9015565751154,-0.8660254037844384,-0.5000000000000004,66,1.1922727272727272,100.0,100.0,1.5151,88.66666666666667,1
Contra Costa,2015,9,7.350800008849557,7.527083330645161,0,10.311871766129032,6.136051008130082,8.525566505705418,-1.0,-1.8369701987210294e-16,70,1.744,66.0,100.0,1.1922727272727272,78.66666666666667,1
Contra Costa,2015,10,7.527083330645161,8.129515781818181,0,7.350800008849557,10.311871766129032,7.932907594369556,-0.8660254037844386,0.5000000000000001,91,1.298131868131868,70.0,66.0,1.744,75.66666666666667,1
Contra Costa,2015,11,8.129515781818181,9.368493848214284,0,7.527083330645161,7.350800008849557,8.396585035207918,-0.5000000000000004,0.8660254037844384,97,1.2740206185567011,91.0,70.0,1.298131868131868,86.0,1
Contra Costa,2015,12,9.368493848214284,7.92197222881356,0,8.129515781818181,7.527083330645161,7.669133040437633,-2.4492935982947064e-16,1.0,48,1.0135416666666666,97.0,91.0,1.2740206185567011,78.66666666666667,0
Contra Costa,2016,1,7.92197222881356,7.6178479351851855,0,9.368493848214284,8.129515781818181,8.341697653559208,0.4999999999999999,0.8660254037844387,7,1.14,48.0,97.0,1.0135416666666666,50.666666666666664,1
Contra Costa,2016,2,7.6178479351851855,4.869996870967742,0,7.92197222881356,9.368493848214284,8.473327286282009,0.8660254037844386,0.5000000000000001,80,1.205125,7.0,48.0,1.14,45.0,1
Contra Costa,2016,3,4.869996870967742,6.369370066666666,0,7.6178479351851855,7.92197222881356,8.302771337404343,1.0,6.123233995736766e-17,75,1.0822666666666667,80.0,7.0,1.205125,54.0,1
Contra Costa,2016,4,6.369370066666666,6.911342943548387,0,4.869996870967742,7.6178479351851855,6.803272344988829,0.8660254037844387,-0.4999999999999998,103,1.036893203883495,75.0,80.0,1.0822666666666667,86.0,1
Contra Costa,2016,5,6.911342943548387,6.262572466666667,0,6.369370066666666,4.869996870967742,6.2857382909398645,0.4999999999999999,-0.8660254037844387,85,1.1188235294117646,103.0,75.0,1.036893203883495,87.66666666666667,1
Contra Costa,2016,6,6.262572466666667,5.037985040322581,0,6.911342943548387,6.369370066666666,6.050236627060932,1.2246467991473532e-16,-1.0,114,1.461842105263158,85.0,103.0,1.1188235294117646,100.66666666666669,1
Contra Costa,2016,7,5.037985040322581,4.395399423076923,0,6.262572466666667,6.911342943548387,6.514428492293907,-0.4999999999999998,-0.8660254037844388,105,1.0864761904761904,114.0,85.0,1.461842105263158,101.33333333333331,1
Contra Costa,2016,8,4.395399423076923,10.032202049382716,0,5.037985040322581,6.262572466666667,6.070633483512545,-0.8660254037844384,-0.5000000000000004,86,0.9967441860465116,105.0,114.0,1.0864761904761904,101.66666666666669,1
Contra Costa,2016,9,10.032202049382716,7.004362923076923,0,4.395399423076923,5.037985040322581,5.23198564335539,-1.0,-1.8369701987210294e-16,146,1.1915753424657534,86.0,105.0,0.9967441860465116,112.33333333333331,1
Contra Costa,2016,10,7.004362923076923,8.671278316666667,0,10.032202049382716,4.395399423076923,6.488528837594074,-0.8660254037844386,0.5000000000000001,114,1.0428070175438595,146.0,86.0,1.1915753424657534,115.33333333333331,1
Contra Costa,2016,11,8.671278316666667,10.56180081147541,0,7.004362923076923,10.032202049382716,7.1439881318455205,-0.5000000000000004,0.8660254037844384,83,0.9433734939759036,114.0,146.0,1.0428070175438595,114.33333333333331,0
Contra Costa,2016,12,10.56180081147541,10.162897387096775,0,8.671278316666667,7.004362923076923,8.569281096375436,-2.4492935982947064e-16,1.0,42,1.000952380952381,83.0,114.0,0.9433734939759036,79.66666666666667,0
Contra Costa,2017,1,10.162897387096775,7.992293330357143,0,10.56180081147541,8.671278316666667,8.745814017073,0.4999999999999999,0.8660254037844387,27,1.0096296296296297,42.0,83.0,1.000952380952381,50.666666666666664,0
Contra Costa,2017,2,7.992293330357143,7.224128272727272,0,10.162897387096775,10.56180081147541,9.798658838412951,0.8660254037844386,0.5000000000000001,39,0.913846153846154,27.0,42.0,1.0096296296296297,36.0,1
Contra Costa,2017,3,7.224128272727272,7.954597570175438,0,7.992293330357143,10.162897387096775,9.572330509643107,1.0,6.123233995736766e-17,98,1.0366326530612244,39.0,27.0,0.913846153846154,54.666666666666664,1
Contra Costa,2017,4,7.954597570175438,9.17644679032258,0,7.224128272727272,7.992293330357143,8.459772996727063,0.8660254037844387,-0.4999999999999998,91,1.04989010989011,98.0,39.0,1.0366326530612244,76.0,1
Contra Costa,2017,5,9.17644679032258,9.720080966666666,0,7.954597570175438,7.224128272727272,7.723673057753285,0.4999999999999999,-0.8660254037844387,90,0.9975555555555556,91.0,98.0,1.04989010989011,93.0,1
Contra Costa,2017,6,9.720080966666666,10.17356672580645,0,9.17644679032258,7.954597570175438,8.118390877741763,1.2246467991473532e-16,-1.0,113,1.3236283185840707,90.0,91.0,0.9975555555555556,98.0,1
Contra Costa,2017,7,10.17356672580645,13.26412616935484,1,9.720080966666666,9.17644679032258,8.950375109054894,-0.4999999999999998,-0.8660254037844388,114,1.7309649122807018,113.0,90.0,1.3236283185840707,105.66666666666669,1
Contra Costa,2017,8,13.26412616935484,14.463673675,1,10.17356672580645,9.720080966666666,9.690031494265233,-0.8660254037844384,-0.5000000000000004,96,2.1236458333333332,114.0,113.0,1.7309649122807018,107.66666666666669,1
Contra Costa,2017,9,14.463673675,19.324329166666665,1,13.26412616935484,10.17356672580645,11.052591287275986,-1.0,-1.8369701987210294e-16,111,1.162162162162162,96.0,114.0,2.1236458333333332,107.0,1
Contra Costa,2017,10,19.324329166666665,9.898970116666668,0,14.463673675,13.26412616935484,12.63378885672043,-0.8660254037844386,0.5000000000000001,154,1.4964285714285714,111.0,96.0,1.162162162162162,120.33333333333331,1
Contra Costa,2017,11,9.898970116666668,17.686211401639344,1,19.324329166666665,14.463673675,15.684043003673835,-0.5000000000000004,0.8660254037844384,52,1.1238461538461535,154.0,111.0,1.4964285714285714,105.66666666666669,1
Contra Costa,2017,12,17.686211401639344,14.69163429032258,1,9.898970116666668,19.324329166666665,14.562324319444444,-2.4492935982947064e-16,1.0,91,1.160879120879121,52.0,154.0,1.1238461538461535,99.0,0
Contra Costa,2018,1,14.69163429032258,9.685399303571428,0,17.686211401639344,9.898970116666668,15.636503561657555,0.4999999999999999,0.8660254037844387,40,1.139,91.0,52.0,1.160879120879121,61.0,1
Contra Costa,2018,2,9.685399303571428,8.149778245614035,0,14.69163429032258,17.686211401639344,14.09227193620953,0.8660254037844386,0.5000000000000001,123,1.4064227642276423,40.0,91.0,1.139,84.66666666666667,1
Contra Costa,2018,3,8.149778245614035,10.071810521008404,0,9.685399303571428,14.69163429032258,14.021081665177784,1.0,6.123233995736766e-17,73,0.9628767123287671,123.0,40.0,1.4064227642276423,78.66666666666667,1
Contra Costa,2018,4,10.071810521008404,9.237188163934428,0,8.149778245614035,9.685399303571428,10.842270613169347,0.8660254037844387,-0.4999999999999998,99,1.0413131313131314,73.0,123.0,0.9628767123287671,98.33333333333331,1
Contra Costa,2018,5,9.237188163934428,13.054005035714283,1,10.071810521008404,8.149778245614035,9.302329356731288,0.4999999999999999,-0.8660254037844387,90,2.3225555555555557,99.0,73.0,1.0413131313131314,87.33333333333333,1
Contra Costa,2018,6,13.054005035714283,10.62620966935484,0,9.237188163934428,10.071810521008404,9.152925643518955,1.2246467991473532e-16,-1.0,103,1.4846601941747577,90.0,99.0,2.3225555555555557,97.33333333333331,1
Contra Costa,2018,7,10.62620966935484,14.419799887931037,1,13.054005035714283,9.237188163934428,10.787667906885703,-0.4999999999999998,-0.8660254037844388,141,2.5568085106382976,103.0,90.0,1.4846601941747577,111.33333333333331,1
Contra Costa,2018,8,14.419799887931037,9.79537355,0,10.62620966935484,13.054005035714283,10.972467623001185,-0.8660254037844384,-0.5000000000000004,123,2.3540650406504064,141.0,103.0,2.5568085106382976,122.33333333333331,1
Contra Costa,2018,9,9.79537355,7.453556298387097,0,14.419799887931037,10.62620966935484,12.700004864333389,-1.0,-1.8369701987210294e-16,106,1.319056603773585,123.0,141.0,2.3540650406504064,123.33333333333331,1
Contra Costa,2018,10,7.453556298387097,41.791011931623935,1,9.79537355,14.419799887931037,11.613794369095292,-0.8660254037844386,0.5000000000000001,103,0.9820388349514564,106.0,123.0,1.319056603773585,110.66666666666669,1
Contra Costa,2018,11,41.791011931623935,9.139146870967744,0,7.453556298387097,9.79537355,10.556243245439378,-0.5000000000000004,0.8660254037844384,104,1.007596153846154,103.0,106.0,0.9820388349514564,104.33333333333331,1
Contra Costa,2018,12,9.139146870967744,8.989619798387096,0,41.791011931623935,7.453556298387097,19.67998059333701,-2.4492935982947064e-16,1.0,47,1.1795744680851064,104.0,103.0,1.007596153846154,84.66666666666667,0
Contra Costa,2019,1,8.989619798387096,3.919879850877193,0,9.139146870967744,41.791011931623935,19.461238366992927,0.4999999999999999,0.8660254037844387,38,1.170263157894737,47.0,104.0,1.1795744680851064,63.0,0
Contra Costa,2019,2,3.919879850877193,4.057384323308271,0,8.989619798387096,9.139146870967744,19.97325953365959,0.8660254037844386,0.5000000000000001,17,0.8311764705882352,38.0,47.0,1.170263157894737,34.0,1
Contra Costa,2019,3,4.057384323308271,7.3072346015625,0,3.919879850877193,8.989619798387096,7.349548840077344,1.0,6.123233995736766e-17,76,1.075657894736842,17.0,38.0,0.8311764705882352,43.666666666666664,1
Contra Costa,2019,4,7.3072346015625,6.568994907692308,0,4.057384323308271,3.919879850877193,5.65562799085752,0.8660254037844387,-0.4999999999999998,88,1.0721590909090908,76.0,17.0,1.075657894736842,60.333333333333336,1
Contra Costa,2019,5,6.568994907692308,8.367922884615385,0,7.3072346015625,4.057384323308271,5.094832925249321,0.4999999999999999,-0.8660254037844387,59,1.0535593220338983,88.0,76.0,1.0721590909090908,74.33333333333333,1
Contra Costa,2019,6,8.367922884615385,8.087955888059701,0,6.568994907692308,7.3072346015625,5.977871277521026,1.2246467991473532e-16,-1.0,78,3.55525641025641,59.0,88.0,1.0535593220338983,75.0,1
Contra Costa,2019,7,8.087955888059701,7.037018253846154,0,8.367922884615385,6.568994907692308,7.414717464623398,-0.4999999999999998,-0.8660254037844388,95,0.9802105263157896,78.0,59.0,3.55525641025641,77.33333333333333,1
Contra Costa,2019,8,7.037018253846154,6.018756620967742,0,8.087955888059701,8.367922884615385,7.674957893455798,-0.8660254037844384,-0.5000000000000004,82,1.737560975609756,95.0,78.0,0.9802105263157896,85.0,1
Contra Costa,2019,9,6.018756620967742,8.294490059701491,0,7.037018253846154,8.087955888059701,7.83096567550708,-1.0,-1.8369701987210294e-16,113,1.7038938053097343,82.0,95.0,1.737560975609756,96.66666666666669,1
Contra Costa,2019,10,8.294490059701491,10.270616661538462,0,6.018756620967742,7.037018253846154,7.047910254291199,-0.8660254037844386,0.5000000000000001,193,2.3537305699481865,113.0,82.0,1.7038938053097343,129.33333333333334,1
Contra Costa,2019,11,10.270616661538462,7.882989390243902,0,8.294490059701491,6.018756620967742,7.116754978171795,-0.5000000000000004,0.8660254037844384,124,1.5763709677419355,193.0,113.0,2.3537305699481865,143.33333333333334,0
Contra Costa,2019,12,7.882989390243902,7.56230926119403,0,10.270616661538462,8.294490059701491,8.194621114069232,-2.4492935982947064e-16,1.0,30,1.0533333333333337,124.0,193.0,1.5763709677419355,115.66666666666669,0
Contra Costa,2020,1,7.56230926119403,8.336600105691057,0,7.882989390243902,10.270616661538462,8.816032037161285,0.4999999999999999,0.8660254037844387,44,1.0884090909090909,30.0,124.0,1.0533333333333337,66.0,1
Contra Costa,2020,2,8.336600105691057,6.230256045045045,0,7.56230926119403,7.882989390243902,8.57197177099213,0.8660254037844386,0.5000000000000001,86,1.2987209302325582,44.0,30.0,1.0884090909090909,53.333333333333336,1
Contra Costa,2020,3,6.230256045045045,6.179984896825396,0,8.336600105691057,7.56230926119403,7.927299585709663,1.0,6.123233995736766e-17,98,1.1820408163265306,86.0,44.0,1.2987209302325582,76.0,1
Contra Costa,2020,4,6.179984896825396,6.850699748091603,0,6.230256045045045,8.336600105691057,7.376388470643377,0.8660254037844387,-0.4999999999999998,106,1.11,98.0,86.0,1.1820408163265306,96.66666666666669,1
Contra Costa,2020,5,6.850699748091603,6.8045234959349585,0,6.179984896825396,6.230256045045045,6.915613682520498,0.4999999999999999,-0.8660254037844387,84,1.0083333333333333,106.0,98.0,1.11,96.0,1
Contra Costa,2020,6,6.8045234959349585,8.170657431818181,0,6.850699748091603,6.179984896825396,6.420313563320682,1.2246467991473532e-16,-1.0,98,1.105408163265306,84.0,106.0,1.0083333333333333,96.0,1
Contra Costa,2020,7,8.170657431818181,17.047111772727273,1,6.8045234959349585,6.850699748091603,6.611736046950653,-0.4999999999999998,-0.8660254037844388,97,10.90556701030928,98.0,84.0,1.105408163265306,93.0,1
Contra Costa,2020,8,17.047111772727273,31.184548682170544,1,8.170657431818181,6.8045234959349585,7.275293558614915,-0.8660254037844384,-0.5000000000000004,196,9.284132653061224,97.0,98.0,10.90556701030928,130.33333333333334,1
Contra Costa,2020,9,31.184548682170544,15.060872353846152,1,17.047111772727273,8.170657431818181,10.674097566826804,-1.0,-1.8369701987210294e-16,81,1.689506172839506,196.0,97.0,9.284132653061224,124.66666666666669,1
Contra Costa,2020,10,15.060872353846152,8.12326469047619,0,31.184548682170544,17.047111772727273,18.80077262890533,-0.8660254037844386,0.5000000000000001,86,0.9501162790697674,81.0,196.0,1.689506172839506,121.0,1
Contra Costa,2020,11,8.12326469047619,10.535172436090226,0,15.060872353846152,31.184548682170544,21.09751093624799,-0.5000000000000004,0.8660254037844384,60,1.2568333333333332,86.0,81.0,0.9501162790697674,75.66666666666667,1
Del Norte,2016,11,5.74849335,9.284377779661016,0,4.997444822580645,,4.997444822580645,-0.5000000000000004,0.8660254037844384,2,1.05,4.0,1.0,6.085,2.3333333333333335,0
Del Norte,2017,7,2.8520135409836067,5.041627573770492,0,2.8080645483870965,2.787911606060606,3.416159351482567,-0.4999999999999998,-0.8660254037844388,7,2.3242857142857143,2.0,4.0,1.05,4.333333333333333,1
Del Norte,2017,8,5.041627573770492,21.459166666666665,1,2.8520135409836067,2.8080645483870965,2.8159965651437697,-0.8660254037844384,-0.5000000000000004,649,7.970554699537751,7.0,2.0,2.3242857142857143,219.33333333333337,1
Del Norte,2017,9,21.459166666666665,12.4616668,1,5.041627573770492,2.8520135409836067,3.5672352210470653,-1.0,-1.8369701987210294e-16,879,9.646450511945392,649.0,7.0,7.970554699537751,511.6666666666667,0
Del Norte,2017,10,12.4616668,7.5083174,0,21.459166666666665,5.041627573770492,9.784269260473588,-0.8660254037844386,0.5000000000000001,28,2.626785714285714,879.0,649.0,9.646450511945392,518.6666666666666,0
Del Norte,2017,12,10.217831548387096,10.04630379032258,0,7.5083174,12.4616668,13.809716955555556,-2.4492935982947064e-16,1.0,1,0.59,28.0,879.0,2.626785714285714,302.6666666666667,1
Fresno,2015,3,8.93676517301038,7.757660342657342,0,16.66162182845188,31.787534610344828,24.224578219398353,1.0,6.123233995736766e-17,71,11.46338028169014,87.0,8.0,7.652298850574713,55.333333333333336,1
Fresno,2015,4,7.757660342657342,7.654561345724907,0,8.93676517301038,16.66162182845188,19.128640537269032,0.8660254037844387,-0.4999999999999998,81,8.637777777777778,71.0,87.0,11.46338028169014,79.66666666666667,1
Fresno,2015,5,7.654561345724907,9.275332641638226,0,7.757660342657342,8.93676517301038,11.118682448039868,0.4999999999999999,-0.8660254037844387,50,5.1876,81.0,71.0,8.637777777777778,67.33333333333333,0
Fresno,2015,6,9.275332641638226,9.27173796013289,0,7.654561345724907,7.757660342657342,8.116328953797543,1.2246467991473532e-16,-1.0,23,4.320434782608696,50.0,81.0,5.1876,51.333333333333336,0
Fresno,2015,7,9.27173796013289,11.390170661016947,1,9.275332641638226,7.654561345724907,8.229184776673492,-0.4999999999999998,-0.8660254037844388,34,6.341764705882353,23.0,50.0,4.320434782608696,35.666666666666664,1
Fresno,2015,8,11.390170661016947,11.928712216783218,1,9.27173796013289,9.275332641638226,8.733877315832007,-0.8660254037844384,-0.5000000000000004,5732,20.021959176552684,34.0,23.0,6.341764705882353,1929.6666666666667,1
Fresno,2015,9,11.928712216783218,11.631626614285713,1,11.390170661016947,9.27173796013289,9.979080420929357,-1.0,-1.8369701987210294e-16,4997,13.192971783069842,5732.0,34.0,20.021959176552684,3587.6666666666665,1
Fresno,2015,10,11.631626614285713,18.381236653846155,1,11.928712216783218,11.390170661016947,10.863540279311016,-0.8660254037844386,0.5000000000000001,211,5.450521327014218,4997.0,5732.0,13.192971783069842,3646.6666666666665,1
Fresno,2015,11,18.381236653846155,18.11371765333333,1,11.631626614285713,11.928712216783218,11.650169830695292,-0.5000000000000004,0.8660254037844384,101,6.427920792079208,211.0,4997.0,5.450521327014218,1769.6666666666667,1
Fresno,2015,12,18.11371765333333,15.694038655405404,1,18.381236653846155,11.631626614285713,13.98052516163836,-2.4492935982947064e-16,1.0,118,5.990084745762712,101.0,211.0,6.427920792079208,143.33333333333334,0
Fresno,2016,1,15.694038655405404,16.564293961651916,1,18.11371765333333,18.381236653846155,16.0421936404884,0.4999999999999999,0.8660254037844387,20,7.3595,118.0,101.0,5.990084745762712,79.66666666666667,1
Fresno,2016,2,16.564293961651916,7.996194391812865,0,15.694038655405404,18.11371765333333,17.396330987528298,0.8660254037844386,0.5000000000000001,107,5.723271028037383,20.0,118.0,7.3595,81.66666666666667,1
Fresno,2016,3,7.996194391812865,7.1253637993421055,0,16.564293961651916,15.694038655405404,16.790683423463552,1.0,6.123233995736766e-17,133,6.59984962406015,107.0,20.0,5.723271028037383,86.66666666666667,1
Fresno,2016,4,7.1253637993421055,6.174191290030211,0,7.996194391812865,16.564293961651916,13.418175669623396,0.8660254037844387,-0.4999999999999998,78,5.301153846153846,133.0,107.0,6.59984962406015,106.0,1
Fresno,2016,5,6.174191290030211,6.943155492917847,0,7.1253637993421055,7.996194391812865,10.561950717602295,0.4999999999999999,-0.8660254037844387,49,4.430204081632653,78.0,133.0,5.301153846153846,86.66666666666667,0
Fresno,2016,6,6.943155492917847,8.78364983898305,0,6.174191290030211,7.1253637993421055,7.098583160395061,1.2246467991473532e-16,-1.0,35,7.330857142857142,49.0,78.0,4.430204081632653,54.0,1
Fresno,2016,7,8.78364983898305,12.137916692982456,1,6.943155492917847,6.174191290030211,6.747570194096721,-0.4999999999999998,-0.8660254037844388,118,8.532542372881355,35.0,49.0,7.330857142857142,67.33333333333333,1
Fresno,2016,8,12.137916692982456,11.077147908554572,0,8.78364983898305,6.943155492917847,7.300332207310369,-0.8660254037844384,-0.5000000000000004,140,14.958142857142857,118.0,35.0,8.532542372881355,97.66666666666669,1
Fresno,2016,9,11.077147908554572,8.182425533527697,0,12.137916692982456,8.78364983898305,9.288240674961118,-1.0,-1.8369701987210294e-16,197,12.074467005076142,140.0,118.0,14.958142857142857,151.66666666666666,1
Fresno,2016,10,8.182425533527697,16.976166559077807,1,11.077147908554572,12.137916692982456,10.666238146840026,-0.8660254037844386,0.5000000000000001,265,13.27954716981132,197.0,140.0,12.074467005076142,200.66666666666663,1
Fresno,2016,11,16.976166559077807,19.128479606060605,1,8.182425533527697,11.077147908554572,10.465830045021574,-0.5000000000000004,0.8660254037844384,229,10.389737991266376,265.0,197.0,13.27954716981132,230.33333333333337,1
Fresno,2016,12,19.128479606060605,8.586130034267912,0,16.976166559077807,8.182425533527697,12.078580000386692,-2.4492935982947064e-16,1.0,59,13.446779661016947,229.0,265.0,10.389737991266376,184.33333333333337,0
Fresno,2017,1,8.586130034267912,6.751959384615385,0,19.128479606060605,16.976166559077807,14.762357232888704,0.4999999999999999,0.8660254037844387,39,14.58076923076923,59.0,229.0,13.446779661016947,109.0,0
Fresno,2017,2,6.751959384615385,8.609963614649681,0,8.586130034267912,19.128479606060605,14.89692539980211,0.8660254037844386,0.5000000000000001,45,9.246222222222222,39.0,59.0,14.58076923076923,47.666666666666664,1
Fresno,2017,3,8.609963614649681,6.047947727536233,0,6.751959384615385,8.586130034267912,11.488856341647969,1.0,6.123233995736766e-17,156,5.210448717948718,45.0,39.0,9.246222222222222,80.0,1
Fresno,2017,4,6.047947727536233,7.738429321329639,0,8.609963614649681,6.751959384615385,7.982684344510993,0.8660254037844387,-0.4999999999999998,125,16.13632,156.0,45.0,5.210448717948718,108.66666666666669,1
Fresno,2017,5,7.738429321329639,7.309480505813954,0,6.047947727536233,8.609963614649681,7.136623575600434,0.4999999999999999,-0.8660254037844387,118,12.04271186440678,125.0,156.0,16.13632,133.0,1
Fresno,2017,6,7.309480505813954,9.711048983333333,0,7.738429321329639,6.047947727536233,7.465446887838517,1.2246467991473532e-16,-1.0,87,6.690919540229885,118.0,125.0,12.04271186440678,110.0,1
Fresno,2017,7,9.711048983333333,13.61029168888889,1,7.309480505813954,7.738429321329639,7.03195251822661,-0.4999999999999998,-0.8660254037844388,827,23.220822249093107,87.0,118.0,6.690919540229885,344.0,1
Fresno,2017,8,13.61029168888889,12.561522403508771,1,9.711048983333333,7.309480505813954,8.252986270158976,-0.8660254037844384,-0.5000000000000004,48,12.15125,827.0,87.0,23.220822249093107,320.6666666666667,1
Fresno,2017,9,12.561522403508771,15.391167806094185,1,13.61029168888889,9.711048983333333,10.21027372601206,-1.0,-1.8369701987210294e-16,150,8.853866666666667,48.0,827.0,12.15125,341.6666666666667,1
Fresno,2017,10,15.391167806094185,14.75673044,1,12.561522403508771,13.61029168888889,11.960954358576998,-0.8660254037844386,0.5000000000000001,278,10.367913669064748,150.0,48.0,8.853866666666667,158.66666666666666,1
Fresno,2017,11,14.75673044,35.940222548476456,1,15.391167806094185,12.561522403508771,13.854327299497283,-0.5000000000000004,0.8660254037844384,266,10.0606015037594,278.0,150.0,10.367913669064748,231.33333333333337,1
Fresno,2017,12,35.940222548476456,21.590027666666668,1,14.75673044,15.391167806094185,14.236473549867654,-2.4492935982947064e-16,1.0,184,8.985815217391304,266.0,278.0,10.0606015037594,242.66666666666663,1
Fresno,2018,1,21.590027666666668,15.590986888888889,1,35.940222548476456,14.75673044,22.029373598190215,0.4999999999999999,0.8660254037844387,192,9.16859375,184.0,266.0,8.985815217391304,214.0,1
Fresno,2018,2,15.590986888888889,5.543169709039549,0,21.590027666666668,35.940222548476456,24.09566021838104,0.8660254037844386,0.5000000000000001,211,10.661469194312795,192.0,184.0,9.16859375,195.66666666666663,1
Fresno,2018,3,5.543169709039549,6.435722565217392,0,15.590986888888889,21.590027666666668,24.373745701344006,1.0,6.123233995736766e-17,76,6.899078947368421,211.0,192.0,10.661469194312795,159.66666666666666,1
Fresno,2018,4,6.435722565217392,6.616497103641456,0,5.543169709039549,15.590986888888889,14.241394754865034,0.8660254037844387,-0.4999999999999998,62,9.244516129032258,76.0,211.0,6.899078947368421,116.33333333333331,0
Fresno,2018,5,6.616497103641456,7.98246072189349,0,6.435722565217392,5.543169709039549,9.18995972104861,0.4999999999999999,-0.8660254037844387,43,5.4906976744186045,62.0,76.0,9.244516129032258,60.333333333333336,0
Fresno,2018,6,7.98246072189349,13.626819142045456,1,6.616497103641456,6.435722565217392,6.198463125966132,1.2246467991473532e-16,-1.0,40,9.8295,43.0,62.0,5.4906976744186045,48.333333333333336,0
Fresno,2018,7,13.626819142045456,23.668577060773483,1,7.98246072189349,6.616497103641456,7.011560130250779,-0.4999999999999998,-0.8660254037844388,13,6.395384615384615,40.0,43.0,9.8295,32.0,1
Fresno,2018,8,23.668577060773483,10.656624175438596,0,13.626819142045456,7.98246072189349,9.4085923225268,-0.8660254037844384,-0.5000000000000004,98,8.618571428571428,13.0,40.0,6.395384615384615,50.333333333333336,1
Fresno,2018,9,10.656624175438596,9.991755825842697,0,23.668577060773483,13.626819142045456,15.092618974904145,-1.0,-1.8369701987210294e-16,85,7.637529411764705,98.0,13.0,8.618571428571428,65.33333333333333,1
Fresno,2018,10,9.991755825842697,25.34182795601173,1,10.656624175438596,23.668577060773483,15.984006792752512,-0.8660254037844386,0.5000000000000001,196,7.255,85.0,98.0,7.637529411764705,126.33333333333331,1
Fresno,2018,11,25.34182795601173,17.23988558806818,1,9.991755825842697,10.656624175438596,14.772319020684929,-0.5000000000000004,0.8660254037844384,127,6.866771653543307,196.0,85.0,7.255,136.0,0
Fresno,2018,12,17.23988558806818,15.055769454277288,1,25.34182795601173,9.991755825842697,15.330069319097674,-2.4492935982947064e-16,1.0,41,4.438780487804879,127.0,196.0,6.866771653543307,121.33333333333331,1
Fresno,2019,1,15.055769454277288,6.168430533950617,0,17.23988558806818,25.34182795601173,17.524489789974204,0.4999999999999999,0.8660254037844387,79,7.875696202531645,41.0,127.0,4.438780487804879,82.33333333333333,0
Fresno,2019,2,6.168430533950617,5.313953305555556,0,15.055769454277288,17.23988558806818,19.212494332785734,0.8660254037844386,0.5000000000000001,41,6.66170731707317,79.0,41.0,7.875696202531645,53.666666666666664,1
Fresno,2019,3,5.313953305555556,6.353496232258065,0,6.168430533950617,15.055769454277288,12.821361858765362,1.0,6.123233995736766e-17,59,5.121016949152542,41.0,79.0,6.66170731707317,59.666666666666664,1
Fresno,2019,4,6.353496232258065,6.105872281879194,0,5.313953305555556,6.168430533950617,8.846051097927822,0.8660254037844387,-0.4999999999999998,58,5.468275862068966,59.0,41.0,5.121016949152542,52.666666666666664,1
Fresno,2019,5,6.105872281879194,7.796608365625,0,6.353496232258065,5.313953305555556,5.945293357254747,0.4999999999999999,-0.8660254037844387,56,6.283214285714286,58.0,59.0,5.468275862068966,57.666666666666664,1
Fresno,2019,6,7.796608365625,8.691672937313433,0,6.105872281879194,6.353496232258065,5.924440606564272,1.2246467991473532e-16,-1.0,74,7.399054054054053,56.0,58.0,6.283214285714286,62.666666666666664,0
Fresno,2019,7,8.691672937313433,8.575246008426966,0,7.796608365625,6.105872281879194,6.751992293254087,-0.4999999999999998,-0.8660254037844388,41,6.460243902439024,74.0,56.0,7.399054054054053,57.0,0
Fresno,2019,8,8.575246008426966,6.836599355987055,0,8.691672937313433,7.796608365625,7.531384528272544,-0.8660254037844384,-0.5000000000000004,41,8.255365853658537,41.0,74.0,6.460243902439024,52.0,1
Fresno,2019,9,6.836599355987055,10.971938396666664,0,8.575246008426966,8.691672937313433,8.354509103788468,-1.0,-1.8369701987210294e-16,79,5.062658227848101,41.0,41.0,8.255365853658537,53.666666666666664,1
Fresno,2019,10,10.971938396666664,16.664440386861315,1,6.836599355987055,8.575246008426966,8.034506100575818,-0.8660254037844386,0.5000000000000001,81,6.674444444444444,79.0,41.0,5.062658227848101,67.0,1
Fresno,2019,11,16.664440386861315,10.482136118421051,0,10.971938396666664,6.836599355987055,8.794594587026895,-0.5000000000000004,0.8660254037844384,60,3.779333333333333,81.0,79.0,6.674444444444444,73.33333333333333,1
Fresno,2019,12,10.482136118421051,14.74033600954654,1,16.664440386861315,10.971938396666664,11.490992713171678,-2.4492935982947064e-16,1.0,58,5.574310344827587,60.0,81.0,3.779333333333333,66.33333333333333,1
Fresno,2020,1,14.74033600954654,13.23427562113402,1,10.482136118421051,16.664440386861315,12.706171633983011,0.4999999999999999,0.8660254037844387,73,9.271506849315069,58.0,60.0,5.574310344827587,63.666666666666664,1
Fresno,2020,2,13.23427562113402,5.218109014669927,0,14.74033600954654,10.482136118421051,13.962304171609636,0.8660254037844386,0.5000000000000001,345,11.950028985507249,73.0,58.0,9.271506849315069,158.66666666666666,1
Fresno,2020,3,5.218109014669927,5.5596107493670885,0,13.23427562113402,14.74033600954654,12.818915916367205,1.0,6.123233995736766e-17,250,7.69056,345.0,73.0,11.950028985507249,222.66666666666663,1
Fresno,2020,4,5.5596107493670885,5.419488376847291,0,5.218109014669927,13.23427562113402,11.064240215116827,0.8660254037844387,-0.4999999999999998,91,6.008791208791208,250.0,345.0,7.69056,228.66666666666663,1
Fresno,2020,5,5.419488376847291,6.853749856079404,0,5.5596107493670885,5.218109014669927,8.003998461723677,0.4999999999999999,-0.8660254037844387,71,6.206901408450705,91.0,250.0,6.008791208791208,137.33333333333334,1
Fresno,2020,6,6.853749856079404,9.648332140811457,0,5.419488376847291,5.5596107493670885,5.399069380294769,1.2246467991473532e-16,-1.0,58,4.552241379310344,71.0,91.0,6.206901408450705,73.33333333333333,1
Fresno,2020,7,9.648332140811457,31.737834603286387,1,6.853749856079404,5.419488376847291,5.944282994097928,-0.4999999999999998,-0.8660254037844388,600,21.874116666666666,58.0,71.0,4.552241379310344,243.0,1
Fresno,2020,8,31.737834603286387,48.06437482238443,1,9.648332140811457,6.853749856079404,7.307190124579383,-0.8660254037844384,-0.5000000000000004,99,14.410909090909092,600.0,58.0,21.874116666666666,252.33333333333337,1
Fresno,2020,9,48.06437482238443,31.19921699529412,1,31.737834603286387,9.648332140811457,16.079972200059082,-1.0,-1.8369701987210294e-16,14505,18.73233505687694,99.0,600.0,14.410909090909092,5068.0,1
Fresno,2020,10,31.19921699529412,20.40513213022113,1,48.06437482238443,31.737834603286387,29.816847188827424,-0.8660254037844386,0.5000000000000001,6631,14.632797466445483,14505.0,99.0,18.73233505687694,7078.333333333333,1
Fresno,2020,11,20.40513213022113,21.746725930107527,1,31.19921699529412,48.06437482238443,37.00047547365498,-0.5000000000000004,0.8660254037844384,307,3.809934853420195,6631.0,14505.0,14.632797466445483,7147.666666666667,0
Humboldt,2015,3,6.35589530120482,5.486238915254237,0,7.421396364864864,11.892116719512195,9.65675654218853,1.0,6.123233995736766e-17,2,3.85,1.0,20.0,2.22,7.666666666666667,0
Humboldt,2015,5,4.75,5.95,0,5.486238915254237,6.35589530120482,6.421176860441307,0.4999999999999999,-0.8660254037844387,1,0.36,2.0,1.0,3.85,1.3333333333333333,0
Humboldt,2015,6,5.95,4.9,0,4.75,5.486238915254237,5.530711405486351,1.2246467991473532e-16,-1.0,19,6.428421052631578,1.0,2.0,0.36,7.333333333333333,1
Humboldt,2015,7,4.9,4.6499999999999995,0,5.95,4.75,5.395412971751412,-0.4999999999999998,-0.8660254037844388,98,22.15051020408163,19.0,1.0,6.428421052631578,39.333333333333336,1
Humboldt,2015,8,4.6499999999999995,4.125,0,4.9,5.95,5.2,-0.8660254037844384,-0.5000000000000004,3085,7.097222042139384,98.0,19.0,22.15051020408163,1067.3333333333333,1
Humboldt,2015,9,4.125,4.575,0,4.6499999999999995,4.9,5.166666666666667,-1.0,-1.8369701987210294e-16,63,9.67746031746032,3085.0,98.0,7.097222042139384,1082.0,0
Humboldt,2015,10,4.575,6.5600000000000005,0,4.125,4.6499999999999995,4.558333333333334,-0.8660254037844386,0.5000000000000001,7,3.165714285714286,63.0,3085.0,9.67746031746032,1051.6666666666667,0
Humboldt,2015,11,6.5600000000000005,4.3149999999999995,0,4.575,4.125,4.45,-0.5000000000000004,0.8660254037844384,18,6.432222222222222,7.0,63.0,3.165714285714286,29.333333333333332,0
Humboldt,2015,12,4.3149999999999995,4.095454545454545,0,6.5600000000000005,4.575,5.086666666666667,-2.4492935982947064e-16,1.0,3,2.67,18.0,7.0,6.432222222222222,9.333333333333334,0
Humboldt,2016,1,4.095454545454545,5.4,0,4.3149999999999995,6.5600000000000005,5.15,0.4999999999999999,0.8660254037844387,2,0.97,3.0,18.0,2.67,7.666666666666667,0
Humboldt,2016,2,5.4,4.659090909090909,0,4.095454545454545,4.3149999999999995,4.990151515151514,0.8660254037844386,0.5000000000000001,3,3.0499999999999994,2.0,3.0,0.97,2.6666666666666665,0
Humboldt,2016,3,4.659090909090909,5.275,0,5.4,4.095454545454545,4.603484848484848,1.0,6.123233995736766e-17,2,4.655,3.0,2.0,3.0499999999999994,2.3333333333333335,0
Humboldt,2016,4,5.275,5.75,0,4.659090909090909,5.4,4.718181818181818,0.8660254037844387,-0.4999999999999998,2,2.245,2.0,3.0,4.655,2.3333333333333335,0
Humboldt,2016,6,3.9157894736842103,4.6947368421052635,0,5.75,5.275,5.228030303030303,1.2246467991473532e-16,-1.0,4,1.2475,2.0,2.0,2.245,2.6666666666666665,0
Humboldt,2016,7,4.6947368421052635,3.60909090909091,0,3.9157894736842103,5.75,4.980263157894737,-0.4999999999999998,-0.8660254037844388,4,0.8575,4.0,2.0,1.2475,3.3333333333333335,0
Humboldt,2016,8,3.60909090909091,5.1899999999999995,0,4.6947368421052635,3.9157894736842103,4.786842105263158,-0.8660254037844384,-0.5000000000000004,20,2.583,4.0,4.0,0.8575,9.333333333333334,0
Humboldt,2016,9,5.1899999999999995,2.626315789473684,0,3.60909090909091,4.6947368421052635,4.073205741626794,-1.0,-1.8369701987210294e-16,2,16.28,20.0,4.0,2.583,8.666666666666666,1
Humboldt,2016,10,2.626315789473684,5.216666666666667,0,5.1899999999999995,3.60909090909091,4.4979425837320575,-0.8660254037844386,0.5000000000000001,51,11.101764705882356,2.0,20.0,16.28,24.333333333333332,0
Humboldt,2016,11,5.216666666666667,6.9799999999999995,0,2.626315789473684,5.1899999999999995,3.808468899521532,-0.5000000000000004,0.8660254037844384,23,5.7013043478260865,51.0,2.0,11.101764705882356,25.333333333333332,0
Humboldt,2016,12,6.9799999999999995,6.881818181818182,0,5.216666666666667,2.626315789473684,4.344327485380117,-2.4492935982947064e-16,1.0,5,3.558,23.0,51.0,5.7013043478260865,26.333333333333332,0
Humboldt,2017,3,4.427272727272728,4.411111111111111,0,3.85,6.881818181818182,5.903939393939393,1.0,6.123233995736766e-17,1,2.61,5.0,23.0,3.558,9.666666666666666,0
Humboldt,2017,5,5.0227272727272725,5.01,0,4.411111111111111,4.427272727272728,4.22946127946128,0.4999999999999999,-0.8660254037844387,1,1.96,1.0,5.0,2.61,2.3333333333333335,0
Humboldt,2017,6,5.01,5.625,0,5.0227272727272725,4.411111111111111,4.62037037037037,1.2246467991473532e-16,-1.0,4,1.945,1.0,1.0,1.96,2.0,0
Humboldt,2017,8,8.120000000000001,12.078947368421051,1,5.625,5.01,5.219242424242424,-0.8660254037844384,-0.5000000000000004,10,14.464,4.0,1.0,1.945,5.0,0
Humboldt,2017,9,12.078947368421051,9.585714285714284,0,8.120000000000001,5.625,6.251666666666666,-1.0,-1.8369701987210294e-16,1,0.6,10.0,4.0,14.464,5.0,0
Humboldt,2017,10,9.585714285714284,4.2625,0,12.078947368421051,8.120000000000001,8.60798245614035,-0.8660254037844386,0.5000000000000001,23,6.649130434782609,1.0,10.0,0.6,11.333333333333334,0
Humboldt,2017,11,4.2625,10.294736842105262,0,9.585714285714284,12.078947368421051,9.928220551378445,-0.5000000000000004,0.8660254037844384,29,5.159655172413793,23.0,1.0,6.649130434782609,17.666666666666668,0
Humboldt,2017,12,10.294736842105262,5.165,0,4.2625,9.585714285714284,8.642387218045112,-2.4492935982947064e-16,1.0,2,2.37,29.0,23.0,5.159655172413793,18.0,0
Humboldt,2018,1,5.165,6.285,0,10.294736842105262,4.2625,8.047650375939849,0.4999999999999999,0.8660254037844387,4,2.74,2.0,29.0,2.37,11.666666666666666,0
Humboldt,2018,2,6.285,3.55,0,5.165,10.294736842105262,6.574078947368421,0.8660254037844386,0.5000000000000001,16,5.310625,4.0,2.0,2.74,7.333333333333333,0
Humboldt,2018,3,3.55,6.615384615384615,0,6.285,5.165,7.248245614035088,1.0,6.123233995736766e-17,1,2.5,16.0,4.0,5.310625,7.0,0
Humboldt,2018,4,6.615384615384615,5.64,0,3.55,6.285,5.000000000000001,0.8660254037844387,-0.4999999999999998,23,5.01304347826087,1.0,16.0,2.5,13.333333333333334,0
Humboldt,2018,5,5.64,5.3,0,6.615384615384615,3.55,5.483461538461538,0.4999999999999999,-0.8660254037844387,1,2.65,23.0,1.0,5.01304347826087,8.333333333333334,0
Humboldt,2018,6,5.3,5.045454545454546,0,5.64,6.615384615384615,5.268461538461538,1.2246467991473532e-16,-1.0,2,5.24,1.0,23.0,2.65,8.666666666666666,0
Humboldt,2018,7,5.045454545454546,7.51111111111111,0,5.3,5.64,5.851794871794873,-0.4999999999999998,-0.8660254037844388,2,1.5,2.0,1.0,5.24,1.6666666666666667,1
Humboldt,2018,8,7.51111111111111,6.2700000000000005,0,5.045454545454546,5.3,5.328484848484849,-0.8660254037844384,-0.5000000000000004,227,5.286872246696035,2.0,2.0,1.5,77.0,0
Humboldt,2018,9,6.2700000000000005,7.45,0,7.51111111111111,5.045454545454546,5.952188552188552,-1.0,-1.8369701987210294e-16,16,11.808125,227.0,2.0,5.286872246696035,81.66666666666667,1
Humboldt,2018,10,7.45,17.21,1,6.2700000000000005,7.51111111111111,6.275521885521886,-0.8660254037844386,0.5000000000000001,48,3.904375,16.0,227.0,11.808125,97.0,0
Humboldt,2018,11,17.21,11.145454545454545,0,7.45,6.2700000000000005,7.077037037037037,-0.5000000000000004,0.8660254037844384,18,6.552222222222222,48.0,16.0,3.904375,27.333333333333332,0
Humboldt,2018,12,11.145454545454545,8.36,0,17.21,7.45,10.31,-2.4492935982947064e-16,1.0,14,5.445714285714286,18.0,48.0,6.552222222222222,26.666666666666668,0
Humboldt,2019,1,8.36,5.26,0,11.145454545454545,17.21,11.935151515151516,0.4999999999999999,0.8660254037844387,9,3.83,14.0,18.0,5.445714285714286,13.666666666666666,0
Humboldt,2019,3,5.84,5.611111111111111,0,5.26,8.36,8.255151515151516,1.0,6.123233995736766e-17,3,5.33,9.0,14.0,3.83,8.666666666666666,0
Humboldt,2019,4,5.611111111111111,4.91,0,5.84,5.26,6.486666666666667,0.8660254037844387,-0.4999999999999998,8,5.4675,3.0,9.0,5.33,6.666666666666667,0
Humboldt,2019,5,4.91,6.575,0,5.611111111111111,5.84,5.5703703703703695,0.4999999999999999,-0.8660254037844387,2,6.8149999999999995,8.0,3.0,5.4675,4.333333333333333,0
Humboldt,2019,7,5.1000000000000005,6.090909090909091,0,6.575,4.91,5.698703703703703,-0.4999999999999998,-0.8660254037844388,2,1.815,2.0,8.0,6.8149999999999995,4.0,0
Humboldt,2019,8,6.090909090909091,4.819999999999999,0,5.1000000000000005,6.575,5.528333333333333,-0.8660254037844384,-0.5000000000000004,1,0.29,2.0,2.0,1.815,1.6666666666666667,0
Humboldt,2019,9,4.819999999999999,9.2875,0,6.090909090909091,5.1000000000000005,5.921969696969697,-1.0,-1.8369701987210294e-16,3,1.59,1.0,2.0,0.29,2.0,0
Humboldt,2019,10,9.2875,11.13,0,4.819999999999999,6.090909090909091,5.336969696969697,-0.8660254037844386,0.5000000000000001,12,9.538333333333332,3.0,1.0,1.59,5.333333333333333,0
Humboldt,2019,11,11.13,7.44,0,9.2875,4.819999999999999,6.732803030303029,-0.5000000000000004,0.8660254037844384,7,12.152857142857142,12.0,3.0,9.538333333333332,7.333333333333333,0
Humboldt,2019,12,7.44,9.009090909090908,0,11.13,9.2875,8.4125,-2.4492935982947064e-16,1.0,22,4.917727272727273,7.0,12.0,12.152857142857142,13.666666666666666,0
Humboldt,2020,1,9.009090909090908,9.27777777777778,0,7.44,11.13,9.285833333333334,0.4999999999999999,0.8660254037844387,3,0.6733333333333333,22.0,7.0,4.917727272727273,10.666666666666666,0
Humboldt,2020,2,9.27777777777778,7.25,0,9.009090909090908,7.44,9.193030303030303,0.8660254037844386,0.5000000000000001,8,5.203749999999999,3.0,22.0,0.6733333333333333,11.0,0
Humboldt,2020,3,7.25,8.260000000000002,0,9.27777777777778,9.009090909090908,8.575622895622898,1.0,6.123233995736766e-17,9,3.695555555555555,8.0,3.0,5.203749999999999,6.666666666666667,0
Humboldt,2020,4,8.260000000000002,4.7,0,7.25,9.27777777777778,8.512289562289562,0.8660254037844387,-0.4999999999999998,2,1.76,9.0,8.0,3.695555555555555,6.333333333333333,0
Humboldt,2020,5,4.7,6.2700000000000005,0,8.260000000000002,7.25,8.262592592592595,0.4999999999999999,-0.8660254037844387,7,3.237142857142857,2.0,9.0,1.76,6.0,1
Humboldt,2020,7,5.0600000000000005,5.68,0,6.2700000000000005,4.7,6.410000000000001,-0.4999999999999998,-0.8660254037844388,65,9.764,7.0,2.0,3.237142857142857,24.666666666666668,1
Humboldt,2020,8,5.68,21.48,1,5.0600000000000005,6.2700000000000005,5.343333333333334,-0.8660254037844384,-0.5000000000000004,1266,9.909770932069511,65.0,7.0,9.764,446.0,1
Humboldt,2020,9,21.48,9.51,0,5.68,5.0600000000000005,5.670000000000001,-1.0,-1.8369701987210294e-16,4106,18.2523161227472,1266.0,65.0,9.909770932069511,1812.3333333333333,1
Humboldt,2020,10,9.51,9.86,0,21.48,5.68,10.74,-0.8660254037844386,0.5000000000000001,148,4.581824324324325,4106.0,1266.0,18.2523161227472,1840.0,1
Humboldt,2020,11,9.86,16.1,1,9.51,21.48,12.223333333333334,-0.5000000000000004,0.8660254037844384,70,5.41,148.0,4106.0,4.581824324324325,1441.3333333333333,1
Imperial,2015,3,9.604969553571427,11.066203585798815,0,15.598953929936306,18.441363325581396,17.02015862775885,1.0,6.123233995736766e-17,9,19.641111111111112,27.0,42.0,19.622592592592596,26.0,0
Imperial,2015,4,11.066203585798815,10.175407101123596,0,9.604969553571427,15.598953929936306,14.548428936363043,0.8660254037844387,-0.4999999999999998,4,0.8275,9.0,27.0,19.641111111111112,13.333333333333334,0
Imperial,2015,5,10.175407101123596,12.91001125925926,1,11.066203585798815,9.604969553571427,12.090042356435516,0.4999999999999999,-0.8660254037844387,18,43.48166666666666,4.0,9.0,0.8275,10.333333333333334,0
Imperial,2015,6,12.91001125925926,9.701728841463414,0,10.175407101123596,11.066203585798815,10.282193413497945,1.2246467991473532e-16,-1.0,16,13.808125,18.0,4.0,43.48166666666666,12.666666666666666,1
Imperial,2015,7,9.701728841463414,10.606205378531074,0,12.91001125925926,10.175407101123596,11.383873982060557,-0.4999999999999998,-0.8660254037844388,53,26.165283018867925,16.0,18.0,13.808125,29.0,0
Imperial,2015,8,10.606205378531074,9.26755869767442,0,9.701728841463414,12.91001125925926,10.929049067282088,-0.8660254037844384,-0.5000000000000004,26,23.025769230769235,53.0,16.0,26.165283018867925,31.666666666666668,0
Imperial,2015,9,9.26755869767442,8.749769420454545,0,10.606205378531074,9.701728841463414,11.07264849308458,-1.0,-1.8369701987210294e-16,14,4.742142857142857,26.0,53.0,23.025769230769235,31.0,0
Imperial,2015,10,8.749769420454545,12.639421116279069,1,9.26755869767442,10.606205378531074,9.85849763922297,-0.8660254037844386,0.5000000000000001,27,22.77777777777778,14.0,26.0,4.742142857142857,22.333333333333332,0
Imperial,2015,11,12.639421116279069,15.37090856302521,1,8.749769420454545,9.26755869767442,9.541177832220011,-0.5000000000000004,0.8660254037844384,32,6.7090625,27.0,14.0,22.77777777777778,24.333333333333332,0
Imperial,2015,12,15.37090856302521,12.57037037037037,1,12.639421116279069,8.749769420454545,10.218916411469344,-2.4492935982947064e-16,1.0,22,20.81409090909091,32.0,27.0,6.7090625,27.0,0
Imperial,2016,1,12.57037037037037,8.302272727272728,0,15.37090856302521,12.639421116279069,12.253366366586276,0.4999999999999999,0.8660254037844387,22,8.790454545454546,22.0,32.0,20.81409090909091,25.333333333333332,0
Imperial,2016,2,8.302272727272728,8.677999999999999,0,12.57037037037037,15.37090856302521,13.526900016558216,0.8660254037844386,0.5000000000000001,32,8.436875,22.0,22.0,8.790454545454546,25.333333333333332,0
Imperial,2016,3,8.677999999999999,10.409803921568628,0,8.302272727272728,12.57037037037037,12.081183886889436,1.0,6.123233995736766e-17,24,7.190833333333334,32.0,22.0,8.436875,26.0,0
Imperial,2016,4,10.409803921568628,10.129411764705884,0,8.677999999999999,8.302272727272728,9.850214365881031,0.8660254037844387,-0.4999999999999998,9,7.458888888888889,24.0,32.0,7.190833333333334,21.666666666666668,0
Imperial,2016,5,10.129411764705884,14.768627450980391,1,10.409803921568628,8.677999999999999,9.130025549613784,0.4999999999999999,-0.8660254037844387,5,47.662,9.0,24.0,7.458888888888889,12.666666666666666,1
Imperial,2016,6,14.768627450980391,13.733962264150945,1,10.129411764705884,10.409803921568628,9.739071895424836,1.2246467991473532e-16,-1.0,68,26.258529411764705,5.0,9.0,47.662,27.333333333333332,1
Imperial,2016,7,13.733962264150945,11.833928571428572,1,14.768627450980391,10.129411764705884,11.769281045751631,-0.4999999999999998,-0.8660254037844388,53,23.388490566037735,68.0,5.0,26.258529411764705,42.0,0
Imperial,2016,8,11.833928571428572,10.825490196078432,0,13.733962264150945,14.768627450980391,12.877333826612409,-0.8660254037844384,-0.5000000000000004,23,19.11782608695652,53.0,68.0,23.388490566037735,48.0,0
Imperial,2016,9,10.825490196078432,10.785106382978723,0,11.833928571428572,13.733962264150945,13.445506095519969,-1.0,-1.8369701987210294e-16,13,23.463846153846156,23.0,53.0,19.11782608695652,29.666666666666668,0
Imperial,2016,10,10.785106382978723,11.169811320754716,0,10.825490196078432,11.833928571428572,12.131127010552651,-0.8660254037844386,0.5000000000000001,11,5.766363636363637,13.0,23.0,23.463846153846156,15.666666666666666,0
Imperial,2016,11,11.169811320754716,15.803703703703704,1,10.785106382978723,10.825490196078432,11.14817505016191,-0.5000000000000004,0.8660254037844384,9,14.687777777777775,11.0,13.0,5.766363636363637,11.0,0
Imperial,2016,12,15.803703703703704,8.109803921568627,0,11.169811320754716,10.785106382978723,10.926802633270624,-2.4492935982947064e-16,1.0,1,6.76,9.0,11.0,14.687777777777775,7.0,0
Imperial,2017,1,8.109803921568627,8.242222222222223,0,15.803703703703704,11.169811320754716,12.58620713581238,0.4999999999999999,0.8660254037844387,12,9.764166666666666,1.0,9.0,6.76,7.333333333333333,0
Imperial,2017,2,8.242222222222223,7.833962264150943,0,8.109803921568627,15.803703703703704,11.694439648675685,0.8660254037844386,0.5000000000000001,34,14.803235294117648,12.0,1.0,9.764166666666666,15.666666666666666,0
Imperial,2017,3,7.833962264150943,7.678846153846154,0,8.242222222222223,8.109803921568627,10.718576615831518,1.0,6.123233995736766e-17,26,15.961923076923076,34.0,12.0,14.803235294117648,24.0,0
Imperial,2017,4,7.678846153846154,9.21132075471698,0,7.833962264150943,8.242222222222223,8.061996135980598,0.8660254037844387,-0.4999999999999998,11,13.373636363636365,26.0,34.0,15.961923076923076,23.666666666666668,0
Imperial,2017,5,9.21132075471698,12.852,1,7.678846153846154,7.833962264150943,7.918343546739773,0.4999999999999999,-0.8660254037844387,13,22.463846153846152,11.0,26.0,13.373636363636365,16.666666666666668,1
Imperial,2017,6,12.852,12.65686274509804,1,9.21132075471698,7.678846153846154,8.241376390904692,1.2246467991473532e-16,-1.0,47,34.723404255319146,13.0,11.0,22.463846153846152,23.666666666666668,0
Imperial,2017,7,12.65686274509804,10.236363636363636,0,12.852,9.21132075471698,9.91405563618771,-0.4999999999999998,-0.8660254037844388,18,13.71,47.0,13.0,34.723404255319146,26.0,0
Imperial,2017,8,10.236363636363636,8.916666666666666,0,12.65686274509804,12.852,11.57339449993834,-0.8660254037844384,-0.5000000000000004,21,10.49047619047619,18.0,47.0,13.71,28.666666666666668,1
Imperial,2017,9,8.916666666666666,12.234545454545454,1,10.236363636363636,12.65686274509804,11.915075460487223,-1.0,-1.8369701987210294e-16,81,36.00851851851852,21.0,18.0,10.49047619047619,40.0,0
Imperial,2017,10,12.234545454545454,11.017021276595743,0,8.916666666666666,10.236363636363636,10.603297682709448,-0.8660254037844386,0.5000000000000001,11,7.947272727272727,81.0,21.0,36.00851851851852,37.666666666666664,0
Imperial,2017,11,11.017021276595743,18.39387755102041,1,12.234545454545454,8.916666666666666,10.462525252525252,-0.5000000000000004,0.8660254037844384,4,9.0875,11.0,81.0,7.947272727272727,32.0,0
Imperial,2017,12,18.39387755102041,13.628,1,11.017021276595743,12.234545454545454,10.722744465935955,-2.4492935982947064e-16,1.0,3,2.1199999999999997,4.0,11.0,9.0875,6.0,1
Imperial,2018,1,13.628,12.085106382978724,1,18.39387755102041,11.017021276595743,13.881814760720536,0.4999999999999999,0.8660254037844387,54,19.034074074074073,3.0,4.0,2.1199999999999997,20.333333333333332,0
Imperial,2018,2,12.085106382978724,6.305660377358491,0,13.628,18.39387755102041,14.346299609205383,0.8660254037844386,0.5000000000000001,16,4.031875,54.0,3.0,19.034074074074073,24.333333333333332,0
Imperial,2018,3,6.305660377358491,12.944230769230767,1,12.085106382978724,13.628,14.702327977999714,1.0,6.123233995736766e-17,12,8.5825,16.0,54.0,4.031875,27.333333333333332,0
Imperial,2018,5,12.45,13.083333333333334,1,12.944230769230767,6.305660377358491,10.44499917652266,0.4999999999999999,-0.8660254037844387,15,25.38266666666667,12.0,16.0,8.5825,14.333333333333334,0
Imperial,2018,6,13.083333333333334,14.839473684210526,1,12.45,12.944230769230767,10.566630382196418,1.2246467991473532e-16,-1.0,10,10.318,15.0,12.0,25.38266666666667,12.333333333333334,0
Imperial,2018,7,14.839473684210526,11.132142857142856,0,13.083333333333334,12.45,12.8258547008547,-0.4999999999999998,-0.8660254037844388,9,9.696666666666667,10.0,15.0,10.318,11.333333333333334,0
Imperial,2018,8,11.132142857142856,9.28918918918919,0,14.839473684210526,13.083333333333334,13.457602339181287,-0.8660254037844384,-0.5000000000000004,28,15.49392857142857,9.0,10.0,9.696666666666667,15.666666666666666,0
Imperial,2018,9,9.28918918918919,6.452777777777778,0,11.132142857142856,14.839473684210526,13.01831662489557,-1.0,-1.8369701987210294e-16,37,8.808108108108108,28.0,9.0,15.49392857142857,24.666666666666668,0
Imperial,2018,10,6.452777777777778,13.322916666666666,1,9.28918918918919,11.132142857142856,11.753601910180857,-0.8660254037844386,0.5000000000000001,11,4.024545454545454,37.0,28.0,8.808108108108108,25.333333333333332,0
Imperial,2018,11,13.322916666666666,12.244000000000002,1,6.452777777777778,9.28918918918919,8.958036608036608,-0.5000000000000004,0.8660254037844384,2,5.1850000000000005,11.0,37.0,4.024545454545454,16.666666666666668,0
Imperial,2018,12,12.244000000000002,14.004761904761908,1,13.322916666666666,6.452777777777778,9.688294544544544,-2.4492935982947064e-16,1.0,3,5.896666666666666,2.0,11.0,5.1850000000000005,5.333333333333333,1
Imperial,2019,1,14.004761904761908,9.393333333333333,0,12.244000000000002,13.322916666666666,10.673231481481482,0.4999999999999999,0.8660254037844387,64,27.7984375,3.0,2.0,5.896666666666666,23.0,0
Imperial,2019,2,9.393333333333333,6.5120000000000005,0,14.004761904761908,12.244000000000002,13.190559523809526,0.8660254037844386,0.5000000000000001,27,17.860370370370372,64.0,3.0,27.7984375,31.333333333333332,0
Imperial,2019,3,6.5120000000000005,7.391836734693877,0,9.393333333333333,14.004761904761908,11.880698412698417,1.0,6.123233995736766e-17,11,28.317272727272726,27.0,64.0,17.860370370370372,34.0,0
Imperial,2019,4,7.391836734693877,7.496078431372549,0,6.5120000000000005,9.393333333333333,9.970031746031747,0.8660254037844387,-0.4999999999999998,6,3.5033333333333334,11.0,27.0,28.317272727272726,14.666666666666666,0
Imperial,2019,5,7.496078431372549,11.041666666666666,0,7.391836734693877,6.5120000000000005,7.76572335600907,0.4999999999999999,-0.8660254037844387,27,7.278888888888889,6.0,11.0,3.5033333333333334,14.666666666666666,1
Imperial,2019,6,11.041666666666666,12.309803921568626,1,7.496078431372549,7.391836734693877,7.133305055355476,1.2246467991473532e-16,-1.0,47,7.933404255319149,27.0,6.0,7.278888888888889,26.666666666666668,0
Imperial,2019,7,12.309803921568626,9.017391304347829,0,11.041666666666666,7.496078431372549,8.643193944244365,-0.4999999999999998,-0.8660254037844388,38,12.176842105263155,47.0,27.0,7.933404255319149,37.333333333333336,0
Imperial,2019,8,9.017391304347829,8.628571428571428,0,12.309803921568626,11.041666666666666,10.28251633986928,-0.8660254037844384,-0.5000000000000004,30,12.631666666666666,38.0,47.0,12.176842105263155,38.333333333333336,0
Imperial,2019,9,8.628571428571428,10.53921568627451,0,9.017391304347829,12.309803921568626,10.789620630861045,-1.0,-1.8369701987210294e-16,10,5.1739999999999995,30.0,38.0,12.631666666666666,26.0,0
Imperial,2019,10,10.53921568627451,11.016981132075472,0,8.628571428571428,9.017391304347829,9.98525555149596,-0.8660254037844386,0.5000000000000001,23,11.675217391304349,10.0,30.0,5.1739999999999995,21.0,0
Imperial,2019,11,11.016981132075472,9.23076923076923,0,10.53921568627451,8.628571428571428,9.39505947306459,-0.5000000000000004,0.8660254037844384,15,12.591333333333331,23.0,10.0,11.675217391304349,16.0,0
Imperial,2019,12,9.23076923076923,14.339622641509434,1,11.016981132075472,10.53921568627451,10.06158941564047,-2.4492935982947064e-16,1.0,2,0.6,15.0,23.0,12.591333333333331,13.333333333333334,1
Imperial,2020,1,14.339622641509434,10.45625,0,9.23076923076923,11.016981132075472,10.262322016373073,0.4999999999999999,0.8660254037844387,47,11.18872340425532,2.0,15.0,0.6,21.333333333333332,0
Imperial,2020,2,10.45625,5.027272727272727,0,14.339622641509434,9.23076923076923,11.529124334784711,0.8660254037844386,0.5000000000000001,13,8.680769230769231,47.0,2.0,11.18872340425532,20.666666666666668,0
Imperial,2020,3,5.027272727272727,6.040384615384616,0,10.45625,14.339622641509434,11.342213957426225,1.0,6.123233995736766e-17,6,3.5700000000000003,13.0,47.0,8.680769230769231,22.0,0
Imperial,2020,4,6.040384615384616,7.750943396226416,0,5.027272727272727,10.45625,9.94104845626072,0.8660254037844387,-0.4999999999999998,33,10.97060606060606,6.0,13.0,3.5700000000000003,17.333333333333332,0
Imperial,2020,5,7.750943396226416,10.308,0,6.040384615384616,5.027272727272727,7.174635780885782,0.4999999999999999,-0.8660254037844387,16,6.86125,33.0,6.0,10.97060606060606,18.333333333333332,0
Imperial,2020,6,10.308,9.709433962264152,0,7.750943396226416,6.040384615384616,6.272866912961253,1.2246467991473532e-16,-1.0,32,18.976875,16.0,33.0,6.86125,27.0,0
Imperial,2020,7,9.709433962264152,10.894545454545456,0,10.308,7.750943396226416,8.033109337203678,-0.4999999999999998,-0.8660254037844388,28,13.633571428571427,32.0,16.0,18.976875,25.333333333333332,0
Imperial,2020,8,10.894545454545456,14.252941176470587,1,9.709433962264152,10.308,9.256125786163524,-0.8660254037844384,-0.5000000000000004,10,9.577000000000002,28.0,32.0,13.633571428571427,23.333333333333332,0
Imperial,2020,9,14.252941176470587,15.911111111111111,1,10.894545454545456,9.709433962264152,10.303993138936535,-1.0,-1.8369701987210294e-16,30,12.238,10.0,28.0,9.577000000000002,22.666666666666668,1
Imperial,2020,10,15.911111111111111,11.922916666666666,1,14.252941176470587,10.894545454545456,11.618973531093395,-0.8660254037844386,0.5000000000000001,50,17.1674,30.0,10.0,12.238,30.0,0
Imperial,2020,11,11.922916666666666,17.533430328571427,1,15.911111111111111,14.252941176470587,13.686199247375718,-0.5000000000000004,0.8660254037844384,43,19.474883720930233,50.0,30.0,17.1674,41.0,0
Inyo,2015,12,3.7560353388429752,2.5362013851851852,0,5.561578876923077,3.592168527559055,5.850544488673531,-2.4492935982947064e-16,1.0,1,0.11,9.0,4.0,2.04,4.666666666666667,0
Inyo,2016,2,3.676566556451613,3.2826545,0,2.5362013851851852,3.7560353388429752,3.951271866983746,0.8660254037844386,0.5000000000000001,5,35.75,1.0,9.0,0.11,5.0,0
Inyo,2016,3,3.2826545,4.7088869375,0,3.676566556451613,2.5362013851851852,3.3229344268265915,1.0,6.123233995736766e-17,2,7.92,5.0,1.0,35.75,2.6666666666666665,0
Inyo,2016,4,4.7088869375,4.479181390977444,0,3.2826545,3.676566556451613,3.1651408138789328,0.8660254037844387,-0.4999999999999998,1,3.32,2.0,5.0,7.92,2.6666666666666665,0
Inyo,2016,6,6.8733277692307695,7.017924716417911,0,4.479181390977444,4.7088869375,4.156907609492481,1.2246467991473532e-16,-1.0,24,6.7250000000000005,1.0,2.0,3.32,9.0,0
Inyo,2016,8,11.318684192592592,5.987003125984252,0,7.017924716417911,6.8733277692307695,6.123477958875374,-0.8660254037844384,-0.5000000000000004,45,5.863555555555556,24.0,1.0,6.7250000000000005,23.333333333333332,0
Inyo,2017,6,7.089420907563025,10.432376969465649,0,5.021457799999999,6.358993248062015,6.29207115034903,1.2246467991473532e-16,-1.0,23,6.528695652173913,45.0,24.0,5.863555555555556,30.666666666666668,0
Inyo,2017,8,8.517543208955223,6.030465441860465,0,10.432376969465649,7.089420907563025,7.514418559009559,-0.8660254037844384,-0.5000000000000004,1,3.24,23.0,45.0,6.528695652173913,23.0,0
Inyo,2017,10,6.726471443877551,4.744695298969073,0,6.030465441860465,8.517543208955223,8.326795206760446,-0.8660254037844386,0.5000000000000001,1,1.1,1.0,23.0,3.24,8.333333333333334,0
Inyo,2018,2,4.163206611111112,2.388168393939394,0,3.1700380999999997,4.968447809782608,4.29439373625056,0.8660254037844386,0.5000000000000001,19,3.956315789473684,1.0,1.0,1.1,7.0,0
Inyo,2018,3,2.388168393939394,5.571555764397906,0,4.163206611111112,3.1700380999999997,4.10056417363124,1.0,6.123233995736766e-17,1,0.17,19.0,1.0,3.956315789473684,7.0,0
Inyo,2018,4,5.571555764397906,7.100261274111675,0,2.388168393939394,4.163206611111112,3.240471035016835,0.8660254037844387,-0.4999999999999998,19,20.69315789473684,1.0,19.0,0.17,13.0,1
Inyo,2018,7,13.529609303482587,26.09551881909548,1,7.091144630208333,7.100261274111675,6.587653889572638,-0.4999999999999998,-0.8660254037844388,49,4.130408163265306,19.0,1.0,20.69315789473684,23.0,0
Inyo,2019,1,2.587818482587065,2.554488098901099,0,3.2130600346534655,3.839817699481866,3.5630058002673324,0.4999999999999999,0.8660254037844387,2,3.1799999999999997,49.0,19.0,4.130408163265306,23.333333333333332,0
Inyo,2019,2,2.554488098901099,3.375351547619048,0,2.587818482587065,3.2130600346534655,3.213565405574132,0.8660254037844386,0.5000000000000001,7,73.83142857142857,2.0,49.0,3.1799999999999997,19.333333333333332,0
Inyo,2019,7,5.207493355,5.590354742574257,0,5.390712435897435,4.142351562189055,4.680487532695497,-0.4999999999999998,-0.8660254037844388,2,2.57,7.0,2.0,73.83142857142857,3.6666666666666665,1
Inyo,2019,9,5.200568191489362,8.58236092,0,5.590354742574257,5.207493355,5.396186844490564,-1.0,-1.8369701987210294e-16,418,35.63571770334928,2.0,7.0,2.57,142.33333333333334,0
Inyo,2019,10,8.58236092,4.493690271794872,0,5.200568191489362,5.590354742574257,5.332805429687873,-0.8660254037844386,0.5000000000000001,27,8.176296296296297,418.0,2.0,35.63571770334928,149.0,0
Inyo,2019,12,3.974008786069651,2.6401203645833333,0,4.493690271794872,8.58236092,6.092206461094745,-2.4492935982947064e-16,1.0,3,6.109999999999999,27.0,418.0,8.176296296296297,149.33333333333334,0
Inyo,2020,2,3.727703713483146,2.5845192060301505,0,2.6401203645833333,3.974008786069651,3.702606474149286,0.8660254037844386,0.5000000000000001,3,9.02,3.0,27.0,6.109999999999999,11.0,0
Inyo,2020,6,5.42455368041237,6.022084841085271,0,4.233824715053763,3.2217505561497326,3.346698159077882,1.2246467991473532e-16,-1.0,2,1.88,3.0,3.0,9.02,2.6666666666666665,1
Inyo,2020,7,6.022084841085271,17.18518579204893,1,5.42455368041237,4.233824715053763,4.293376317205289,-0.4999999999999998,-0.8660254037844388,93,15.763333333333334,2.0,3.0,1.88,32.666666666666664,1
Kern,2015,3,7.941087462809917,8.676141460176991,0,11.862995786407769,19.9302726779661,15.896634232186935,1.0,6.123233995736766e-17,48,4.40375,108.0,4.0,5.951851851851852,53.333333333333336,0
Kern,2015,4,8.676141460176991,7.1124939666666664,0,7.941087462809917,11.862995786407769,13.244785309061262,0.8660254037844387,-0.4999999999999998,36,7.845555555555555,48.0,108.0,4.40375,64.0,1
Kern,2015,5,7.1124939666666664,7.885268292035398,0,8.676141460176991,7.941087462809917,9.493408236464893,0.4999999999999999,-0.8660254037844387,55,7.003636363636363,36.0,48.0,7.845555555555555,46.333333333333336,0
Kern,2015,6,7.885268292035398,7.1184537500000005,0,7.1124939666666664,8.676141460176991,7.909907629884525,1.2246467991473532e-16,-1.0,44,5.29,55.0,36.0,7.003636363636363,45.0,1
Kern,2015,7,7.1184537500000005,10.64977674789916,0,7.885268292035398,7.1124939666666664,7.891301239626351,-0.4999999999999998,-0.8660254037844388,54,7.160185185185185,44.0,55.0,5.29,51.0,0
Kern,2015,8,10.64977674789916,8.873303166666666,0,7.1184537500000005,7.885268292035398,7.372072002900688,-0.8660254037844384,-0.5000000000000004,30,2.621,54.0,44.0,7.160185185185185,42.666666666666664,0
Kern,2015,9,8.873303166666666,7.536739092592592,0,10.64977674789916,7.1184537500000005,8.55116626331152,-1.0,-1.8369701987210294e-16,24,3.5954166666666665,30.0,54.0,2.621,36.0,1
Kern,2015,10,7.536739092592592,11.53892042982456,1,8.873303166666666,10.64977674789916,8.880511221521942,-0.8660254037844386,0.5000000000000001,77,4.731818181818182,24.0,30.0,3.5954166666666665,43.666666666666664,0
Kern,2015,11,11.53892042982456,11.758625737864078,1,7.536739092592592,8.873303166666666,9.019939669052803,-0.5000000000000004,0.8660254037844384,31,4.707096774193549,77.0,24.0,4.731818181818182,44.0,0
Kern,2015,12,11.758625737864078,8.594532486725663,0,11.53892042982456,7.536739092592592,9.316320896361272,-2.4492935982947064e-16,1.0,23,9.45217391304348,31.0,77.0,4.707096774193549,43.666666666666664,0
Kern,2016,1,8.594532486725663,11.06752793069307,0,11.758625737864078,11.53892042982456,10.278095086760407,0.4999999999999999,0.8660254037844387,8,4.02,23.0,31.0,9.45217391304348,20.666666666666668,0
Kern,2016,2,11.06752793069307,5.603978495145631,0,8.594532486725663,11.758625737864078,10.630692884804768,0.8660254037844386,0.5000000000000001,34,6.177352941176471,8.0,23.0,4.02,21.666666666666668,0
Kern,2016,3,5.603978495145631,6.869252514018692,0,11.06752793069307,8.594532486725663,10.473562051760936,1.0,6.123233995736766e-17,22,5.167272727272728,34.0,8.0,6.177352941176471,21.333333333333332,1
Kern,2016,4,6.869252514018692,6.940493307017544,0,5.603978495145631,11.06752793069307,8.422012970854787,0.8660254037844387,-0.4999999999999998,46,8.75804347826087,22.0,34.0,5.167272727272728,34.0,1
Kern,2016,5,6.940493307017544,10.14036383783784,0,6.869252514018692,5.603978495145631,7.84691964661913,0.4999999999999999,-0.8660254037844387,79,8.237594936708861,46.0,22.0,8.75804347826087,49.0,1
Kern,2016,6,10.14036383783784,11.215632815789474,0,6.940493307017544,6.869252514018692,6.471241438727289,1.2246467991473532e-16,-1.0,1249,23.18444355484387,79.0,46.0,8.237594936708861,458.0,1
Kern,2016,7,11.215632815789474,14.908883605042018,1,10.14036383783784,6.940493307017544,7.983369886291359,-0.4999999999999998,-0.8660254037844388,88,5.872272727272727,1249.0,79.0,23.18444355484387,472.0,1
Kern,2016,8,14.908883605042018,11.81451163063063,1,11.215632815789474,10.14036383783784,9.432163320214954,-0.8660254037844384,-0.5000000000000004,1261,33.485400475812845,88.0,1249.0,5.872272727272727,866.0,0
Kern,2016,9,11.81451163063063,9.437797444444444,0,14.908883605042018,11.215632815789474,12.088293419556445,-1.0,-1.8369701987210294e-16,40,8.4905,1261.0,88.0,33.485400475812845,463.0,0
Kern,2016,10,9.437797444444444,15.445464,1,11.81451163063063,14.908883605042018,12.646342683820707,-0.8660254037844386,0.5000000000000001,29,5.104827586206897,40.0,1261.0,8.4905,443.3333333333333,1
Kern,2016,11,15.445464,14.89773205982906,1,9.437797444444444,11.81451163063063,12.053730893372364,-0.5000000000000004,0.8660254037844384,95,15.407263157894738,29.0,40.0,5.104827586206897,54.666666666666664,0
Kern,2016,12,14.89773205982906,8.888002554545455,0,15.445464,9.437797444444444,12.232591025025023,-2.4492935982947064e-16,1.0,11,2.399090909090909,95.0,29.0,15.407263157894738,45.0,0
Kern,2017,1,8.888002554545455,5.20259454,0,14.89773205982906,15.445464,13.260331168091168,0.4999999999999999,0.8660254037844387,8,10.11375,11.0,95.0,2.399090909090909,38.0,1
Kern,2017,2,5.20259454,7.283576555555555,0,8.888002554545455,14.89773205982906,13.077066204791503,0.8660254037844386,0.5000000000000001,47,9.313617021276595,8.0,11.0,10.11375,22.0,1
Kern,2017,3,7.283576555555555,5.399037184210526,0,5.20259454,8.888002554545455,9.662776384791504,1.0,6.123233995736766e-17,88,6.320795454545455,47.0,8.0,9.313617021276595,47.666666666666664,1
Kern,2017,4,5.399037184210526,6.127875017094017,0,7.283576555555555,5.20259454,7.12472455003367,0.8660254037844387,-0.4999999999999998,99,5.643939393939394,88.0,47.0,6.320795454545455,78.0,1
Kern,2017,5,6.127875017094017,8.31085907017544,0,5.399037184210526,7.283576555555555,5.961736093255361,0.4999999999999999,-0.8660254037844387,72,10.223888888888888,99.0,88.0,5.643939393939394,86.33333333333333,1
Kern,2017,6,8.31085907017544,11.332928125,1,6.127875017094017,5.399037184210526,6.270162918953367,1.2246467991473532e-16,-1.0,154,16.646558441558444,72.0,99.0,10.223888888888888,108.33333333333331,1
Kern,2017,7,11.332928125,9.787679914529916,0,8.31085907017544,6.127875017094017,6.612590423826661,-0.4999999999999998,-0.8660254037844388,88,11.195454545454544,154.0,72.0,16.646558441558444,104.66666666666669,0
Kern,2017,8,9.787679914529916,8.290383403508772,0,11.332928125,8.31085907017544,8.590554070756486,-0.8660254037844384,-0.5000000000000004,43,11.86186046511628,88.0,154.0,11.195454545454544,95.0,1
Kern,2017,9,8.290383403508772,12.72049128301887,1,9.787679914529916,11.332928125,9.810489036568454,-1.0,-1.8369701987210294e-16,110,7.277,43.0,88.0,11.86186046511628,80.33333333333333,1
Kern,2017,10,12.72049128301887,10.354532011627906,0,8.290383403508772,9.787679914529916,9.80366381434623,-0.8660254037844386,0.5000000000000001,93,10.197956989247311,110.0,43.0,7.277,82.0,1
Kern,2017,11,10.354532011627906,18.504725196629213,1,12.72049128301887,8.290383403508772,10.266184867019186,-0.5000000000000004,0.8660254037844384,86,7.652790697674418,93.0,110.0,10.197956989247311,96.33333333333331,1
Kern,2017,12,18.504725196629213,14.24098392771084,1,10.354532011627906,12.72049128301887,10.45513556605185,-2.4492935982947064e-16,1.0,91,19.166813186813187,86.0,93.0,7.652790697674418,90.0,1
Kern,2018,1,14.24098392771084,10.2542768,0,18.504725196629213,10.354532011627906,13.859916163758664,0.4999999999999999,0.8660254037844387,128,15.43578125,91.0,86.0,19.166813186813187,101.66666666666669,1
Kern,2018,2,10.2542768,4.788572637426901,0,14.24098392771084,18.504725196629213,14.366747045322654,0.8660254037844386,0.5000000000000001,90,6.789,128.0,91.0,15.43578125,103.0,1
Kern,2018,3,4.788572637426901,7.619735164705883,0,10.2542768,14.24098392771084,14.333328641446684,1.0,6.123233995736766e-17,64,17.27875,90.0,128.0,6.789,94.0,0
Kern,2018,4,7.619735164705883,8.28727175141243,0,4.788572637426901,10.2542768,9.761277788379248,0.8660254037844387,-0.4999999999999998,41,4.781219512195122,64.0,90.0,17.27875,65.0,1
Kern,2018,5,8.28727175141243,10.05962863803681,0,7.619735164705883,4.788572637426901,7.554194867377596,0.4999999999999999,-0.8660254037844387,74,8.257567567567566,41.0,64.0,4.781219512195122,59.666666666666664,0
Kern,2018,6,10.05962863803681,14.54614075,1,8.28727175141243,7.619735164705883,6.898526517848405,1.2246467991473532e-16,-1.0,13,4.18,74.0,41.0,8.257567567567566,42.666666666666664,0
Kern,2018,7,14.54614075,17.966636394117646,1,10.05962863803681,8.28727175141243,8.655545184718376,-0.4999999999999998,-0.8660254037844388,20,4.2825,13.0,74.0,4.18,35.666666666666664,1
Kern,2018,8,17.966636394117646,8.980083441558442,0,14.54614075,10.05962863803681,10.96434704648308,-0.8660254037844384,-0.5000000000000004,51,3.071764705882353,20.0,13.0,4.2825,28.0,0
Kern,2018,9,8.980083441558442,7.011151046052631,0,17.966636394117646,14.54614075,14.19080192738482,-1.0,-1.8369701987210294e-16,16,3.67,51.0,20.0,3.071764705882353,29.0,1
Kern,2018,10,7.011151046052631,11.629609051282053,1,8.980083441558442,17.966636394117646,13.830953528558696,-0.8660254037844386,0.5000000000000001,48,8.262291666666666,16.0,51.0,3.67,38.333333333333336,0
Kern,2018,11,11.629609051282053,8.566196710059172,0,7.011151046052631,8.980083441558442,11.319290293909576,-0.5000000000000004,0.8660254037844384,21,8.949047619047619,48.0,16.0,8.262291666666666,28.333333333333332,1
Kern,2018,12,8.566196710059172,8.086735491428572,0,11.629609051282053,7.011151046052631,9.20694784629771,-2.4492935982947064e-16,1.0,53,11.843018867924528,21.0,48.0,8.949047619047619,40.666666666666664,1
Kern,2019,1,8.086735491428572,3.900410782608696,0,8.566196710059172,11.629609051282053,9.06898560246462,0.4999999999999999,0.8660254037844387,47,6.132127659574468,53.0,21.0,11.843018867924528,40.333333333333336,0
Kern,2019,2,3.900410782608696,5.365869488764045,0,8.086735491428572,8.566196710059172,9.427513750923266,0.8660254037844386,0.5000000000000001,40,5.42975,47.0,53.0,6.132127659574468,46.666666666666664,1
Kern,2019,3,5.365869488764045,5.8275741395348835,0,3.900410782608696,8.086735491428572,6.851114328032147,1.0,6.123233995736766e-17,69,5.316521739130434,40.0,47.0,5.42975,52.0,0
Kern,2019,4,5.8275741395348835,6.386947966101696,0,5.365869488764045,3.900410782608696,5.7843385876004385,0.8660254037844387,-0.4999999999999998,43,5.743488372093023,69.0,40.0,5.316521739130434,50.666666666666664,0
Kern,2019,5,6.386947966101696,8.21228969767442,0,5.8275741395348835,5.365869488764045,5.031284803635876,0.4999999999999999,-0.8660254037844387,37,5.925675675675675,43.0,69.0,5.743488372093023,49.666666666666664,1
Kern,2019,6,8.21228969767442,9.552747372881356,0,6.386947966101696,5.8275741395348835,5.860130531466877,1.2246467991473532e-16,-1.0,53,5.891320754716982,37.0,43.0,5.925675675675675,44.333333333333336,1
Kern,2019,7,9.552747372881356,8.569544245810055,0,8.21228969767442,6.386947966101696,6.808937267770335,-0.4999999999999998,-0.8660254037844388,55,7.186,53.0,37.0,5.891320754716982,48.333333333333336,1
Kern,2019,8,8.569544245810055,8.222277286549708,0,9.552747372881356,8.21228969767442,8.050661678885826,-0.8660254037844384,-0.5000000000000004,54,7.925925925925926,55.0,53.0,7.186,54.0,0
Kern,2019,9,8.222277286549708,8.625764754285715,0,8.569544245810055,9.552747372881356,8.778193772121945,-1.0,-1.8369701987210294e-16,24,6.946666666666666,54.0,55.0,7.925925925925926,44.333333333333336,0
Kern,2019,10,8.625764754285715,10.498612487804875,0,8.222277286549708,8.569544245810055,8.781522968413709,-0.8660254037844386,0.5000000000000001,42,4.6033333333333335,24.0,54.0,6.946666666666666,40.0,0
Kern,2019,11,10.498612487804875,5.251873681818181,0,8.625764754285715,8.222277286549708,8.47252876221516,-0.5000000000000004,0.8660254037844384,41,4.591463414634147,42.0,24.0,4.6033333333333335,35.666666666666664,0
Kern,2019,12,5.251873681818181,7.654980417142856,0,10.498612487804875,8.625764754285715,9.115551509546767,-2.4492935982947064e-16,1.0,23,12.79,41.0,42.0,4.591463414634147,35.333333333333336,0
Kern,2020,1,7.654980417142856,7.338594448051947,0,5.251873681818181,10.498612487804875,8.12541697463626,0.4999999999999999,0.8660254037844387,8,1.7425,23.0,41.0,12.79,24.0,1
Kern,2020,2,7.338594448051947,3.7304409096385545,0,7.654980417142856,5.251873681818181,7.801822195588639,0.8660254037844386,0.5000000000000001,55,6.274545454545455,8.0,23.0,1.7425,28.666666666666668,1
Kern,2020,3,3.7304409096385545,5.6349705723270445,0,7.338594448051947,7.654980417142856,6.748482849004329,1.0,6.123233995736766e-17,220,9.28640909090909,55.0,8.0,6.274545454545455,94.33333333333331,1
Kern,2020,4,5.6349705723270445,6.275548880952381,0,3.7304409096385545,7.338594448051947,6.241338591611121,0.8660254037844387,-0.4999999999999998,78,6.215641025641026,220.0,55.0,9.28640909090909,117.66666666666669,1
Kern,2020,5,6.275548880952381,8.070031643274854,0,5.6349705723270445,3.7304409096385545,5.568001976672517,0.4999999999999999,-0.8660254037844387,52,5.391538461538461,78.0,220.0,6.215641025641026,116.66666666666669,1
Kern,2020,6,8.070031643274854,10.560127202312138,0,6.275548880952381,5.6349705723270445,5.2136534543059945,1.2246467991473532e-16,-1.0,48,9.021875,52.0,78.0,5.391538461538461,59.333333333333336,0
Kern,2020,7,10.560127202312138,21.970717189944136,1,8.070031643274854,6.275548880952381,6.660183698851427,-0.4999999999999998,-0.8660254037844388,35,4.467142857142857,48.0,52.0,9.021875,45.0,1
Kern,2020,8,21.970717189944136,31.967974618181817,1,10.560127202312138,8.070031643274854,8.301902575513125,-0.8660254037844384,-0.5000000000000004,331,16.08915407854985,35.0,48.0,4.467142857142857,138.0,0
Kern,2020,9,31.967974618181817,21.031168213017754,1,21.970717189944136,10.560127202312138,13.533625345177043,-1.0,-1.8369701987210294e-16,15,0.7473333333333333,331.0,35.0,16.08915407854985,127.0,0
Kern,2020,10,21.031168213017754,11.716889058479532,1,31.967974618181817,21.970717189944136,21.4996063368127,-0.8660254037844386,0.5000000000000001,25,2.1252,15.0,331.0,0.7473333333333333,123.66666666666669,0
Kern,2020,11,11.716889058479532,10.833353118644068,0,21.031168213017754,31.967974618181817,24.98995334038124,-0.5000000000000004,0.8660254037844384,8,1.45125,25.0,15.0,2.1252,16.0,0
Kings,2015,3,12.020113357142858,9.9434843,0,21.706538018867928,42.23368320689655,31.970110612882237,1.0,6.123233995736766e-17,9,5.361111111111111,9.0,3.0,4.323333333333334,7.0,0
Kings,2015,4,9.9434843,8.667403,0,12.020113357142858,21.706538018867928,25.320111527635778,0.8660254037844387,-0.4999999999999998,15,10.608,9.0,9.0,5.361111111111111,11.0,0
Kings,2015,5,8.667403,9.125072433333331,0,9.9434843,12.020113357142858,14.556711892003596,0.4999999999999999,-0.8660254037844387,6,2.9916666666666667,15.0,9.0,10.608,10.0,0
Kings,2015,6,9.125072433333331,8.696230725806451,0,8.667403,9.9434843,10.210333552380952,1.2246467991473532e-16,-1.0,3,6.136666666666667,6.0,15.0,2.9916666666666667,8.0,0
Kings,2015,8,11.558456129032258,13.114655866666668,1,8.696230725806451,9.125072433333331,8.82956871971326,-0.8660254037844384,-0.5000000000000004,3,10.71,3.0,6.0,6.136666666666667,4.0,0
Kings,2015,9,13.114655866666668,17.499159548387095,1,11.558456129032258,8.696230725806451,9.793253096057349,-1.0,-1.8369701987210294e-16,3,1.6266666666666667,3.0,3.0,10.71,3.0,0
Kings,2015,10,17.499159548387095,22.301525583333333,1,13.114655866666668,11.558456129032258,11.123114240501792,-0.8660254037844386,0.5000000000000001,2,13.97,3.0,3.0,1.6266666666666667,2.6666666666666665,0
Kings,2015,11,22.301525583333333,22.676764838709676,1,17.499159548387095,13.114655866666668,14.057423848028677,-0.5000000000000004,0.8660254037844384,4,2.81,2.0,3.0,13.97,3.0,0
Kings,2015,12,22.676764838709676,18.231031830985916,1,22.301525583333333,17.499159548387095,17.638446999462364,-2.4492935982947064e-16,1.0,5,4.074,4.0,2.0,2.81,3.6666666666666665,0
Kings,2016,1,18.231031830985916,24.71828644117647,1,22.676764838709676,22.301525583333333,20.825816656810037,0.4999999999999999,0.8660254037844387,5,3.272,5.0,4.0,4.074,4.666666666666667,0
Kings,2016,2,24.71828644117647,12.1165421369863,1,18.231031830985916,22.676764838709676,21.069774084342978,0.8660254037844386,0.5000000000000001,4,1.7475,5.0,5.0,3.272,4.666666666666667,0
Kings,2016,3,12.1165421369863,9.687969338709676,0,24.71828644117647,18.231031830985916,21.87536103695735,1.0,6.123233995736766e-17,16,5.27,4.0,5.0,1.7475,8.333333333333334,0
Kings,2016,4,9.687969338709676,8.456784819444444,0,12.1165421369863,24.71828644117647,18.35528680304956,0.8660254037844387,-0.4999999999999998,5,5.178,16.0,4.0,5.27,8.333333333333334,0
Kings,2016,5,8.456784819444444,9.01209525,0,9.687969338709676,12.1165421369863,15.507599305624147,0.4999999999999999,-0.8660254037844387,22,13.408181818181818,5.0,16.0,5.178,14.333333333333334,0
Kings,2016,6,9.01209525,10.830545486111111,0,8.456784819444444,9.687969338709676,10.087098765046806,1.2246467991473532e-16,-1.0,11,11.252727272727272,22.0,5.0,13.408181818181818,12.666666666666666,0
Kings,2016,7,10.830545486111111,14.634848985915491,1,9.01209525,8.456784819444444,9.052283136051374,-0.4999999999999998,-0.8660254037844388,5,3.01,11.0,22.0,11.252727272727272,12.666666666666666,0
Kings,2016,8,14.634848985915491,15.21039790140845,1,10.830545486111111,9.01209525,9.433141851851852,-0.8660254037844384,-0.5000000000000004,3,1.1366666666666667,5.0,11.0,3.01,6.333333333333333,0
Kings,2016,9,15.21039790140845,13.512292957142856,1,14.634848985915491,10.830545486111111,11.492496574008868,-1.0,-1.8369701987210294e-16,11,10.363636363636363,3.0,5.0,1.1366666666666667,6.333333333333333,0
Kings,2016,10,13.512292957142856,26.284331,1,15.21039790140845,14.634848985915491,13.558597457811684,-0.8660254037844386,0.5000000000000001,14,8.645,11.0,3.0,10.363636363636363,9.333333333333334,1
Kings,2016,11,26.284331,23.287677513888887,1,13.512292957142856,15.21039790140845,14.452513281488931,-0.5000000000000004,0.8660254037844384,135,12.254592592592592,14.0,11.0,8.645,53.333333333333336,0
Kings,2016,12,23.287677513888887,13.26560987121212,1,26.284331,13.512292957142856,18.33567395285044,-2.4492935982947064e-16,1.0,10,4.599,135.0,14.0,12.254592592592592,53.0,0
Kings,2017,1,13.26560987121212,10.576101953271028,0,23.287677513888887,26.284331,21.028100490343917,0.4999999999999999,0.8660254037844387,1,2.89,10.0,135.0,4.599,48.666666666666664,0
Kings,2017,2,10.576101953271028,14.118483697478991,1,13.26560987121212,23.287677513888887,20.94587279503367,0.8660254037844386,0.5000000000000001,40,14.95075,1.0,10.0,2.89,17.0,0
Kings,2017,3,14.118483697478991,7.63437303125,0,10.576101953271028,13.26560987121212,15.709796446124011,1.0,6.123233995736766e-17,38,3.2963157894736845,40.0,1.0,14.95075,26.333333333333332,0
Kings,2017,4,7.63437303125,8.87291422962963,0,14.118483697478991,10.576101953271028,12.653398507320714,0.8660254037844387,-0.4999999999999998,32,23.015625,38.0,40.0,3.2963157894736845,36.666666666666664,0
Kings,2017,5,8.87291422962963,8.532909715384616,0,7.63437303125,14.118483697478991,10.776319560666671,0.4999999999999999,-0.8660254037844387,4,5.637499999999999,32.0,38.0,23.015625,24.666666666666668,0
Kings,2017,6,8.532909715384616,11.039080229007633,0,8.87291422962963,7.63437303125,10.208590319452874,1.2246467991473532e-16,-1.0,21,8.23047619047619,4.0,32.0,5.637499999999999,19.0,1
Kings,2017,7,11.039080229007633,15.934887097014926,1,8.532909715384616,8.87291422962963,8.346732325421415,-0.4999999999999998,-0.8660254037844388,210,22.408190476190477,21.0,4.0,8.23047619047619,78.33333333333333,0
Kings,2017,8,15.934887097014926,13.6620306796875,1,11.039080229007633,8.532909715384616,9.48163472467396,-0.8660254037844384,-0.5000000000000004,5,3.56,210.0,21.0,22.408190476190477,78.66666666666667,0
Kings,2017,9,13.6620306796875,20.970918143939397,1,15.934887097014926,11.039080229007633,11.835625680469056,-1.0,-1.8369701987210294e-16,12,9.251666666666669,5.0,210.0,3.56,75.66666666666667,0
Kings,2017,10,20.970918143939397,21.9008971,1,13.6620306796875,15.934887097014926,13.54533266857002,-0.8660254037844386,0.5000000000000001,11,8.176363636363636,12.0,5.0,9.251666666666669,9.333333333333334,0
Kings,2017,11,21.9008971,50.30704854477612,1,20.970918143939397,13.6620306796875,16.85594530688061,-0.5000000000000004,0.8660254037844384,26,8.750384615384615,11.0,12.0,8.176363636363636,16.333333333333332,0
Kings,2017,12,50.30704854477612,28.34130981889764,1,21.9008971,20.970918143939397,18.84461530787563,-2.4492935982947064e-16,1.0,7,8.114285714285714,26.0,11.0,8.750384615384615,14.666666666666666,0
Kings,2018,1,28.34130981889764,20.312368708333334,1,50.30704854477612,21.9008971,31.05962126290517,0.4999999999999999,0.8660254037844387,8,4.1475,7.0,26.0,8.114285714285714,13.666666666666666,0
Kings,2018,2,20.312368708333334,8.522993276119402,0,28.34130981889764,50.30704854477612,33.51641848789125,0.8660254037844386,0.5000000000000001,9,4.225555555555555,8.0,7.0,4.1475,8.0,0
Kings,2018,3,8.522993276119402,8.508003188679245,0,20.312368708333334,28.34130981889764,32.986909024002365,1.0,6.123233995736766e-17,3,10.43,9.0,8.0,4.225555555555555,6.666666666666667,0
Kings,2018,5,7.529928552238807,9.34117033070866,0,8.508003188679245,8.522993276119402,12.447788391043996,0.4999999999999999,-0.8660254037844387,2,5.415,3.0,9.0,10.43,4.666666666666667,0
Kings,2018,6,9.34117033070866,13.901575855263156,1,7.529928552238807,8.508003188679245,8.186975005679152,1.2246467991473532e-16,-1.0,1,4.16,2.0,3.0,5.415,2.0,0
Kings,2018,7,13.901575855263156,24.11913296296296,1,9.34117033070866,7.529928552238807,8.459700690542238,-0.4999999999999998,-0.8660254037844388,1,0.76,1.0,2.0,4.16,1.3333333333333333,0
Kings,2018,8,24.11913296296296,13.88520665891473,1,13.901575855263156,9.34117033070866,10.257558246070207,-0.8660254037844384,-0.5000000000000004,8,5.0375,1.0,1.0,0.76,3.3333333333333335,0
Kings,2018,9,13.88520665891473,14.066019537313434,1,24.11913296296296,13.901575855263156,15.787293049644925,-1.0,-1.8369701987210294e-16,4,2.575,8.0,1.0,5.0375,4.333333333333333,0
Kings,2018,10,14.066019537313434,37.117825,1,13.88520665891473,24.11913296296296,17.30197182571361,-0.8660254037844386,0.5000000000000001,5,2.662,4.0,8.0,2.575,5.666666666666667,0
Kings,2018,11,37.117825,21.23128536567164,1,14.066019537313434,13.88520665891473,17.35678638639704,-0.5000000000000004,0.8660254037844384,3,3.0399999999999996,5.0,4.0,2.662,4.0,0
Kings,2018,12,21.23128536567164,20.01052525757576,1,37.117825,14.066019537313434,21.68968373207606,-2.4492935982947064e-16,1.0,3,3.1966666666666668,3.0,5.0,3.0399999999999996,3.6666666666666665,0
Kings,2019,1,20.01052525757576,7.394167675,0,21.23128536567164,37.117825,24.138376634328363,0.4999999999999999,0.8660254037844387,4,5.0625,3.0,3.0,3.1966666666666668,3.3333333333333335,0
Kings,2019,2,7.394167675,7.428130258064517,0,20.01052525757576,21.23128536567164,26.119878541082468,0.8660254037844386,0.5000000000000001,3,1.0266666666666666,4.0,3.0,5.0625,3.3333333333333335,0
Kings,2019,3,7.428130258064517,8.208268606299214,0,7.394167675,20.01052525757576,16.211992766082467,1.0,6.123233995736766e-17,6,2.7733333333333334,3.0,4.0,1.0266666666666666,4.333333333333333,0
Kings,2019,4,8.208268606299214,7.625717251968504,0,7.428130258064517,7.394167675,11.61094106354676,0.8660254037844387,-0.4999999999999998,2,7.42,6.0,3.0,2.7733333333333334,3.6666666666666665,0
Kings,2019,5,7.625717251968504,8.626168923076923,0,8.208268606299214,7.428130258064517,7.676855513121244,0.4999999999999999,-0.8660254037844387,9,16.124444444444446,2.0,6.0,7.42,5.666666666666667,0
Kings,2019,6,8.626168923076923,9.098653864661651,0,7.625717251968504,8.208268606299214,7.754038705444078,1.2246467991473532e-16,-1.0,11,14.46,9.0,2.0,16.124444444444446,7.333333333333333,0
Kings,2019,7,9.098653864661651,9.746389091603051,0,8.626168923076923,7.625717251968504,8.15338492711488,-0.4999999999999998,-0.8660254037844388,3,0.52,11.0,9.0,14.46,7.666666666666667,0
Kings,2019,8,9.746389091603051,9.558376814516128,0,9.098653864661651,8.626168923076923,8.450180013235693,-0.8660254037844384,-0.5000000000000004,7,6.8428571428571425,3.0,11.0,0.52,7.0,0
Kings,2019,9,9.558376814516128,16.679913634920634,1,9.746389091603051,9.098653864661651,9.15707062644721,-1.0,-1.8369701987210294e-16,16,4.1975,7.0,3.0,6.8428571428571425,8.666666666666666,0
Kings,2019,10,16.679913634920634,27.643378107692307,1,9.558376814516128,9.746389091603051,9.467806590260276,-0.8660254037844386,0.5000000000000001,13,7.761538461538462,16.0,7.0,4.1975,12.0,0
Kings,2019,11,27.643378107692307,12.15610368548387,1,16.679913634920634,9.558376814516128,11.994893180346606,-0.5000000000000004,0.8660254037844384,20,7.637,13.0,16.0,7.761538461538462,16.333333333333332,0
Kings,2019,12,12.15610368548387,16.577043533333335,1,27.643378107692307,16.679913634920634,17.96055618570969,-2.4492935982947064e-16,1.0,4,3.955,20.0,13.0,7.637,12.333333333333334,0
Kings,2020,1,16.577043533333335,19.305165943548385,1,12.15610368548387,27.643378107692307,18.826465142698936,0.4999999999999999,0.8660254037844387,7,2.185714285714286,4.0,20.0,3.955,10.333333333333334,0
Kings,2020,2,19.305165943548385,7.581751507575758,0,16.577043533333335,12.15610368548387,18.792175108836503,0.8660254037844386,0.5000000000000001,3,2.903333333333333,7.0,4.0,2.185714285714286,4.666666666666667,0
Kings,2020,3,7.581751507575758,7.417884221311475,0,19.305165943548385,16.577043533333335,16.012771054121867,1.0,6.123233995736766e-17,28,7.479285714285714,3.0,7.0,2.903333333333333,12.666666666666666,0
Kings,2020,4,7.417884221311475,7.1845479689922485,0,7.581751507575758,19.305165943548385,14.48798699481916,0.8660254037844387,-0.4999999999999998,2,1.81,28.0,3.0,7.479285714285714,11.0,0
Kings,2020,5,7.1845479689922485,8.449962024193548,0,7.417884221311475,7.581751507575758,11.434933890811877,0.4999999999999999,-0.8660254037844387,11,2.887272727272727,2.0,28.0,1.81,13.666666666666666,0
Kings,2020,6,8.449962024193548,12.136297418032786,1,7.1845479689922485,7.417884221311475,7.394727899293161,1.2246467991473532e-16,-1.0,3,0.79,11.0,2.0,2.887272727272727,5.333333333333333,0
Kings,2020,7,12.136297418032786,33.51770094074074,1,8.449962024193548,7.1845479689922485,7.684131404832425,-0.4999999999999998,-0.8660254037844388,8,2.8875,3.0,11.0,0.79,7.333333333333333,0
Kings,2020,8,33.51770094074074,37.999985515384616,1,12.136297418032786,8.449962024193548,9.256935803739529,-0.8660254037844384,-0.5000000000000004,6,4.691666666666666,8.0,3.0,2.8875,5.666666666666667,0
Kings,2020,9,37.999985515384616,29.835232791044778,1,33.51770094074074,12.136297418032786,18.034653460989023,-1.0,-1.8369701987210294e-16,3,0.36,6.0,8.0,4.691666666666666,5.666666666666667,0
Kings,2020,10,29.835232791044778,25.22525275,1,37.999985515384616,33.51770094074074,27.88466129138605,-0.8660254037844386,0.5000000000000001,4,0.9875,3.0,6.0,0.36,4.333333333333333,0
Kings,2020,11,25.22525275,27.044936372093023,1,29.835232791044778,37.999985515384616,33.78430641572338,-0.5000000000000004,0.8660254037844384,1,0.58,4.0,3.0,0.9875,2.6666666666666665,0
Lake,2015,3,2.6833333333333336,3.28,0,2.75,2.76,2.755,1.0,6.123233995736766e-17,11,5.739090909090909,17.0,25.0,10.403529411764705,17.666666666666668,0
Lake,2015,4,3.28,3.74,0,2.6833333333333336,2.75,2.7311111111111113,0.8660254037844387,-0.4999999999999998,20,5.5405,11.0,17.0,5.739090909090909,16.0,0
Lake,2015,5,3.74,4.54,0,3.28,2.6833333333333336,2.904444444444444,0.4999999999999999,-0.8660254037844387,9,7.148888888888889,20.0,11.0,5.5405,13.333333333333334,0
Lake,2015,6,4.54,3.0799999999999996,0,3.74,3.28,3.234444444444444,1.2246467991473532e-16,-1.0,2,15.92,9.0,20.0,7.148888888888889,10.333333333333334,1
Lake,2015,7,3.0799999999999996,13.580000000000002,1,4.54,3.74,3.8533333333333335,-0.4999999999999998,-0.8660254037844388,905,32.118541436464085,2.0,9.0,15.92,305.3333333333333,1
Lake,2015,8,13.580000000000002,3.0599999999999996,0,3.0799999999999996,4.54,3.786666666666667,-0.8660254037844384,-0.5000000000000004,537,31.660223463687153,905.0,2.0,32.118541436464085,481.3333333333333,1
Lake,2015,9,3.0599999999999996,2.52,0,13.580000000000002,3.0799999999999996,7.066666666666667,-1.0,-1.8369701987210294e-16,122,5.588196721311475,537.0,905.0,31.660223463687153,521.3333333333334,0
Lake,2015,11,2.04,2.12,0,2.52,3.0599999999999996,6.386666666666667,-0.5000000000000004,0.8660254037844384,2,3.69,122.0,537.0,5.588196721311475,220.33333333333337,0
Lake,2015,12,2.12,1.55,0,2.04,2.52,2.5399999999999996,-2.4492935982947064e-16,1.0,3,4.213333333333334,2.0,122.0,3.69,42.333333333333336,0
Lake,2016,2,2.375,2.1666666666666665,0,1.55,2.12,1.9033333333333335,0.8660254037844386,0.5000000000000001,5,1.876,3.0,2.0,4.213333333333334,3.3333333333333335,0
Lake,2016,3,2.1666666666666665,2.44,0,2.375,1.55,2.015,1.0,6.123233995736766e-17,2,2.8949999999999996,5.0,3.0,1.876,3.3333333333333335,1
Lake,2016,4,2.44,3.44,0,2.1666666666666665,2.375,2.030555555555555,0.8660254037844387,-0.4999999999999998,59,9.169661016949153,2.0,5.0,2.8949999999999996,22.0,0
Lake,2016,5,3.44,3.2,0,2.44,2.1666666666666665,2.3272222222222223,0.4999999999999999,-0.8660254037844387,3,2.14,59.0,2.0,9.169661016949153,21.333333333333332,0
Lake,2016,6,3.2,3.12,0,3.44,2.44,2.6822222222222223,1.2246467991473532e-16,-1.0,7,3.7528571428571422,3.0,59.0,2.14,23.0,0
Lake,2016,7,3.12,5.26,0,3.2,3.44,3.0266666666666673,-0.4999999999999998,-0.8660254037844388,2,4.23,7.0,3.0,3.7528571428571422,4.0,1
Lake,2016,8,5.26,6.279999999999999,0,3.12,3.2,3.253333333333334,-0.8660254037844384,-0.5000000000000004,83,10.68289156626506,2.0,7.0,4.23,30.666666666666668,0
Lake,2016,10,2.2,2.04,0,6.279999999999999,5.26,4.886666666666667,-0.8660254037844386,0.5000000000000001,11,4.9399999999999995,83.0,2.0,10.68289156626506,32.0,1
Lake,2016,11,2.04,2.08,0,2.2,6.279999999999999,4.58,-0.5000000000000004,0.8660254037844384,65,12.801692307692308,11.0,83.0,4.9399999999999995,53.0,0
Lake,2016,12,2.08,2.85,0,2.04,2.2,3.5066666666666664,-2.4492935982947064e-16,1.0,43,6.1723255813953495,65.0,11.0,12.801692307692308,39.666666666666664,0
Lake,2017,1,2.85,1.3,0,2.08,2.04,2.106666666666667,0.4999999999999999,0.8660254037844387,9,8.146666666666668,43.0,65.0,6.1723255813953495,39.0,0
Lake,2017,2,1.3,0.98,0,2.85,2.08,2.3233333333333337,0.8660254037844386,0.5000000000000001,15,2.7753333333333337,9.0,43.0,8.146666666666668,22.333333333333332,0
Lake,2017,3,0.98,2.38,0,1.3,2.85,2.076666666666667,1.0,6.123233995736766e-17,21,5.020476190476191,15.0,9.0,2.7753333333333337,15.0,0
Lake,2017,4,2.38,2.85,0,0.98,1.3,1.7100000000000002,0.8660254037844387,-0.4999999999999998,21,4.488571428571428,21.0,15.0,5.020476190476191,19.0,0
Lake,2017,5,2.85,4.1,0,2.38,0.98,1.5533333333333337,0.4999999999999999,-0.8660254037844387,9,5.698888888888889,21.0,21.0,4.488571428571428,17.0,0
Lake,2017,9,13.375,21.1,1,11.88,4.85,6.9433333333333325,-1.0,-1.8369701987210294e-16,16,24.034375,9.0,21.0,5.698888888888889,15.333333333333334,1
Lake,2017,10,21.1,3.46,0,13.375,11.88,10.034999999999998,-0.8660254037844386,0.5000000000000001,83,30.71060240963855,16.0,9.0,24.034375,36.0,0
Lake,2017,11,3.46,3.6,0,21.1,13.375,15.451666666666668,-0.5000000000000004,0.8660254037844384,4,2.81,83.0,16.0,30.71060240963855,34.333333333333336,0
Lake,2017,12,3.6,2.82,0,3.46,21.1,12.644999999999998,-2.4492935982947064e-16,1.0,1,2.0,4.0,83.0,2.81,29.333333333333332,0
Lake,2018,1,2.82,1.64,0,3.6,3.46,9.386666666666663,0.4999999999999999,0.8660254037844387,18,3.390555555555556,1.0,4.0,2.0,7.666666666666667,0
Lake,2018,2,1.64,1.62,0,2.82,3.6,3.2933333333333317,0.8660254037844386,0.5000000000000001,23,6.087391304347825,18.0,1.0,3.390555555555556,14.0,0
Lake,2018,3,1.62,4.279999999999999,0,1.64,2.82,2.6866666666666656,1.0,6.123233995736766e-17,9,4.128888888888889,23.0,18.0,6.087391304347825,16.666666666666668,0
Lake,2018,4,4.279999999999999,2.74,0,1.62,1.64,2.0266666666666655,0.8660254037844387,-0.4999999999999998,13,3.5453846153846156,9.0,23.0,4.128888888888889,15.0,0
Lake,2018,5,2.74,3.78,0,4.279999999999999,1.62,2.513333333333332,0.4999999999999999,-0.8660254037844387,2,3.815,13.0,9.0,3.5453846153846156,8.0,1
Lake,2018,6,3.78,3.95,0,2.74,4.279999999999999,2.879999999999999,1.2246467991473532e-16,-1.0,294,57.07741496598639,2.0,13.0,3.815,103.0,1
Lake,2018,7,3.95,33.88,1,3.78,2.74,3.5999999999999983,-0.4999999999999998,-0.8660254037844388,1300,37.68153076923077,294.0,2.0,57.07741496598639,532.0,1
Lake,2018,8,33.88,4.96,0,3.95,3.78,3.489999999999999,-0.8660254037844384,-0.5000000000000004,9178,21.941266071039443,1300.0,294.0,37.68153076923077,3590.6666666666665,1
Lake,2018,9,4.96,3.88,0,33.88,3.95,13.87,-1.0,-1.8369701987210294e-16,231,8.69077922077922,9178.0,1300.0,21.941266071039443,3569.6666666666665,0
Lake,2018,11,40.739999999999995,4.5200000000000005,0,3.88,4.96,14.24,-0.5000000000000004,0.8660254037844384,1,3.4,231.0,9178.0,8.69077922077922,3136.6666666666665,0
Lake,2018,12,4.5200000000000005,3.06,0,40.739999999999995,3.88,16.526666666666664,-2.4492935982947064e-16,1.0,27,3.9140740740740743,1.0,231.0,3.4,86.33333333333333,0
Lake,2019,1,3.06,1.42,0,4.5200000000000005,40.739999999999995,16.38,0.4999999999999999,0.8660254037844387,9,4.866666666666666,27.0,1.0,3.9140740740740743,12.333333333333334,0
Lake,2019,3,2.62,3.08,0,1.42,3.06,2.999999999999998,1.0,6.123233995736766e-17,4,2.49,9.0,27.0,4.866666666666666,13.333333333333334,0
Lake,2019,4,3.08,2.9,0,2.62,1.42,2.366666666666664,0.8660254037844387,-0.4999999999999998,24,4.67375,4.0,9.0,2.49,12.333333333333334,0
Lake,2019,5,2.9,2.8,0,3.08,2.62,2.373333333333331,0.4999999999999999,-0.8660254037844387,2,3.3099999999999996,24.0,4.0,4.67375,10.0,0
Lake,2019,6,2.8,4.22,0,2.9,3.08,2.866666666666664,1.2246467991473532e-16,-1.0,1,1.68,2.0,24.0,3.3099999999999996,9.0,0
Lake,2019,7,4.22,3.8166666666666664,0,2.8,2.9,2.9266666666666645,-0.4999999999999998,-0.8660254037844388,2,2.385,1.0,2.0,1.68,1.6666666666666667,0
Lake,2019,8,3.8166666666666664,2.58,0,4.22,2.8,3.3066666666666644,-0.8660254037844384,-0.5000000000000004,1,0.67,2.0,1.0,2.385,1.3333333333333333,0
Lake,2019,9,2.58,3.38,0,3.8166666666666664,4.22,3.61222222222222,-1.0,-1.8369701987210294e-16,3,138.23,1.0,2.0,0.67,2.0,1
Lake,2019,10,3.38,4.540000000000001,0,2.58,3.8166666666666664,3.538888888888886,-0.8660254037844386,0.5000000000000001,47,7.52,3.0,1.0,138.23,17.0,0
Lake,2019,11,4.540000000000001,3.08,0,3.38,2.58,3.2588888888888867,-0.5000000000000004,0.8660254037844384,4,9.3975,47.0,3.0,7.52,18.0,0
Lake,2019,12,3.08,2.8,0,4.540000000000001,3.38,3.499999999999998,-2.4492935982947064e-16,1.0,5,4.864,4.0,47.0,9.3975,18.666666666666668,0
Lake,2020,1,2.8,3.68,0,3.08,4.540000000000001,3.666666666666664,0.4999999999999999,0.8660254037844387,12,3.986666666666667,5.0,4.0,4.864,7.0,1
Lake,2020,2,3.68,3.92,0,2.8,3.08,3.4733333333333314,0.8660254037844386,0.5000000000000001,47,9.42,12.0,5.0,3.986666666666667,21.333333333333332,1
Lake,2020,3,3.92,3.3600000000000003,0,3.68,2.8,3.1866666666666643,1.0,6.123233995736766e-17,47,9.95531914893617,47.0,12.0,9.42,35.333333333333336,0
Lake,2020,4,3.3600000000000003,2.9,0,3.92,3.68,3.466666666666665,0.8660254037844387,-0.4999999999999998,40,10.228,47.0,47.0,9.95531914893617,44.666666666666664,0
Lake,2020,5,2.9,3.54,0,3.3600000000000003,3.92,3.653333333333331,0.4999999999999999,-0.8660254037844387,14,5.530714285714287,40.0,47.0,10.228,33.666666666666664,0
Lake,2020,6,3.54,6.0600000000000005,0,2.9,3.3600000000000003,3.393333333333331,1.2246467991473532e-16,-1.0,2,5.455,14.0,40.0,5.530714285714287,18.666666666666668,0
Lake,2020,7,6.0600000000000005,32.03333333333333,1,3.54,2.9,3.2666666666666644,-0.4999999999999998,-0.8660254037844388,2,12.83,2.0,14.0,5.455,6.0,1
Lake,2020,8,32.03333333333333,32.760000000000005,1,6.0600000000000005,3.54,4.166666666666664,-0.8660254037844384,-0.5000000000000004,2629,15.150464054773678,2.0,2.0,12.83,877.6666666666666,1
Lake,2020,9,32.760000000000005,10.06,0,32.03333333333333,6.0600000000000005,13.877777777777776,-1.0,-1.8369701987210294e-16,1317,16.01721336370539,2629.0,2.0,15.150464054773678,1316.0,0
Lake,2020,10,10.06,4.5,0,32.760000000000005,32.03333333333333,23.617777777777775,-0.8660254037844386,0.5000000000000001,22,6.635,1317.0,2629.0,16.01721336370539,1322.6666666666667,0
Los Angeles,2015,3,11.022155688622757,9.573493975903617,0,17.020666666666667,17.629655172413795,17.32516091954023,1.0,6.123233995736766e-17,123,0.9570731707317072,136.0,140.0,0.8813970588235295,133.0,1
Los Angeles,2015,4,9.573493975903617,9.606395348837207,0,11.022155688622757,17.020666666666667,15.224159175901072,0.8660254037844387,-0.4999999999999998,173,1.664450867052023,123.0,136.0,0.9570731707317072,144.0,1
Los Angeles,2015,5,9.606395348837207,10.885714285714284,0,9.573493975903617,11.022155688622757,12.53877211039768,0.4999999999999999,-0.8660254037844387,104,0.9823076923076924,173.0,123.0,1.664450867052023,133.33333333333334,1
Los Angeles,2015,6,10.885714285714284,9.444047619047618,0,9.606395348837207,9.573493975903617,10.06734833778786,1.2246467991473532e-16,-1.0,107,18.661682242990658,104.0,173.0,0.9823076923076924,128.0,1
Los Angeles,2015,7,9.444047619047618,11.701704545454543,1,10.885714285714284,9.606395348837207,10.021867870151702,-0.4999999999999998,-0.8660254037844388,130,2.2183076923076923,107.0,104.0,18.661682242990658,113.66666666666669,1
Los Angeles,2015,8,11.701704545454543,9.93953488372093,0,9.444047619047618,10.885714285714284,9.978719084533036,-0.8660254037844384,-0.5000000000000004,135,10.269185185185185,130.0,107.0,2.2183076923076923,124.0,1
Los Angeles,2015,9,9.93953488372093,8.827906976744186,0,11.701704545454543,9.444047619047618,10.67715548340548,-1.0,-1.8369701987210294e-16,143,1.179020979020979,135.0,130.0,10.269185185185185,136.0,1
Los Angeles,2015,10,8.827906976744186,9.201724137931034,0,9.93953488372093,11.701704545454543,10.361762349407696,-0.8660254037844386,0.5000000000000001,165,0.9683030303030304,143.0,135.0,1.179020979020979,147.66666666666666,1
Los Angeles,2015,11,9.201724137931034,10.944318181818184,0,8.827906976744186,9.93953488372093,10.156382135306552,-0.5000000000000004,0.8660254037844384,229,6.988558951965066,165.0,143.0,0.9683030303030304,179.0,1
Los Angeles,2015,12,10.944318181818184,11.95539289256198,1,9.201724137931034,8.827906976744186,9.323055332798717,-2.4492935982947064e-16,1.0,115,0.7106086956521739,229.0,165.0,6.988558951965066,169.66666666666666,1
Los Angeles,2016,1,11.95539289256198,11.80959546884273,1,10.944318181818184,9.201724137931034,9.657983098831131,0.4999999999999999,0.8660254037844387,85,0.8445882352941178,115.0,229.0,0.7106086956521739,143.0,1
Los Angeles,2016,2,11.80959546884273,9.836810452991452,0,11.95539289256198,10.944318181818184,10.700478404103734,0.8660254037844386,0.5000000000000001,213,1.119295774647887,85.0,115.0,0.8445882352941178,137.66666666666666,1
Los Angeles,2016,3,9.836810452991452,9.399415923303836,0,11.80959546884273,11.95539289256198,11.569768847740963,1.0,6.123233995736766e-17,144,0.7735416666666667,213.0,85.0,1.119295774647887,147.33333333333334,1
Los Angeles,2016,4,9.399415923303836,8.445590032448377,0,9.836810452991452,11.80959546884273,11.20059960479872,0.8660254037844387,-0.4999999999999998,201,1.698905472636816,144.0,213.0,0.7735416666666667,186.0,1
Los Angeles,2016,5,8.445590032448377,12.565190745398771,1,9.399415923303836,9.836810452991452,10.348607281712672,0.4999999999999999,-0.8660254037844387,120,0.7593333333333334,201.0,144.0,1.698905472636816,155.0,1
Los Angeles,2016,6,12.565190745398771,11.929052697222222,1,8.445590032448377,9.399415923303836,9.227272136247889,1.2246467991473532e-16,-1.0,329,14.103100303951368,120.0,201.0,0.7593333333333334,216.66666666666663,1
Los Angeles,2016,7,11.929052697222222,11.14883787534626,0,12.565190745398771,8.445590032448377,10.136732233716996,-0.4999999999999998,-0.8660254037844388,1496,28.808061497326204,329.0,120.0,14.103100303951368,648.3333333333334,1
Los Angeles,2016,8,11.14883787534626,10.534590695156696,0,11.929052697222222,12.565190745398771,10.97994449168979,-0.8660254037844384,-0.5000000000000004,144,1.026875,1496.0,329.0,28.808061497326204,656.3333333333334,1
Los Angeles,2016,9,10.534590695156696,9.396056307692309,0,11.14883787534626,11.929052697222222,11.881027105989084,-1.0,-1.8369701987210294e-16,163,1.5046625766871164,144.0,1496.0,1.026875,601.0,1
Los Angeles,2016,10,9.396056307692309,12.06758581120944,1,10.534590695156696,11.14883787534626,11.20416042257506,-0.8660254037844386,0.5000000000000001,226,2.144336283185841,163.0,144.0,1.5046625766871164,177.66666666666666,1
Los Angeles,2016,11,12.06758581120944,13.286414327044026,1,9.396056307692309,10.534590695156696,10.359828292731756,-0.5000000000000004,0.8660254037844384,256,11.037421875,226.0,163.0,2.144336283185841,215.0,1
Los Angeles,2016,12,13.286414327044026,10.92479131142857,0,12.06758581120944,9.396056307692309,10.66607760468615,-2.4492935982947064e-16,1.0,105,1.0004761904761903,256.0,226.0,11.037421875,195.66666666666663,1
Los Angeles,2017,1,10.92479131142857,8.107476646875,0,13.286414327044026,12.06758581120944,11.583352148648592,0.4999999999999999,0.8660254037844387,85,0.8747058823529411,105.0,256.0,1.0004761904761903,148.66666666666666,1
Los Angeles,2017,2,8.107476646875,10.941249116666668,0,10.92479131142857,13.286414327044026,12.092930483227343,0.8660254037844386,0.5000000000000001,78,0.7878205128205129,85.0,105.0,0.8747058823529411,89.33333333333333,1
Los Angeles,2017,3,10.941249116666668,9.565197418397624,0,8.107476646875,10.92479131142857,10.772894095115864,1.0,6.123233995736766e-17,182,1.0513186813186814,78.0,85.0,0.7878205128205129,115.0,1
Los Angeles,2017,4,9.565197418397624,10.069095864721485,0,10.941249116666668,8.107476646875,9.991172358323412,0.8660254037844387,-0.4999999999999998,195,0.9653846153846154,182.0,78.0,1.0513186813186814,151.66666666666666,1
Los Angeles,2017,5,10.069095864721485,10.938207750708216,0,9.565197418397624,10.941249116666668,9.537974393979765,0.4999999999999999,-0.8660254037844387,154,4.0685714285714285,195.0,182.0,0.9653846153846154,177.0,1
Los Angeles,2017,6,10.938207750708216,11.926578167115904,1,10.069095864721485,9.565197418397624,10.191847466595258,1.2246467991473532e-16,-1.0,197,11.4546192893401,154.0,195.0,4.0685714285714285,182.0,1
Los Angeles,2017,7,11.926578167115904,12.578772825842696,1,10.938207750708216,10.069095864721485,10.19083367794244,-0.4999999999999998,-0.8660254037844388,178,0.937247191011236,197.0,154.0,11.4546192893401,176.33333333333334,1
Los Angeles,2017,8,12.578772825842696,10.561303895890411,0,11.926578167115904,10.938207750708216,10.977960594181868,-0.8660254037844384,-0.5000000000000004,133,1.2290225563909776,178.0,197.0,0.937247191011236,169.33333333333334,1
Los Angeles,2017,9,10.561303895890411,13.335537972527472,1,12.578772825842696,11.926578167115904,11.814519581222273,-1.0,-1.8369701987210294e-16,567,17.12442680776014,133.0,178.0,1.2290225563909776,292.6666666666667,1
Los Angeles,2017,10,13.335537972527472,11.637635886426594,1,10.561303895890411,12.578772825842696,11.688884962949672,-0.8660254037844386,0.5000000000000001,260,1.965730769230769,567.0,133.0,17.12442680776014,320.0,1
Los Angeles,2017,11,11.637635886426594,21.52077696185286,1,13.335537972527472,10.561303895890411,12.158538231420192,-0.5000000000000004,0.8660254037844384,196,17.897091836734692,260.0,567.0,1.965730769230769,341.0,1
Los Angeles,2017,12,21.52077696185286,16.804953518413598,1,11.637635886426594,13.335537972527472,11.844825918281492,-2.4492935982947064e-16,1.0,527,18.366812144212524,196.0,260.0,17.897091836734692,327.6666666666667,1
Los Angeles,2018,1,16.804953518413598,11.865690428571428,1,21.52077696185286,11.637635886426594,15.49798360693564,0.4999999999999999,0.8660254037844387,155,0.8384516129032259,527.0,196.0,18.366812144212524,292.6666666666667,1
Los Angeles,2018,2,11.865690428571428,7.233732578461538,0,16.804953518413598,21.52077696185286,16.65445545556435,0.8660254037844386,0.5000000000000001,153,1.0058823529411764,155.0,527.0,0.8384516129032259,278.3333333333333,1
Los Angeles,2018,3,7.233732578461538,11.267023273504272,1,11.865690428571428,16.804953518413598,16.730473636279296,1.0,6.123233995736766e-17,115,1.202347826086957,153.0,155.0,1.0058823529411764,141.0,1
Los Angeles,2018,4,11.267023273504272,8.275685283783783,0,7.233732578461538,11.865690428571428,11.968125508482188,0.8660254037844387,-0.4999999999999998,229,1.3475982532751092,115.0,153.0,1.202347826086957,165.66666666666666,1
Los Angeles,2018,5,8.275685283783783,10.52239646531792,0,11.267023273504272,7.233732578461538,10.12214876017908,0.4999999999999999,-0.8660254037844387,148,1.0817567567567568,229.0,115.0,1.3475982532751092,164.0,1
Los Angeles,2018,6,10.52239646531792,11.1025092464986,0,8.275685283783783,11.267023273504272,8.925480378583197,1.2246467991473532e-16,-1.0,201,8.090099502487561,148.0,229.0,1.0817567567567568,192.66666666666663,1
Los Angeles,2018,7,11.1025092464986,14.408584156164382,1,10.52239646531792,8.275685283783783,10.02170167420199,-0.4999999999999998,-0.8660254037844388,201,2.3762686567164177,201.0,148.0,8.090099502487561,183.33333333333337,1
Los Angeles,2018,8,14.408584156164382,12.310447545454544,1,11.1025092464986,10.52239646531792,9.9668636652001,-0.8660254037844384,-0.5000000000000004,235,1.2902127659574467,201.0,201.0,2.3762686567164177,212.33333333333337,1
Los Angeles,2018,9,12.310447545454544,11.008358854227405,0,14.408584156164382,11.1025092464986,12.011163289326968,-1.0,-1.8369701987210294e-16,224,3.778839285714286,235.0,201.0,1.2902127659574467,220.0,1
Los Angeles,2018,10,11.008358854227405,13.475760495081966,1,12.310447545454544,14.408584156164382,12.607180316039177,-0.8660254037844386,0.5000000000000001,252,0.917936507936508,224.0,235.0,3.778839285714286,237.0,1
Los Angeles,2018,11,13.475760495081966,14.044377461756373,1,11.008358854227405,12.310447545454544,12.57579685194878,-0.5000000000000004,0.8660254037844384,1270,27.77944881889764,252.0,224.0,0.917936507936508,582.0,1
Los Angeles,2018,12,14.044377461756373,11.357446549723756,1,13.475760495081966,11.008358854227405,12.264855631587972,-2.4492935982947064e-16,1.0,210,1.0122380952380952,1270.0,252.0,27.77944881889764,577.3333333333334,1
Los Angeles,2019,1,11.357446549723756,7.056585268882174,0,14.044377461756373,13.475760495081966,12.842832270355249,0.4999999999999999,0.8660254037844387,163,0.9755828220858896,210.0,1270.0,1.0122380952380952,547.6666666666666,1
Los Angeles,2019,2,7.056585268882174,7.145793048648649,0,11.357446549723756,14.044377461756373,12.959194835520698,0.8660254037844386,0.5000000000000001,118,1.0958474576271189,163.0,210.0,0.9755828220858896,163.66666666666666,1
Los Angeles,2019,3,7.145793048648649,8.919045167597766,0,7.056585268882174,11.357446549723756,10.819469760120768,1.0,6.123233995736766e-17,195,1.2850256410256409,118.0,163.0,1.0958474576271189,158.66666666666666,1
Los Angeles,2019,4,8.919045167597766,7.932900183999999,0,7.145793048648649,7.056585268882174,8.519941622418193,0.8660254037844387,-0.4999999999999998,177,1.1248587570621469,195.0,118.0,1.2850256410256409,163.33333333333334,1
Los Angeles,2019,5,7.932900183999999,8.407684041551246,0,8.919045167597766,7.145793048648649,7.707141161709529,0.4999999999999999,-0.8660254037844387,163,1.22,177.0,195.0,1.1248587570621469,178.33333333333334,1
Los Angeles,2019,6,8.407684041551246,12.063251857541898,1,7.932900183999999,8.919045167597766,7.999246133415472,1.2246467991473532e-16,-1.0,120,1.6658333333333333,163.0,177.0,1.22,153.33333333333334,1
Los Angeles,2019,7,12.063251857541898,9.830063671957673,0,8.407684041551246,7.932900183999999,8.419876464383004,-0.4999999999999998,-0.8660254037844388,182,1.116428571428571,120.0,163.0,1.6658333333333333,155.0,1
Los Angeles,2019,8,9.830063671957673,9.552707229281769,0,12.063251857541898,8.407684041551246,9.467945361031047,-0.8660254037844384,-0.5000000000000004,234,1.7857264957264958,182.0,120.0,1.116428571428571,178.66666666666666,1
Los Angeles,2019,9,9.552707229281769,11.836352807799445,1,9.830063671957673,12.063251857541898,10.100333190350272,-1.0,-1.8369701987210294e-16,233,1.5487124463519315,234.0,182.0,1.7857264957264958,216.33333333333337,1
Los Angeles,2019,10,11.836352807799445,15.086812096418733,1,9.552707229281769,9.830063671957673,10.482007586260448,-0.8660254037844386,0.5000000000000001,674,14.238842729970326,233.0,234.0,1.5487124463519315,380.3333333333333,1
Los Angeles,2019,11,15.086812096418733,11.772486743869209,1,11.836352807799445,9.552707229281769,10.40637456967963,-0.5000000000000004,0.8660254037844384,261,16.872413793103448,674.0,233.0,14.238842729970326,389.3333333333333,1
Los Angeles,2019,12,11.772486743869209,15.644080124645892,1,15.086812096418733,11.836352807799445,12.158624044499982,-2.4492935982947064e-16,1.0,139,1.1207913669064749,261.0,674.0,16.872413793103448,358.0,1
Los Angeles,2020,1,15.644080124645892,11.99490240116279,1,11.772486743869209,15.086812096418733,12.898550549362463,0.4999999999999999,0.8660254037844387,257,1.079610894941634,139.0,261.0,1.1207913669064749,219.0,1
Los Angeles,2020,2,11.99490240116279,6.09619723180593,0,15.644080124645892,11.772486743869209,14.16779298831128,0.8660254037844386,0.5000000000000001,207,1.1108695652173914,257.0,139.0,1.079610894941634,201.0,1
Los Angeles,2020,3,6.09619723180593,7.48838318018018,0,11.99490240116279,15.644080124645892,13.137156423225964,1.0,6.123233995736766e-17,140,1.0984285714285715,207.0,257.0,1.1108695652173914,201.33333333333337,1
Los Angeles,2020,4,7.48838318018018,9.641373611413044,0,6.09619723180593,11.99490240116279,11.245059919204872,0.8660254037844387,-0.4999999999999998,126,1.0458730158730158,140.0,207.0,1.0984285714285715,157.66666666666666,1
Los Angeles,2020,5,9.641373611413044,8.449007598290597,0,7.48838318018018,6.09619723180593,8.526494271049634,0.4999999999999999,-0.8660254037844387,241,0.9856846473029046,126.0,140.0,1.0458730158730158,169.0,1
Los Angeles,2020,6,8.449007598290597,12.73312089673913,1,9.641373611413044,7.48838318018018,7.741984674466384,1.2246467991473532e-16,-1.0,188,2.0589361702127658,241.0,126.0,0.9856846473029046,185.0,1
Los Angeles,2020,7,12.73312089673913,13.17260800530504,1,8.449007598290597,9.641373611413044,8.52625479662794,-0.4999999999999998,-0.8660254037844388,259,6.006911196911196,188.0,241.0,2.0589361702127658,229.33333333333337,1
Los Angeles,2020,8,13.17260800530504,23.184723767705385,1,12.73312089673913,8.449007598290597,10.274500702147591,-0.8660254037844384,-0.5000000000000004,1208,31.478096026490068,259.0,188.0,6.006911196911196,551.6666666666666,1
Los Angeles,2020,9,23.184723767705385,19.644363631884055,1,13.17260800530504,12.73312089673913,11.451578833444922,-1.0,-1.8369701987210294e-16,6426,24.118793962029255,1208.0,259.0,31.478096026490068,2631.0,1
Los Angeles,2020,10,19.644363631884055,15.582970710674156,1,23.184723767705385,13.17260800530504,16.363484223249852,-0.8660254037844386,0.5000000000000001,323,6.508452012383901,6426.0,1208.0,24.118793962029255,2652.3333333333335,1
Los Angeles,2020,11,15.582970710674156,16.509016280991734,1,19.644363631884055,23.184723767705385,18.66723180163149,-0.5000000000000004,0.8660254037844384,267,3.9052808988764047,323.0,6426.0,6.508452012383901,2338.6666666666665,1
Madera,2015,3,8.860870166666666,7.841167080645161,0,16.98524684375,30.91198743661972,23.94861714018486,1.0,6.123233995736766e-17,27,5.9255555555555555,60.0,12.0,4.393166666666667,33.0,0
Madera,2015,4,7.841167080645161,8.14153962857143,0,8.860870166666666,16.98524684375,18.91936814901213,0.8660254037844387,-0.4999999999999998,33,4.766969696969697,27.0,60.0,5.9255555555555555,40.0,0
Madera,2015,5,8.14153962857143,10.646664698630136,0,7.841167080645161,8.860870166666666,11.229094697020608,0.4999999999999999,-0.8660254037844387,12,3.1333333333333333,33.0,27.0,4.766969696969697,24.0,1
Madera,2015,6,10.646664698630136,10.457085819444444,0,8.14153962857143,7.841167080645161,8.281192291961085,1.2246467991473532e-16,-1.0,101,12.543762376237623,12.0,33.0,3.1333333333333333,48.666666666666664,1
Madera,2015,7,10.457085819444444,10.780230277777775,0,10.646664698630136,8.14153962857143,8.87645713594891,-0.4999999999999998,-0.8660254037844388,347,17.621383285302592,101.0,12.0,12.543762376237623,153.33333333333334,1
Madera,2015,8,10.780230277777775,11.108719043478262,0,10.457085819444444,10.646664698630136,9.748430048882003,-0.8660254037844384,-0.5000000000000004,100,53.43899999999999,347.0,101.0,17.621383285302592,182.66666666666663,0
Madera,2015,9,11.108719043478262,11.21581851388889,0,10.780230277777775,10.457085819444444,10.627993598617453,-1.0,-1.8369701987210294e-16,12,2.8175000000000003,100.0,347.0,53.43899999999999,153.0,0
Madera,2015,10,11.21581851388889,16.94165637142857,1,11.108719043478262,10.780230277777775,10.782011713566826,-0.8660254037844386,0.5000000000000001,39,7.494615384615385,12.0,100.0,2.8175000000000003,50.333333333333336,1
Madera,2015,11,16.94165637142857,18.825928140845072,1,11.21581851388889,11.108719043478262,11.034922611714975,-0.5000000000000004,0.8660254037844384,77,7.328181818181818,39.0,12.0,7.494615384615385,42.666666666666664,0
Madera,2015,12,18.825928140845072,14.65028923287671,1,16.94165637142857,11.21581851388889,13.088731309598574,-2.4492935982947064e-16,1.0,41,4.708780487804878,77.0,39.0,7.328181818181818,52.333333333333336,0
Madera,2016,1,14.65028923287671,17.743332253731342,1,18.825928140845072,16.94165637142857,15.661134342054178,0.4999999999999999,0.8660254037844387,4,6.4825,41.0,77.0,4.708780487804878,40.666666666666664,0
Madera,2016,2,17.743332253731342,10.490003986301373,0,14.65028923287671,18.825928140845072,16.80595791505012,0.8660254037844386,0.5000000000000001,40,6.56725,4.0,41.0,6.4825,28.333333333333332,1
Madera,2016,3,10.490003986301373,8.739553616666665,0,17.743332253731342,14.65028923287671,17.073183209151043,1.0,6.123233995736766e-17,46,5.61695652173913,40.0,4.0,6.56725,30.0,0
Madera,2016,4,8.739553616666665,7.38749706557377,0,10.490003986301373,17.743332253731342,14.294541824303144,0.8660254037844387,-0.4999999999999998,41,5.4782926829268295,46.0,40.0,5.61695652173913,42.333333333333336,0
Madera,2016,5,7.38749706557377,6.521934650793651,0,8.739553616666665,10.490003986301373,12.324296618899794,0.4999999999999999,-0.8660254037844387,34,7.12,41.0,46.0,5.4782926829268295,40.333333333333336,0
Madera,2016,6,6.521934650793651,7.623539421875,0,7.38749706557377,8.739553616666665,8.872351556180602,1.2246467991473532e-16,-1.0,19,5.0815789473684205,34.0,41.0,7.12,31.333333333333332,0
Madera,2016,7,7.623539421875,9.834420276923076,0,6.521934650793651,7.38749706557377,7.549661777678029,-0.4999999999999998,-0.8660254037844388,34,9.434705882352942,19.0,34.0,5.0815789473684205,29.0,0
Madera,2016,8,9.834420276923076,11.238014225806452,1,7.623539421875,6.521934650793651,7.177657046080807,-0.8660254037844384,-0.5000000000000004,5,3.316,34.0,19.0,9.434705882352942,19.333333333333332,0
Madera,2016,9,11.238014225806452,9.21485746153846,0,9.834420276923076,7.623539421875,7.993298116530575,-1.0,-1.8369701987210294e-16,13,12.82846153846154,5.0,34.0,3.316,17.333333333333332,1
Madera,2016,10,9.21485746153846,18.31621670967742,1,11.238014225806452,9.834420276923076,9.565324641534843,-0.8660254037844386,0.5000000000000001,49,12.439795918367349,13.0,5.0,12.82846153846154,22.333333333333332,1
Madera,2016,11,18.31621670967742,21.159129446153845,1,9.21485746153846,11.238014225806452,10.09576398808933,-0.5000000000000004,0.8660254037844384,158,11.629303797468356,49.0,13.0,12.439795918367349,73.33333333333333,0
Madera,2016,12,21.159129446153845,12.0310745,1,18.31621670967742,9.21485746153846,12.92302946567411,-2.4492935982947064e-16,1.0,32,4.648125,158.0,49.0,11.629303797468356,79.66666666666667,0
Madera,2017,1,12.0310745,9.19220694736842,0,21.159129446153845,18.31621670967742,16.230067872456573,0.4999999999999999,0.8660254037844387,28,5.345357142857142,32.0,158.0,4.648125,72.66666666666667,0
Madera,2017,2,9.19220694736842,10.22178587096774,0,12.0310745,21.159129446153845,17.16880688527709,0.8660254037844386,0.5000000000000001,17,4.25764705882353,28.0,32.0,5.345357142857142,25.666666666666668,1
Madera,2017,3,10.22178587096774,6.89308406,0,9.19220694736842,12.0310745,14.127470297840754,1.0,6.123233995736766e-17,50,7.596,17.0,28.0,4.25764705882353,31.666666666666668,0
Madera,2017,4,6.89308406,6.583623555555556,0,10.22178587096774,9.19220694736842,10.481689106112054,0.8660254037844387,-0.4999999999999998,41,4.193414634146341,50.0,17.0,7.596,36.0,0
Madera,2017,5,6.583623555555556,5.075152355932203,0,6.89308406,10.22178587096774,8.769025626112054,0.4999999999999999,-0.8660254037844387,29,12.730344827586206,41.0,50.0,4.193414634146341,40.0,0
Madera,2017,6,5.075152355932203,9.33534303125,0,6.583623555555556,6.89308406,7.899497828841098,1.2246467991473532e-16,-1.0,42,9.507380952380952,29.0,41.0,12.730344827586206,37.333333333333336,0
Madera,2017,7,9.33534303125,14.194695421875,1,5.075152355932203,6.583623555555556,6.183953323829253,-0.4999999999999998,-0.8660254037844388,17,5.6000000000000005,42.0,29.0,9.507380952380952,29.333333333333332,1
Madera,2017,8,14.194695421875,11.232585274193548,1,9.33534303125,5.075152355932203,6.998039647579252,-0.8660254037844384,-0.5000000000000004,611,11.385171849427168,17.0,42.0,5.6000000000000005,223.33333333333337,1
Madera,2017,9,11.232585274193548,15.032965177419356,1,14.194695421875,9.33534303125,9.535063603019069,-1.0,-1.8369701987210294e-16,975,12.78454358974359,611.0,17.0,11.385171849427168,534.3333333333334,0
Madera,2017,10,15.032965177419356,14.887757016666663,1,11.232585274193548,14.194695421875,11.587541242439515,-0.8660254037844386,0.5000000000000001,42,5.461190476190477,975.0,611.0,12.78454358974359,542.6666666666666,1
Madera,2017,11,14.887757016666663,33.64943552380952,1,15.032965177419356,11.232585274193548,13.486748624495968,-0.5000000000000004,0.8660254037844384,94,10.015212765957449,42.0,975.0,5.461190476190477,370.3333333333333,1
Madera,2017,12,33.64943552380952,23.064129317460317,1,14.887757016666663,15.032965177419356,13.717769156093189,-2.4492935982947064e-16,1.0,126,9.832777777777778,94.0,42.0,10.015212765957449,87.33333333333333,1
Madera,2018,1,23.064129317460317,16.401506241379312,1,33.64943552380952,14.887757016666663,21.19005257263185,0.4999999999999999,0.8660254037844387,108,7.547037037037037,126.0,94.0,9.832777777777778,109.33333333333331,1
Madera,2018,2,16.401506241379312,6.511305169230769,0,23.064129317460317,33.64943552380952,23.867107285978832,0.8660254037844386,0.5000000000000001,66,15.08848484848485,108.0,126.0,7.547037037037037,100.0,0
Madera,2018,3,6.511305169230769,7.083334366666667,0,16.401506241379312,23.064129317460317,24.37169036088305,1.0,6.123233995736766e-17,15,7.768666666666666,66.0,108.0,15.08848484848485,63.0,0
Madera,2018,4,7.083334366666667,6.907274066666667,0,6.511305169230769,16.401506241379312,15.3256469093568,0.8660254037844387,-0.4999999999999998,22,3.997727272727273,15.0,66.0,7.768666666666666,34.333333333333336,0
Madera,2018,5,6.907274066666667,8.071124169491526,0,7.083334366666667,6.511305169230769,9.998715259092249,0.4999999999999999,-0.8660254037844387,40,6.91175,22.0,15.0,3.997727272727273,25.666666666666668,1
Madera,2018,6,8.071124169491526,13.54286370967742,1,6.907274066666667,7.083334366666667,6.833971200854701,1.2246467991473532e-16,-1.0,633,16.47563981042654,40.0,22.0,6.91175,231.66666666666663,1
Madera,2018,7,13.54286370967742,23.290961393442625,1,8.071124169491526,6.907274066666667,7.353910867608286,-0.4999999999999998,-0.8660254037844388,373,14.572949061662198,633.0,40.0,16.47563981042654,348.6666666666667,1
Madera,2018,8,23.290961393442625,12.387569532258064,1,13.54286370967742,8.071124169491526,9.507087315278538,-0.8660254037844384,-0.5000000000000004,1490,9.970805369127516,373.0,633.0,14.572949061662198,832.0,1
Madera,2018,9,12.387569532258064,10.664745,0,23.290961393442625,13.54286370967742,14.968316424203858,-1.0,-1.8369701987210294e-16,122,2.4195081967213117,1490.0,373.0,9.970805369127516,661.6666666666666,1
Madera,2018,10,10.664745,24.796332050847457,1,12.387569532258064,23.290961393442625,16.407131545126038,-0.8660254037844386,0.5000000000000001,67,13.447164179104478,122.0,1490.0,2.4195081967213117,559.6666666666666,0
Madera,2018,11,24.796332050847457,16.90468084375,1,10.664745,12.387569532258064,15.44775864190023,-0.5000000000000004,0.8660254037844384,32,4.1603125,67.0,122.0,13.447164179104478,73.66666666666667,1
Madera,2018,12,16.90468084375,13.921554609375,1,24.796332050847457,10.664745,15.949548861035174,-2.4492935982947064e-16,1.0,61,8.57344262295082,32.0,67.0,4.1603125,53.333333333333336,0
Madera,2019,1,13.921554609375,6.3153297543859646,0,16.90468084375,24.796332050847457,17.45525263153249,0.4999999999999999,0.8660254037844387,17,4.711764705882352,61.0,32.0,8.57344262295082,36.666666666666664,0
Madera,2019,2,6.3153297543859646,6.030070952380952,0,13.921554609375,16.90468084375,18.54085583465749,0.8660254037844386,0.5000000000000001,26,4.440384615384615,17.0,61.0,4.711764705882352,34.666666666666664,0
Madera,2019,3,6.030070952380952,7.215946746031746,0,6.3153297543859646,13.921554609375,12.380521735836991,1.0,6.123233995736766e-17,41,4.360487804878049,26.0,17.0,4.440384615384615,28.0,0
Madera,2019,4,7.215946746031746,7.128269327586207,0,6.030070952380952,6.3153297543859646,8.755651772047306,0.8660254037844387,-0.4999999999999998,32,6.1421874999999995,41.0,26.0,4.360487804878049,33.0,0
Madera,2019,5,7.128269327586207,8.448558825396825,0,7.215946746031746,6.030070952380952,6.5204491509328895,0.4999999999999999,-0.8660254037844387,13,7.5976923076923075,32.0,41.0,6.1421874999999995,28.666666666666668,0
Madera,2019,6,8.448558825396825,8.993473746031746,0,7.128269327586207,7.215946746031746,6.791429008666303,1.2246467991473532e-16,-1.0,25,3.7612,13.0,32.0,7.5976923076923075,23.333333333333332,0
Madera,2019,7,8.993473746031746,9.870278288135593,0,8.448558825396825,7.128269327586207,7.597591633004927,-0.4999999999999998,-0.8660254037844388,35,4.816,25.0,13.0,3.7612,24.333333333333332,0
Madera,2019,8,9.870278288135593,11.946098285714283,1,8.993473746031746,8.448558825396825,8.190100633004926,-0.8660254037844384,-0.5000000000000004,24,4.814166666666666,35.0,25.0,4.816,28.0,0
Madera,2019,9,11.946098285714283,11.775029588235297,1,9.870278288135593,8.993473746031746,9.10410361985472,-1.0,-1.8369701987210294e-16,13,4.147692307692308,24.0,35.0,4.814166666666666,24.0,0
Madera,2019,10,11.775029588235297,15.433882968253968,1,11.946098285714283,9.870278288135593,10.269950106627208,-0.8660254037844386,0.5000000000000001,26,11.615384615384617,13.0,24.0,4.147692307692308,21.0,1
Madera,2019,11,15.433882968253968,9.872271296875,0,11.775029588235297,11.946098285714283,11.197135387361726,-0.5000000000000004,0.8660254037844384,65,14.036461538461538,26.0,13.0,11.615384615384617,34.666666666666664,0
Madera,2019,12,9.872271296875,13.39330546153846,1,15.433882968253968,11.775029588235297,13.051670280734518,-2.4492935982947064e-16,1.0,31,4.812258064516129,65.0,26.0,14.036461538461538,40.666666666666664,0
Madera,2020,1,13.39330546153846,12.620875583333332,1,9.872271296875,15.433882968253968,12.360394617788089,0.4999999999999999,0.8660254037844387,38,13.409736842105264,31.0,65.0,4.812258064516129,44.666666666666664,1
Madera,2020,2,12.620875583333332,5.695092230769231,0,13.39330546153846,9.872271296875,12.899819908889144,0.8660254037844386,0.5000000000000001,57,8.321754385964912,38.0,31.0,13.409736842105264,42.0,1
Madera,2020,3,5.695092230769231,5.765153096774193,0,12.620875583333332,13.39330546153846,11.962150780582265,1.0,6.123233995736766e-17,110,9.655636363636363,57.0,38.0,8.321754385964912,68.33333333333333,0
Madera,2020,4,5.765153096774193,5.207224076923077,0,5.695092230769231,12.620875583333332,10.56975775854701,0.8660254037844387,-0.4999999999999998,42,6.479047619047619,110.0,57.0,9.655636363636363,69.66666666666667,0
Madera,2020,5,5.207224076923077,6.8696775,0,5.765153096774193,5.695092230769231,8.027040303625586,0.4999999999999999,-0.8660254037844387,24,3.995833333333333,42.0,110.0,6.479047619047619,58.666666666666664,0
Madera,2020,6,6.8696775,9.162296523076922,0,5.207224076923077,5.765153096774193,5.555823134822169,1.2246467991473532e-16,-1.0,38,6.149736842105263,24.0,42.0,3.995833333333333,34.666666666666664,0
Madera,2020,7,9.162296523076922,32.03234669230769,1,6.8696775,5.207224076923077,5.947351557899091,-0.4999999999999998,-0.8660254037844388,16,4.488125,38.0,24.0,6.149736842105263,26.0,0
Madera,2020,8,32.03234669230769,47.101702161290326,1,9.162296523076922,6.8696775,7.079732700000001,-0.8660254037844384,-0.5000000000000004,10,1.362,16.0,38.0,4.488125,21.333333333333332,1
Madera,2020,9,47.101702161290326,29.027647723076925,1,32.03234669230769,9.162296523076922,16.02144023846154,-1.0,-1.8369701987210294e-16,13418,16.962782829035625,10.0,16.0,1.362,4481.333333333333,1
Madera,2020,10,29.027647723076925,18.034794306451616,1,47.101702161290326,32.03234669230769,29.43211512555831,-0.8660254037844386,0.5000000000000001,4669,15.032690083529666,13418.0,10.0,16.962782829035625,6032.333333333333,1
Madera,2020,11,18.034794306451616,19.61211180952381,1,29.027647723076925,47.101702161290326,36.05389885889165,-0.5000000000000004,0.8660254037844384,246,8.251869918699187,4669.0,13418.0,15.032690083529666,6111.0,0
Marin,2015,3,11.279038096774192,6.525663375,0,13.1191135,21.99919937096774,17.55915643548387,1.0,6.123233995736766e-17,5,1.164,1.0,2.0,0.35,2.6666666666666665,0
Marin,2015,4,6.525663375,5.907491790322581,0,11.279038096774192,13.1191135,15.465783655913976,0.8660254037844387,-0.4999999999999998,9,0.7055555555555555,5.0,1.0,1.164,5.0,0
Marin,2015,5,5.907491790322581,7.232135469387755,0,6.525663375,11.279038096774192,10.30793832392473,0.4999999999999999,-0.8660254037844387,3,0.5733333333333334,9.0,5.0,0.7055555555555555,5.666666666666667,0
Marin,2015,6,7.232135469387755,3.022602081967213,0,5.907491790322581,6.525663375,7.904064420698925,1.2246467991473532e-16,-1.0,9,0.4988888888888889,3.0,9.0,0.5733333333333334,7.0,0
Marin,2015,7,3.022602081967213,5.26212796875,0,7.232135469387755,5.907491790322581,6.555096878236778,-0.4999999999999998,-0.8660254037844388,10,0.534,9.0,3.0,0.4988888888888889,7.333333333333333,0
Marin,2015,8,5.26212796875,5.1120322666666675,0,3.022602081967213,7.232135469387755,5.3874097805591825,-0.8660254037844384,-0.5000000000000004,9,0.5444444444444445,10.0,9.0,0.534,9.333333333333334,0
Marin,2015,9,5.1120322666666675,6.095670116666667,0,5.26212796875,3.022602081967213,5.172288506701656,-1.0,-1.8369701987210294e-16,10,0.488,9.0,10.0,0.5444444444444445,9.666666666666666,0
Marin,2015,10,6.095670116666667,8.908380029411765,0,5.1120322666666675,5.26212796875,4.465587439127959,-0.8660254037844386,0.5000000000000001,8,3.07,10.0,9.0,0.488,9.0,0
Marin,2015,11,8.908380029411765,9.243785322580646,0,6.095670116666667,5.1120322666666675,5.489943450694445,-0.5000000000000004,0.8660254037844384,5,0.4059999999999999,8.0,10.0,3.07,7.666666666666667,0
Marin,2015,12,9.243785322580646,8.333722225806452,0,8.908380029411765,6.095670116666667,6.705360804248367,-2.4492935982947064e-16,1.0,3,0.5266666666666667,5.0,8.0,0.4059999999999999,5.333333333333333,0
Marin,2016,2,8.404757293103449,3.9107016451612906,0,8.333722225806452,9.243785322580646,8.828629192599621,0.8660254037844386,0.5000000000000001,5,0.494,3.0,5.0,0.5266666666666667,4.333333333333333,0
Marin,2016,3,3.9107016451612906,5.34923901923077,0,8.404757293103449,8.333722225806452,8.660754947163516,1.0,6.123233995736766e-17,8,0.54125,5.0,3.0,0.494,5.333333333333333,0
Marin,2016,4,5.34923901923077,6.064305725806452,0,3.9107016451612906,8.404757293103449,6.883060388023732,0.8660254037844387,-0.4999999999999998,2,0.67,8.0,5.0,0.54125,5.0,0
Marin,2016,5,6.064305725806452,6.795133689655172,0,5.34923901923077,3.9107016451612906,5.888232652498503,0.4999999999999999,-0.8660254037844387,11,0.5445454545454546,2.0,8.0,0.67,7.0,0
Marin,2016,6,6.795133689655172,4.92575385483871,0,6.064305725806452,5.34923901923077,5.108082130066171,1.2246467991473532e-16,-1.0,9,0.5644444444444444,11.0,2.0,0.5445454545454546,7.333333333333333,0
Marin,2016,7,4.92575385483871,4.566374483870967,0,6.795133689655172,6.064305725806452,6.069559478230798,-0.4999999999999998,-0.8660254037844388,12,0.5683333333333334,9.0,11.0,0.5644444444444444,10.666666666666666,0
Marin,2016,8,4.566374483870967,9.052587138888889,0,4.92575385483871,6.795133689655172,5.928397756766778,-0.8660254037844384,-0.5000000000000004,5,0.618,12.0,9.0,0.5683333333333334,8.666666666666666,0
Marin,2016,9,9.052587138888889,5.800636951612904,0,4.566374483870967,4.92575385483871,5.429087342788283,-1.0,-1.8369701987210294e-16,9,0.5244444444444444,5.0,12.0,0.618,8.666666666666666,0
Marin,2016,10,5.800636951612904,7.642638866666667,0,9.052587138888889,4.566374483870967,6.181571825866189,-0.8660254037844386,0.5000000000000001,3,0.4033333333333333,9.0,5.0,0.5244444444444444,5.666666666666667,0
Marin,2016,11,7.642638866666667,7.860214532258064,0,5.800636951612904,9.052587138888889,6.47319952479092,-0.5000000000000004,0.8660254037844384,5,0.43,3.0,9.0,0.4033333333333333,5.666666666666667,0
Marin,2016,12,7.860214532258064,8.72901472580645,0,7.642638866666667,5.800636951612904,7.4986209857228205,-2.4492935982947064e-16,1.0,1,0.53,5.0,3.0,0.43,3.0,0
Marin,2017,1,8.72901472580645,7.078174410714285,0,7.860214532258064,7.642638866666667,7.101163450179212,0.4999999999999999,0.8660254037844387,3,0.59,1.0,5.0,0.53,3.0,0
Marin,2017,2,7.078174410714285,7.097107596774193,0,8.72901472580645,7.860214532258064,8.077289374910395,0.8660254037844386,0.5000000000000001,3,0.6133333333333334,3.0,1.0,0.59,2.3333333333333335,0
Marin,2017,3,7.097107596774193,6.817022983333334,0,7.078174410714285,8.72901472580645,7.889134556259601,1.0,6.123233995736766e-17,3,0.6466666666666666,3.0,3.0,0.6133333333333334,3.0,0
Marin,2017,4,6.817022983333334,7.262505854838709,0,7.097107596774193,7.078174410714285,7.634765577764976,0.8660254037844387,-0.4999999999999998,4,1.485,3.0,3.0,0.6466666666666666,3.3333333333333335,0
Marin,2017,5,7.262505854838709,7.61353865,0,6.817022983333334,7.097107596774193,6.997434996940604,0.4999999999999999,-0.8660254037844387,2,0.4,4.0,3.0,1.485,3.0,0
Marin,2017,6,7.61353865,8.245412612903225,0,7.262505854838709,6.817022983333334,7.0588788116487455,1.2246467991473532e-16,-1.0,5,0.492,2.0,4.0,0.4,3.6666666666666665,0
Marin,2017,7,8.245412612903225,11.105101693548386,0,7.61353865,7.262505854838709,7.231022496057347,-0.4999999999999998,-0.8660254037844388,6,0.5066666666666667,5.0,2.0,0.492,4.333333333333333,0
Marin,2017,8,11.105101693548386,13.5873004,1,8.245412612903225,7.61353865,7.707152372580644,-0.8660254037844384,-0.5000000000000004,4,0.57,6.0,5.0,0.5066666666666667,5.0,0
Marin,2017,9,13.5873004,17.385115661290325,1,11.105101693548386,8.245412612903225,8.988017652150537,-1.0,-1.8369701987210294e-16,5,0.412,4.0,6.0,0.57,5.0,0
Marin,2017,10,17.385115661290325,8.17455559322034,0,13.5873004,11.105101693548386,10.979271568817204,-0.8660254037844386,0.5000000000000001,2,0.37,5.0,4.0,0.412,3.6666666666666665,0
Marin,2017,11,8.17455559322034,13.040720806451612,1,17.385115661290325,13.5873004,14.025839251612902,-0.5000000000000004,0.8660254037844384,2,0.45,2.0,5.0,0.37,3.0,0
Marin,2018,1,13.277781677419354,7.444597553571429,0,13.040720806451612,8.17455559322034,12.866797353654093,0.4999999999999999,0.8660254037844387,1,0.39,2.0,2.0,0.45,1.6666666666666667,0
Marin,2018,2,7.444597553571429,6.000166050000001,0,13.277781677419354,13.040720806451612,11.4976860256971,0.8660254037844386,0.5000000000000001,2,0.7050000000000001,1.0,2.0,0.39,1.6666666666666667,0
Marin,2018,3,6.000166050000001,8.719202916666667,0,7.444597553571429,13.277781677419354,11.254366679147465,1.0,6.123233995736766e-17,3,0.4466666666666667,2.0,1.0,0.7050000000000001,2.0,0
Marin,2018,4,8.719202916666667,7.185118462962963,0,6.000166050000001,7.444597553571429,8.907515093663596,0.8660254037844387,-0.4999999999999998,5,0.288,3.0,2.0,0.4466666666666667,3.3333333333333335,0
Marin,2018,5,7.185118462962963,8.471950466666666,0,8.719202916666667,6.000166050000001,7.387988840079366,0.4999999999999999,-0.8660254037844387,5,0.376,5.0,3.0,0.288,4.333333333333333,0
Marin,2018,6,8.471950466666666,6.315036225806451,0,7.185118462962963,8.719202916666667,7.301495809876545,1.2246467991473532e-16,-1.0,12,3.6133333333333337,5.0,5.0,0.376,7.333333333333333,0
Marin,2018,7,6.315036225806451,12.702942183333333,1,8.471950466666666,7.185118462962963,8.125423948765432,-0.4999999999999998,-0.8660254037844388,6,0.5499999999999999,12.0,5.0,3.6133333333333337,7.666666666666667,0
Marin,2018,8,12.702942183333333,9.531555518518518,0,6.315036225806451,8.471950466666666,7.324035051812026,-0.8660254037844384,-0.5000000000000004,7,1.4985714285714289,6.0,12.0,0.5499999999999999,8.333333333333334,0
Marin,2018,9,9.531555518518518,7.96749914516129,0,12.702942183333333,6.315036225806451,9.163309625268816,-1.0,-1.8369701987210294e-16,13,1.353076923076923,7.0,6.0,1.4985714285714289,8.666666666666666,0
Marin,2018,10,7.96749914516129,39.09202128333333,1,9.531555518518518,12.702942183333333,9.516511309219434,-0.8660254037844386,0.5000000000000001,5,0.4800000000000001,13.0,7.0,1.353076923076923,8.333333333333334,0
Marin,2018,11,39.09202128333333,7.087985032258064,0,7.96749914516129,9.531555518518518,10.067332282337714,-0.5000000000000004,0.8660254037844384,1,0.2,5.0,13.0,0.4800000000000001,6.333333333333333,0
Marin,2019,2,3.3297397818181818,4.094397444444445,0,7.187099322580646,7.087985032258064,17.789035212724016,0.8660254037844386,0.5000000000000001,1,0.49,1.0,5.0,0.2,2.3333333333333335,0
Marin,2019,3,4.094397444444445,6.944057966666667,0,3.3297397818181818,7.187099322580646,5.868274712218966,1.0,6.123233995736766e-17,1,0.39,1.0,1.0,0.49,1.0,0
Marin,2019,4,6.944057966666667,6.219362193548387,0,4.094397444444445,3.3297397818181818,4.87041218294776,0.8660254037844387,-0.4999999999999998,3,0.5,1.0,1.0,0.39,1.6666666666666667,0
Marin,2019,5,6.219362193548387,6.998650084745762,0,6.944057966666667,4.094397444444445,4.7893983976431,0.4999999999999999,-0.8660254037844387,1,0.53,3.0,1.0,0.5,1.6666666666666667,0
Marin,2019,6,6.998650084745762,6.774532499999999,0,6.219362193548387,6.944057966666667,5.7526058682198355,1.2246467991473532e-16,-1.0,6,0.8783333333333333,1.0,3.0,0.53,3.3333333333333335,0
Marin,2019,7,6.774532499999999,6.346137116666667,0,6.998650084745762,6.219362193548387,6.720690081653608,-0.4999999999999998,-0.8660254037844388,7,0.4571428571428571,6.0,1.0,0.8783333333333333,4.666666666666667,0
Marin,2019,8,6.346137116666667,5.5712439499999995,0,6.774532499999999,6.998650084745762,6.664181592764719,-0.8660254037844384,-0.5000000000000004,7,0.5185714285714286,7.0,6.0,0.4571428571428571,6.666666666666667,0
Marin,2019,9,5.5712439499999995,6.425787210526316,0,6.346137116666667,6.774532499999999,6.706439900470812,-1.0,-1.8369701987210294e-16,11,2.2736363636363635,7.0,7.0,0.5185714285714286,8.333333333333334,0
Marin,2019,10,6.425787210526316,9.579613483333333,0,5.5712439499999995,6.346137116666667,6.230637855555558,-0.8660254037844386,0.5000000000000001,1,3.93,11.0,7.0,2.2736363636363635,6.333333333333333,0
Marin,2019,11,9.579613483333333,6.58256779032258,0,6.425787210526316,5.5712439499999995,6.114389425730997,-0.5000000000000004,0.8660254037844384,1,0.43,1.0,11.0,3.93,4.333333333333333,0
Marin,2020,4,4.736061733333333,5.099012387096774,0,4.4869897142857145,7.087699879310344,6.09002237528471,0.8660254037844387,-0.4999999999999998,1,0.38,1.0,1.0,0.43,1.0,0
Marin,2020,5,5.099012387096774,5.452451683333334,0,4.736061733333333,4.4869897142857145,5.436917108976466,0.4999999999999999,-0.8660254037844387,1,0.4,1.0,1.0,0.38,1.0,0
Marin,2020,6,5.452451683333334,5.058377903225807,0,5.099012387096774,4.736061733333333,4.774021278238609,1.2246467991473532e-16,-1.0,2,0.455,1.0,1.0,0.4,1.3333333333333333,0
Marin,2020,7,5.058377903225807,11.625924177419355,1,5.452451683333334,5.099012387096774,5.095841934587816,-0.4999999999999998,-0.8660254037844388,3,2.37,2.0,1.0,0.455,2.0,1
Marin,2020,8,11.625924177419355,26.7487802,1,5.058377903225807,5.452451683333334,5.2032806578853075,-0.8660254037844384,-0.5000000000000004,183,10.395300546448087,3.0,2.0,2.37,62.666666666666664,0
Marin,2020,9,26.7487802,11.737178596774193,1,11.625924177419355,5.058377903225807,7.378917921326168,-1.0,-1.8369701987210294e-16,20,4.9295,183.0,3.0,10.395300546448087,68.66666666666667,0
Mendocino,2015,3,6.206160815789474,7.031368025000001,0,5.923823848214285,12.720262696428572,9.322043272321428,1.0,6.123233995736766e-17,5,8.181999999999999,6.0,18.0,3.7083333333333335,9.666666666666666,0
Mendocino,2015,4,7.031368025000001,6.231238783333334,0,6.206160815789474,5.923823848214285,8.283415786810776,0.8660254037844387,-0.4999999999999998,24,8.21375,5.0,6.0,8.181999999999999,11.666666666666666,0
Mendocino,2015,5,6.231238783333334,8.25136329661017,0,7.031368025000001,6.206160815789474,6.3871175630012536,0.4999999999999999,-0.8660254037844387,4,4.9725,24.0,5.0,8.21375,11.0,0
Mendocino,2015,6,8.25136329661017,6.89906987394958,0,6.231238783333334,7.031368025000001,6.489589208040936,1.2246467991473532e-16,-1.0,5,17.174,4.0,24.0,4.9725,11.0,0
Mendocino,2015,7,6.89906987394958,14.000354720588236,1,8.25136329661017,6.231238783333334,7.171323368314501,-0.4999999999999998,-0.8660254037844388,2,3.59,5.0,4.0,17.174,3.6666666666666665,0
Mendocino,2015,8,14.000354720588236,6.624747943548387,0,6.89906987394958,8.25136329661017,7.127223984631027,-0.8660254037844384,-0.5000000000000004,2,1.235,2.0,5.0,3.59,3.0,0
Mendocino,2015,9,6.624747943548387,5.806656233870967,0,14.000354720588236,6.89906987394958,9.716929297049328,-1.0,-1.8369701987210294e-16,3,3.1799999999999997,2.0,2.0,1.235,2.3333333333333335,0
Mendocino,2015,10,5.806656233870967,9.9718146,0,6.624747943548387,14.000354720588236,9.174724179362068,-0.8660254037844386,0.5000000000000001,2,0.43,3.0,2.0,3.1799999999999997,2.3333333333333335,0
Mendocino,2015,11,9.9718146,9.003080782258063,0,5.806656233870967,6.624747943548387,8.810586299335863,-0.5000000000000004,0.8660254037844384,10,3.665,2.0,3.0,0.43,5.0,0
Mendocino,2015,12,9.003080782258063,6.532511113636364,0,9.9718146,5.806656233870967,7.4677395924731185,-2.4492935982947064e-16,1.0,2,3.415,10.0,2.0,3.665,4.666666666666667,0
Mendocino,2016,2,6.647222580357143,4.695056341463415,0,6.532511113636364,9.003080782258063,8.50246883196481,0.8660254037844386,0.5000000000000001,1,3.1,2.0,10.0,3.415,4.333333333333333,0
Mendocino,2016,3,4.695056341463415,5.043678322033898,0,6.647222580357143,6.532511113636364,7.394271492083857,1.0,6.123233995736766e-17,4,5.0575,1.0,2.0,3.1,2.3333333333333335,0
Mendocino,2016,4,5.043678322033898,4.803585680327869,0,4.695056341463415,6.647222580357143,5.958263345152307,0.8660254037844387,-0.4999999999999998,10,5.209,4.0,1.0,5.0575,5.0,0
Mendocino,2016,5,4.803585680327869,5.140033225,0,5.043678322033898,4.695056341463415,5.461985747951485,0.4999999999999999,-0.8660254037844387,1,1.49,10.0,4.0,5.209,5.0,0
Mendocino,2016,6,5.140033225,6.077412903225807,0,4.803585680327869,5.043678322033898,4.847440114608394,1.2246467991473532e-16,-1.0,2,8.68,1.0,10.0,1.49,4.333333333333333,0
Mendocino,2016,8,7.082221403225807,8.767091599999999,0,6.077412903225807,5.140033225,5.340343936184559,-0.8660254037844384,-0.5000000000000004,4,12.3625,2.0,1.0,8.68,2.3333333333333335,0
Mendocino,2016,9,8.767091599999999,4.70504325,0,7.082221403225807,6.077412903225807,6.099889177150538,-1.0,-1.8369701987210294e-16,3,2.78,4.0,2.0,12.3625,3.0,0
Mendocino,2016,10,4.70504325,6.763094783333333,0,8.767091599999999,7.082221403225807,7.308908635483871,-0.8660254037844386,0.5000000000000001,4,1.06,3.0,4.0,2.78,3.6666666666666665,0
Mendocino,2016,11,6.763094783333333,10.498490766666666,0,4.70504325,8.767091599999999,6.851452084408602,-0.5000000000000004,0.8660254037844384,1,0.8,4.0,3.0,1.06,2.6666666666666665,0
Mendocino,2016,12,10.498490766666666,7.351277032786886,0,6.763094783333333,4.70504325,6.745076544444443,-2.4492935982947064e-16,1.0,6,2.46,1.0,4.0,0.8,3.6666666666666665,0
Mendocino,2017,3,5.023041564516129,5.1031361083333335,0,4.975239678571429,7.351277032786886,7.608335826008326,1.0,6.123233995736766e-17,2,3.02,6.0,1.0,2.46,3.0,0
Mendocino,2017,4,5.1031361083333335,4.9290245403225805,0,5.023041564516129,4.975239678571429,5.7831860919581475,0.8660254037844387,-0.4999999999999998,14,9.64,2.0,6.0,3.02,7.333333333333333,0
Mendocino,2017,5,4.9290245403225805,4.838025366666667,0,5.1031361083333335,5.023041564516129,5.033805783806964,0.4999999999999999,-0.8660254037844387,1,3.66,14.0,2.0,9.64,5.666666666666667,0
Mendocino,2017,6,4.838025366666667,6.862380425,0,4.9290245403225805,5.1031361083333335,5.018400737724014,1.2246467991473532e-16,-1.0,1,9.5,1.0,14.0,3.66,5.333333333333333,0
Mendocino,2017,7,6.862380425,14.990118720588235,1,4.838025366666667,4.9290245403225805,4.956728671774194,-0.4999999999999998,-0.8660254037844388,10,10.859,1.0,1.0,9.5,4.0,0
Mendocino,2017,8,14.990118720588235,12.860032242647058,1,6.862380425,4.838025366666667,5.543143443996416,-0.8660254037844384,-0.5000000000000004,3,5.886666666666667,10.0,1.0,10.859,4.666666666666667,0
Mendocino,2017,9,12.860032242647058,15.608754516129032,1,14.990118720588235,6.862380425,8.896841504084968,-1.0,-1.8369701987210294e-16,5,14.323999999999998,3.0,10.0,5.886666666666667,6.0,1
Mendocino,2017,10,15.608754516129032,8.778939941666666,0,12.860032242647058,14.990118720588235,11.57084379607843,-0.8660254037844386,0.5000000000000001,1263,27.43512272367379,5.0,3.0,14.323999999999998,423.6666666666667,0
Mendocino,2017,11,8.778939941666666,17.117011806451615,1,15.608754516129032,12.860032242647058,14.486301826454776,-0.5000000000000004,0.8660254037844384,4,3.98,1263.0,5.0,27.43512272367379,424.0,0
Mendocino,2017,12,17.117011806451615,8.387708169354838,0,8.778939941666666,15.608754516129032,12.415908900147585,-2.4492935982947064e-16,1.0,3,4.153333333333333,4.0,1263.0,3.98,423.3333333333333,0
Mendocino,2018,1,8.387708169354838,8.925813464285714,0,17.117011806451615,8.778939941666666,13.83490208808244,0.4999999999999999,0.8660254037844387,1,3.81,3.0,4.0,4.153333333333333,2.6666666666666665,0
Mendocino,2018,2,8.925813464285714,5.86058710483871,0,8.387708169354838,17.117011806451615,11.427886639157704,0.8660254037844386,0.5000000000000001,20,5.218500000000001,1.0,3.0,3.81,8.0,0
Mendocino,2018,3,5.86058710483871,6.668912783333334,0,8.925813464285714,8.387708169354838,11.47684448003072,1.0,6.123233995736766e-17,2,3.4450000000000003,20.0,1.0,5.218500000000001,7.666666666666667,0
Mendocino,2018,4,6.668912783333334,4.5950227258064515,0,5.86058710483871,8.925813464285714,7.72470291282642,0.8660254037844387,-0.4999999999999998,8,10.3725,2.0,20.0,3.4450000000000003,10.0,0
Mendocino,2018,5,4.5950227258064515,3.9302284333333337,0,6.668912783333334,5.86058710483871,7.151771117485919,0.4999999999999999,-0.8660254037844387,20,7.1450000000000005,8.0,2.0,10.3725,10.0,0
Mendocino,2018,6,3.9302284333333337,8.191280295081967,0,4.5950227258064515,6.668912783333334,5.708174204659499,1.2246467991473532e-16,-1.0,3,4.303333333333334,20.0,8.0,7.1450000000000005,10.333333333333334,1
Mendocino,2018,7,8.191280295081967,19.26990705691057,1,3.9302284333333337,4.5950227258064515,5.064721314157706,-0.4999999999999998,-0.8660254037844388,463,34.70840172786177,3.0,20.0,4.303333333333334,162.0,1
Mendocino,2018,8,19.26990705691057,8.193528866666666,0,8.191280295081967,3.9302284333333337,5.57217715140725,-0.8660254037844384,-0.5000000000000004,211,19.3057345971564,463.0,3.0,34.70840172786177,225.66666666666663,0
Mendocino,2018,10,6.422724099173554,36.863758872881355,1,8.193528866666666,19.26990705691057,11.884905406219737,-0.8660254037844386,0.5000000000000001,14,5.211428571428572,211.0,463.0,19.3057345971564,229.33333333333337,0
Mendocino,2018,11,36.863758872881355,10.123007258064517,0,6.422724099173554,8.193528866666666,11.295386674250262,-0.5000000000000004,0.8660254037844384,3,4.51,14.0,211.0,5.211428571428572,76.0,0
Mendocino,2018,12,10.123007258064517,9.661457801652892,0,36.863758872881355,6.422724099173554,17.160003946240526,-2.4492935982947064e-16,1.0,15,5.401333333333333,3.0,14.0,4.51,10.666666666666666,0
Mendocino,2019,1,9.661457801652892,5.301918330357142,0,10.123007258064517,36.863758872881355,17.803163410039808,0.4999999999999999,0.8660254037844387,9,3.8655555555555554,15.0,3.0,5.401333333333333,9.0,0
Mendocino,2019,2,5.301918330357142,4.307408056451613,0,9.661457801652892,10.123007258064517,18.882741310866255,0.8660254037844386,0.5000000000000001,2,2.24,9.0,15.0,3.8655555555555554,8.666666666666666,0
Mendocino,2019,3,4.307408056451613,4.037072355932203,0,5.301918330357142,9.661457801652892,8.362127796691517,1.0,6.123233995736766e-17,8,4.14875,2.0,9.0,2.24,6.333333333333333,1
Mendocino,2019,4,4.037072355932203,4.014056786885246,0,4.307408056451613,5.301918330357142,6.423594729487216,0.8660254037844387,-0.4999999999999998,48,11.008333333333333,8.0,2.0,4.14875,19.333333333333332,0
Mendocino,2019,5,4.014056786885246,4.741683216666667,0,4.037072355932203,4.307408056451613,4.548799580913653,0.4999999999999999,-0.8660254037844387,30,17.043333333333333,48.0,8.0,11.008333333333333,28.666666666666668,0
Mendocino,2019,7,5.288472435483871,4.371553080645161,0,4.741683216666667,4.014056786885246,4.264270786494706,-0.4999999999999998,-0.8660254037844388,14,3.0014285714285713,30.0,48.0,17.043333333333333,30.666666666666668,0
Mendocino,2019,8,4.371553080645161,4.116431605042017,0,5.288472435483871,4.741683216666667,4.681404146345261,-0.8660254037844384,-0.5000000000000004,6,1.2133333333333334,14.0,30.0,3.0014285714285713,16.666666666666668,0
Mendocino,2019,10,7.225659394495413,8.112557433333333,0,4.116431605042017,4.371553080645161,4.592152373723683,-0.8660254037844386,0.5000000000000001,11,12.780909090909091,6.0,14.0,1.2133333333333334,10.333333333333334,0
Mendocino,2019,11,8.112557433333333,7.179833959677419,0,7.225659394495413,4.116431605042017,5.237881360060864,-0.5000000000000004,0.8660254037844384,1,2.95,11.0,6.0,12.780909090909091,6.0,0
Mendocino,2019,12,7.179833959677419,7.502169217741935,0,8.112557433333333,7.225659394495413,6.484882810956921,-2.4492935982947064e-16,1.0,1,11.3,1.0,11.0,2.95,4.333333333333333,0
Mendocino,2020,1,7.502169217741935,9.207648396551724,0,7.179833959677419,8.112557433333333,7.50601692916872,0.4999999999999999,0.8660254037844387,2,1.7000000000000002,1.0,1.0,11.3,1.3333333333333333,1
Mendocino,2020,2,9.207648396551724,4.953939024193549,0,7.502169217741935,7.179833959677419,7.598186870250896,0.8660254037844386,0.5000000000000001,64,8.6990625,2.0,1.0,1.7000000000000002,22.333333333333332,1
Mendocino,2020,3,4.953939024193549,3.9597953583333334,0,9.207648396551724,7.502169217741935,7.963217191323693,1.0,6.123233995736766e-17,72,15.188472222222222,64.0,2.0,8.6990625,46.0,0
Mendocino,2020,4,3.9597953583333334,3.4926768387096776,0,4.953939024193549,9.207648396551724,7.221252212829069,0.8660254037844387,-0.4999999999999998,42,7.672380952380952,72.0,64.0,15.188472222222222,59.333333333333336,0
Mendocino,2020,5,3.4926768387096776,3.5185645130434784,0,3.9597953583333334,4.953939024193549,6.040460926359535,0.4999999999999999,-0.8660254037844387,10,9.638,42.0,72.0,7.672380952380952,41.333333333333336,0
Mendocino,2020,6,3.5185645130434784,5.414991314516129,0,3.4926768387096776,3.9597953583333334,4.135470407078853,1.2246467991473532e-16,-1.0,8,17.42625,10.0,42.0,9.638,20.0,1
Mendocino,2020,8,17.155110758064517,44.24032005833333,1,5.414991314516129,3.5185645130434784,4.1420775554230955,-0.8660254037844384,-0.5000000000000004,525,15.833542857142858,8.0,10.0,17.42625,181.0,1
Mendocino,2020,9,44.24032005833333,16.33719179032258,1,17.155110758064517,5.414991314516129,8.696222195208042,-1.0,-1.8369701987210294e-16,9750,18.62293435897436,525.0,8.0,15.833542857142858,3427.6666666666665,1
Mendocino,2020,10,16.33719179032258,9.328709733333334,0,44.24032005833333,17.155110758064517,22.27014071030466,-0.8660254037844386,0.5000000000000001,1115,19.43077130044843,9750.0,525.0,18.62293435897436,3796.6666666666665,0
Mendocino,2020,11,9.328709733333334,11.872521080645162,1,16.33719179032258,44.24032005833333,25.91087420224014,-0.5000000000000004,0.8660254037844384,8,4.9712499999999995,1115.0,9750.0,19.43077130044843,3624.3333333333335,0
Merced,2015,3,8.671312876923079,6.489536029850747,0,18.21515052307692,28.42323233333333,23.319191428205126,1.0,6.123233995736766e-17,25,5.7648,21.0,1.0,4.344285714285714,15.666666666666666,0
Merced,2015,4,6.489536029850747,7.5320812264150945,0,8.671312876923079,18.21515052307692,18.43656524444444,0.8660254037844387,-0.4999999999999998,16,3.2075,25.0,21.0,5.7648,20.666666666666668,0
Merced,2015,5,7.5320812264150945,9.662653351851851,0,6.489536029850747,8.671312876923079,11.125333143283584,0.4999999999999999,-0.8660254037844387,17,2.5341176470588236,16.0,25.0,3.2075,19.333333333333332,0
Merced,2015,6,9.662653351851851,8.188796757142857,0,7.5320812264150945,6.489536029850747,7.564310044396307,1.2246467991473532e-16,-1.0,12,14.7375,17.0,16.0,2.5341176470588236,15.0,1
Merced,2015,7,8.188796757142857,11.50079372222222,1,9.662653351851851,7.5320812264150945,7.894756869372564,-0.4999999999999998,-0.8660254037844388,54,4.954814814814815,12.0,17.0,14.7375,27.666666666666668,0
Merced,2015,8,11.50079372222222,11.088720391304348,0,8.188796757142857,9.662653351851851,8.461177111803268,-0.8660254037844384,-0.5000000000000004,14,1.5807142857142855,54.0,12.0,4.954814814814815,26.666666666666668,0
Merced,2015,9,11.088720391304348,11.125582869565218,0,11.50079372222222,8.188796757142857,9.784081277072309,-1.0,-1.8369701987210294e-16,16,5.44125,14.0,54.0,1.5807142857142855,28.0,0
Merced,2015,10,11.125582869565218,15.989880171428572,1,11.088720391304348,11.50079372222222,10.259436956889807,-0.8660254037844386,0.5000000000000001,23,3.143913043478261,16.0,14.0,5.44125,17.666666666666668,0
Merced,2015,11,15.989880171428572,14.910469486486486,1,11.125582869565218,11.088720391304348,11.238365661030594,-0.5000000000000004,0.8660254037844384,21,5.082380952380952,23.0,16.0,3.143913043478261,20.0,0
Merced,2015,12,14.910469486486486,13.526692493150684,1,15.989880171428572,11.125582869565218,12.734727810766046,-2.4492935982947064e-16,1.0,4,1.655,21.0,23.0,5.082380952380952,16.0,0
Merced,2016,1,13.526692493150684,15.782984746268658,1,14.910469486486486,15.989880171428572,14.008644175826758,0.4999999999999999,0.8660254037844387,8,5.595000000000001,4.0,21.0,1.655,11.0,0
Merced,2016,2,15.782984746268658,5.505220955882353,0,13.526692493150684,14.910469486486486,14.809014050355248,0.8660254037844386,0.5000000000000001,25,5.146800000000001,8.0,4.0,5.595000000000001,12.333333333333334,0
Merced,2016,3,5.505220955882353,7.131809285714286,0,15.782984746268658,13.526692493150684,14.740048908635275,1.0,6.123233995736766e-17,26,7.985384615384616,25.0,8.0,5.146800000000001,19.666666666666668,0
Merced,2016,4,7.131809285714286,8.685521861111111,0,5.505220955882353,15.782984746268658,11.604966065100564,0.8660254037844387,-0.4999999999999998,10,2.895,26.0,25.0,7.985384615384616,20.333333333333332,0
Merced,2016,5,8.685521861111111,8.373350647058823,0,7.131809285714286,5.505220955882353,9.473338329288431,0.4999999999999999,-0.8660254037844387,16,4.136875,10.0,26.0,2.895,17.333333333333332,1
Merced,2016,6,8.373350647058823,9.671014041666666,0,8.685521861111111,7.131809285714286,7.10751736756925,1.2246467991473532e-16,-1.0,47,6.281489361702128,16.0,10.0,4.136875,24.333333333333332,0
Merced,2016,7,9.671014041666666,12.920978835616438,1,8.373350647058823,8.685521861111111,8.063560597961406,-0.4999999999999998,-0.8660254037844388,19,12.363684210526316,47.0,16.0,6.281489361702128,27.333333333333332,0
Merced,2016,8,12.920978835616438,13.875524537313431,1,9.671014041666666,8.373350647058823,8.909962183278866,-0.8660254037844384,-0.5000000000000004,13,3.534615384615385,19.0,47.0,12.363684210526316,26.333333333333332,0
Merced,2016,9,13.875524537313431,11.036178805555556,0,12.920978835616438,9.671014041666666,10.32178117478064,-1.0,-1.8369701987210294e-16,16,3.45875,13.0,19.0,3.534615384615385,16.0,0
Merced,2016,10,11.036178805555556,16.214603014492756,1,13.875524537313431,12.920978835616438,12.155839138198845,-0.8660254037844386,0.5000000000000001,19,4.330526315789474,16.0,13.0,3.45875,16.0,0
Merced,2016,11,16.214603014492756,19.442914114285713,1,11.036178805555556,13.875524537313431,12.610894059495145,-0.5000000000000004,0.8660254037844384,33,6.03090909090909,19.0,16.0,4.330526315789474,22.666666666666668,0
Merced,2016,12,19.442914114285713,10.678256078947369,0,16.214603014492756,11.036178805555556,13.708768785787248,-2.4492935982947064e-16,1.0,14,3.8428571428571425,33.0,19.0,6.03090909090909,22.0,0
Merced,2017,1,10.678256078947369,9.734895828125,0,19.442914114285713,16.214603014492756,15.564565311444676,0.4999999999999999,0.8660254037844387,3,0.9066666666666668,14.0,33.0,3.8428571428571425,16.666666666666668,0
Merced,2017,2,9.734895828125,9.5144584375,0,10.678256078947369,19.442914114285713,15.445257735908612,0.8660254037844386,0.5000000000000001,14,4.200714285714286,3.0,14.0,0.9066666666666668,10.333333333333334,0
Merced,2017,3,9.5144584375,7.121480328571429,0,9.734895828125,10.678256078947369,13.285355340452696,1.0,6.123233995736766e-17,37,5.098378378378379,14.0,3.0,4.200714285714286,18.0,0
Merced,2017,4,7.121480328571429,8.750859228571429,0,9.5144584375,9.734895828125,9.975870114857456,0.8660254037844387,-0.4999999999999998,41,14.154634146341465,37.0,14.0,5.098378378378379,30.666666666666668,0
Merced,2017,5,8.750859228571429,7.788219471428571,0,7.121480328571429,9.5144584375,8.790278198065478,0.4999999999999999,-0.8660254037844387,28,23.5125,41.0,37.0,14.154634146341465,35.333333333333336,0
Merced,2017,6,7.788219471428571,8.620596056338028,0,8.750859228571429,7.121480328571429,8.462265998214287,1.2246467991473532e-16,-1.0,6,9.523333333333332,28.0,41.0,23.5125,25.0,0
Merced,2017,7,8.620596056338028,15.56480915492958,1,7.788219471428571,8.750859228571429,7.886853009523809,-0.4999999999999998,-0.8660254037844388,19,3.604736842105263,6.0,28.0,9.523333333333332,17.666666666666668,0
Merced,2017,8,15.56480915492958,15.518139671428573,1,8.620596056338028,7.788219471428571,8.386558252112676,-0.8660254037844384,-0.5000000000000004,16,7.450625,19.0,6.0,3.604736842105263,13.666666666666666,0
Merced,2017,9,15.518139671428573,15.441190471428571,1,15.56480915492958,8.620596056338028,10.65787489423206,-1.0,-1.8369701987210294e-16,18,8.96888888888889,16.0,19.0,7.450625,17.666666666666668,0
Merced,2017,10,15.441190471428571,17.031243123076926,1,15.518139671428573,15.56480915492958,13.234514960898728,-0.8660254037844386,0.5000000000000001,29,4.957931034482758,18.0,16.0,8.96888888888889,21.0,0
Merced,2017,11,17.031243123076926,31.96909143055555,1,15.441190471428571,15.518139671428573,15.508046432595576,-0.5000000000000004,0.8660254037844384,44,6.121363636363637,29.0,18.0,4.957931034482758,30.333333333333332,1
Merced,2017,12,31.96909143055555,20.51651465277778,1,17.031243123076926,15.441190471428571,15.99685775531136,-2.4492935982947064e-16,1.0,77,7.827792207792208,44.0,29.0,6.121363636363637,50.0,0
Merced,2018,1,20.51651465277778,15.953156545454544,1,31.96909143055555,17.031243123076926,21.480508341687017,0.4999999999999999,0.8660254037844387,18,7.28388888888889,77.0,44.0,7.827792207792208,46.333333333333336,1
Merced,2018,2,15.953156545454544,6.334405194444445,0,20.51651465277778,31.96909143055555,23.17228306880342,0.8660254037844386,0.5000000000000001,59,6.106779661016949,18.0,77.0,7.28388888888889,51.333333333333336,0
Merced,2018,3,6.334405194444445,7.3607447580645164,0,15.953156545454544,20.51651465277778,22.812920876262623,1.0,6.123233995736766e-17,19,3.343157894736842,59.0,18.0,6.106779661016949,32.0,0
Merced,2018,4,7.3607447580645164,7.333594999999999,0,6.334405194444445,15.953156545454544,14.268025464225587,0.8660254037844387,-0.4999999999999998,18,6.636666666666667,19.0,59.0,3.343157894736842,32.0,0
Merced,2018,5,7.333594999999999,8.63843204347826,0,7.3607447580645164,6.334405194444445,9.8827688326545,0.4999999999999999,-0.8660254037844387,19,4.6821052631578945,18.0,19.0,6.636666666666667,18.666666666666668,0
Merced,2018,6,8.63843204347826,13.404685356164382,1,7.333594999999999,7.3607447580645164,7.00958165083632,1.2246467991473532e-16,-1.0,12,3.734166666666667,19.0,18.0,4.6821052631578945,16.333333333333332,0
Merced,2018,7,13.404685356164382,24.036282208333333,1,8.63843204347826,7.333594999999999,7.777590600514259,-0.4999999999999998,-0.8660254037844388,8,2.4,12.0,19.0,3.734166666666667,13.0,0
Merced,2018,8,24.036282208333333,13.812986514285711,1,13.404685356164382,8.63843204347826,9.792237466547547,-0.8660254037844384,-0.5000000000000004,11,3.555454545454545,8.0,12.0,2.4,10.333333333333334,0
Merced,2018,9,13.812986514285711,11.811660333333332,1,24.036282208333333,13.404685356164382,15.359799869325323,-1.0,-1.8369701987210294e-16,14,3.652857142857143,11.0,8.0,3.555454545454545,11.0,0
Merced,2018,10,11.811660333333332,32.097612941176465,1,13.812986514285711,24.036282208333333,17.084651359594474,-0.8660254037844386,0.5000000000000001,32,5.2428125,14.0,11.0,3.652857142857143,19.0,0
Merced,2018,11,32.097612941176465,19.042788383561643,1,11.811660333333332,13.812986514285711,16.553643018650792,-0.5000000000000004,0.8660254037844384,14,5.409999999999999,32.0,14.0,5.2428125,20.0,0
Merced,2018,12,19.042788383561643,16.411865930555553,1,32.097612941176465,11.811660333333332,19.240753262931836,-2.4492935982947064e-16,1.0,21,5.298095238095239,14.0,32.0,5.409999999999999,22.333333333333332,0
Merced,2019,1,16.411865930555553,7.821921523076923,0,19.042788383561643,32.097612941176465,20.98402055269048,0.4999999999999999,0.8660254037844387,11,3.316363636363636,21.0,14.0,5.298095238095239,15.333333333333334,0
Merced,2019,2,7.821921523076923,8.127947753424658,0,16.411865930555553,19.042788383561643,22.51742241843122,0.8660254037844386,0.5000000000000001,8,5.39625,11.0,21.0,3.316363636363636,13.333333333333334,0
Merced,2019,3,8.127947753424658,7.206727098360656,0,7.821921523076923,16.411865930555553,14.425525279064706,1.0,6.123233995736766e-17,33,3.453030303030303,8.0,11.0,5.39625,17.333333333333332,0
Merced,2019,4,7.206727098360656,6.344072069444445,0,8.127947753424658,7.821921523076923,10.787245069019043,0.8660254037844387,-0.4999999999999998,22,4.330909090909091,33.0,8.0,3.453030303030303,21.0,0
Merced,2019,5,6.344072069444445,6.77893,0,7.206727098360656,8.127947753424658,7.718865458287412,0.4999999999999999,-0.8660254037844387,23,10.10608695652174,22.0,33.0,4.330909090909091,26.0,0
Merced,2019,6,6.77893,7.163989541666666,0,6.344072069444445,7.206727098360656,7.226248973743253,1.2246467991473532e-16,-1.0,31,25.716451612903228,23.0,22.0,10.10608695652174,25.333333333333332,0
Merced,2019,7,7.163989541666666,7.096773890410958,0,6.77893,6.344072069444445,6.776576389268367,-0.4999999999999998,-0.8660254037844388,20,4.872,31.0,23.0,25.716451612903228,24.666666666666668,0
Merced,2019,8,7.096773890410958,6.226733985714286,0,7.163989541666666,6.77893,6.7623305370370375,-0.8660254037844384,-0.5000000000000004,10,2.143,20.0,31.0,4.872,20.333333333333332,0
Merced,2019,9,6.226733985714286,11.022391194444443,0,7.096773890410958,7.163989541666666,7.013231144025874,-1.0,-1.8369701987210294e-16,14,3.837142857142857,10.0,20.0,2.143,14.666666666666666,0
Merced,2019,10,11.022391194444443,15.816780542857142,1,6.226733985714286,7.096773890410958,6.829165805930637,-0.8660254037844386,0.5000000000000001,35,9.713142857142856,14.0,10.0,3.837142857142857,19.666666666666668,1
Merced,2019,11,15.816780542857142,10.560379633802818,0,11.022391194444443,6.226733985714286,8.115299690189895,-0.5000000000000004,0.8660254037844384,62,4.761774193548387,35.0,14.0,9.713142857142856,37.0,0
Merced,2019,12,10.560379633802818,14.303658625,1,15.816780542857142,11.022391194444443,11.021968574338624,-2.4492935982947064e-16,1.0,13,5.443076923076924,62.0,35.0,4.761774193548387,36.666666666666664,0
Merced,2020,1,14.303658625,13.405780895522389,1,10.560379633802818,15.816780542857142,12.466517123701466,0.4999999999999999,0.8660254037844387,24,17.021666666666665,13.0,62.0,5.443076923076924,33.0,1
Merced,2020,2,13.405780895522389,7.052129205479452,0,14.303658625,10.560379633802818,13.560272933886653,0.8660254037844386,0.5000000000000001,70,5.251428571428572,24.0,13.0,17.021666666666665,35.666666666666664,0
Merced,2020,3,7.052129205479452,6.591735919354839,0,13.405780895522389,14.303658625,12.756606384775068,1.0,6.123233995736766e-17,33,6.716060606060606,70.0,24.0,5.251428571428572,42.333333333333336,0
Merced,2020,4,6.591735919354839,5.703042397058823,0,7.052129205479452,13.405780895522389,11.587189575333946,0.8660254037844387,-0.4999999999999998,20,2.7515,33.0,70.0,6.716060606060606,41.0,0
Merced,2020,5,5.703042397058823,5.328720710144927,0,6.591735919354839,7.052129205479452,9.016548673452226,0.4999999999999999,-0.8660254037844387,37,7.367837837837838,20.0,33.0,2.7515,30.0,1
Merced,2020,6,5.328720710144927,7.479372972222222,0,5.703042397058823,6.591735919354839,6.448969173964372,1.2246467991473532e-16,-1.0,64,11.83375,37.0,20.0,7.367837837837838,40.333333333333336,0
Merced,2020,7,7.479372972222222,27.389279328767124,1,5.328720710144927,5.703042397058823,5.87449967551953,-0.4999999999999998,-0.8660254037844388,21,3.2138095238095237,64.0,37.0,11.83375,40.666666666666664,1
Merced,2020,8,27.389279328767124,35.60910594285714,1,7.479372972222222,5.328720710144927,6.170378693141991,-0.8660254037844384,-0.5000000000000004,99,13.054040404040403,21.0,64.0,3.2138095238095237,61.333333333333336,0
Merced,2020,9,35.60910594285714,21.967315347222225,1,27.389279328767124,7.479372972222222,13.39912433704476,-1.0,-1.8369701987210294e-16,12,2.8441666666666667,99.0,21.0,13.054040404040403,44.0,0
Merced,2020,10,21.967315347222225,15.605201842857143,1,35.60910594285714,27.389279328767124,23.49258608128217,-0.8660254037844386,0.5000000000000001,6,0.615,12.0,99.0,2.8441666666666667,39.0,0
Merced,2020,11,15.605201842857143,17.31722562857143,1,21.967315347222225,35.60910594285714,28.32190020628216,-0.5000000000000004,0.8660254037844384,18,2.9705555555555554,6.0,12.0,0.615,12.0,0
Mono,2018,6,6.145585142857143,24.432687588709676,1,3.1983948114754095,3.457082239583333,3.327738525529371,1.2246467991473532e-16,-1.0,10,6.4990000000000006,17.0,3.0,22.37294117647059,10.0,0
Mono,2018,8,42.552129701612905,4.2823324000000005,0,24.432687588709676,6.145585142857143,11.258889181014077,-0.8660254037844384,-0.5000000000000004,2,6.99,10.0,17.0,6.4990000000000006,9.666666666666666,1
Mono,2018,9,4.2823324000000005,5.098842285714285,0,42.552129701612905,24.432687588709676,24.37680081105991,-1.0,-1.8369701987210294e-16,98,15.756020408163264,2.0,10.0,6.99,36.666666666666664,0
Mono,2018,10,5.098842285714285,8.31441100862069,0,4.2823324000000005,42.552129701612905,23.75571656344086,-0.8660254037844386,0.5000000000000001,4,8.102500000000001,98.0,2.0,15.756020408163264,34.666666666666664,0
Mono,2018,11,8.31441100862069,8.742303173387096,0,5.098842285714285,4.2823324000000005,17.311101462442398,-0.5000000000000004,0.8660254037844384,6,8.331666666666667,4.0,98.0,8.102500000000001,36.0,0
Mono,2018,12,8.742303173387096,11.281412092592593,1,8.31441100862069,5.098842285714285,5.898528564778325,-2.4492935982947064e-16,1.0,6,5.265,6.0,4.0,8.331666666666667,5.333333333333333,0
Mono,2019,5,3.957502698412698,4.071390618473895,0,3.577484,5.2781492845849804,4.738374460013175,0.4999999999999999,-0.8660254037844387,34,16.45,6.0,6.0,5.265,15.333333333333334,0
Mono,2019,6,4.071390618473895,4.021406608527132,0,3.957502698412698,3.577484,4.271045327665893,1.2246467991473532e-16,-1.0,14,10.625,34.0,6.0,16.45,18.0,1
Mono,2019,8,5.837623503875969,3.738154836065574,0,4.021406608527132,4.071390618473895,4.016766641804575,-0.8660254037844384,-0.5000000000000004,479,10.519540709812109,14.0,34.0,10.625,175.66666666666666,1
Mono,2019,9,3.738154836065574,6.492012986301369,0,5.837623503875969,4.021406608527132,4.643473576958999,-1.0,-1.8369701987210294e-16,49,13.948571428571428,479.0,14.0,10.519540709812109,180.66666666666663,0
Mono,2020,1,7.153828928870293,6.792277934497816,0,7.9342836625,5.869940948,6.765412532267123,0.4999999999999999,0.8660254037844387,2,5.96,49.0,479.0,13.948571428571428,176.66666666666666,0
Mono,2020,2,6.792277934497816,3.939306625498008,0,7.153828928870293,7.9342836625,6.986017846456765,0.8660254037844386,0.5000000000000001,13,19.89076923076923,2.0,49.0,5.96,21.333333333333332,0
Mono,2020,3,3.939306625498008,3.832389410628019,0,6.792277934497816,7.153828928870293,7.293463508622704,1.0,6.123233995736766e-17,1,4.47,13.0,2.0,19.89076923076923,5.333333333333333,0
Mono,2020,5,3.6707421879699247,4.11109818125,0,3.832389410628019,3.939306625498008,4.854657990207948,0.4999999999999999,-0.8660254037844387,2,10.739999999999998,1.0,13.0,4.47,5.333333333333333,0
Mono,2020,6,4.11109818125,4.492004625,0,3.6707421879699247,3.832389410628019,3.8141460746986504,1.2246467991473532e-16,-1.0,23,36.00739130434783,2.0,1.0,10.739999999999998,8.666666666666666,0
Mono,2020,7,4.492004625,11.54332639520958,1,4.11109818125,3.6707421879699247,3.8714099266159816,-0.4999999999999998,-0.8660254037844388,3,18.546666666666667,23.0,2.0,36.00739130434783,9.333333333333334,1
Mono,2020,8,11.54332639520958,195.2247184266055,1,4.492004625,4.11109818125,4.091281664739975,-0.8660254037844384,-0.5000000000000004,221,29.616199095022623,3.0,23.0,18.546666666666667,82.33333333333333,1
Mono,2020,9,195.2247184266055,88.17619642412451,1,11.54332639520958,4.492004625,6.715476400486526,-1.0,-1.8369701987210294e-16,391,18.43959079283887,221.0,3.0,29.616199095022623,205.0,1
Monterey,2015,3,5.059899786458334,5.830257836065573,0,5.159955807228916,5.48084245026178,5.320399128745348,1.0,6.123233995736766e-17,14,2.1392857142857142,9.0,28.0,2.451111111111111,17.0,0
Monterey,2015,4,5.830257836065573,5.563691989473685,0,5.059899786458334,5.159955807228916,5.233566014649676,0.8660254037844387,-0.4999999999999998,4,5.8725000000000005,14.0,9.0,2.1392857142857142,9.0,0
Monterey,2015,5,5.563691989473685,6.412715005494506,0,5.830257836065573,5.059899786458334,5.350037809917608,0.4999999999999999,-0.8660254037844387,14,12.865,4.0,14.0,5.8725000000000005,10.666666666666666,1
Monterey,2015,6,6.412715005494506,4.778814759162303,0,5.563691989473685,5.830257836065573,5.48461653733253,1.2246467991473532e-16,-1.0,96,10.772291666666668,14.0,4.0,12.865,38.0,0
Monterey,2015,7,4.778814759162303,8.263548408376963,0,6.412715005494506,5.563691989473685,5.935554943677921,-0.4999999999999998,-0.8660254037844388,6,6.449999999999999,96.0,14.0,10.772291666666668,38.666666666666664,0
Monterey,2015,8,8.263548408376963,6.9108440218579235,0,4.778814759162303,6.412715005494506,5.5850739180434985,-0.8660254037844384,-0.5000000000000004,3,2.5033333333333334,6.0,96.0,6.449999999999999,35.0,0
Monterey,2015,9,6.9108440218579235,4.74168184816754,0,8.263548408376963,4.778814759162303,6.485026057677923,-1.0,-1.8369701987210294e-16,26,5.298461538461538,3.0,6.0,2.5033333333333334,11.666666666666666,0
Monterey,2015,10,4.74168184816754,4.520241711864407,0,6.9108440218579235,8.263548408376963,6.651069063132397,-0.8660254037844386,0.5000000000000001,3,0.88,26.0,3.0,5.298461538461538,10.666666666666666,0
Monterey,2015,11,4.520241711864407,4.617655832432432,0,4.74168184816754,6.9108440218579235,6.638691426134142,-0.5000000000000004,0.8660254037844384,19,3.643157894736842,3.0,26.0,0.88,16.0,0
Monterey,2015,12,4.617655832432432,3.848091335078534,0,4.520241711864407,4.74168184816754,5.390922527296624,-2.4492935982947064e-16,1.0,5,3.701999999999999,19.0,3.0,3.643157894736842,9.0,0
Monterey,2016,1,3.848091335078534,3.9035995593220343,0,4.617655832432432,4.520241711864407,4.626526464154793,0.4999999999999999,0.8660254037844387,5,2.618,5.0,19.0,3.701999999999999,9.666666666666666,0
Monterey,2016,2,3.9035995593220343,3.3432476229508197,0,3.848091335078534,4.617655832432432,4.328662959791791,0.8660254037844386,0.5000000000000001,10,2.397,5.0,5.0,2.618,6.666666666666667,0
Monterey,2016,3,3.3432476229508197,5.337596951351351,0,3.9035995593220343,3.848091335078534,4.123115575611,1.0,6.123233995736766e-17,16,1.8825,10.0,5.0,2.397,10.333333333333334,0
Monterey,2016,4,5.337596951351351,5.6990071884816755,0,3.3432476229508197,3.9035995593220343,3.698312839117129,0.8660254037844387,-0.4999999999999998,1,2.28,16.0,10.0,1.8825,9.0,0
Monterey,2016,5,5.6990071884816755,5.9551162594594595,0,5.337596951351351,3.3432476229508197,4.1948147112080685,0.4999999999999999,-0.8660254037844387,23,9.84086956521739,1.0,16.0,2.28,13.333333333333334,1
Monterey,2016,6,5.9551162594594595,6.533881560209424,0,5.6990071884816755,5.337596951351351,4.793283920927949,1.2246467991473532e-16,-1.0,103,22.811165048543693,23.0,1.0,9.84086956521739,42.333333333333336,1
Monterey,2016,7,6.533881560209424,12.926224084210526,1,5.9551162594594595,5.6990071884816755,5.663906799764162,-0.4999999999999998,-0.8660254037844388,2047,20.769003419638494,103.0,23.0,22.811165048543693,724.3333333333334,1
Monterey,2016,8,12.926224084210526,9.67990064,0,6.533881560209424,5.9551162594594595,6.062668336050186,-0.8660254037844384,-0.5000000000000004,4109,16.48533219761499,2047.0,103.0,20.769003419638494,2086.3333333333335,1
Monterey,2016,9,9.67990064,3.44507377486911,0,12.926224084210526,6.533881560209424,8.47174063462647,-1.0,-1.8369701987210294e-16,2010,27.139114427860697,4109.0,2047.0,16.48533219761499,2722.0,0
Monterey,2016,10,3.44507377486911,3.960183195530726,0,9.67990064,12.926224084210526,9.713335428139985,-0.8660254037844386,0.5000000000000001,6,1.3966666666666665,2010.0,4109.0,27.139114427860697,2041.6666666666667,0
Monterey,2016,11,3.960183195530726,4.749172436464088,0,3.44507377486911,9.67990064,8.683732833026546,-0.5000000000000004,0.8660254037844384,28,8.034285714285714,6.0,2010.0,1.3966666666666665,681.3333333333334,0
Monterey,2016,12,4.749172436464088,4.00286967539267,0,3.960183195530726,3.44507377486911,5.695052536799945,-2.4492935982947064e-16,1.0,13,3.2684615384615388,28.0,6.0,8.034285714285714,15.666666666666666,0
Monterey,2017,1,4.00286967539267,3.338273162790698,0,4.749172436464088,3.960183195530726,4.051476468954641,0.4999999999999999,0.8660254037844387,1,2.81,13.0,28.0,3.2684615384615388,14.0,0
Monterey,2017,2,3.338273162790698,4.051237281081081,0,4.00286967539267,4.749172436464088,4.237408435795828,0.8660254037844386,0.5000000000000001,5,3.998,1.0,13.0,2.81,6.333333333333333,0
Monterey,2017,3,4.051237281081081,4.67616812972973,0,3.338273162790698,4.00286967539267,4.030105091549152,1.0,6.123233995736766e-17,21,2.590952380952381,5.0,1.0,3.998,9.0,0
Monterey,2017,4,4.67616812972973,5.832564078947368,0,4.051237281081081,3.338273162790698,3.797460039754816,0.8660254037844387,-0.4999999999999998,9,1.6288888888888888,21.0,5.0,2.590952380952381,11.666666666666666,0
Monterey,2017,5,5.832564078947368,6.430721233695652,0,4.67616812972973,4.051237281081081,4.0218928578671695,0.4999999999999999,-0.8660254037844387,14,3.3057142857142856,9.0,21.0,1.6288888888888888,14.666666666666666,0
Monterey,2017,6,6.430721233695652,6.739367209424084,0,5.832564078947368,4.67616812972973,4.853323163252726,1.2246467991473532e-16,-1.0,40,7.169499999999999,14.0,9.0,3.3057142857142856,21.0,1
Monterey,2017,7,6.739367209424084,7.857665607329843,0,6.430721233695652,5.832564078947368,5.646484480790917,-0.4999999999999998,-0.8660254037844388,100,36.2144,40.0,14.0,7.169499999999999,51.333333333333336,0
Monterey,2017,8,7.857665607329843,8.78338227027027,0,6.739367209424084,6.430721233695652,6.334217507355702,-0.8660254037844384,-0.5000000000000004,2,0.895,100.0,40.0,36.2144,47.333333333333336,0
Monterey,2017,9,8.78338227027027,8.661224075268818,0,7.857665607329843,6.739367209424084,7.00925135014986,-1.0,-1.8369701987210294e-16,2,0.42,2.0,100.0,0.895,34.666666666666664,0
Monterey,2017,10,8.661224075268818,3.08446413372093,0,8.78338227027027,7.857665607329843,7.793471695674732,-0.8660254037844386,0.5000000000000001,34,27.359117647058824,2.0,2.0,0.42,12.666666666666666,0
Monterey,2017,11,3.08446413372093,6.133945945054945,0,8.661224075268818,8.78338227027027,8.434090650956309,-0.5000000000000004,0.8660254037844384,15,9.798666666666666,34.0,2.0,27.359117647058824,17.0,0
Monterey,2018,1,4.589756434554974,4.283049057803468,0,6.133945945054945,3.08446413372093,5.959878051348231,0.4999999999999999,0.8660254037844387,15,4.472666666666667,15.0,34.0,9.798666666666666,21.333333333333332,0
Monterey,2018,2,4.283049057803468,2.9222574627659577,0,4.589756434554974,6.133945945054945,4.602722171110283,0.8660254037844386,0.5000000000000001,25,2.3756,15.0,15.0,4.472666666666667,18.333333333333332,0
Monterey,2018,3,2.9222574627659577,5.883419458100558,0,4.283049057803468,4.589756434554974,5.002250479137795,1.0,6.123233995736766e-17,14,3.6721428571428567,25.0,15.0,2.3756,18.0,0
Monterey,2018,4,5.883419458100558,5.59009722513089,0,2.9222574627659577,4.283049057803468,3.931687651708133,0.8660254037844387,-0.4999999999999998,15,5.605333333333333,14.0,25.0,3.6721428571428567,18.0,0
Monterey,2018,5,5.59009722513089,7.582556765027323,0,5.883419458100558,2.9222574627659577,4.362908659556662,0.4999999999999999,-0.8660254037844387,33,6.00939393939394,15.0,14.0,5.605333333333333,20.666666666666668,1
Monterey,2018,6,7.582556765027323,5.622604937172775,0,5.59009722513089,5.883419458100558,4.7985913819991355,1.2246467991473532e-16,-1.0,52,10.71096153846154,33.0,15.0,6.00939393939394,33.333333333333336,0
Monterey,2018,7,5.622604937172775,11.470867657894738,1,7.582556765027323,5.59009722513089,6.352024482752924,-0.4999999999999998,-0.8660254037844388,2,6.08,52.0,33.0,10.71096153846154,29.0,0
Monterey,2018,8,11.470867657894738,7.220646684782609,0,5.622604937172775,7.582556765027323,6.2650863091103295,-0.8660254037844384,-0.5000000000000004,35,33.889714285714284,2.0,52.0,6.08,29.666666666666668,0
Monterey,2018,9,7.220646684782609,5.764668246073299,0,11.470867657894738,5.622604937172775,8.225343120031612,-1.0,-1.8369701987210294e-16,4,0.6575,35.0,2.0,33.889714285714284,13.666666666666666,0
Monterey,2018,10,5.764668246073299,13.72809944102564,1,7.220646684782609,11.470867657894738,8.104706426616707,-0.8660254037844386,0.5000000000000001,26,9.647307692307692,4.0,35.0,0.6575,21.666666666666668,0
Monterey,2018,12,4.869800810055866,3.5731267958115183,0,13.72809944102564,5.764668246073299,8.90447145729385,-2.4492935982947064e-16,1.0,9,5.282222222222222,26.0,4.0,9.647307692307692,13.0,0
Monterey,2019,1,3.5731267958115183,2.4850882280701754,0,4.869800810055866,13.72809944102564,8.120856165718267,0.4999999999999999,0.8660254037844387,8,2.36875,9.0,26.0,5.282222222222222,14.333333333333334,0
Monterey,2019,2,2.4850882280701754,3.19991373015873,0,3.5731267958115183,4.869800810055866,7.390342348964341,0.8660254037844386,0.5000000000000001,3,8.07,8.0,9.0,2.36875,6.666666666666667,0
Monterey,2019,3,3.19991373015873,5.2509519664804465,0,2.4850882280701754,3.5731267958115183,3.6426719446458526,1.0,6.123233995736766e-17,21,5.5252380952380955,3.0,8.0,8.07,10.666666666666666,0
Monterey,2019,4,5.2509519664804465,4.4631197015706805,0,3.19991373015873,2.4850882280701754,3.086042918013474,0.8660254037844387,-0.4999999999999998,8,4.6225000000000005,21.0,3.0,5.5252380952380955,10.666666666666666,0
Monterey,2019,5,4.4631197015706805,6.160294593406594,0,5.2509519664804465,3.19991373015873,3.645317974903117,0.4999999999999999,-0.8660254037844387,28,12.580714285714285,8.0,21.0,4.6225000000000005,19.0,0
Monterey,2019,6,6.160294593406594,5.255907130890052,0,4.4631197015706805,5.2509519664804465,4.304661799403285,1.2246467991473532e-16,-1.0,24,7.93125,28.0,8.0,12.580714285714285,20.0,0
Monterey,2019,7,5.255907130890052,4.326519947916666,0,6.160294593406594,4.4631197015706805,5.291455420485907,-0.4999999999999998,-0.8660254037844388,45,10.53111111111111,24.0,28.0,7.93125,32.333333333333336,0
Monterey,2019,8,4.326519947916666,4.4121948444444445,0,5.255907130890052,6.160294593406594,5.293107141955775,-0.8660254037844384,-0.5000000000000004,12,14.005,45.0,24.0,10.53111111111111,27.0,0
Monterey,2019,9,4.4121948444444445,5.838389945054946,0,4.326519947916666,5.255907130890052,5.24757389073777,-1.0,-1.8369701987210294e-16,9,10.073333333333332,12.0,45.0,14.005,22.0,0
Monterey,2019,10,5.838389945054946,5.964388935135135,0,4.4121948444444445,4.326519947916666,4.664873974417055,-0.8660254037844386,0.5000000000000001,3,1.09,9.0,12.0,10.073333333333332,8.0,0
Monterey,2019,11,5.964388935135135,2.892850911111111,0,5.838389945054946,4.4121948444444445,4.859034912472018,-0.5000000000000004,0.8660254037844384,2,4.63,3.0,9.0,1.09,4.666666666666667,0
Monterey,2019,12,2.892850911111111,3.1165913560209426,0,5.964388935135135,5.838389945054946,5.404991241544842,-2.4492935982947064e-16,1.0,10,6.935,2.0,3.0,4.63,5.0,0
Monterey,2020,1,3.1165913560209426,4.492771826815642,0,2.892850911111111,5.964388935135135,4.898543263767063,0.4999999999999999,0.8660254037844387,16,3.580625,10.0,2.0,6.935,9.333333333333334,0
Monterey,2020,2,4.492771826815642,2.4383385894736844,0,3.1165913560209426,2.892850911111111,3.9912770674223954,0.8660254037844386,0.5000000000000001,22,8.943636363636363,16.0,10.0,3.580625,16.0,0
Monterey,2020,3,2.4383385894736844,3.2746398478260867,0,4.492771826815642,3.1165913560209426,3.5007380313158976,1.0,6.123233995736766e-17,17,7.284705882352942,22.0,16.0,8.943636363636363,18.333333333333332,0
Monterey,2020,4,3.2746398478260867,5.618630282608696,0,2.4383385894736844,4.492771826815642,3.3492339241034226,0.8660254037844387,-0.4999999999999998,22,5.522272727272727,17.0,22.0,7.284705882352942,20.333333333333332,0
Monterey,2020,5,5.618630282608696,6.289095896739131,0,3.2746398478260867,2.4383385894736844,3.4019167547051374,0.4999999999999999,-0.8660254037844387,10,7.018000000000001,22.0,17.0,5.522272727272727,16.333333333333332,1
Monterey,2020,6,6.289095896739131,5.566134468421052,0,5.618630282608696,3.2746398478260867,3.777202906636155,1.2246467991473532e-16,-1.0,99,29.06858585858586,10.0,22.0,7.018000000000001,43.666666666666664,1
Monterey,2020,7,5.566134468421052,21.339632793650793,1,6.289095896739131,5.618630282608696,5.060788675724637,-0.4999999999999998,-0.8660254037844388,101,26.024851485148517,99.0,10.0,29.06858585858586,70.0,1
Monterey,2020,8,21.339632793650793,21.227170356756755,1,5.566134468421052,6.289095896739131,5.824620215922959,-0.8660254037844384,-0.5000000000000004,3475,19.463398561151077,101.0,99.0,26.024851485148517,1225.0,1
Monterey,2020,9,21.227170356756755,10.717429760869566,0,21.339632793650793,5.566134468421052,11.064954386270324,-1.0,-1.8369701987210294e-16,3511,20.456243235545426,3475.0,101.0,19.463398561151077,2362.3333333333335,0
Monterey,2020,10,10.717429760869566,4.476944384615385,0,21.227170356756755,21.339632793650793,16.044312539609532,-0.8660254037844386,0.5000000000000001,35,31.416285714285713,3511.0,3475.0,20.456243235545426,2340.3333333333335,0
Monterey,2020,11,4.476944384615385,5.44704779144385,0,10.717429760869566,21.227170356756755,17.761410970425704,-0.5000000000000004,0.8660254037844384,2,3.755,35.0,3511.0,31.416285714285713,1182.6666666666667,0
Napa,2015,3,10.67304229032258,10.477028966666666,0,13.363580553571428,24.059881967741937,18.711731260656684,1.0,6.123233995736766e-17,19,10.491052631578947,4.0,23.0,3.1975,15.333333333333334,0
Napa,2015,4,10.477028966666666,12.185694258064515,1,10.67304229032258,13.363580553571428,16.032168270545316,0.8660254037844387,-0.4999999999999998,1,15.92,19.0,4.0,10.491052631578947,8.0,0
Napa,2015,6,13.74450045,3.5924396774193545,0,12.185694258064515,10.477028966666666,11.111921838351256,1.2246467991473532e-16,-1.0,3,8.603333333333333,1.0,19.0,15.92,7.666666666666667,0
Napa,2015,8,7.361472516129032,4.856769316666667,0,3.5924396774193545,13.74450045,9.840878128494625,-0.8660254037844384,-0.5000000000000004,37,53.12567567567567,3.0,1.0,8.603333333333333,13.666666666666666,1
Napa,2015,9,4.856769316666667,4.5187295645161285,0,7.361472516129032,3.5924396774193545,8.232804214516129,-1.0,-1.8369701987210294e-16,47,2.1002127659574468,37.0,3.0,53.12567567567567,29.0,0
Napa,2015,11,10.88731334,12.066159822580644,1,4.5187295645161285,4.856769316666667,5.578990465770609,-0.5000000000000004,0.8660254037844384,10,3.489,47.0,37.0,2.1002127659574468,31.333333333333332,0
Napa,2015,12,12.066159822580644,6.957988532258065,0,10.88731334,4.5187295645161285,6.754270740394266,-2.4492935982947064e-16,1.0,6,4.0616666666666665,10.0,47.0,3.489,21.0,0
Napa,2016,2,7.870825310344827,4.047223135593221,0,6.957988532258065,12.066159822580644,9.970487231612903,0.8660254037844386,0.5000000000000001,4,3.725,6.0,10.0,4.0616666666666665,6.666666666666667,0
Napa,2016,3,4.047223135593221,5.466896133333333,0,7.870825310344827,6.957988532258065,8.964991221727846,1.0,6.123233995736766e-17,1,2.31,4.0,6.0,3.725,3.6666666666666665,0
Napa,2016,7,10.43117214516129,9.779195903225808,0,7.47844881632653,6.122469875,6.355938274886622,-0.4999999999999998,-0.8660254037844388,4,5.1625,1.0,4.0,2.31,3.0,0
Napa,2016,8,9.779195903225808,10.848033192307692,0,10.43117214516129,7.47844881632653,8.01069694549594,-0.8660254037844384,-0.5000000000000004,5,16.014000000000003,4.0,1.0,5.1625,3.3333333333333335,0
Napa,2016,9,10.848033192307692,6.7405446451612905,0,9.779195903225808,10.43117214516129,9.22960562157121,-1.0,-1.8369701987210294e-16,1,2.75,5.0,4.0,16.014000000000003,3.3333333333333335,0
Napa,2016,10,6.7405446451612905,10.69808245,0,10.848033192307692,9.779195903225808,10.35280041356493,-0.8660254037844386,0.5000000000000001,3,2.6199999999999997,1.0,5.0,2.75,3.0,0
Napa,2016,11,10.69808245,15.707803177419354,1,6.7405446451612905,10.848033192307692,9.122591246898264,-0.5000000000000004,0.8660254037844384,5,3.474,3.0,1.0,2.6199999999999997,3.0,0
Napa,2017,1,12.83821293548387,9.344277589285714,0,15.707803177419354,10.69808245,11.048810090860217,0.4999999999999999,0.8660254037844387,1,2.65,5.0,3.0,3.474,3.0,0
Napa,2017,3,9.258812516129032,8.66741545,0,9.344277589285714,12.83821293548387,12.630097900729648,1.0,6.123233995736766e-17,2,1.53,1.0,5.0,2.65,2.6666666666666665,0
Napa,2017,4,8.66741545,8.740521241935484,0,9.258812516129032,9.344277589285714,10.480434346966206,0.8660254037844387,-0.4999999999999998,7,3.4085714285714284,2.0,1.0,1.53,3.3333333333333335,0
Napa,2017,6,9.024590516666668,10.919221803278688,0,8.740521241935484,8.66741545,8.888916402688173,1.2246467991473532e-16,-1.0,11,8.72090909090909,7.0,2.0,3.4085714285714284,6.666666666666667,0
Napa,2017,8,13.180487387096774,13.651794509433962,1,10.919221803278688,9.024590516666668,9.56144452062695,-0.8660254037844384,-0.5000000000000004,7,19.987142857142857,11.0,7.0,8.72090909090909,8.333333333333334,0
Napa,2017,9,13.651794509433962,36.20318433870968,1,13.180487387096774,10.919221803278688,11.041433235680712,-1.0,-1.8369701987210294e-16,4,34.355000000000004,7.0,11.0,19.987142857142857,7.333333333333333,1
Napa,2017,10,36.20318433870968,13.353774711864409,1,13.651794509433962,13.180487387096774,12.583834566603144,-0.8660254037844386,0.5000000000000001,2285,12.236061269146608,4.0,7.0,34.355000000000004,765.3333333333334,0
Napa,2017,11,13.353774711864409,19.020476838709676,1,36.20318433870968,13.651794509433962,21.011822078413473,-0.5000000000000004,0.8660254037844384,1,2.54,2285.0,4.0,12.236061269146608,763.3333333333334,0
Napa,2017,12,19.020476838709676,15.803284225806452,1,13.353774711864409,36.20318433870968,21.069584520002685,-2.4492935982947064e-16,1.0,11,4.9354545454545455,1.0,2285.0,2.54,765.6666666666666,0
Napa,2018,1,15.803284225806452,12.26908,1,19.020476838709676,13.353774711864409,22.85914529642793,0.4999999999999999,0.8660254037844387,3,6.8,11.0,1.0,4.9354545454545455,5.0,0
Napa,2018,2,12.26908,7.950280483870968,0,15.803284225806452,19.020476838709676,16.059178592126848,0.8660254037844386,0.5000000000000001,28,4.415,3.0,11.0,6.8,14.0,0
Napa,2018,3,7.950280483870968,7.244993966666667,0,12.26908,15.803284225806452,15.697613688172046,1.0,6.123233995736766e-17,16,4.22625,28.0,3.0,4.415,15.666666666666666,0
Napa,2018,4,7.244993966666667,6.7630609999999995,0,7.950280483870968,12.26908,12.007548236559144,0.8660254037844387,-0.4999999999999998,10,4.077,16.0,28.0,4.22625,18.0,0
Napa,2018,5,6.7630609999999995,9.391606283333337,0,7.244993966666667,7.950280483870968,9.15478481684588,0.4999999999999999,-0.8660254037844387,1,33.27,10.0,16.0,4.077,9.0,1
Napa,2018,7,7.281105087719298,12.375812322580646,1,9.391606283333337,6.7630609999999995,7.799887083333336,-0.4999999999999998,-0.8660254037844388,876,16.379132420091324,1.0,10.0,33.27,295.6666666666667,0
Napa,2018,8,12.375812322580646,8.802726433962265,0,7.281105087719298,9.391606283333337,7.811924123684213,-0.8660254037844384,-0.5000000000000004,3,16.55666666666667,876.0,1.0,16.379132420091324,293.3333333333333,1
Napa,2018,9,8.802726433962265,6.645069410714286,0,12.375812322580646,7.281105087719298,9.682841231211096,-1.0,-1.8369701987210294e-16,76,8.58421052631579,3.0,876.0,16.55666666666667,318.3333333333333,0
Napa,2018,12,7.472872838709677,8.400174806451613,0,34.21831521666666,6.645069410714286,16.555370353781072,-2.4492935982947064e-16,1.0,6,2.885,76.0,3.0,8.58421052631579,28.333333333333332,0
Napa,2019,1,8.400174806451613,3.577752107142857,0,7.472872838709677,34.21831521666666,16.112085822030213,0.4999999999999999,0.8660254037844387,7,3.661428571428572,6.0,76.0,2.885,29.666666666666668,0
Napa,2019,2,3.577752107142857,3.3970722096774195,0,8.400174806451613,7.472872838709677,16.697120953942655,0.8660254037844386,0.5000000000000001,1,6.27,7.0,6.0,3.661428571428572,4.666666666666667,0
Napa,2019,3,3.3970722096774195,5.4911459166666665,0,3.577752107142857,8.400174806451613,6.48359991743472,1.0,6.123233995736766e-17,17,5.0729411764705885,1.0,7.0,6.27,8.333333333333334,0
Napa,2019,4,5.4911459166666665,5.037634387096774,0,3.3970722096774195,3.577752107142857,5.1249997077573015,0.8660254037844387,-0.4999999999999998,22,3.380454545454546,17.0,1.0,5.0729411764705885,13.333333333333334,0
Napa,2019,6,7.576825559322034,7.323572419354838,0,5.037634387096774,5.4911459166666665,4.641950837813625,1.2246467991473532e-16,-1.0,2,19.63,22.0,17.0,3.380454545454546,13.666666666666666,0
Napa,2019,7,7.323572419354838,5.76092214516129,0,7.576825559322034,5.037634387096774,6.03520195436183,-0.4999999999999998,-0.8660254037844388,2,128.845,2.0,22.0,19.63,8.666666666666666,0
Napa,2020,1,7.318120096774193,7.949300362068965,0,6.6507655,8.659870519230768,7.061875889451197,0.4999999999999999,0.8660254037844387,5,3.082,2.0,2.0,128.845,3.0,0
Napa,2020,2,7.949300362068965,5.022537403846154,0,7.318120096774193,6.6507655,7.542918705334991,0.8660254037844386,0.5000000000000001,31,4.089354838709677,5.0,2.0,3.082,12.666666666666666,0
Napa,2020,3,5.022537403846154,4.4785359,0,7.949300362068965,7.318120096774193,7.306061986281057,1.0,6.123233995736766e-17,8,5.4225,31.0,5.0,4.089354838709677,14.666666666666666,0
Napa,2020,4,4.4785359,4.576011016129033,0,5.022537403846154,7.949300362068965,6.763319287563108,0.8660254037844387,-0.4999999999999998,9,4.963333333333334,8.0,31.0,5.4225,16.0,0
Napa,2020,5,4.576011016129033,5.779812783333333,0,4.4785359,5.022537403846154,5.81679122197171,0.4999999999999999,-0.8660254037844387,2,2.395,9.0,8.0,4.963333333333334,6.333333333333333,1
Napa,2020,8,15.668631822580648,26.399902816666668,1,6.53061774137931,5.779812783333333,5.628813846947229,-0.8660254037844384,-0.5000000000000004,4111,32.75016540987594,2.0,9.0,2.395,1374.0,1
Napa,2020,9,26.399902816666668,21.09535256896552,1,15.668631822580648,6.53061774137931,9.326354115764437,-1.0,-1.8369701987210294e-16,1236,21.326715210355985,4111.0,2.0,32.75016540987594,1783.0,1
Napa,2020,10,21.09535256896552,7.356153035087719,0,26.399902816666668,15.668631822580648,16.199717460208877,-0.8660254037844386,0.5000000000000001,474,11.341666666666669,1236.0,4111.0,21.326715210355985,1940.3333333333333,0
Napa,2020,11,7.356153035087719,10.54635341935484,0,21.09535256896552,26.399902816666668,21.05462906940428,-0.5000000000000004,0.8660254037844384,1,8.03,474.0,1236.0,11.341666666666669,570.3333333333334,0
Nevada,2015,3,3.322222222222222,4.514285714285714,0,4.4625,4.422222222222222,4.442361111111111,1.0,6.123233995736766e-17,1,2.41,2.0,12.0,1.745,5.0,0
Nevada,2015,5,5.1125,4.883333333333334,0,4.514285714285714,3.322222222222222,4.099669312169312,0.4999999999999999,-0.8660254037844387,1,6.36,1.0,2.0,2.41,1.3333333333333333,0
Nevada,2015,6,4.883333333333334,4.9,0,5.1125,4.514285714285714,4.316335978835979,1.2246467991473532e-16,-1.0,1,0.53,1.0,1.0,6.36,1.0,1
Nevada,2015,7,4.9,7.05,0,4.883333333333334,5.1125,4.836706349206349,-0.4999999999999998,-0.8660254037844388,107,20.78747663551402,1.0,1.0,0.53,36.333333333333336,0
Nevada,2015,8,7.05,3.64,0,4.9,4.883333333333334,4.965277777777779,-0.8660254037844384,-0.5000000000000004,4,4.2975,107.0,1.0,20.78747663551402,37.333333333333336,0
Nevada,2015,10,4.869230769230769,5.6899999999999995,0,3.64,7.05,5.196666666666667,-0.8660254037844386,0.5000000000000001,1,7.04,4.0,107.0,4.2975,37.333333333333336,0
Nevada,2015,11,5.6899999999999995,7.05,0,4.869230769230769,3.64,5.186410256410256,-0.5000000000000004,0.8660254037844384,23,2.3060869565217392,1.0,4.0,7.04,9.333333333333334,0
Nevada,2015,12,7.05,5.905882352941177,0,5.6899999999999995,4.869230769230769,4.733076923076923,-2.4492935982947064e-16,1.0,8,9.15125,23.0,1.0,2.3060869565217392,10.666666666666666,0
Nevada,2016,2,5.507142857142857,3.36875,0,5.905882352941177,7.05,6.215294117647058,0.8660254037844386,0.5000000000000001,2,3.4499999999999997,8.0,23.0,9.15125,11.0,0
Nevada,2016,3,3.36875,3.707142857142857,0,5.507142857142857,5.905882352941177,6.154341736694678,1.0,6.123233995736766e-17,3,2.723333333333333,2.0,8.0,3.4499999999999997,4.333333333333333,0
Nevada,2016,6,5.621428571428572,7.433333333333334,0,4.864285714285714,3.707142857142857,3.980059523809524,1.2246467991473532e-16,-1.0,5,4.232,3.0,2.0,2.723333333333333,3.3333333333333335,0
Nevada,2016,7,7.433333333333334,10.38125,0,5.621428571428572,4.864285714285714,4.730952380952381,-0.4999999999999998,-0.8660254037844388,1,7.07,5.0,3.0,4.232,3.0,0
Nevada,2016,8,10.38125,6.866666666666666,0,7.433333333333334,5.621428571428572,5.973015873015874,-0.8660254037844384,-0.5000000000000004,2,8.335,1.0,5.0,7.07,2.6666666666666665,0
Nevada,2016,9,6.866666666666666,4.883333333333334,0,10.38125,7.433333333333334,7.812003968253968,-1.0,-1.8369701987210294e-16,4,13.0725,2.0,1.0,8.335,2.3333333333333335,0
Nevada,2016,11,4.942857142857143,4.1499999999999995,0,4.883333333333334,6.866666666666666,7.377083333333332,-0.5000000000000004,0.8660254037844384,3,4.3,4.0,2.0,13.0725,3.0,0
Nevada,2016,12,4.1499999999999995,6.246666666666667,0,4.942857142857143,4.883333333333334,5.564285714285714,-2.4492935982947064e-16,1.0,12,1.7816666666666665,3.0,4.0,4.3,6.333333333333333,0
Nevada,2017,1,6.246666666666667,4.891666666666667,0,4.1499999999999995,4.942857142857143,4.658730158730158,0.4999999999999999,0.8660254037844387,2,1.085,12.0,3.0,1.7816666666666665,5.666666666666667,0
Nevada,2017,3,5.076923076923077,4.007142857142857,0,4.891666666666667,6.246666666666667,5.096111111111111,1.0,6.123233995736766e-17,7,3.762857142857143,2.0,12.0,1.085,7.0,0
Nevada,2017,4,4.007142857142857,3.9181818181818184,0,5.076923076923077,4.891666666666667,5.405085470085471,0.8660254037844387,-0.4999999999999998,4,3.615,7.0,2.0,3.762857142857143,4.333333333333333,0
Nevada,2017,5,3.9181818181818184,5.08,0,4.007142857142857,5.076923076923077,4.6585775335775335,0.4999999999999999,-0.8660254037844387,5,5.21,4.0,7.0,3.615,5.333333333333333,0
Nevada,2017,6,5.08,6.245454545454546,0,3.9181818181818184,4.007142857142857,4.334082584082584,1.2246467991473532e-16,-1.0,1,2.21,5.0,4.0,5.21,3.3333333333333335,0
Nevada,2017,7,6.245454545454546,9.085714285714284,0,5.08,3.9181818181818184,4.335108225108225,-0.4999999999999998,-0.8660254037844388,10,12.507,1.0,5.0,2.21,5.333333333333333,0
Nevada,2017,8,9.085714285714284,10.127272727272729,0,6.245454545454546,5.08,5.081212121212122,-0.8660254037844384,-0.5000000000000004,2,1.39,10.0,1.0,12.507,4.333333333333333,0
Nevada,2017,10,9.625,3.930769230769231,0,10.127272727272729,9.085714285714284,8.486147186147186,-0.8660254037844386,0.5000000000000001,40,18.79275,2.0,10.0,1.39,17.333333333333332,0
Nevada,2017,11,3.930769230769231,2.8366875185185187,0,9.625,10.127272727272729,9.612662337662336,-0.5000000000000004,0.8660254037844384,5,6.19,40.0,2.0,18.79275,15.666666666666666,0
Nevada,2018,2,2.356997261538462,1.482341844155844,0,2.136864069444444,2.8366875185185187,2.968106939577398,0.8660254037844386,0.5000000000000001,3,2.8000000000000003,5.0,40.0,6.19,16.0,0
Nevada,2018,3,1.482341844155844,2.5998461643835618,0,2.356997261538462,2.136864069444444,2.4435162831671406,1.0,6.123233995736766e-17,1,5.53,3.0,5.0,2.8000000000000003,3.0,0
Nevada,2018,4,2.5998461643835618,2.435712731343284,0,1.482341844155844,2.356997261538462,1.9920677250462495,0.8660254037844387,-0.4999999999999998,1,2.64,1.0,3.0,5.53,1.6666666666666667,0
Nevada,2018,5,2.435712731343284,2.428116917808219,0,2.5998461643835618,1.482341844155844,2.146395090025955,0.4999999999999999,-0.8660254037844387,1,1.72,1.0,1.0,2.64,1.0,0
Nevada,2018,7,9.21940511392405,19.25730355263158,1,2.428116917808219,2.435712731343284,2.487891937845021,-0.4999999999999998,-0.8660254037844388,2,8.425,1.0,1.0,1.72,1.3333333333333333,0
Nevada,2018,8,19.25730355263158,4.219938933333333,0,9.21940511392405,2.428116917808219,4.69441158769185,-0.8660254037844384,-0.5000000000000004,2,1.0,2.0,1.0,8.425,1.6666666666666667,0
Nevada,2018,9,4.219938933333333,3.082172582089552,0,19.25730355263158,9.21940511392405,10.301608528121283,-1.0,-1.8369701987210294e-16,2,0.33,2.0,2.0,1.0,2.0,0
Nevada,2018,10,3.082172582089552,16.74252839189189,1,4.219938933333333,19.25730355263158,10.89888253329632,-0.8660254037844386,0.5000000000000001,11,10.876363636363635,2.0,2.0,0.33,5.0,0
Nevada,2018,11,16.74252839189189,7.2320995,0,3.082172582089552,4.219938933333333,8.853138356018155,-0.5000000000000004,0.8660254037844384,6,20.153333333333332,11.0,2.0,10.876363636363635,6.333333333333333,0
Nevada,2018,12,7.2320995,7.242596986486487,0,16.74252839189189,3.082172582089552,8.014879969104927,-2.4492935982947064e-16,1.0,15,5.787333333333334,6.0,11.0,20.153333333333332,10.666666666666666,0
Nevada,2019,2,7.006123171428571,6.233382532467533,0,7.242596986486487,7.2320995,10.405741626126126,0.8660254037844386,0.5000000000000001,2,2.075,15.0,6.0,5.787333333333334,7.666666666666667,0
Nevada,2019,3,6.233382532467533,4.90564252,0,7.006123171428571,7.242596986486487,7.16027321930502,1.0,6.123233995736766e-17,3,2.6166666666666667,2.0,15.0,2.075,6.666666666666667,0
Nevada,2019,5,5.408276831168831,5.350259054054054,0,4.90564252,6.233382532467533,6.048382741298702,0.4999999999999999,-0.8660254037844387,4,4.9675,3.0,2.0,2.6166666666666667,3.0,0
Nevada,2019,6,5.350259054054054,6.191948987012987,0,5.408276831168831,4.90564252,5.515767294545455,1.2246467991473532e-16,-1.0,2,3.21,4.0,3.0,4.9675,3.0,0
Nevada,2019,8,6.121281295774648,4.484748337837837,0,6.191948987012987,5.350259054054054,5.650161624078624,-0.8660254037844384,-0.5000000000000004,2,7.470000000000001,2.0,4.0,3.21,2.6666666666666665,0
Nevada,2019,9,4.484748337837837,5.8832016176470585,0,6.121281295774648,6.191948987012987,5.887829778947229,-1.0,-1.8369701987210294e-16,9,13.77111111111111,2.0,2.0,7.470000000000001,4.333333333333333,0
Nevada,2019,10,5.8832016176470585,6.576597078947368,0,4.484748337837837,6.121281295774648,5.5993262068751575,-0.8660254037844386,0.5000000000000001,14,10.240714285714288,9.0,2.0,13.77111111111111,8.333333333333334,0
Nevada,2019,12,6.923690839999999,7.055945302631579,0,6.576597078947368,5.8832016176470585,5.648182344810755,-2.4492935982947064e-16,1.0,11,4.100909090909091,14.0,9.0,10.240714285714288,11.333333333333334,0
Nevada,2020,1,7.055945302631579,7.367693208333334,0,6.923690839999999,6.576597078947368,6.461163178864808,0.4999999999999999,0.8660254037844387,12,3.5050000000000003,11.0,14.0,4.100909090909091,12.333333333333334,0
Nevada,2020,2,7.367693208333334,5.893762727272727,0,7.055945302631579,6.923690839999999,6.852077740526315,0.8660254037844386,0.5000000000000001,4,2.41,12.0,11.0,3.5050000000000003,9.0,0
Nevada,2020,3,5.893762727272727,6.387742492307693,0,7.367693208333334,7.055945302631579,7.115776450321637,1.0,6.123233995736766e-17,2,2.285,4.0,12.0,2.41,6.0,0
Nevada,2020,7,7.075,32.05611134210526,1,4.268284136363636,5.1145674477611935,5.256864692144174,-0.4999999999999998,-0.8660254037844388,1,0.44,2.0,4.0,2.285,2.3333333333333335,0
Nevada,2020,8,32.05611134210526,45.40798926153846,1,7.075,4.268284136363636,5.485950528041609,-0.8660254037844384,-0.5000000000000004,30,7.0953333333333335,1.0,2.0,0.44,11.0,0
Nevada,2020,9,45.40798926153846,11.20823123611111,0,32.05611134210526,7.075,14.466465159489632,-1.0,-1.8369701987210294e-16,1,4.31,30.0,1.0,7.0953333333333335,10.666666666666666,0
Nevada,2020,10,11.20823123611111,5.553094246376811,0,45.40798926153846,32.05611134210526,28.179700201214573,-0.8660254037844386,0.5000000000000001,2,0.8099999999999999,1.0,30.0,4.31,11.0,0
Nevada,2020,11,5.553094246376811,5.39697870967742,0,11.20823123611111,45.40798926153846,29.557443946584943,-0.5000000000000004,0.8660254037844384,1,9.48,2.0,1.0,0.8099999999999999,1.3333333333333333,0
Orange,2015,3,8.407894736842104,8.0325,0,13.95945945945946,15.068571428571428,14.514015444015444,1.0,6.123233995736766e-17,32,2.160625,32.0,45.0,0.7828125,36.333333333333336,0
Orange,2015,4,8.0325,7.1230769230769235,0,8.407894736842104,13.95945945945946,12.478641874957663,0.8660254037844387,-0.4999999999999998,30,0.8426666666666667,32.0,32.0,2.160625,31.333333333333332,0
Orange,2015,5,7.1230769230769235,8.53,0,8.0325,8.407894736842104,10.133284732100522,0.4999999999999999,-0.8660254037844387,12,0.7983333333333333,30.0,32.0,0.8426666666666667,24.666666666666668,0
Orange,2015,6,8.53,6.6684210526315795,0,7.1230769230769235,8.0325,7.854490553306342,1.2246467991473532e-16,-1.0,18,1.0016666666666667,12.0,30.0,0.7983333333333333,20.0,0
Orange,2015,7,6.6684210526315795,8.966666666666667,0,8.53,7.1230769230769235,7.895192307692308,-0.4999999999999998,-0.8660254037844388,21,4.352380952380953,18.0,12.0,1.0016666666666667,17.0,0
Orange,2015,8,8.966666666666667,7.774358974358974,0,6.6684210526315795,8.53,7.440499325236168,-0.8660254037844384,-0.5000000000000004,24,0.9108333333333332,21.0,18.0,4.352380952380953,21.0,0
Orange,2015,9,7.774358974358974,6.868421052631579,0,8.966666666666667,6.6684210526315795,8.055029239766084,-1.0,-1.8369701987210294e-16,26,1.1503846153846151,24.0,21.0,0.9108333333333332,23.666666666666668,0
Orange,2015,10,6.868421052631579,6.497058823529412,0,7.774358974358974,8.966666666666667,7.80314889788574,-0.8660254037844386,0.5000000000000001,20,0.8505,26.0,24.0,1.1503846153846151,23.333333333333332,0
Orange,2015,11,6.497058823529412,7.006666666666666,0,6.868421052631579,7.774358974358974,7.869815564552407,-0.5000000000000004,0.8660254037844384,32,1.0690625,20.0,26.0,0.8505,26.0,0
Orange,2015,12,7.006666666666666,13.604825884615384,1,6.497058823529412,6.868421052631579,7.046612950173322,-2.4492935982947064e-16,1.0,31,1.0003225806451614,32.0,20.0,1.0690625,27.666666666666668,0
Orange,2016,1,13.604825884615384,11.069062402597403,0,7.006666666666666,6.497058823529412,6.7907155142758855,0.4999999999999999,0.8660254037844387,26,0.9803846153846154,31.0,32.0,1.0003225806451614,29.666666666666668,0
Orange,2016,2,11.069062402597403,11.020863336633663,0,13.604825884615384,7.006666666666666,9.03618379160382,0.8660254037844386,0.5000000000000001,42,0.6621428571428571,26.0,31.0,0.9803846153846154,33.0,0
Orange,2016,3,11.020863336633663,9.74587912371134,0,11.069062402597403,13.604825884615384,10.560184984626485,1.0,6.123233995736766e-17,26,0.643076923076923,42.0,26.0,0.6621428571428571,31.333333333333332,0
Orange,2016,4,9.74587912371134,8.701718817204302,0,11.020863336633663,11.069062402597403,11.89825054128215,0.8660254037844387,-0.4999999999999998,36,0.6422222222222222,26.0,42.0,0.643076923076923,34.666666666666664,0
Orange,2016,5,8.701718817204302,12.556604737373736,1,9.74587912371134,11.020863336633663,10.611934954314137,0.4999999999999999,-0.8660254037844387,18,0.61,36.0,26.0,0.6422222222222222,26.666666666666668,0
Orange,2016,6,12.556604737373736,12.043170291262134,1,8.701718817204302,9.74587912371134,9.82282042584977,1.2246467991473532e-16,-1.0,24,4.520416666666667,18.0,36.0,0.61,26.0,0
Orange,2016,7,12.043170291262134,11.462087757575755,1,12.556604737373736,8.701718817204302,10.334734226096458,-0.4999999999999998,-0.8660254037844388,17,0.62,24.0,18.0,4.520416666666667,19.666666666666668,0
Orange,2016,8,11.462087757575755,11.35020406060606,1,12.043170291262134,12.556604737373736,11.10049794861339,-0.8660254037844384,-0.5000000000000004,25,1.1928,17.0,24.0,0.62,22.0,0
Orange,2016,9,11.35020406060606,9.28800213265306,0,11.462087757575755,12.043170291262134,12.020620928737207,-1.0,-1.8369701987210294e-16,24,0.6537499999999999,25.0,17.0,1.1928,22.0,0
Orange,2016,10,9.28800213265306,11.178358319587629,0,11.35020406060606,11.462087757575755,11.61848736981465,-0.8660254037844386,0.5000000000000001,28,0.6282142857142857,24.0,25.0,0.6537499999999999,25.666666666666668,0
Orange,2016,11,11.178358319587629,12.990510873786407,1,9.28800213265306,11.35020406060606,10.700097983611624,-0.5000000000000004,0.8660254037844384,41,0.888048780487805,28.0,24.0,0.6282142857142857,31.0,0
Orange,2016,12,12.990510873786407,9.611050134146344,0,11.178358319587629,9.28800213265306,10.60552150428225,-2.4492935982947064e-16,1.0,26,0.6369230769230769,41.0,28.0,0.888048780487805,31.666666666666668,0
Orange,2017,1,9.611050134146344,8.227422887500001,0,12.990510873786407,11.178358319587629,11.152290442009033,0.4999999999999999,0.8660254037844387,15,0.7453333333333333,26.0,41.0,0.6369230769230769,27.333333333333332,0
Orange,2017,2,8.227422887500001,11.8231356407767,1,9.611050134146344,12.990510873786407,11.259973109173458,0.8660254037844386,0.5000000000000001,10,0.529,15.0,26.0,0.7453333333333333,17.0,0
Orange,2017,3,11.8231356407767,9.38267265,0,8.227422887500001,9.611050134146344,10.276327965144253,1.0,6.123233995736766e-17,20,0.589,10.0,15.0,0.529,15.0,0
Orange,2017,4,9.38267265,9.179407363636363,0,11.8231356407767,8.227422887500001,9.887202887474349,0.8660254037844387,-0.4999999999999998,33,0.5709090909090909,20.0,10.0,0.589,21.0,0
Orange,2017,5,9.179407363636363,11.414000213592232,1,9.38267265,11.8231356407767,9.811077059425566,0.4999999999999999,-0.8660254037844387,22,0.5977272727272728,33.0,20.0,0.5709090909090909,25.0,0
Orange,2017,6,11.414000213592232,12.537265351851852,1,9.179407363636363,9.38267265,10.128405218137688,1.2246467991473532e-16,-1.0,24,1.3170833333333334,22.0,33.0,0.5977272727272728,26.333333333333332,0
Orange,2017,7,12.537265351851852,12.96593236448598,1,11.414000213592232,9.179407363636363,9.99202674240953,-0.4999999999999998,-0.8660254037844388,23,0.6069565217391305,24.0,22.0,1.3170833333333334,23.0,0
Orange,2017,8,12.96593236448598,11.985227631067962,1,12.537265351851852,11.414000213592232,11.043557643026816,-0.8660254037844384,-0.5000000000000004,14,0.6214285714285713,23.0,24.0,0.6069565217391305,20.333333333333332,0
Orange,2017,9,11.985227631067962,15.094490243589744,1,12.96593236448598,12.537265351851852,12.30573264331002,-1.0,-1.8369701987210294e-16,24,22.228333333333335,14.0,23.0,0.6214285714285713,20.333333333333332,1
Orange,2017,10,15.094490243589744,14.83629123076923,1,11.985227631067962,12.96593236448598,12.496141782468598,-0.8660254037844386,0.5000000000000001,356,43.572162921348315,24.0,14.0,22.228333333333335,131.33333333333334,0
Orange,2017,11,14.83629123076923,20.552233752688178,1,15.094490243589744,11.985227631067962,13.348550079714563,-0.5000000000000004,0.8660254037844384,25,0.7116,356.0,24.0,43.572162921348315,135.0,0
Orange,2017,12,20.552233752688178,17.95334856190476,1,14.83629123076923,15.094490243589744,13.972003035142311,-2.4492935982947064e-16,1.0,45,0.7235555555555556,25.0,356.0,0.7116,142.0,0
Orange,2018,1,17.95334856190476,10.5079127979798,0,20.552233752688178,14.83629123076923,16.82767174234905,0.4999999999999999,0.8660254037844387,34,0.6626470588235295,45.0,25.0,0.7235555555555556,34.666666666666664,0
Orange,2018,2,10.5079127979798,7.214572314814815,0,17.95334856190476,20.552233752688178,17.780624515120724,0.8660254037844386,0.5000000000000001,28,0.624642857142857,34.0,45.0,0.6626470588235295,35.666666666666664,0
Orange,2018,3,7.214572314814815,11.36395743809524,1,10.5079127979798,17.95334856190476,16.337831704190915,1.0,6.123233995736766e-17,24,0.8108333333333334,28.0,34.0,0.624642857142857,28.666666666666668,0
Orange,2018,4,11.36395743809524,7.0116031111111115,0,7.214572314814815,10.5079127979798,11.891944558233126,0.8660254037844387,-0.4999999999999998,42,1.0764285714285715,24.0,28.0,0.8108333333333334,31.333333333333332,0
Orange,2018,5,7.0116031111111115,10.306920914285714,0,11.36395743809524,7.214572314814815,9.69548085029662,0.4999999999999999,-0.8660254037844387,21,0.690952380952381,42.0,24.0,1.0764285714285715,29.0,0
Orange,2018,6,10.306920914285714,12.15518832,1,7.0116031111111115,11.36395743809524,8.530044288007057,1.2246467991473532e-16,-1.0,22,16.786363636363635,21.0,42.0,0.690952380952381,28.333333333333332,0
Orange,2018,7,12.15518832,13.619702128712872,1,10.306920914285714,7.0116031111111115,9.560827154497357,-0.4999999999999998,-0.8660254037844388,32,0.8375,22.0,21.0,16.786363636363635,25.0,1
Orange,2018,8,13.619702128712872,12.707768762886598,1,12.15518832,10.306920914285714,9.824570781798942,-0.8660254037844384,-0.5000000000000004,285,27.068912280701753,32.0,22.0,0.8375,113.0,0
Orange,2018,9,12.707768762886598,10.447559156862743,0,13.619702128712872,12.15518832,12.027270454332864,-1.0,-1.8369701987210294e-16,39,0.6825641025641026,285.0,32.0,27.068912280701753,118.66666666666669,0
Orange,2018,10,10.447559156862743,11.61804041,1,12.707768762886598,13.619702128712872,12.827553070533156,-0.8660254037844386,0.5000000000000001,34,0.7679411764705882,39.0,285.0,0.6825641025641026,119.33333333333331,0
Orange,2018,11,11.61804041,13.776346797979796,1,10.447559156862743,12.707768762886598,12.258343349487404,-0.5000000000000004,0.8660254037844384,44,0.7220454545454545,34.0,39.0,0.7679411764705882,39.0,0
Orange,2018,12,13.776346797979796,9.017343237623765,0,11.61804041,10.447559156862743,11.591122776583113,-2.4492935982947064e-16,1.0,34,0.7323529411764705,44.0,34.0,0.7220454545454545,37.333333333333336,0
Orange,2019,1,9.017343237623765,5.402245034482759,0,13.776346797979796,11.61804041,11.947315454947514,0.4999999999999999,0.8660254037844387,32,0.735625,34.0,44.0,0.7323529411764705,36.666666666666664,0
Orange,2019,2,5.402245034482759,6.179889235294118,0,9.017343237623765,13.776346797979796,11.470576815201186,0.8660254037844386,0.5000000000000001,17,0.6688235294117648,32.0,34.0,0.735625,27.666666666666668,0
Orange,2019,3,6.179889235294118,7.379675545454546,0,5.402245034482759,9.017343237623765,9.398645023362109,1.0,6.123233995736766e-17,23,0.802608695652174,17.0,32.0,0.6688235294117648,24.0,0
Orange,2019,4,7.379675545454546,6.155958088235295,0,6.179889235294118,5.402245034482759,6.866492502466881,0.8660254037844387,-0.4999999999999998,26,0.7684615384615385,23.0,17.0,0.802608695652174,22.0,0
Orange,2019,5,6.155958088235295,7.793991020618556,0,7.379675545454546,6.179889235294118,6.320603271743807,0.4999999999999999,-0.8660254037844387,10,0.709,26.0,23.0,0.7684615384615385,19.666666666666668,0
Orange,2019,6,7.793991020618556,12.30922461764706,1,6.155958088235295,7.379675545454546,6.5718409563279865,1.2246467991473532e-16,-1.0,10,0.7050000000000001,10.0,26.0,0.709,15.333333333333334,0
Orange,2019,7,12.30922461764706,9.95405999029126,0,7.793991020618556,6.155958088235295,7.109874884769465,-0.4999999999999998,-0.8660254037844388,20,1.894,10.0,10.0,0.7050000000000001,13.333333333333334,0
Orange,2019,8,9.95405999029126,9.738712597938145,0,12.30922461764706,7.793991020618556,8.753057908833638,-0.8660254037844384,-0.5000000000000004,33,0.7151515151515152,20.0,10.0,1.894,21.0,0
Orange,2019,9,9.738712597938145,10.065589489583331,0,9.95405999029126,12.30922461764706,10.019091876185623,-1.0,-1.8369701987210294e-16,41,0.7660975609756098,33.0,20.0,0.7151515151515152,31.333333333333332,1
Orange,2019,10,10.065589489583331,14.135401636363635,1,9.738712597938145,9.95405999029126,10.667332401958822,-0.8660254037844386,0.5000000000000001,54,0.702037037037037,41.0,33.0,0.7660975609756098,42.666666666666664,0
Orange,2019,11,14.135401636363635,9.414172747572817,0,10.065589489583331,9.738712597938145,9.919454025937576,-0.5000000000000004,0.8660254037844384,39,1.3433333333333333,54.0,41.0,0.702037037037037,44.666666666666664,0
Orange,2019,12,9.414172747572817,12.2799468,1,14.135401636363635,10.065589489583331,11.313234574628371,-2.4492935982947064e-16,1.0,12,0.6608333333333334,39.0,54.0,1.3433333333333333,35.0,0
Orange,2020,1,12.2799468,9.523610623376625,0,9.414172747572817,14.135401636363635,11.205054624506596,0.4999999999999999,0.8660254037844387,34,0.68,12.0,39.0,0.6608333333333334,28.333333333333332,0
Orange,2020,2,9.523610623376625,4.66842119375,0,12.2799468,9.414172747572817,11.943173727978817,0.8660254037844386,0.5000000000000001,39,0.6576923076923077,34.0,12.0,0.68,28.333333333333332,0
Orange,2020,3,4.66842119375,6.979145496503496,0,9.523610623376625,12.2799468,10.405910056983148,1.0,6.123233995736766e-17,21,0.6457142857142857,39.0,34.0,0.6576923076923077,31.333333333333332,0
Orange,2020,4,6.979145496503496,9.116630159509205,0,4.66842119375,9.523610623376625,8.823992872375541,0.8660254037844387,-0.4999999999999998,31,0.8432258064516129,21.0,39.0,0.6457142857142857,30.333333333333332,1
Orange,2020,5,9.116630159509205,7.755540128205128,0,6.979145496503496,4.66842119375,7.057059104543374,0.4999999999999999,-0.8660254037844387,53,0.7807547169811321,31.0,21.0,0.8432258064516129,35.0,0
Orange,2020,6,7.755540128205128,10.705116054545456,0,9.116630159509205,6.979145496503496,6.9213989499209,1.2246467991473532e-16,-1.0,21,0.7561904761904762,53.0,31.0,0.7807547169811321,35.0,0
Orange,2020,7,10.705116054545456,10.643909466666669,0,7.755540128205128,9.116630159509205,7.950438594739277,-0.4999999999999998,-0.8660254037844388,41,0.6446341463414634,21.0,53.0,0.7561904761904762,38.333333333333336,1
Orange,2020,8,10.643909466666669,19.81507442948718,1,10.705116054545456,7.755540128205128,9.192428780753264,-0.8660254037844384,-0.5000000000000004,53,1.07,41.0,21.0,0.6446341463414634,38.333333333333336,1
Orange,2020,9,19.81507442948718,20.440355175757578,1,10.643909466666669,10.705116054545456,9.701521883139083,-1.0,-1.8369701987210294e-16,51,0.855686274509804,53.0,41.0,1.07,48.333333333333336,1
Orange,2020,10,20.440355175757578,13.167686007042253,1,19.81507442948718,10.643909466666669,13.721366650233104,-0.8660254037844386,0.5000000000000001,301,17.453023255813953,51.0,53.0,0.855686274509804,135.0,0
Orange,2020,11,13.167686007042253,12.669845660194175,1,20.440355175757578,19.81507442948718,16.96644635730381,-0.5000000000000004,0.8660254037844384,31,0.7558064516129032,301.0,51.0,17.453023255813953,127.66666666666669,1
Placer,2015,3,5.7509106617647054,6.111662323076923,0,7.130118033333333,12.722502943396226,9.92631048836478,1.0,6.123233995736766e-17,10,2.053,15.0,48.0,4.9446666666666665,24.333333333333332,0
Placer,2015,4,6.111662323076923,6.890141686567165,0,5.7509106617647054,7.130118033333333,8.534510546164755,0.8660254037844387,-0.4999999999999998,1,0.8,10.0,15.0,2.053,8.666666666666666,0
Placer,2015,5,6.890141686567165,7.38633676923077,0,6.111662323076923,5.7509106617647054,6.330897006058321,0.4999999999999999,-0.8660254037844387,1,5.88,1.0,10.0,0.8,4.0,0
Placer,2015,7,6.7211006493506495,7.406937141414142,0,7.38633676923077,6.890141686567165,6.796046926291619,-0.4999999999999998,-0.8660254037844388,9,12.35888888888889,1.0,1.0,5.88,3.6666666666666665,0
Placer,2015,8,7.406937141414142,9.32599125,0,6.7211006493506495,7.38633676923077,6.999193035049527,-0.8660254037844384,-0.5000000000000004,1,0.24,9.0,1.0,12.35888888888889,3.6666666666666665,0
Placer,2015,9,9.32599125,7.291965044117647,0,7.406937141414142,6.7211006493506495,7.171458186665187,-1.0,-1.8369701987210294e-16,6,1.9916666666666665,1.0,9.0,0.24,5.333333333333333,0
Placer,2015,10,7.291965044117647,7.64363375,0,9.32599125,7.406937141414142,7.818009680254931,-0.8660254037844386,0.5000000000000001,4,2.2175,6.0,1.0,1.9916666666666665,3.6666666666666665,0
Placer,2015,11,7.64363375,8.310027202898551,0,7.291965044117647,9.32599125,8.00829781184393,-0.5000000000000004,0.8660254037844384,20,4.336,4.0,6.0,2.2175,10.0,0
Placer,2015,12,8.310027202898551,6.531895309859155,0,7.64363375,7.291965044117647,8.087196681372548,-2.4492935982947064e-16,1.0,6,2.318333333333334,20.0,4.0,4.336,10.0,0
Placer,2016,1,6.531895309859155,6.520226046875,0,8.310027202898551,7.64363375,7.7485419990054,0.4999999999999999,0.8660254037844387,2,3.885,6.0,20.0,2.318333333333334,9.333333333333334,0
Placer,2016,2,6.520226046875,3.6728566901408457,0,6.531895309859155,8.310027202898551,7.495185420919236,0.8660254037844386,0.5000000000000001,5,1.7739999999999998,2.0,6.0,3.885,4.333333333333333,0
Placer,2016,3,3.6728566901408457,3.220107253731343,0,6.520226046875,6.531895309859155,7.120716186544236,1.0,6.123233995736766e-17,2,1.755,5.0,2.0,1.7739999999999998,3.0,0
Placer,2016,4,3.220107253731343,4.81078630882353,0,3.6728566901408457,6.520226046875,5.574992682291668,0.8660254037844387,-0.4999999999999998,5,6.33,2.0,5.0,1.755,4.0,0
Placer,2016,5,4.81078630882353,7.054885080000001,0,3.220107253731343,3.6728566901408457,4.471063330249063,0.4999999999999999,-0.8660254037844387,8,6.1875,5.0,2.0,6.33,5.0,0
Placer,2016,6,7.054885080000001,7.820716444444444,0,4.81078630882353,3.220107253731343,3.901250084231906,1.2246467991473532e-16,-1.0,16,6.258125,8.0,5.0,6.1875,9.666666666666666,0
Placer,2016,7,7.820716444444444,7.0462398828125,0,7.054885080000001,4.81078630882353,5.028592880851625,-0.4999999999999998,-0.8660254037844388,2,2.13,16.0,8.0,6.258125,8.666666666666666,0
Placer,2016,8,7.0462398828125,6.571751233870968,0,7.820716444444444,7.054885080000001,6.56212927775599,-0.8660254037844384,-0.5000000000000004,3,1.8066666666666664,2.0,16.0,2.13,7.0,0
Placer,2016,9,6.571751233870968,4.25218027027027,0,7.0462398828125,7.820716444444444,7.307280469085648,-1.0,-1.8369701987210294e-16,2,1.98,3.0,2.0,1.8066666666666664,2.3333333333333335,1
Placer,2016,10,4.25218027027027,4.961496378787879,0,6.571751233870968,7.0462398828125,7.146235853709304,-0.8660254037844386,0.5000000000000001,81,10.880864197530864,2.0,3.0,1.98,28.666666666666668,0
Placer,2016,11,4.961496378787879,8.191950914285714,0,4.25218027027027,6.571751233870968,5.956723795651246,-0.5000000000000004,0.8660254037844384,5,2.8579999999999997,81.0,2.0,10.880864197530864,29.333333333333332,0
Placer,2016,12,8.191950914285714,4.5032641267605635,0,4.961496378787879,4.25218027027027,5.261809294309706,-2.4492935982947064e-16,1.0,10,10.657,5.0,81.0,2.8579999999999997,32.0,0
Placer,2017,3,2.7873112898550723,2.762011446153846,0,2.6121201612903224,4.5032641267605635,5.102445067445533,1.0,6.123233995736766e-17,1,3.76,10.0,5.0,10.657,5.333333333333333,0
Placer,2017,4,2.762011446153846,3.931961671428572,0,2.7873112898550723,2.6121201612903224,3.300898525968653,0.8660254037844387,-0.4999999999999998,1,1.06,1.0,10.0,3.76,4.0,0
Placer,2017,5,3.931961671428572,4.765758194029851,0,2.762011446153846,2.7873112898550723,2.7204809657664133,0.4999999999999999,-0.8660254037844387,16,4.116875,1.0,1.0,1.06,6.0,0
Placer,2017,6,4.765758194029851,7.0427908875,0,3.931961671428572,2.762011446153846,3.160428135812497,1.2246467991473532e-16,-1.0,8,13.88625,16.0,1.0,4.116875,8.333333333333334,0
Placer,2017,7,7.0427908875,8.87570536036036,0,4.765758194029851,3.931961671428572,3.81991043720409,-0.4999999999999998,-0.8660254037844388,3,25.313333333333333,8.0,16.0,13.88625,9.0,0
Placer,2017,8,8.87570536036036,8.852303691489361,0,7.0427908875,4.765758194029851,5.246836917652808,-0.8660254037844384,-0.5000000000000004,1,0.75,3.0,8.0,25.313333333333333,4.0,0
Placer,2017,9,8.852303691489361,6.601353703703704,0,8.87570536036036,7.0427908875,6.89475148063007,-1.0,-1.8369701987210294e-16,2,1.72,1.0,3.0,0.75,2.0,0
Placer,2017,10,6.601353703703704,5.277417865671642,0,8.852303691489361,8.87570536036036,8.256933313116575,-0.8660254037844386,0.5000000000000001,5,6.05,2.0,1.0,1.72,2.6666666666666665,0
Placer,2017,11,5.277417865671642,8.65183762295082,0,6.601353703703704,8.852303691489361,8.109787585184476,-0.5000000000000004,0.8660254037844384,18,16.60222222222222,5.0,2.0,6.05,8.333333333333334,0
Placer,2017,12,8.65183762295082,6.4336439,0,5.277417865671642,6.601353703703704,6.910358420288236,-2.4492935982947064e-16,1.0,2,5.44,18.0,5.0,16.60222222222222,8.333333333333334,0
Placer,2018,2,4.147129650793651,1.7333333285714283,0,6.4336439,8.65183762295082,6.787633129540819,0.8660254037844386,0.5000000000000001,5,6.144,2.0,18.0,5.44,8.333333333333334,0
Placer,2018,5,3.865945742857143,6.8370022424242425,0,3.166222015151515,1.7333333285714283,3.015561664838865,0.4999999999999999,-0.8660254037844387,4,6.9775,5.0,2.0,6.144,3.6666666666666665,0
Placer,2018,6,6.8370022424242425,12.681114342857144,1,3.865945742857143,3.166222015151515,2.9218336955266953,1.2246467991473532e-16,-1.0,2,38.504999999999995,4.0,5.0,6.9775,3.6666666666666665,0
Placer,2018,7,12.681114342857144,24.17100067692308,1,6.8370022424242425,3.865945742857143,4.6230566668109665,-0.4999999999999998,-0.8660254037844388,1,0.41,2.0,4.0,38.504999999999995,2.3333333333333335,0
Placer,2018,8,24.17100067692308,9.840696223880595,0,12.681114342857144,6.8370022424242425,7.794687442712843,-0.8660254037844384,-0.5000000000000004,1,21.59,1.0,2.0,0.41,1.3333333333333333,1
Placer,2018,9,9.840696223880595,6.231521753623189,0,24.17100067692308,12.681114342857144,14.563039087401489,-1.0,-1.8369701987210294e-16,144,28.827708333333337,1.0,1.0,21.59,48.666666666666664,0
Placer,2018,10,6.231521753623189,17.51603251190476,1,9.840696223880595,24.17100067692308,15.564270414553606,-0.8660254037844386,0.5000000000000001,5,5.534000000000001,144.0,1.0,28.827708333333337,50.0,0
Placer,2018,11,17.51603251190476,10.396770642857144,0,6.231521753623189,9.840696223880595,13.414406218142288,-0.5000000000000004,0.8660254037844384,8,14.2175,5.0,144.0,5.534000000000001,52.333333333333336,0
Placer,2018,12,10.396770642857144,7.8565665737704915,0,17.51603251190476,6.231521753623189,11.196083496469514,-2.4492935982947064e-16,1.0,18,5.145,8.0,5.0,14.2175,10.333333333333334,0
Placer,2019,1,7.8565665737704915,4.710109421875,0,10.396770642857144,17.51603251190476,11.381441636128365,0.4999999999999999,0.8660254037844387,4,1.905,18.0,8.0,5.145,10.0,0
Placer,2019,5,7.4022575645161295,7.873131863636364,0,6.942211411764706,5.3335313623188405,5.661950731986182,0.4999999999999999,-0.8660254037844387,19,10.428421052631576,4.0,18.0,1.905,13.666666666666666,0
Placer,2019,6,7.873131863636364,7.445826884057971,0,7.4022575645161295,6.942211411764706,6.559333446199893,1.2246467991473532e-16,-1.0,7,9.93142857142857,19.0,4.0,10.428421052631576,10.0,0
Placer,2019,7,7.445826884057971,7.160854267605634,0,7.873131863636364,7.4022575645161295,7.405866946639066,-0.4999999999999998,-0.8660254037844388,1,3.72,7.0,19.0,9.93142857142857,9.0,0
Placer,2019,8,7.160854267605634,5.4426093088235294,0,7.445826884057971,7.873131863636364,7.573738770736822,-0.8660254037844384,-0.5000000000000004,1,1.8,1.0,7.0,3.72,3.0,0
Placer,2019,9,5.4426093088235294,8.807521463768115,0,7.160854267605634,7.445826884057971,7.493271005099989,-1.0,-1.8369701987210294e-16,11,8.114545454545455,1.0,1.0,1.8,4.333333333333333,0
Placer,2019,10,8.807521463768115,7.613156323529411,0,5.4426093088235294,7.160854267605634,6.683096820162379,-0.8660254037844386,0.5000000000000001,19,6.527894736842105,11.0,1.0,8.114545454545455,10.333333333333334,0
Placer,2019,11,7.613156323529411,8.604822391304348,0,8.807521463768115,5.4426093088235294,7.136995013399093,-0.5000000000000004,0.8660254037844384,2,2.535,19.0,11.0,6.527894736842105,10.666666666666666,0
Placer,2019,12,8.604822391304348,8.847046565217392,0,7.613156323529411,8.807521463768115,7.287762365373685,-2.4492935982947064e-16,1.0,3,5.126666666666667,2.0,19.0,2.535,8.0,0
Placer,2020,2,9.589959863636365,5.679945605263158,0,8.847046565217392,8.604822391304348,8.355008426683717,0.8660254037844386,0.5000000000000001,37,8.819459459459459,3.0,2.0,5.126666666666667,14.0,0
Placer,2020,3,5.679945605263158,5.685020499999999,0,9.589959863636365,8.847046565217392,9.013942940052702,1.0,6.123233995736766e-17,24,7.8495833333333325,37.0,3.0,8.819459459459459,21.333333333333332,0
Placer,2020,4,5.685020499999999,4.798216757142858,0,5.679945605263158,9.589959863636365,8.038984011372305,0.8660254037844387,-0.4999999999999998,24,8.036666666666667,24.0,37.0,7.8495833333333325,28.333333333333332,0
Placer,2020,5,4.798216757142858,5.651412661538461,0,5.685020499999999,5.679945605263158,6.984975322966508,0.4999999999999999,-0.8660254037844387,1,0.45,24.0,24.0,8.036666666666667,16.333333333333332,0
Placer,2020,6,5.651412661538461,6.825257925373134,0,4.798216757142858,5.685020499999999,5.387727620802004,1.2246467991473532e-16,-1.0,2,22.865,1.0,24.0,0.45,9.0,0
Placer,2020,7,6.825257925373134,31.390352558823533,1,5.651412661538461,4.798216757142858,5.378216639560439,-0.4999999999999998,-0.8660254037844388,1,3.66,2.0,1.0,22.865,1.3333333333333333,0
Placer,2020,8,31.390352558823533,39.92282607462686,1,6.825257925373134,5.651412661538461,5.758295781351484,-0.8660254037844384,-0.5000000000000004,2,2.71,1.0,2.0,3.66,1.6666666666666667,0
Placer,2020,9,39.92282607462686,14.548913115942028,1,31.390352558823533,6.825257925373134,14.622341048578376,-1.0,-1.8369701987210294e-16,1,10.37,2.0,1.0,2.71,1.3333333333333333,1
Placer,2020,10,14.548913115942028,7.191588656716418,0,39.92282607462686,31.390352558823533,26.046145519607844,-0.8660254037844386,0.5000000000000001,46,18.078260869565216,1.0,2.0,10.37,16.333333333333332,0
Placer,2020,11,7.191588656716418,10.10574618,0,14.548913115942028,39.92282607462686,28.620697249797473,-0.5000000000000004,0.8660254037844384,3,1.7033333333333331,46.0,1.0,18.078260869565216,16.666666666666668,0
Plumas,2015,3,11.84,7.835000000000001,0,19.82777777777778,32.946666666666665,26.38722222222222,1.0,6.123233995736766e-17,5,11.96,6.0,23.0,9.385,11.333333333333334,0
Plumas,2015,4,7.835000000000001,6.588888888888889,0,11.84,19.82777777777778,21.53814814814815,0.8660254037844387,-0.4999999999999998,7,6.654285714285714,5.0,6.0,11.96,6.0,0
Plumas,2015,6,4.2368421052631575,4.694444444444445,0,6.588888888888889,7.835000000000001,8.75462962962963,1.2246467991473532e-16,-1.0,5,38.386,7.0,5.0,6.654285714285714,5.666666666666667,0
Plumas,2015,9,5.405555555555555,9.8,0,5.723809523809524,4.694444444444445,4.885032024505708,-1.0,-1.8369701987210294e-16,1,14.29,5.0,7.0,38.386,4.333333333333333,0
Plumas,2015,10,9.8,23.2375,1,5.405555555555555,5.723809523809524,5.2746031746031745,-0.8660254037844386,0.5000000000000001,38,5.779999999999999,1.0,5.0,14.29,14.666666666666666,1
Plumas,2015,11,23.2375,20.770588235294117,1,9.8,5.405555555555555,6.976455026455025,-0.5000000000000004,0.8660254037844384,57,10.70017543859649,38.0,1.0,5.779999999999999,32.0,1
Plumas,2015,12,20.770588235294117,15.763636363636364,1,23.2375,9.8,12.814351851851852,-2.4492935982947064e-16,1.0,50,4.3906,57.0,38.0,10.70017543859649,48.333333333333336,0
Plumas,2016,1,15.763636363636364,17.225641025641025,1,20.770588235294117,23.2375,17.936029411764707,0.4999999999999999,0.8660254037844387,3,4.19,50.0,57.0,4.3906,36.666666666666664,0
Plumas,2016,2,17.225641025641025,9.984444444444446,0,15.763636363636364,20.770588235294117,19.923908199643495,0.8660254037844386,0.5000000000000001,2,2.745,3.0,50.0,4.19,18.333333333333332,0
Plumas,2016,4,5.975609756097561,4.306818181818182,0,9.984444444444446,17.225641025641025,14.324573944573949,0.8660254037844387,-0.4999999999999998,7,19.81571428571429,2.0,3.0,2.745,4.0,0
Plumas,2016,5,4.306818181818182,4.665,0,5.975609756097561,9.984444444444446,11.061898408727677,0.4999999999999999,-0.8660254037844387,8,21.58375,7.0,2.0,19.81571428571429,5.666666666666667,0
Plumas,2016,6,4.665,6.475,0,4.306818181818182,5.975609756097561,6.7556241274533955,1.2246467991473532e-16,-1.0,13,9.273076923076925,8.0,7.0,21.58375,9.333333333333334,0
Plumas,2016,8,8.418181818181818,6.015384615384615,0,6.475,4.665,5.148939393939394,-0.8660254037844384,-0.5000000000000004,1,0.79,13.0,8.0,9.273076923076925,7.333333333333333,0
Plumas,2016,9,6.015384615384615,9.3175,0,8.418181818181818,6.475,6.5193939393939395,-1.0,-1.8369701987210294e-16,29,33.73103448275862,1.0,13.0,0.79,14.333333333333334,0
Plumas,2016,10,9.3175,14.426829268292684,1,6.015384615384615,8.418181818181818,6.969522144522145,-0.8660254037844386,0.5000000000000001,19,14.998947368421051,29.0,1.0,33.73103448275862,16.333333333333332,0
Plumas,2016,11,14.426829268292684,20.075000000000003,1,9.3175,6.015384615384615,7.917022144522146,-0.5000000000000004,0.8660254037844384,39,4.788461538461538,19.0,29.0,14.998947368421051,29.0,0
Plumas,2016,12,20.075000000000003,15.97,1,14.426829268292684,9.3175,9.919904627892434,-2.4492935982947064e-16,1.0,8,5.38875,39.0,19.0,4.788461538461538,22.0,0
Plumas,2017,4,5.909523809523809,4.906976744186046,0,10.507142857142858,12.115384615384617,12.864175824175826,0.8660254037844387,-0.4999999999999998,1,2.69,8.0,39.0,5.38875,16.0,0
Plumas,2017,5,4.906976744186046,4.6625,0,5.909523809523809,10.507142857142858,9.510683760683762,0.4999999999999999,-0.8660254037844387,14,16.623571428571427,1.0,8.0,2.69,7.666666666666667,0
Plumas,2017,6,4.6625,12.62093023255814,1,4.906976744186046,5.909523809523809,7.107881136950904,1.2246467991473532e-16,-1.0,17,9.15470588235294,14.0,1.0,16.623571428571427,10.666666666666666,1
Plumas,2017,7,12.62093023255814,21.365,1,4.6625,4.906976744186046,5.159666851236619,-0.4999999999999998,-0.8660254037844388,122,6.601393442622951,17.0,14.0,9.15470588235294,51.0,1
Plumas,2017,8,21.365,10.746875,0,12.62093023255814,4.6625,7.396802325581395,-0.8660254037844384,-0.5000000000000004,368,4.98296195652174,122.0,17.0,6.601393442622951,169.0,0
Plumas,2017,9,10.746875,12.642857142857142,1,21.365,12.62093023255814,12.88281007751938,-1.0,-1.8369701987210294e-16,35,7.38,368.0,122.0,4.98296195652174,175.0,1
Plumas,2017,10,12.642857142857142,16.349999999999998,1,10.746875,21.365,14.910935077519378,-0.8660254037844386,0.5000000000000001,85,8.084705882352942,35.0,368.0,7.38,162.66666666666666,1
Plumas,2017,11,16.349999999999998,26.848387096774193,1,12.642857142857142,10.746875,14.918244047619046,-0.5000000000000004,0.8660254037844384,88,8.134431818181818,85.0,35.0,8.084705882352942,69.33333333333333,0
Plumas,2017,12,26.848387096774193,19.73870967741935,1,16.349999999999998,12.642857142857142,13.24657738095238,-2.4492935982947064e-16,1.0,4,2.45,88.0,85.0,8.134431818181818,59.0,0
Plumas,2018,1,19.73870967741935,16.343589743589742,1,26.848387096774193,16.349999999999998,18.613748079877112,0.4999999999999999,0.8660254037844387,1,2.72,4.0,88.0,2.45,31.0,0
Plumas,2018,2,16.343589743589742,9.72325581395349,0,19.73870967741935,26.848387096774193,20.979032258064517,0.8660254037844386,0.5000000000000001,12,16.779999999999998,1.0,4.0,2.72,5.666666666666667,0
Plumas,2018,3,9.72325581395349,6.7,0,16.343589743589742,19.73870967741935,20.97689550592776,1.0,6.123233995736766e-17,3,4.276666666666666,12.0,1.0,16.779999999999998,5.333333333333333,0
Plumas,2018,4,6.7,4.411363636363636,0,9.72325581395349,16.343589743589742,15.268518411654194,0.8660254037844387,-0.4999999999999998,11,13.92090909090909,3.0,12.0,4.276666666666666,8.666666666666666,0
Plumas,2018,5,4.411363636363636,4.711904761904762,0,6.7,9.72325581395349,10.922281852514413,0.4999999999999999,-0.8660254037844387,9,14.244444444444444,11.0,3.0,13.92090909090909,7.666666666666667,0
Plumas,2018,6,4.711904761904762,13.006976744186046,1,4.411363636363636,6.7,6.9448731501057095,1.2246467991473532e-16,-1.0,5,8.122,9.0,11.0,14.244444444444444,8.333333333333334,0
Plumas,2018,7,13.006976744186046,17.065,1,4.711904761904762,4.411363636363636,5.2744227994227995,-0.4999999999999998,-0.8660254037844388,16,19.333125,5.0,9.0,8.122,10.0,0
Plumas,2018,8,17.065,6.527500000000001,0,13.006976744186046,4.711904761904762,7.376748380818147,-0.8660254037844384,-0.5000000000000004,13,5.166153846153846,16.0,5.0,19.333125,11.333333333333334,0
Plumas,2018,9,6.527500000000001,9.011627906976743,0,17.065,13.006976744186046,11.594627168696936,-1.0,-1.8369701987210294e-16,15,2.1026666666666665,13.0,16.0,5.166153846153846,14.666666666666666,1
Plumas,2018,10,9.011627906976743,18.88095238095238,1,6.527500000000001,17.065,12.19982558139535,-0.8660254037844386,0.5000000000000001,65,13.52353846153846,15.0,13.0,2.1026666666666665,31.0,1
Plumas,2018,11,18.88095238095238,15.023076923076925,1,9.011627906976743,6.527500000000001,10.868042635658917,-0.5000000000000004,0.8660254037844384,60,9.698333333333332,65.0,15.0,13.52353846153846,46.666666666666664,0
Plumas,2018,12,15.023076923076925,22.45,1,18.88095238095238,9.011627906976743,11.473360095976377,-2.4492935982947064e-16,1.0,8,5.2275,60.0,65.0,9.698333333333332,44.333333333333336,0
Plumas,2019,1,22.45,10.241666666666667,0,15.023076923076925,18.88095238095238,14.30521907033535,0.4999999999999999,0.8660254037844387,7,8.754285714285714,8.0,60.0,5.2275,25.0,0
Plumas,2019,3,10.253658536585366,4.468571428571429,0,10.241666666666667,22.45,15.904914529914532,1.0,6.123233995736766e-17,5,4.244,7.0,8.0,8.754285714285714,6.666666666666667,0
Plumas,2019,4,4.468571428571429,3.5952380952380953,0,10.253658536585366,10.241666666666667,14.315108401084013,0.8660254037844387,-0.4999999999999998,25,24.3996,5.0,7.0,4.244,12.333333333333334,0
Plumas,2019,5,3.5952380952380953,4.883333333333333,0,4.468571428571429,10.253658536585366,8.321298877274488,0.4999999999999999,-0.8660254037844387,3,5.14,25.0,5.0,24.3996,11.0,0
Plumas,2019,6,4.883333333333333,4.65609756097561,0,3.5952380952380953,4.468571428571429,6.105822686798298,1.2246467991473532e-16,-1.0,8,4.9425,3.0,25.0,5.14,12.0,0
Plumas,2019,7,4.65609756097561,4.8533333333333335,0,4.883333333333333,3.5952380952380953,4.315714285714287,-0.4999999999999998,-0.8660254037844388,1,33.27,8.0,3.0,4.9425,4.0,1
Plumas,2019,9,5.187179487179487,10.319047619047618,0,4.8533333333333335,4.65609756097561,4.79758807588076,-1.0,-1.8369701987210294e-16,3244,24.907638717632555,1.0,8.0,33.27,1084.3333333333333,0
Plumas,2019,10,10.319047619047618,16.176923076923078,1,5.187179487179487,4.8533333333333335,4.8988701271628114,-0.8660254037844386,0.5000000000000001,27,4.440740740740741,3244.0,1.0,24.907638717632555,1090.6666666666667,0
Plumas,2019,11,16.176923076923078,15.051282051282053,1,10.319047619047618,5.187179487179487,6.7865201465201475,-0.5000000000000004,0.8660254037844384,15,5.685333333333333,27.0,3244.0,4.440740740740741,1095.3333333333333,0
Plumas,2019,12,15.051282051282053,14.65681818181818,1,16.176923076923078,10.319047619047618,10.561050061050064,-2.4492935982947064e-16,1.0,2,15.75,15.0,27.0,5.685333333333333,14.666666666666666,0
Plumas,2020,1,14.65681818181818,16.796969696969697,1,15.051282051282053,16.176923076923078,13.84908424908425,0.4999999999999999,0.8660254037844387,8,5.505,2.0,15.0,15.75,8.333333333333334,0
Plumas,2020,2,16.796969696969697,13.94285714285714,1,14.65681818181818,15.051282051282053,15.295007770007771,0.8660254037844386,0.5000000000000001,8,12.63,8.0,2.0,5.505,6.0,0
Plumas,2020,3,13.94285714285714,8.258333333333333,0,16.796969696969697,14.65681818181818,15.50168997668998,1.0,6.123233995736766e-17,1,37.24,8.0,8.0,12.63,5.666666666666667,0
Plumas,2020,6,3.9896551724137934,7.175000000000001,0,4.166666666666667,8.258333333333333,8.789285714285715,1.2246467991473532e-16,-1.0,2,2.29,1.0,8.0,37.24,3.6666666666666665,1
Plumas,2020,8,31.423529411764708,88.85909090909091,1,7.175000000000001,3.9896551724137934,5.110440613026822,-0.8660254037844384,-0.5000000000000004,3064,18.069830287206265,2.0,1.0,2.29,1022.3333333333334,1
Plumas,2020,9,88.85909090909091,15.078947368421051,1,31.423529411764708,7.175000000000001,14.196061528059502,-1.0,-1.8369701987210294e-16,9774,20.326381215469613,3064.0,2.0,18.069830287206265,4280.0,1
Plumas,2020,10,15.078947368421051,16.93076923076923,1,88.85909090909091,31.423529411764708,42.48587344028521,-0.8660254037844386,0.5000000000000001,497,8.282334004024145,9774.0,3064.0,20.326381215469613,4445.0,0
Plumas,2020,11,16.93076923076923,23.92692307692308,1,15.078947368421051,88.85909090909091,45.120522563092216,-0.5000000000000004,0.8660254037844384,5,4.38,497.0,9774.0,8.282334004024145,3425.3333333333335,0
Riverside,2015,3,7.792170452054794,10.781216441340783,0,12.26497179651163,10.075969516431924,11.170470656471776,1.0,6.123233995736766e-17,14,3.23,45.0,12.0,9.714,23.666666666666668,0
Riverside,2015,4,10.781216441340783,10.96180938888889,0,7.792170452054794,12.26497179651163,10.044370588332782,0.8660254037844387,-0.4999999999999998,34,2.313823529411765,14.0,45.0,3.23,31.0,0
Riverside,2015,5,10.96180938888889,12.474579814479638,1,10.781216441340783,7.792170452054794,10.279452896635734,0.4999999999999999,-0.8660254037844387,10,3.245,34.0,14.0,2.313823529411765,19.333333333333332,0
Riverside,2015,6,12.474579814479638,12.130202530303029,1,10.96180938888889,10.781216441340783,9.845065427428157,1.2246467991473532e-16,-1.0,22,22.468636363636364,10.0,34.0,3.245,22.0,0
Riverside,2015,7,12.130202530303029,13.977394793859649,1,12.474579814479638,10.96180938888889,11.405868548236436,-0.4999999999999998,-0.8660254037844388,18,6.823333333333333,22.0,10.0,22.468636363636364,16.666666666666668,0
Riverside,2015,8,13.977394793859649,11.413042552380952,1,12.130202530303029,12.474579814479638,11.85553057789052,-0.8660254037844384,-0.5000000000000004,25,66.6328,18.0,22.0,6.823333333333333,21.666666666666668,0
Riverside,2015,9,11.413042552380952,9.469630388601036,0,13.977394793859649,12.130202530303029,12.860725712880772,-1.0,-1.8369701987210294e-16,16,2.09625,25.0,18.0,66.6328,19.666666666666668,0
Riverside,2015,10,9.469630388601036,6.811390379807692,0,11.413042552380952,13.977394793859649,12.506879958847875,-0.8660254037844386,0.5000000000000001,16,1.744375,16.0,25.0,2.09625,19.0,0
Riverside,2015,11,6.811390379807692,8.587721064814815,0,9.469630388601036,11.413042552380952,11.620022578280546,-0.5000000000000004,0.8660254037844384,25,26.1476,16.0,16.0,1.744375,19.0,0
Riverside,2015,12,8.587721064814815,11.946434610526316,1,6.811390379807692,9.469630388601036,9.231354440263226,-2.4492935982947064e-16,1.0,15,4.648666666666667,25.0,16.0,26.1476,18.666666666666668,0
Riverside,2016,1,11.946434610526316,9.408325424124511,0,8.587721064814815,6.811390379807692,8.289580611074514,0.4999999999999999,0.8660254037844387,8,4.6925,15.0,25.0,4.648666666666667,16.0,0
Riverside,2016,2,9.408325424124511,9.8073239270073,0,11.946434610526316,8.587721064814815,9.11518201838294,0.8660254037844386,0.5000000000000001,14,2.084285714285714,8.0,15.0,4.6925,12.333333333333334,0
Riverside,2016,3,9.8073239270073,8.469110955390335,0,9.408325424124511,11.946434610526316,9.980827033155215,1.0,6.123233995736766e-17,16,5.47125,14.0,8.0,2.084285714285714,12.666666666666666,0
Riverside,2016,4,8.469110955390335,10.486580848056535,0,9.8073239270073,9.408325424124511,10.387361320552708,0.8660254037844387,-0.4999999999999998,21,0.9842857142857144,16.0,14.0,5.47125,17.0,0
Riverside,2016,5,10.486580848056535,13.78027643283582,1,8.469110955390335,9.8073239270073,9.228253435507382,0.4999999999999999,-0.8660254037844387,25,4.9608,21.0,16.0,0.9842857142857144,20.666666666666668,0
Riverside,2016,6,13.78027643283582,13.91487969090909,1,10.486580848056535,8.469110955390335,9.58767191015139,1.2246467991473532e-16,-1.0,17,20.931764705882355,25.0,21.0,4.9608,21.0,0
Riverside,2016,7,13.91487969090909,13.045639548611112,1,13.78027643283582,10.486580848056535,10.91198941209423,-0.4999999999999998,-0.8660254037844388,22,3.424090909090909,17.0,25.0,20.931764705882355,21.333333333333332,1
Riverside,2016,8,13.045639548611112,11.675684027237354,1,13.91487969090909,13.78027643283582,12.727245657267147,-0.8660254037844384,-0.5000000000000004,55,54.20690909090909,22.0,17.0,3.424090909090909,31.333333333333332,0
Riverside,2016,9,11.675684027237354,11.848049907258066,1,13.045639548611112,13.91487969090909,13.580265224118676,-1.0,-1.8369701987210294e-16,25,2.064,55.0,22.0,54.20690909090909,34.0,1
Riverside,2016,10,11.848049907258066,9.400303560869563,0,11.675684027237354,13.045639548611112,12.87873442225252,-0.8660254037844386,0.5000000000000001,70,5.486,25.0,55.0,2.064,50.0,0
Riverside,2016,11,9.400303560869563,11.607972588447652,1,11.848049907258066,11.675684027237354,12.18979116103551,-0.5000000000000004,0.8660254037844384,23,4.711739130434783,70.0,25.0,5.486,39.333333333333336,0
Riverside,2016,12,11.607972588447652,7.576864746527779,0,9.400303560869563,11.848049907258066,10.974679165121662,-2.4492935982947064e-16,1.0,19,1.7957894736842104,23.0,70.0,4.711739130434783,37.333333333333336,0
Riverside,2017,1,7.576864746527779,8.579031542510121,0,11.607972588447652,9.400303560869563,10.952108685525095,0.4999999999999999,0.8660254037844387,16,3.123125,19.0,23.0,1.7957894736842104,19.333333333333332,0
Riverside,2017,2,8.579031542510121,9.099912230496454,0,7.576864746527779,11.607972588447652,9.528380298614998,0.8660254037844386,0.5000000000000001,8,2.88375,16.0,19.0,3.123125,14.333333333333334,0
Riverside,2017,3,9.099912230496454,9.340957307116105,0,8.579031542510121,7.576864746527779,9.25462295916185,1.0,6.123233995736766e-17,19,1.5757894736842104,8.0,16.0,2.88375,14.333333333333334,0
Riverside,2017,4,9.340957307116105,11.248148072202168,1,9.099912230496454,8.579031542510121,8.418602839844784,0.8660254037844387,-0.4999999999999998,23,8.697826086956523,19.0,8.0,1.5757894736842104,16.666666666666668,0
Riverside,2017,5,11.248148072202168,13.7708770411985,1,9.340957307116105,9.099912230496454,9.006633693374226,0.4999999999999999,-0.8660254037844387,23,11.684347826086958,23.0,19.0,8.697826086956523,21.666666666666668,1
Riverside,2017,6,13.7708770411985,14.821698559139785,1,11.248148072202168,9.340957307116105,9.896339203271577,1.2246467991473532e-16,-1.0,46,2.7728260869565218,23.0,23.0,11.684347826086958,30.666666666666668,0
Riverside,2017,7,14.821698559139785,12.91064797810219,1,13.7708770411985,11.248148072202168,11.45332747350559,-0.4999999999999998,-0.8660254037844388,27,13.042222222222222,46.0,23.0,2.7728260869565218,32.0,0
Riverside,2017,8,12.91064797810219,10.379327378676471,0,14.821698559139785,13.7708770411985,13.28024122418015,-0.8660254037844384,-0.5000000000000004,28,6.861785714285714,27.0,46.0,13.042222222222222,33.666666666666664,1
Riverside,2017,9,10.379327378676471,11.773366557446808,1,12.91064797810219,14.821698559139785,13.83440785948016,-1.0,-1.8369701987210294e-16,46,38.18152173913043,28.0,27.0,6.861785714285714,33.666666666666664,1
Riverside,2017,10,11.773366557446808,12.918475791469197,1,10.379327378676471,12.91064797810219,12.703891305306149,-0.8660254037844386,0.5000000000000001,119,23.178571428571427,46.0,28.0,38.18152173913043,64.33333333333333,0
Riverside,2017,11,12.918475791469197,11.5811826146789,1,11.773366557446808,10.379327378676471,11.68778063807516,-0.5000000000000004,0.8660254037844384,26,6.860769230769231,119.0,46.0,23.178571428571427,63.666666666666664,0
Riverside,2017,12,11.5811826146789,12.617630427046263,1,12.918475791469197,11.773366557446808,11.690389909197492,-2.4492935982947064e-16,1.0,28,15.422857142857142,26.0,119.0,6.860769230769231,57.666666666666664,0
Riverside,2018,1,12.617630427046263,9.429879098245614,0,11.5811826146789,12.918475791469197,12.091008321198302,0.4999999999999999,0.8660254037844387,22,6.172727272727273,28.0,26.0,15.422857142857142,25.333333333333332,0
Riverside,2018,2,9.429879098245614,7.222612047619047,0,12.617630427046263,11.5811826146789,12.372429611064788,0.8660254037844386,0.5000000000000001,24,2.61375,22.0,28.0,6.172727272727273,24.666666666666668,0
Riverside,2018,3,7.222612047619047,10.721916860946743,0,9.429879098245614,12.617630427046263,11.209564046656924,1.0,6.123233995736766e-17,8,2.24625,24.0,22.0,2.61375,18.0,1
Riverside,2018,4,10.721916860946743,9.62448292481203,0,7.222612047619047,9.429879098245614,9.756707190970308,0.8660254037844387,-0.4999999999999998,46,6.208260869565217,8.0,24.0,2.24625,26.0,0
Riverside,2018,5,9.62448292481203,12.665909986807389,1,10.721916860946743,7.222612047619047,9.124802668937134,0.4999999999999999,-0.8660254037844387,14,7.36,46.0,8.0,6.208260869565217,22.666666666666668,0
Riverside,2018,6,12.665909986807389,12.77978103307888,1,9.62448292481203,10.721916860946743,9.18967061112594,1.2246467991473532e-16,-1.0,37,8.107027027027026,14.0,46.0,7.36,32.333333333333336,1
Riverside,2018,7,12.77978103307888,14.366496538265306,1,12.665909986807389,9.62448292481203,11.004103257522054,-0.4999999999999998,-0.8660254037844388,446,43.807264573991034,37.0,14.0,8.107027027027026,165.66666666666666,1
Riverside,2018,8,14.366496538265306,12.58390824127907,1,12.77978103307888,12.665909986807389,11.6900579815661,-0.8660254037844384,-0.5000000000000004,542,24.49760147601476,446.0,37.0,43.807264573991034,341.6666666666667,0
Riverside,2018,9,12.58390824127907,9.11512981865285,0,14.366496538265306,12.77978103307888,13.270729186050524,-1.0,-1.8369701987210294e-16,29,4.387241379310345,542.0,446.0,24.49760147601476,339.0,1
Riverside,2018,10,9.11512981865285,10.013904390532543,0,12.58390824127907,14.366496538265306,13.243395270874418,-0.8660254037844386,0.5000000000000001,63,2.358253968253968,29.0,542.0,4.387241379310345,211.33333333333337,0
Riverside,2018,11,10.013904390532543,9.848700318766069,0,9.11512981865285,12.58390824127907,12.021844866065743,-0.5000000000000004,0.8660254037844384,28,4.027857142857143,63.0,29.0,2.358253968253968,40.0,0
Riverside,2018,12,9.848700318766069,7.875619897849463,0,10.013904390532543,9.11512981865285,10.570980816821487,-2.4492935982947064e-16,1.0,41,2.406829268292683,28.0,63.0,4.027857142857143,44.0,0
Riverside,2019,1,7.875619897849463,6.470944822888283,0,9.848700318766069,10.013904390532543,9.659244842650487,0.4999999999999999,0.8660254037844387,12,2.8575,41.0,28.0,2.406829268292683,27.0,0
Riverside,2019,2,6.470944822888283,5.849387266247379,0,7.875619897849463,9.848700318766069,9.24607486904936,0.8660254037844386,0.5000000000000001,19,2.556842105263158,12.0,41.0,2.8575,24.0,1
Riverside,2019,3,5.849387266247379,7.114366013972056,0,6.470944822888283,7.875619897849463,8.065088346501271,1.0,6.123233995736766e-17,46,22.306304347826085,19.0,12.0,2.556842105263158,25.666666666666668,0
Riverside,2019,4,7.114366013972056,7.461271021912351,0,5.849387266247379,6.470944822888283,6.731983995661708,0.8660254037844387,-0.4999999999999998,10,0.697,46.0,19.0,22.306304347826085,25.0,0
Riverside,2019,5,7.461271021912351,10.634125628803243,0,7.114366013972056,5.849387266247379,6.478232701035906,0.4999999999999999,-0.8660254037844387,35,11.800571428571429,10.0,46.0,0.697,30.333333333333332,0
Riverside,2019,6,10.634125628803243,11.17589022095238,0,7.461271021912351,7.114366013972056,6.808341434043928,1.2246467991473532e-16,-1.0,37,15.859459459459458,35.0,10.0,11.800571428571429,27.333333333333332,1
Riverside,2019,7,11.17589022095238,9.348020133587786,0,10.634125628803243,7.461271021912351,8.40325422156255,-0.4999999999999998,-0.8660254037844388,47,8.755531914893616,37.0,35.0,15.859459459459458,39.666666666666664,0
Riverside,2019,8,9.348020133587786,8.48087523076923,0,11.17589022095238,10.634125628803243,9.757095623889326,-0.8660254037844384,-0.5000000000000004,18,3.187777777777778,47.0,37.0,8.755531914893616,34.0,1
Riverside,2019,9,8.48087523076923,8.199276340344168,0,9.348020133587786,11.17589022095238,10.386011994447804,-1.0,-1.8369701987210294e-16,55,37.77763636363636,18.0,47.0,3.187777777777778,40.0,1
Riverside,2019,10,8.199276340344168,9.79939159414226,0,8.48087523076923,9.348020133587786,9.6682618617698,-0.8660254037844386,0.5000000000000001,95,19.49978947368421,55.0,18.0,37.77763636363636,56.0,1
Riverside,2019,11,9.79939159414226,6.8259550077220075,0,8.199276340344168,8.48087523076923,8.676057234900394,-0.5000000000000004,0.8660254037844384,89,2.4487640449438204,95.0,55.0,19.49978947368421,79.66666666666667,0
Riverside,2019,12,6.8259550077220075,9.063419667247386,0,9.79939159414226,8.199276340344168,8.826514388418554,-2.4492935982947064e-16,1.0,22,3.0109090909090908,89.0,95.0,2.4487640449438204,68.66666666666667,0
Riverside,2020,1,9.063419667247386,8.349733388170055,0,6.8259550077220075,9.79939159414226,8.274874314069478,0.4999999999999999,0.8660254037844387,25,4.7576,22.0,89.0,3.0109090909090908,45.333333333333336,0
Riverside,2020,2,8.349733388170055,4.498614863636363,0,9.063419667247386,6.8259550077220075,8.562922089703884,0.8660254037844386,0.5000000000000001,32,10.4465625,25.0,22.0,4.7576,26.333333333333332,0
Riverside,2020,3,4.498614863636363,6.613321645714286,0,8.349733388170055,9.063419667247386,8.07970268771315,1.0,6.123233995736766e-17,20,33.560500000000005,32.0,25.0,10.4465625,25.666666666666668,0
Riverside,2020,4,6.613321645714286,9.378274075601375,0,4.498614863636363,8.349733388170055,7.3039226396846,0.8660254037844387,-0.4999999999999998,10,1.399,20.0,32.0,33.560500000000005,20.666666666666668,0
Riverside,2020,5,9.378274075601375,9.218847068965518,0,6.613321645714286,4.498614863636363,6.487223299173568,0.4999999999999999,-0.8660254037844387,41,3.908780487804878,10.0,20.0,1.399,23.666666666666668,1
Riverside,2020,6,9.218847068965518,11.165449194881887,0,9.378274075601375,6.613321645714286,6.830070194984008,1.2246467991473532e-16,-1.0,67,5.0244776119402985,41.0,10.0,3.908780487804878,39.333333333333336,1
Riverside,2020,7,11.165449194881887,12.172067283557046,1,9.218847068965518,9.378274075601375,8.403480930093727,-0.4999999999999998,-0.8660254037844388,82,11.477926829268291,67.0,41.0,5.0244776119402985,63.333333333333336,1
Riverside,2020,8,12.172067283557046,17.514709993006992,1,11.165449194881887,9.218847068965518,9.92085677981626,-0.8660254037844384,-0.5000000000000004,433,32.350715935334875,82.0,67.0,11.477926829268291,194.0,1
Riverside,2020,9,17.514709993006992,15.524292188135592,1,12.172067283557046,11.165449194881887,10.852121182468151,-1.0,-1.8369701987210294e-16,100,19.3686,433.0,82.0,32.350715935334875,205.0,0
Riverside,2020,10,15.524292188135592,10.52087549429658,0,17.514709993006992,12.172067283557046,13.61740882381531,-0.8660254037844386,0.5000000000000001,33,8.355454545454545,100.0,433.0,19.3686,188.66666666666663,1
Riverside,2020,11,10.52087549429658,8.928902931608134,0,15.524292188135592,17.514709993006992,15.07035648823321,-0.5000000000000004,0.8660254037844384,69,5.311159420289855,33.0,100.0,8.355454545454545,67.33333333333333,1
Sacramento,2015,3,6.383744097142857,5.471824636363636,0,10.690139241830066,22.036794807909605,16.363467024869834,1.0,6.123233995736766e-17,32,7.6290625,4.0,7.0,4.33,14.333333333333334,0
Sacramento,2015,4,5.471824636363636,6.463485965317919,0,6.383744097142857,10.690139241830066,13.03689271562751,0.8660254037844387,-0.4999999999999998,23,1.2895652173913044,32.0,4.0,7.6290625,19.666666666666668,0
Sacramento,2015,5,6.463485965317919,7.153775277777777,0,5.471824636363636,6.383744097142857,7.5152359917788525,0.4999999999999999,-0.8660254037844387,11,5.966363636363636,23.0,32.0,1.2895652173913044,22.0,0
Sacramento,2015,6,7.153775277777777,6.36842161452514,0,6.463485965317919,5.471824636363636,6.106351566274804,1.2246467991473532e-16,-1.0,15,2.3266666666666667,11.0,23.0,5.966363636363636,16.333333333333332,0
Sacramento,2015,7,6.36842161452514,8.179193443181818,0,7.153775277777777,6.463485965317919,6.363028626486444,-0.4999999999999998,-0.8660254037844388,21,10.768571428571429,15.0,11.0,2.3266666666666667,15.666666666666666,0
Sacramento,2015,8,8.179193443181818,7.673881867549668,0,6.36842161452514,7.153775277777777,6.661894285873612,-0.8660254037844384,-0.5000000000000004,5,0.998,21.0,15.0,10.768571428571429,13.666666666666666,0
Sacramento,2015,9,7.673881867549668,6.4749448,0,8.179193443181818,6.36842161452514,7.233796778494912,-1.0,-1.8369701987210294e-16,10,3.307,5.0,21.0,0.998,12.0,0
Sacramento,2015,10,6.4749448,9.031116136645965,0,7.673881867549668,8.179193443181818,7.407165641752209,-0.8660254037844386,0.5000000000000001,20,5.1935,10.0,5.0,3.307,11.666666666666666,0
Sacramento,2015,11,9.031116136645965,8.327264877906977,0,6.4749448,7.673881867549668,7.442673370243829,-0.5000000000000004,0.8660254037844384,24,10.231666666666667,20.0,10.0,5.1935,18.0,0
Sacramento,2015,12,8.327264877906977,6.591416367231639,0,9.031116136645965,6.4749448,7.726647601398544,-2.4492935982947064e-16,1.0,10,1.8,24.0,20.0,10.231666666666667,18.0,0
Sacramento,2016,2,6.66174090797546,3.3052464802259887,0,6.591416367231639,8.327264877906977,7.983265793928193,0.8660254037844386,0.5000000000000001,13,6.356923076923077,10.0,24.0,1.8,15.666666666666666,0
Sacramento,2016,3,3.3052464802259887,3.9758446976744186,0,6.66174090797546,6.591416367231639,7.193474051038025,1.0,6.123233995736766e-17,18,2.9605555555555556,13.0,10.0,6.356923076923077,13.666666666666666,0
Sacramento,2016,4,3.9758446976744186,4.869138751445087,0,3.3052464802259887,6.66174090797546,5.519467918477695,0.8660254037844387,-0.4999999999999998,17,4.490588235294118,18.0,13.0,2.9605555555555556,16.0,0
Sacramento,2016,5,4.869138751445087,6.07970707051282,0,3.9758446976744186,3.3052464802259887,4.647610695291956,0.4999999999999999,-0.8660254037844387,14,8.55857142857143,17.0,18.0,4.490588235294118,16.333333333333332,0
Sacramento,2016,6,6.07970707051282,5.922803302857142,0,4.869138751445087,3.9758446976744186,4.0500766431151645,1.2246467991473532e-16,-1.0,15,5.85,14.0,17.0,8.55857142857143,15.333333333333334,0
Sacramento,2016,7,5.922803302857142,7.556869094444445,0,6.07970707051282,4.869138751445087,4.974896839877442,-0.4999999999999998,-0.8660254037844388,12,1.1,15.0,14.0,5.85,13.666666666666666,0
Sacramento,2016,8,7.556869094444445,8.699020067073171,0,5.922803302857142,6.07970707051282,5.6238830416050165,-0.8660254037844384,-0.5000000000000004,11,2.6436363636363636,12.0,15.0,1.1,12.666666666666666,0
Sacramento,2016,9,8.699020067073171,5.735953195804196,0,7.556869094444445,5.922803302857142,6.519793155938136,-1.0,-1.8369701987210294e-16,27,9.376666666666669,11.0,12.0,2.6436363636363636,16.666666666666668,0
Sacramento,2016,10,5.735953195804196,9.38730854819277,0,8.699020067073171,7.556869094444445,7.392897488124919,-0.8660254037844386,0.5000000000000001,14,3.4250000000000003,27.0,11.0,9.376666666666669,17.333333333333332,0
Sacramento,2016,11,9.38730854819277,13.862420532163744,1,5.735953195804196,8.699020067073171,7.330614119107271,-0.5000000000000004,0.8660254037844384,12,6.305,14.0,27.0,3.4250000000000003,17.666666666666668,0
Sacramento,2017,2,5.4509287468354435,5.217639936416185,0,8.089480751445087,13.862420532163744,10.4464032772672,0.8660254037844386,0.5000000000000001,2,0.39,12.0,14.0,6.305,9.333333333333334,0
Sacramento,2017,3,5.217639936416185,4.571563257309942,0,5.4509287468354435,8.089480751445087,9.13427667681476,1.0,6.123233995736766e-17,10,3.381,2.0,12.0,0.39,8.0,0
Sacramento,2017,4,4.571563257309942,5.271530222222222,0,5.217639936416185,5.4509287468354435,6.2526831448989055,0.8660254037844387,-0.4999999999999998,15,3.558666666666667,10.0,2.0,3.381,9.0,0
Sacramento,2017,5,5.271530222222222,6.129500482142857,0,4.571563257309942,5.217639936416185,5.08004398018719,0.4999999999999999,-0.8660254037844387,19,1.2842105263157897,15.0,10.0,3.558666666666667,14.666666666666666,0
Sacramento,2017,6,6.129500482142857,9.525985312217196,0,5.271530222222222,4.571563257309942,5.020244471982783,1.2246467991473532e-16,-1.0,14,2.6021428571428573,19.0,15.0,1.2842105263157897,16.0,0
Sacramento,2017,7,9.525985312217196,12.796048396624473,1,6.129500482142857,5.271530222222222,5.3241979872250065,-0.4999999999999998,-0.8660254037844388,26,14.876153846153848,14.0,19.0,2.6021428571428573,19.666666666666668,0
Sacramento,2017,8,12.796048396624473,12.191142896995707,1,9.525985312217196,6.129500482142857,6.975672005527426,-0.8660254037844384,-0.5000000000000004,13,5.837692307692308,26.0,14.0,14.876153846153848,17.666666666666668,0
Sacramento,2017,9,12.191142896995707,10.536526835680752,0,12.796048396624473,9.525985312217196,9.483844730328176,-1.0,-1.8369701987210294e-16,17,16.78058823529412,13.0,26.0,5.837692307692308,18.666666666666668,0
Sacramento,2017,10,10.536526835680752,7.721048713043478,0,12.191142896995707,12.796048396624473,11.504392201945793,-0.8660254037844386,0.5000000000000001,8,1.985,17.0,13.0,16.78058823529412,12.666666666666666,0
Sacramento,2017,11,7.721048713043478,13.652503302521009,1,10.536526835680752,12.191142896995707,11.841239376433643,-0.5000000000000004,0.8660254037844384,12,4.414166666666667,8.0,17.0,1.985,12.333333333333334,0
Sacramento,2017,12,13.652503302521009,11.223521384615385,0,7.721048713043478,10.536526835680752,10.14957281523998,-2.4492935982947064e-16,1.0,6,7.641666666666666,12.0,8.0,4.414166666666667,8.666666666666666,0
Sacramento,2018,1,11.223521384615385,8.970654550724639,0,13.652503302521009,7.721048713043478,10.63669295041508,0.4999999999999999,0.8660254037844387,2,2.25,6.0,12.0,7.641666666666666,6.666666666666667,0
Sacramento,2018,2,8.970654550724639,5.494744995370371,0,11.223521384615385,13.652503302521009,10.865691133393293,0.8660254037844386,0.5000000000000001,27,5.419259259259259,2.0,6.0,2.25,11.666666666666666,0
Sacramento,2018,3,5.494744995370371,6.823216008695653,0,8.970654550724639,11.223521384615385,11.282226412620345,1.0,6.123233995736766e-17,13,2.6107692307692307,27.0,2.0,5.419259259259259,14.0,0
Sacramento,2018,4,6.823216008695653,6.565925204347826,0,5.494744995370371,8.970654550724639,8.562973643570134,0.8660254037844387,-0.4999999999999998,27,5.224814814814814,13.0,27.0,2.6107692307692307,22.333333333333332,0
Sacramento,2018,5,6.565925204347826,8.331748847826086,0,6.823216008695653,5.494744995370371,7.096205184930221,0.4999999999999999,-0.8660254037844387,25,8.8308,27.0,13.0,5.224814814814814,21.666666666666668,0
Sacramento,2018,6,8.331748847826086,9.711304620833332,0,6.565925204347826,6.823216008695653,6.294628736137951,1.2246467991473532e-16,-1.0,22,10.69181818181818,25.0,27.0,8.8308,24.666666666666668,0
Sacramento,2018,7,9.711304620833332,20.797141114893616,1,8.331748847826086,6.565925204347826,7.240296686956522,-0.4999999999999998,-0.8660254037844388,10,9.633,22.0,25.0,10.69181818181818,19.0,0
Sacramento,2018,8,20.797141114893616,9.151371217391304,0,9.711304620833332,8.331748847826086,8.202992891002415,-0.8660254037844384,-0.5000000000000004,3,1.54,10.0,22.0,9.633,11.666666666666666,0
Sacramento,2018,9,9.151371217391304,6.049185058823529,0,20.797141114893616,9.711304620833332,12.946731527851012,-1.0,-1.8369701987210294e-16,12,16.925833333333333,3.0,10.0,1.54,8.333333333333334,0
Sacramento,2018,10,6.049185058823529,28.82131872072072,1,9.151371217391304,20.797141114893616,13.219938984372751,-0.8660254037844386,0.5000000000000001,12,4.883333333333333,12.0,3.0,16.925833333333333,9.0,0
Sacramento,2018,11,28.82131872072072,10.886104369294603,0,6.049185058823529,9.151371217391304,11.999232463702816,-0.5000000000000004,0.8660254037844384,10,3.177,12.0,12.0,4.883333333333333,11.333333333333334,0
Sacramento,2018,12,10.886104369294603,10.058862820083682,0,28.82131872072072,6.049185058823529,14.67395833231185,-2.4492935982947064e-16,1.0,2,5.51,10.0,12.0,3.177,8.0,0
Sacramento,2019,1,10.058862820083682,3.271313212962963,0,10.886104369294603,28.82131872072072,15.252202716279616,0.4999999999999999,0.8660254037844387,2,2.415,2.0,10.0,5.51,4.666666666666667,0
Sacramento,2019,3,3.813657632911392,5.332902021459227,0,3.271313212962963,10.058862820083682,8.072093467447083,1.0,6.123233995736766e-17,7,4.147142857142858,2.0,2.0,2.415,3.6666666666666665,0
Sacramento,2019,4,5.332902021459227,5.940999518518518,0,3.813657632911392,3.271313212962963,5.714611221986012,0.8660254037844387,-0.4999999999999998,14,7.177142857142857,7.0,2.0,4.147142857142858,7.666666666666667,0
Sacramento,2019,5,5.940999518518518,6.410495447368421,0,5.332902021459227,3.813657632911392,4.13929095577786,0.4999999999999999,-0.8660254037844387,8,6.705,14.0,7.0,7.177142857142857,9.666666666666666,0
Sacramento,2019,6,6.410495447368421,6.462892054726368,0,5.940999518518518,5.332902021459227,5.029186390963045,1.2246467991473532e-16,-1.0,17,9.744117647058824,8.0,14.0,6.705,13.0,0
Sacramento,2019,7,6.462892054726368,5.3536307863247865,0,6.410495447368421,5.940999518518518,5.894798995782055,-0.4999999999999998,-0.8660254037844388,17,17.44235294117647,17.0,8.0,9.744117647058824,14.0,0
Sacramento,2019,8,5.3536307863247865,4.530857890909091,0,6.462892054726368,6.410495447368421,6.271462340204436,-0.8660254037844384,-0.5000000000000004,6,8.071666666666667,17.0,17.0,17.44235294117647,13.333333333333334,0
Sacramento,2019,9,4.530857890909091,8.045451820754717,0,5.3536307863247865,6.462892054726368,6.0756727628065255,-1.0,-1.8369701987210294e-16,16,1.505,6.0,17.0,8.071666666666667,13.0,0
Sacramento,2019,10,8.045451820754717,10.737157383928572,0,4.530857890909091,5.3536307863247865,5.449126910653415,-0.8660254037844386,0.5000000000000001,34,4.836176470588235,16.0,6.0,1.505,18.666666666666668,0
Sacramento,2019,11,10.737157383928572,8.059249018181818,0,8.045451820754717,4.530857890909091,5.9766468326628654,-0.5000000000000004,0.8660254037844384,18,4.004444444444444,34.0,16.0,4.836176470588235,22.666666666666668,0
Sacramento,2019,12,8.059249018181818,11.028578427350428,0,10.737157383928572,8.045451820754717,7.7711556985307935,-2.4492935982947064e-16,1.0,1,3.84,18.0,34.0,4.004444444444444,17.666666666666668,0
Sacramento,2020,1,11.028578427350428,9.86430989719626,0,8.059249018181818,10.737157383928572,8.94728607428837,0.4999999999999999,0.8660254037844387,3,2.8033333333333332,1.0,18.0,3.84,7.333333333333333,0
Sacramento,2020,2,9.86430989719626,4.864903717948717,0,11.028578427350428,8.059249018181818,9.941661609820274,0.8660254037844386,0.5000000000000001,32,8.388125,3.0,1.0,2.8033333333333332,12.0,0
Sacramento,2020,3,4.864903717948717,4.613332625,0,9.86430989719626,11.028578427350428,9.65071244757617,1.0,6.123233995736766e-17,8,3.4212499999999997,32.0,3.0,8.388125,14.333333333333334,0
Sacramento,2020,4,4.613332625,4.538059792792793,0,4.864903717948717,9.86430989719626,8.585930680831803,0.8660254037844387,-0.4999999999999998,6,4.715,8.0,32.0,3.4212499999999997,15.333333333333334,0
Sacramento,2020,5,4.538059792792793,6.247681145454545,0,4.613332625,4.864903717948717,6.447515413381659,0.4999999999999999,-0.8660254037844387,19,7.01421052631579,6.0,8.0,4.715,11.0,1
Sacramento,2020,6,6.247681145454545,7.747381413793104,0,4.538059792792793,4.613332625,4.672098711913836,1.2246467991473532e-16,-1.0,47,33.058297872340425,19.0,6.0,7.01421052631579,24.0,0
Sacramento,2020,7,7.747381413793104,25.399097403508772,1,6.247681145454545,4.538059792792793,5.133024521082446,-0.4999999999999998,-0.8660254037844388,5,6.497999999999999,47.0,19.0,33.058297872340425,23.666666666666668,0
Sacramento,2020,8,25.399097403508772,36.99767726785715,1,7.747381413793104,6.247681145454545,6.177707450680148,-0.8660254037844384,-0.5000000000000004,12,2.39,5.0,47.0,6.497999999999999,21.333333333333332,0
Sacramento,2020,9,36.99767726785715,19.585833311926603,1,25.399097403508772,7.747381413793104,13.13138665425214,-1.0,-1.8369701987210294e-16,27,15.082962962962965,12.0,5.0,2.39,14.666666666666666,0
Sacramento,2020,10,19.585833311926603,11.829596285714286,1,36.99767726785715,25.399097403508772,23.381385361719676,-0.8660254037844386,0.5000000000000001,9,4.751111111111111,27.0,12.0,15.082962962962965,16.0,0
Sacramento,2020,11,11.829596285714286,12.200953443137257,1,19.585833311926603,36.99767726785715,27.327535994430843,-0.5000000000000004,0.8660254037844384,26,7.038461538461538,9.0,27.0,4.751111111111111,20.666666666666668,0
San Benito,2015,3,3.8986749344262295,3.4524753166666664,0,4.999598892857143,5.516199161290323,5.257899027073733,1.0,6.123233995736766e-17,6,9.126666666666669,1.0,4.0,7.44,3.6666666666666665,0
San Benito,2015,7,3.321234951612903,6.097381037037037,0,4.989676650000001,3.863604483870968,4.1019188168458784,-0.4999999999999998,-0.8660254037844388,2,15.27,6.0,1.0,9.126666666666669,3.0,0
San Benito,2015,10,4.2585729193548385,3.846452816666667,0,4.139432383333333,6.097381037037037,4.519349457327757,-0.8660254037844386,0.5000000000000001,26,14.989615384615384,2.0,6.0,15.27,11.333333333333334,0
San Benito,2015,11,3.846452816666667,3.722215693548387,0,4.2585729193548385,4.139432383333333,4.831795446575069,-0.5000000000000004,0.8660254037844384,10,4.311999999999999,26.0,2.0,14.989615384615384,12.666666666666666,0
San Benito,2015,12,3.722215693548387,3.704736709677419,0,3.846452816666667,4.2585729193548385,4.081486039784946,-2.4492935982947064e-16,1.0,6,3.171666666666667,10.0,26.0,4.311999999999999,14.0,0
San Benito,2016,6,4.146932355932203,6.982545754716981,0,3.574538370967742,2.92609355,2.8192206887096773,1.2246467991473532e-16,-1.0,3,10.906666666666666,6.0,10.0,3.171666666666667,6.333333333333333,0
San Benito,2016,7,6.982545754716981,8.00876685483871,0,4.146932355932203,3.574538370967742,3.549188092299982,-0.4999999999999998,-0.8660254037844388,2,9.9,3.0,6.0,10.906666666666666,3.6666666666666665,0
San Benito,2016,11,3.2913539166666665,3.3772126451612903,0,2.821821071428572,6.879532833333333,5.903373586533539,-0.5000000000000004,0.8660254037844384,3,5.226666666666667,2.0,3.0,9.9,2.6666666666666665,0
San Benito,2016,12,3.3772126451612903,2.1248193548387095,0,3.2913539166666665,2.821821071428572,4.330902607142857,-2.4492935982947064e-16,1.0,2,6.880000000000001,3.0,2.0,5.226666666666667,2.3333333333333335,0
San Benito,2017,3,3.1748284032258063,3.1541661,0,1.7722233571428572,2.1248193548387095,2.4247517857142857,1.0,6.123233995736766e-17,1,2.93,2.0,3.0,6.880000000000001,2.0,0
San Benito,2017,5,4.140377887096775,4.330508983333333,0,3.1541661,3.1748284032258063,2.700405953456221,0.4999999999999999,-0.8660254037844387,1,0.92,1.0,2.0,2.93,1.3333333333333333,0
San Benito,2017,10,8.68273143548387,4.107067942307692,0,7.674118883333334,7.653669951612903,6.975453584767025,-0.8660254037844386,0.5000000000000001,1,1.87,1.0,1.0,0.92,1.0,0
San Benito,2018,1,5.686767209677419,4.034724964285714,0,7.841532225806452,4.107067942307692,6.8771105345326715,0.4999999999999999,0.8660254037844387,7,7.178571428571429,1.0,1.0,1.87,3.0,0
San Benito,2018,2,4.034724964285714,2.4208742741935483,0,5.686767209677419,7.841532225806452,5.878455792597188,0.8660254037844386,0.5000000000000001,4,5.495,7.0,1.0,7.178571428571429,4.0,0
San Benito,2018,3,2.4208742741935483,5.416539816666667,0,4.034724964285714,5.686767209677419,5.854341466589862,1.0,6.123233995736766e-17,1,3.47,4.0,7.0,5.495,4.0,0
San Benito,2018,4,5.416539816666667,5.141580442622951,0,2.4208742741935483,4.034724964285714,4.047455482718894,0.8660254037844387,-0.4999999999999998,5,1.876,1.0,4.0,3.47,3.3333333333333335,1
San Benito,2018,6,6.94913645,5.69893986440678,0,5.141580442622951,5.416539816666667,4.326331511161055,1.2246467991473532e-16,-1.0,86,26.34860465116279,5.0,1.0,1.876,30.666666666666668,0
San Benito,2018,7,5.69893986440678,12.62943918032787,1,6.94913645,5.141580442622951,5.835752236429873,-0.4999999999999998,-0.8660254037844388,9,10.525555555555556,86.0,5.0,26.34860465116279,33.333333333333336,1
San Benito,2018,10,5.8868166071428565,17.760863677419355,1,7.237315272727273,12.62943918032787,8.521898105820641,-0.8660254037844386,0.5000000000000001,89,16.748651685393256,9.0,86.0,10.525555555555556,61.333333333333336,0
San Benito,2018,12,6.0712358,3.745773274193549,0,17.760863677419355,5.8868166071428565,10.294998519096495,-2.4492935982947064e-16,1.0,11,4.594545454545455,89.0,9.0,16.748651685393256,36.333333333333336,0
San Benito,2019,3,2.974404333333333,5.172140416666666,0,2.987531351851852,3.745773274193549,4.268180142015132,1.0,6.123233995736766e-17,6,3.3800000000000003,11.0,89.0,4.594545454545455,35.333333333333336,0
San Benito,2019,7,6.1253304516129035,5.329968693548387,0,5.459728283333333,4.599028306451612,5.076965668817203,-0.4999999999999998,-0.8660254037844388,6,18.42,6.0,11.0,3.3800000000000003,7.666666666666667,0
San Benito,2019,8,5.329968693548387,4.9110024333333335,0,6.1253304516129035,5.459728283333333,5.394695680465948,-0.8660254037844384,-0.5000000000000004,2,24.36,6.0,6.0,18.42,4.666666666666667,0
San Benito,2019,9,4.9110024333333335,6.243153333333333,0,5.329968693548387,6.1253304516129035,5.638342476164873,-1.0,-1.8369701987210294e-16,7,28.03857142857143,2.0,6.0,24.36,5.0,1
San Benito,2019,11,7.47615945,4.2116584516129025,0,6.243153333333333,4.9110024333333335,5.494708153405017,-0.5000000000000004,0.8660254037844384,89,6.660898876404495,7.0,2.0,28.03857142857143,32.666666666666664,0
San Benito,2019,12,4.2116584516129025,5.715162416666667,0,7.47615945,6.243153333333333,6.210105072222221,-2.4492935982947064e-16,1.0,1,3.58,89.0,7.0,6.660898876404495,32.333333333333336,0
San Benito,2020,2,6.575530982758621,4.073308032786885,0,5.715162416666667,4.2116584516129025,5.800993439426523,0.8660254037844386,0.5000000000000001,7,4.2542857142857144,1.0,89.0,3.58,32.333333333333336,0
San Benito,2020,3,4.073308032786885,4.74022506779661,0,6.575530982758621,5.715162416666667,5.500783950346062,1.0,6.123233995736766e-17,2,3.49,7.0,1.0,4.2542857142857144,3.3333333333333335,0
San Benito,2020,4,4.74022506779661,4.974485725806452,0,4.073308032786885,6.575530982758621,5.454667144070723,0.8660254037844387,-0.4999999999999998,3,8.74,2.0,7.0,3.49,4.0,0
San Benito,2020,5,4.974485725806452,5.678039483333333,0,4.74022506779661,4.073308032786885,5.129688027780704,0.4999999999999999,-0.8660254037844387,1,4.98,3.0,2.0,8.74,2.0,0
San Benito,2020,6,5.678039483333333,7.7434857419354834,0,4.974485725806452,4.74022506779661,4.596006275463314,1.2246467991473532e-16,-1.0,17,85.01058823529412,1.0,3.0,4.98,7.0,0
San Benito,2020,7,7.7434857419354834,17.70376979032258,1,5.678039483333333,4.974485725806452,5.130916758978797,-0.4999999999999998,-0.8660254037844388,6,23.713333333333335,17.0,1.0,85.01058823529412,8.0,0
San Benito,2020,10,15.31320120967742,5.241867962962964,0,22.65858091666667,17.70376979032258,16.035278816308242,-0.8660254037844386,0.5000000000000001,1,2.5,6.0,17.0,23.713333333333335,8.0,0
San Benito,2020,11,5.241867962962964,6.138034951612903,0,15.31320120967742,22.65858091666667,18.55851730555555,-0.5000000000000004,0.8660254037844384,11,45.21,1.0,6.0,2.5,6.0,0
San Bernardino,2015,3,12.309433962264151,9.759090909090908,0,19.98444444444444,17.932499999999997,18.95847222222222,1.0,6.123233995736766e-17,120,4.398750000000001,124.0,113.0,2.327338709677419,119.0,1
San Bernardino,2015,4,9.759090909090908,10.774074074074074,0,12.309433962264151,19.98444444444444,16.74212613556953,0.8660254037844387,-0.4999999999999998,134,1.5582089552238807,120.0,124.0,4.398750000000001,126.0,1
San Bernardino,2015,5,10.774074074074074,13.678846153846154,1,9.759090909090908,12.309433962264151,14.017656438599834,0.4999999999999999,-0.8660254037844387,96,3.381145833333333,134.0,120.0,1.5582089552238807,116.66666666666669,1
San Bernardino,2015,6,13.678846153846154,12.16315789473684,1,10.774074074074074,9.759090909090908,10.94753298180971,1.2246467991473532e-16,-1.0,3136,36.301144770408165,96.0,134.0,3.381145833333333,1122.0,1
San Bernardino,2015,7,12.16315789473684,15.643984991666668,1,13.678846153846154,10.774074074074074,11.404003712337044,-0.4999999999999998,-0.8660254037844388,152,2.499605263157895,3136.0,96.0,36.301144770408165,1128.0,1
San Bernardino,2015,8,15.643984991666668,13.518630292035398,1,12.16315789473684,13.678846153846154,12.205359374219022,-0.8660254037844384,-0.5000000000000004,152,3.939473684210526,152.0,3136.0,2.499605263157895,1146.6666666666667,1
San Bernardino,2015,9,13.518630292035398,12.203277547008549,1,15.643984991666668,12.16315789473684,13.828663013416554,-1.0,-1.8369701987210294e-16,149,1.743758389261745,152.0,152.0,3.939473684210526,151.0,1
San Bernardino,2015,10,12.203277547008549,11.608120342105265,1,13.518630292035398,15.643984991666668,13.775257726146302,-0.8660254037844386,0.5000000000000001,127,1.9108661417322832,149.0,152.0,1.743758389261745,142.66666666666666,1
San Bernardino,2015,11,11.608120342105265,15.096066888888888,1,12.203277547008549,13.518630292035398,13.788630943570205,-0.5000000000000004,0.8660254037844384,154,2.0031818181818184,127.0,149.0,1.9108661417322832,143.33333333333334,1
San Bernardino,2015,12,15.096066888888888,13.889984139664806,1,11.608120342105265,12.203277547008549,12.443342727049735,-2.4492935982947064e-16,1.0,128,2.2678125,154.0,127.0,2.0031818181818184,136.33333333333334,1
San Bernardino,2016,1,13.889984139664806,11.95352037195122,1,15.096066888888888,11.608120342105265,12.969154926000902,0.4999999999999999,0.8660254037844387,92,2.9086956521739133,128.0,154.0,2.2678125,124.66666666666669,1
San Bernardino,2016,2,11.95352037195122,11.602138893258427,1,13.889984139664806,15.096066888888888,13.53139045688632,0.8660254037844386,0.5000000000000001,128,2.62515625,92.0,128.0,2.9086956521739133,116.0,1
San Bernardino,2016,3,11.602138893258427,9.436804476190476,0,11.95352037195122,13.889984139664806,13.646523800168303,1.0,6.123233995736766e-17,113,1.5338053097345132,128.0,92.0,2.62515625,111.0,1
San Bernardino,2016,4,9.436804476190476,7.719334694444444,0,11.602138893258427,11.95352037195122,12.48188113495815,0.8660254037844387,-0.4999999999999998,112,1.785625,113.0,128.0,1.5338053097345132,117.66666666666669,1
San Bernardino,2016,5,7.719334694444444,10.74602494090909,0,9.436804476190476,11.602138893258427,10.99748791380004,0.4999999999999999,-0.8660254037844387,154,1.5498051948051947,112.0,113.0,1.785625,126.33333333333331,1
San Bernardino,2016,6,10.74602494090909,12.736050921739132,1,7.719334694444444,9.436804476190476,9.586092687964449,1.2246467991473532e-16,-1.0,133,2.213308270676692,154.0,112.0,1.5498051948051947,133.0,1
San Bernardino,2016,7,12.736050921739132,12.174606481481485,1,10.74602494090909,7.719334694444444,9.30072137051467,-0.4999999999999998,-0.8660254037844388,152,2.393421052631579,133.0,154.0,2.213308270676692,146.33333333333334,1
San Bernardino,2016,8,12.174606481481485,9.60919554112554,0,12.736050921739132,10.74602494090909,10.400470185697555,-0.8660254037844384,-0.5000000000000004,955,33.76220942408377,152.0,133.0,2.393421052631579,413.3333333333333,1
San Bernardino,2016,9,9.60919554112554,8.629419835443038,0,12.174606481481485,12.736050921739132,11.885560781376569,-1.0,-1.8369701987210294e-16,150,3.675933333333333,955.0,152.0,33.76220942408377,419.0,1
San Bernardino,2016,10,8.629419835443038,9.932611415584416,0,9.60919554112554,12.174606481481485,11.506617648115386,-0.8660254037844386,0.5000000000000001,167,1.574670658682635,150.0,955.0,3.675933333333333,424.0,1
San Bernardino,2016,11,9.932611415584416,11.89967694893617,1,8.629419835443038,9.60919554112554,10.13774061935002,-0.5000000000000004,0.8660254037844384,217,1.9737327188940093,167.0,150.0,1.574670658682635,178.0,1
San Bernardino,2016,12,11.89967694893617,7.300460575630252,0,9.932611415584416,8.629419835443038,9.390408930717664,-2.4492935982947064e-16,1.0,46,3.5565217391304347,217.0,167.0,1.9737327188940093,143.33333333333334,1
San Bernardino,2017,1,7.300460575630252,7.268093862068966,0,11.89967694893617,9.932611415584416,10.153902733321209,0.4999999999999999,0.8660254037844387,86,2.5282558139534883,46.0,217.0,3.5565217391304347,116.33333333333331,1
San Bernardino,2017,2,7.268093862068966,9.922286305676856,0,7.300460575630252,11.89967694893617,9.710916313383612,0.8660254037844386,0.5000000000000001,74,2.153243243243243,86.0,46.0,2.5282558139534883,68.66666666666667,1
San Bernardino,2017,3,9.922286305676856,10.081759942982456,0,7.268093862068966,7.300460575630252,8.82274379554513,1.0,6.123233995736766e-17,155,1.4931612903225806,74.0,86.0,2.153243243243243,105.0,1
San Bernardino,2017,4,10.081759942982456,10.74623546090535,0,9.922286305676856,7.268093862068966,8.16361358112536,0.8660254037844387,-0.4999999999999998,135,1.4742222222222223,155.0,74.0,1.4931612903225806,121.33333333333331,1
San Bernardino,2017,5,10.74623546090535,12.2799785,1,10.081759942982456,9.922286305676856,9.090713370242758,0.4999999999999999,-0.8660254037844387,167,1.7192814371257483,135.0,155.0,1.4742222222222223,152.33333333333334,1
San Bernardino,2017,6,12.2799785,13.28137218579235,1,10.74623546090535,10.081759942982456,10.25009390318822,1.2246467991473532e-16,-1.0,239,7.576234309623431,167.0,135.0,1.7192814371257483,180.33333333333337,1
San Bernardino,2017,7,13.28137218579235,13.358539836820084,1,12.2799785,10.74623546090535,11.035991301295937,-0.4999999999999998,-0.8660254037844388,166,2.9417469879518072,239.0,167.0,7.576234309623431,190.66666666666663,1
San Bernardino,2017,8,13.358539836820084,11.773261555555557,1,13.28137218579235,12.2799785,12.1025287155659,-0.8660254037844384,-0.5000000000000004,170,2.310235294117647,166.0,239.0,2.9417469879518072,191.66666666666663,1
San Bernardino,2017,9,11.773261555555557,13.53916665560166,1,13.358539836820084,13.28137218579235,12.97329684087081,-1.0,-1.8369701987210294e-16,160,1.7258125,170.0,166.0,2.310235294117647,165.33333333333334,1
San Bernardino,2017,10,13.53916665560166,13.377338151960783,1,11.773261555555557,13.358539836820084,12.804391192722663,-0.8660254037844386,0.5000000000000001,213,1.73093896713615,160.0,170.0,1.7258125,181.0,1
San Bernardino,2017,11,13.377338151960783,15.114515472906405,1,13.53916665560166,11.773261555555557,12.890322682659102,-0.5000000000000004,0.8660254037844384,105,1.7930476190476192,213.0,160.0,1.73093896713615,159.33333333333334,1
San Bernardino,2017,12,15.114515472906405,14.035952840336137,1,13.377338151960783,13.53916665560166,12.896588787706,-2.4492935982947064e-16,1.0,144,2.5520833333333335,105.0,213.0,1.7930476190476192,154.0,1
San Bernardino,2018,1,14.035952840336137,10.553582995121952,0,15.114515472906405,13.377338151960783,14.010340093489615,0.4999999999999999,0.8660254037844387,137,1.7210948905109489,144.0,105.0,2.5520833333333335,128.66666666666666,1
San Bernardino,2018,2,10.553582995121952,8.188053609958505,0,14.035952840336137,15.114515472906405,14.175935488401109,0.8660254037844386,0.5000000000000001,147,2.298843537414966,137.0,144.0,1.7210948905109489,142.66666666666666,1
San Bernardino,2018,3,8.188053609958505,10.805310980582524,0,10.553582995121952,14.035952840336137,13.234683769454833,1.0,6.123233995736766e-17,95,2.2610526315789476,147.0,137.0,2.298843537414966,126.33333333333331,1
San Bernardino,2018,4,10.805310980582524,9.281022426778245,0,8.188053609958505,10.553582995121952,10.925863148472198,0.8660254037844387,-0.4999999999999998,123,1.455853658536585,95.0,147.0,2.2610526315789476,121.66666666666669,1
San Bernardino,2018,5,9.281022426778245,12.211665693617022,1,10.805310980582524,8.188053609958505,9.848982528554329,0.4999999999999999,-0.8660254037844387,136,1.468014705882353,123.0,95.0,1.455853658536585,118.0,1
San Bernardino,2018,6,12.211665693617022,13.246173555555556,1,9.281022426778245,10.805310980582524,9.424795672439757,1.2246467991473532e-16,-1.0,206,2.8451456310679615,136.0,123.0,1.468014705882353,155.0,1
San Bernardino,2018,7,13.246173555555556,15.6446964375,1,12.211665693617022,9.281022426778245,10.76599970032593,-0.4999999999999998,-0.8660254037844388,258,5.480658914728682,206.0,136.0,2.8451456310679615,200.0,1
San Bernardino,2018,8,15.6446964375,11.598962318965516,1,13.246173555555556,12.211665693617022,11.579620558650277,-0.8660254037844384,-0.5000000000000004,187,1.9177540106951871,258.0,206.0,5.480658914728682,217.0,1
San Bernardino,2018,9,11.598962318965516,9.638213738396624,0,15.6446964375,13.246173555555556,13.70084522889086,-1.0,-1.8369701987210294e-16,176,2.272556818181818,187.0,258.0,1.9177540106951871,207.0,1
San Bernardino,2018,10,9.638213738396624,11.930938847161572,1,11.598962318965516,15.6446964375,13.49661077067369,-0.8660254037844386,0.5000000000000001,208,2.4592788461538464,176.0,187.0,2.272556818181818,190.33333333333337,1
San Bernardino,2018,11,11.930938847161572,12.818010933884295,1,9.638213738396624,11.598962318965516,12.293957498287378,-0.5000000000000004,0.8660254037844384,156,1.7958333333333332,208.0,176.0,2.4592788461538464,180.0,1
San Bernardino,2018,12,12.818010933884295,10.07987937815126,0,11.930938847161572,9.638213738396624,11.056038301507904,-2.4492935982947064e-16,1.0,107,1.8957943925233645,156.0,208.0,1.7958333333333332,157.0,1
San Bernardino,2019,1,10.07987937815126,8.06038347142857,0,12.818010933884295,11.930938847161572,11.462387839814165,0.4999999999999999,0.8660254037844387,102,2.0777450980392156,107.0,156.0,1.8957943925233645,121.66666666666669,1
San Bernardino,2019,2,8.06038347142857,7.844623784482758,0,10.07987937815126,12.818010933884295,11.609609719732376,0.8660254037844386,0.5000000000000001,82,2.113048780487805,102.0,107.0,2.0777450980392156,97.0,1
San Bernardino,2019,3,7.844623784482758,9.10806642990654,0,8.06038347142857,10.07987937815126,10.319424594488044,1.0,6.123233995736766e-17,87,1.832183908045977,82.0,102.0,2.113048780487805,90.33333333333331,1
San Bernardino,2019,4,9.10806642990654,8.413793544680852,0,7.844623784482758,8.06038347142857,8.661628878020863,0.8660254037844387,-0.4999999999999998,139,1.5942446043165468,87.0,82.0,1.832183908045977,102.66666666666669,1
San Bernardino,2019,5,8.413793544680852,10.190521960698687,0,9.10806642990654,7.844623784482758,8.337691228605957,0.4999999999999999,-0.8660254037844387,114,1.4809649122807018,139.0,87.0,1.5942446043165468,113.33333333333331,1
San Bernardino,2019,6,10.190521960698687,13.531728855932204,1,8.413793544680852,9.10806642990654,8.455494586356716,1.2246467991473532e-16,-1.0,157,1.7698089171974525,114.0,139.0,1.4809649122807018,136.66666666666666,1
San Bernardino,2019,7,13.531728855932204,11.000126888429753,0,10.190521960698687,8.413793544680852,9.23746064509536,-0.4999999999999998,-0.8660254037844388,148,3.2698648648648647,157.0,114.0,1.7698089171974525,139.66666666666666,1
San Bernardino,2019,8,11.000126888429753,10.303609456896552,0,13.531728855932204,10.190521960698687,10.712014787103916,-0.8660254037844384,-0.5000000000000004,167,2.182754491017964,148.0,157.0,3.2698648648648647,157.33333333333334,1
San Bernardino,2019,9,10.303609456896552,11.302760185654009,1,11.000126888429753,13.531728855932204,11.574125901686882,-1.0,-1.8369701987210294e-16,152,1.5233552631578948,167.0,148.0,2.182754491017964,155.66666666666666,1
San Bernardino,2019,10,11.302760185654009,14.55695510762332,1,10.303609456896552,11.000126888429753,11.611821733752835,-0.8660254037844386,0.5000000000000001,199,4.796984924623116,152.0,167.0,1.5233552631578948,172.66666666666666,1
San Bernardino,2019,11,14.55695510762332,11.030811244131456,0,11.302760185654009,10.303609456896552,10.868832176993438,-0.5000000000000004,0.8660254037844384,112,1.760982142857143,199.0,152.0,4.796984924623116,154.33333333333334,0
San Bernardino,2019,12,11.030811244131456,13.542230504132233,1,14.55695510762332,11.302760185654009,12.054441583391291,-2.4492935982947064e-16,1.0,42,1.7111904761904764,112.0,199.0,1.760982142857143,117.66666666666669,1
San Bernardino,2020,1,13.542230504132233,11.552149691964289,1,11.030811244131456,14.55695510762332,12.29684217913626,0.4999999999999999,0.8660254037844387,89,1.5898876404494382,42.0,112.0,1.7111904761904764,81.0,1
San Bernardino,2020,2,11.552149691964289,6.108785757201646,0,13.542230504132233,11.030811244131456,13.04333228529567,0.8660254037844386,0.5000000000000001,85,1.8011764705882352,89.0,42.0,1.5898876404494382,72.0,1
San Bernardino,2020,3,6.108785757201646,7.768705294117647,0,11.552149691964289,13.542230504132233,12.041730480075993,1.0,6.123233995736766e-17,78,2.0911538461538464,85.0,89.0,1.8011764705882352,84.0,1
San Bernardino,2020,4,7.768705294117647,9.751490330357145,0,6.108785757201646,11.552149691964289,10.401055317766057,0.8660254037844387,-0.4999999999999998,89,1.3917977528089889,78.0,85.0,2.0911538461538464,84.0,1
San Bernardino,2020,5,9.751490330357145,9.899193991189428,0,7.768705294117647,6.108785757201646,8.47654691442786,0.4999999999999999,-0.8660254037844387,162,3.431666666666666,89.0,78.0,1.3917977528089889,109.66666666666669,1
San Bernardino,2020,6,9.899193991189428,11.924709419087137,1,9.751490330357145,7.768705294117647,7.87632712722548,1.2246467991473532e-16,-1.0,104,2.788557692307692,162.0,89.0,3.431666666666666,118.33333333333331,1
San Bernardino,2020,7,11.924709419087137,14.97765437037037,1,9.899193991189428,9.751490330357145,9.13979653855474,-0.4999999999999998,-0.8660254037844388,163,7.334049079754601,104.0,162.0,2.788557692307692,143.0,1
San Bernardino,2020,8,14.97765437037037,22.42470482832618,1,11.924709419087137,9.899193991189428,10.525131246877905,-0.8660254037844384,-0.5000000000000004,912,18.707620614035086,163.0,104.0,7.334049079754601,393.0,1
San Bernardino,2020,9,22.42470482832618,18.756147874476987,1,14.97765437037037,11.924709419087137,12.267185926882313,-1.0,-1.8369701987210294e-16,1629,28.890705954573356,912.0,163.0,18.707620614035086,901.3333333333334,1
San Bernardino,2020,10,18.756147874476987,13.593495042056077,1,22.42470482832618,14.97765437037037,16.442356205927897,-0.8660254037844386,0.5000000000000001,325,10.912184615384616,1629.0,912.0,28.890705954573356,955.3333333333334,1
San Bernardino,2020,11,13.593495042056077,11.725167214285715,1,18.756147874476987,22.42470482832618,18.71950235772451,-0.5000000000000004,0.8660254037844384,153,2.071764705882353,325.0,1629.0,10.912184615384616,702.3333333333334,1
San Diego,2015,3,7.02983868159204,7.798789036842106,0,6.990881251461988,7.0599593830845775,7.025420317273283,1.0,6.123233995736766e-17,14,2.2,61.0,10.0,17.41344262295082,28.333333333333332,1
San Diego,2015,4,7.798789036842106,6.349628037234043,0,7.02983868159204,6.990881251461988,7.026893105379536,0.8660254037844387,-0.4999999999999998,66,10.436060606060606,14.0,61.0,2.2,47.0,0
San Diego,2015,5,6.349628037234043,6.65949167032967,0,7.798789036842106,7.02983868159204,7.273169656632045,0.4999999999999999,-0.8660254037844387,9,3.2244444444444444,66.0,14.0,10.436060606060606,29.666666666666668,0
San Diego,2015,6,6.65949167032967,4.469807857142857,0,6.349628037234043,7.798789036842106,7.05941858522273,1.2246467991473532e-16,-1.0,30,7.432666666666666,9.0,66.0,3.2244444444444444,35.0,0
San Diego,2015,7,4.469807857142857,8.153861369565218,0,6.65949167032967,6.349628037234043,6.935969581468606,-0.4999999999999998,-0.8660254037844388,18,8.702222222222224,30.0,9.0,7.432666666666666,19.0,0
San Diego,2015,8,8.153861369565218,6.520536792349727,0,4.469807857142857,6.65949167032967,5.826309188235523,-0.8660254037844384,-0.5000000000000004,42,17.351666666666667,18.0,30.0,8.702222222222224,30.0,0
San Diego,2015,9,6.520536792349727,5.08836397752809,0,8.153861369565218,4.469807857142857,6.427720299012582,-1.0,-1.8369701987210294e-16,10,4.282,42.0,18.0,17.351666666666667,23.333333333333332,0
San Diego,2015,10,5.08836397752809,5.918168214285714,0,6.520536792349727,8.153861369565218,6.381402006352602,-0.8660254037844386,0.5000000000000001,7,0.5814285714285715,10.0,42.0,4.282,19.666666666666668,0
San Diego,2015,11,5.918168214285714,6.5506876,0,5.08836397752809,6.520536792349727,6.587587379814345,-0.5000000000000004,0.8660254037844384,9,1.237777777777778,7.0,10.0,0.5814285714285715,8.666666666666666,0
San Diego,2015,12,6.5506876,6.868394947368421,0,5.918168214285714,5.08836397752809,5.84235632805451,-2.4492935982947064e-16,1.0,10,1.295,9.0,7.0,1.237777777777778,8.666666666666666,0
San Diego,2016,1,6.868394947368421,7.063387536144577,0,6.5506876,5.918168214285714,5.852406597271268,0.4999999999999999,0.8660254037844387,10,2.263,10.0,9.0,1.295,9.666666666666666,0
San Diego,2016,2,7.063387536144577,7.412048291666667,0,6.868394947368421,6.5506876,6.445750253884712,0.8660254037844386,0.5000000000000001,42,7.73952380952381,10.0,10.0,2.263,20.666666666666668,1
San Diego,2016,3,7.412048291666667,7.000706715846995,0,7.063387536144577,6.868394947368421,6.8274900278376665,1.0,6.123233995736766e-17,47,11.376382978723406,42.0,10.0,7.73952380952381,33.0,0
San Diego,2016,4,7.000706715846995,5.6774684278074865,0,7.412048291666667,7.063387536144577,7.114610258393221,0.8660254037844387,-0.4999999999999998,17,18.70823529411765,47.0,42.0,11.376382978723406,35.333333333333336,0
San Diego,2016,5,5.6774684278074865,8.781488751351352,0,7.000706715846995,7.412048291666667,7.158714181219413,0.4999999999999999,-0.8660254037844387,8,11.11125,17.0,47.0,18.70823529411765,24.0,1
San Diego,2016,6,8.781488751351352,7.707125608465608,0,5.6774684278074865,7.000706715846995,6.69674114510705,1.2246467991473532e-16,-1.0,163,35.704478527607364,8.0,17.0,11.11125,62.666666666666664,0
San Diego,2016,7,7.707125608465608,7.600201744565217,0,8.781488751351352,5.6774684278074865,7.153221298335278,-0.4999999999999998,-0.8660254037844388,11,9.981818181818182,163.0,8.0,35.704478527607364,60.666666666666664,0
San Diego,2016,8,7.600201744565217,7.86691225,0,7.707125608465608,8.781488751351352,7.388694262541482,-0.8660254037844384,-0.5000000000000004,3,1.4333333333333331,11.0,163.0,9.981818181818182,59.0,0
San Diego,2016,9,7.86691225,6.391048040229885,0,7.600201744565217,7.707125608465608,8.029605368127392,-1.0,-1.8369701987210294e-16,5,2.17,3.0,11.0,1.4333333333333331,6.333333333333333,0
San Diego,2016,10,6.391048040229885,6.142027935294118,0,7.86691225,7.600201744565217,7.724746534343609,-0.8660254037844386,0.5000000000000001,10,0.517,5.0,3.0,2.17,6.0,0
San Diego,2016,11,6.142027935294118,6.734489439306358,0,6.391048040229885,7.86691225,7.286054011598367,-0.5000000000000004,0.8660254037844384,12,3.4333333333333336,10.0,5.0,0.517,9.0,0
San Diego,2016,12,6.734489439306358,5.1327149062499995,0,6.142027935294118,6.391048040229885,6.799996075174668,-2.4492935982947064e-16,1.0,27,36.07111111111111,12.0,10.0,3.4333333333333336,16.333333333333332,0
San Diego,2017,1,5.1327149062499995,4.709478757961783,0,6.734489439306358,6.142027935294118,6.422521804943454,0.4999999999999999,0.8660254037844387,10,1.118,27.0,12.0,36.07111111111111,16.333333333333332,0
San Diego,2017,2,4.709478757961783,5.945539779069767,0,5.1327149062499995,6.734489439306358,6.003077426950159,0.8660254037844386,0.5000000000000001,14,3.7707142857142855,10.0,27.0,1.118,17.0,1
San Diego,2017,3,5.945539779069767,6.6054655902777775,0,4.709478757961783,5.1327149062499995,5.5255610345060475,1.0,6.123233995736766e-17,57,19.44333333333333,14.0,10.0,3.7707142857142855,27.0,0
San Diego,2017,4,6.6054655902777775,6.482668335260116,0,5.945539779069767,4.709478757961783,5.262577814427183,0.8660254037844387,-0.4999999999999998,31,5.599354838709678,57.0,14.0,19.44333333333333,34.0,1
San Diego,2017,5,6.482668335260116,7.101654145348837,0,6.6054655902777775,5.945539779069767,5.753494709103109,0.4999999999999999,-0.8660254037844387,81,8.708148148148148,31.0,57.0,5.599354838709678,56.333333333333336,1
San Diego,2017,6,7.101654145348837,9.274343891891892,0,6.482668335260116,6.6054655902777775,6.344557901535887,1.2246467991473532e-16,-1.0,73,8.742739726027398,81.0,31.0,8.708148148148148,61.666666666666664,0
San Diego,2017,7,9.274343891891892,9.614811142857144,0,7.101654145348837,6.482668335260116,6.729929356962244,-0.4999999999999998,-0.8660254037844388,22,29.614545454545453,73.0,81.0,8.742739726027398,58.666666666666664,0
San Diego,2017,8,9.614811142857144,8.54434288,0,9.274343891891892,7.101654145348837,7.619555457500282,-0.8660254037844384,-0.5000000000000004,39,25.87025641025641,22.0,73.0,29.614545454545453,44.666666666666664,0
San Diego,2017,9,8.54434288,10.466176597560976,0,9.614811142857144,9.274343891891892,8.663603060032626,-1.0,-1.8369701987210294e-16,23,1.6282608695652174,39.0,22.0,25.87025641025641,28.0,1
San Diego,2017,10,10.466176597560976,6.499929084656085,0,8.54434288,9.614811142857144,9.144499304916346,-0.8660254037844386,0.5000000000000001,72,7.309444444444444,23.0,39.0,1.6282608695652174,44.666666666666664,0
San Diego,2017,11,6.499929084656085,10.414976419354838,0,10.466176597560976,8.54434288,9.541776873472706,-0.5000000000000004,0.8660254037844384,13,0.7246153846153847,72.0,23.0,7.309444444444444,36.0,1
San Diego,2017,12,10.414976419354838,9.354683242290749,0,6.499929084656085,10.466176597560976,8.503482854072354,-2.4492935982947064e-16,1.0,89,39.71887640449438,13.0,72.0,0.7246153846153847,58.0,0
San Diego,2018,1,9.354683242290749,8.806650181818183,0,10.414976419354838,6.499929084656085,9.127027367190632,0.4999999999999999,0.8660254037844387,25,8.2468,89.0,13.0,39.71887640449438,42.333333333333336,0
San Diego,2018,2,8.806650181818183,5.202058430555555,0,9.354683242290749,10.414976419354838,8.756529582100557,0.8660254037844386,0.5000000000000001,36,3.8952777777777783,25.0,89.0,8.2468,50.0,0
San Diego,2018,3,5.202058430555555,11.693930315270936,1,8.806650181818183,9.354683242290749,9.525436614487925,1.0,6.123233995736766e-17,27,6.887037037037037,36.0,25.0,3.8952777777777783,29.333333333333332,0
San Diego,2018,4,11.693930315270936,8.607458475,0,5.202058430555555,8.806650181818183,7.787797284888161,0.8660254037844387,-0.4999999999999998,12,4.229166666666667,27.0,36.0,6.887037037037037,25.0,0
San Diego,2018,5,8.607458475,10.507665568281938,0,11.693930315270936,5.202058430555555,8.567546309214892,0.4999999999999999,-0.8660254037844387,28,9.82464285714286,12.0,27.0,4.229166666666667,22.333333333333332,0
San Diego,2018,6,10.507665568281938,12.145009153846154,1,8.607458475,11.693930315270936,8.50114907360883,1.2246467991473532e-16,-1.0,40,13.93075,28.0,12.0,9.82464285714286,26.666666666666668,1
San Diego,2018,7,12.145009153846154,17.45027030120482,1,10.507665568281938,8.607458475,10.26968478618429,-0.4999999999999998,-0.8660254037844388,68,10.853235294117647,40.0,28.0,13.93075,45.333333333333336,0
San Diego,2018,8,17.45027030120482,14.420772058823529,1,12.145009153846154,10.507665568281938,10.420044399042697,-0.8660254037844384,-0.5000000000000004,16,10.32625,68.0,40.0,10.853235294117647,41.333333333333336,0
San Diego,2018,9,14.420772058823529,11.407209747191011,1,17.45027030120482,12.145009153846154,13.36764834111097,-1.0,-1.8369701987210294e-16,17,6.16235294117647,16.0,68.0,10.32625,33.666666666666664,0
San Diego,2018,10,11.407209747191011,10.70345644318182,0,14.420772058823529,17.45027030120482,14.6720171712915,-0.8660254037844386,0.5000000000000001,8,0.60375,17.0,16.0,6.16235294117647,13.666666666666666,0
San Diego,2018,11,10.70345644318182,11.566481461111112,1,11.407209747191011,14.420772058823529,14.426084035739786,-0.5000000000000004,0.8660254037844384,16,2.951875,8.0,17.0,0.60375,13.666666666666666,0
San Diego,2018,12,11.566481461111112,8.772768011764706,0,10.70345644318182,11.407209747191011,12.177146083065452,-2.4492935982947064e-16,1.0,19,4.298421052631579,16.0,8.0,2.951875,14.333333333333334,0
San Diego,2019,1,8.772768011764706,6.206935807453416,0,11.566481461111112,10.70345644318182,11.22571588382798,0.4999999999999999,0.8660254037844387,17,8.025882352941176,19.0,16.0,4.298421052631579,17.333333333333332,0
San Diego,2019,2,6.206935807453416,7.002682,0,8.772768011764706,11.566481461111112,10.347568638685878,0.8660254037844386,0.5000000000000001,13,3.5453846153846156,17.0,19.0,8.025882352941176,16.333333333333332,0
San Diego,2019,3,7.002682,11.605986597701149,1,6.206935807453416,8.772768011764706,8.848728426776411,1.0,6.123233995736766e-17,13,3.983076923076923,13.0,17.0,3.5453846153846156,14.333333333333334,0
San Diego,2019,4,11.605986597701149,10.55180558888889,0,7.002682,6.206935807453416,7.327461939739375,0.8660254037844387,-0.4999999999999998,11,6.7763636363636355,13.0,13.0,3.983076923076923,12.333333333333334,0
San Diego,2019,5,10.55180558888889,11.283646545454546,1,11.605986597701149,7.002682,8.271868135051522,0.4999999999999999,-0.8660254037844387,13,4.552307692307692,11.0,13.0,6.7763636363636355,12.333333333333334,0
San Diego,2019,6,11.283646545454546,16.26105072826087,1,10.55180558888889,11.605986597701149,9.72015806219668,1.2246467991473532e-16,-1.0,27,6.782592592592592,13.0,11.0,4.552307692307692,17.0,0
San Diego,2019,7,16.26105072826087,14.264726677248678,1,11.283646545454546,10.55180558888889,11.147146244014865,-0.4999999999999998,-0.8660254037844388,30,4.949333333333333,27.0,13.0,6.782592592592592,23.333333333333332,0
San Diego,2019,8,14.264726677248678,12.978252714285714,1,16.26105072826087,11.283646545454546,12.69883428753477,-0.8660254037844384,-0.5000000000000004,43,11.073488372093022,30.0,27.0,4.949333333333333,33.333333333333336,0
San Diego,2019,9,12.978252714285714,14.315391606557377,1,14.264726677248678,16.26105072826087,13.936474650321363,-1.0,-1.8369701987210294e-16,17,2.3458823529411768,43.0,30.0,11.073488372093022,30.0,0
San Diego,2019,10,14.315391606557377,15.208195956043957,1,12.978252714285714,14.264726677248678,14.501343373265088,-0.8660254037844386,0.5000000000000001,42,5.916428571428572,17.0,43.0,2.3458823529411768,34.0,0
San Diego,2019,11,15.208195956043957,9.230537411428571,0,14.315391606557377,12.978252714285714,13.852790332697255,-0.5000000000000004,0.8660254037844384,12,0.7391666666666666,42.0,17.0,5.916428571428572,23.666666666666668,0
San Diego,2019,12,9.230537411428571,12.45270835,1,15.208195956043957,14.315391606557377,14.167280092295684,-2.4492935982947064e-16,1.0,13,2.3861538461538463,12.0,42.0,0.7391666666666666,22.333333333333332,0
San Diego,2020,1,12.45270835,11.713706732240436,1,9.230537411428571,15.208195956043957,12.918041658009969,0.4999999999999999,0.8660254037844387,21,4.387142857142857,13.0,12.0,2.3861538461538463,15.333333333333334,0
San Diego,2020,2,11.713706732240436,6.967351119791666,0,12.45270835,9.230537411428571,12.297147239157509,0.8660254037844386,0.5000000000000001,36,6.049444444444444,21.0,13.0,4.387142857142857,23.333333333333332,0
San Diego,2020,3,6.967351119791666,10.725173604166663,0,11.713706732240436,12.45270835,11.132317497889668,1.0,6.123233995736766e-17,20,7.848999999999999,36.0,21.0,6.049444444444444,25.666666666666668,0
San Diego,2020,4,10.725173604166663,14.002336867724868,1,6.967351119791666,11.713706732240436,10.377922067344034,0.8660254037844387,-0.4999999999999998,13,0.3346153846153846,20.0,36.0,7.848999999999999,23.0,0
San Diego,2020,5,14.002336867724868,11.416442655913976,1,10.725173604166663,6.967351119791666,9.802077152066255,0.4999999999999999,-0.8660254037844387,35,13.853714285714286,13.0,20.0,0.3346153846153846,22.666666666666668,1
San Diego,2020,6,11.416442655913976,14.036767155778897,1,14.002336867724868,10.725173604166663,10.5649538638944,1.2246467991473532e-16,-1.0,174,10.765459770114942,35.0,13.0,13.853714285714286,74.0,0
San Diego,2020,7,14.036767155778897,16.554822365482234,1,11.416442655913976,14.002336867724868,12.047984375935169,-0.4999999999999998,-0.8660254037844388,24,2.36875,174.0,35.0,10.765459770114942,77.66666666666667,0
San Diego,2020,8,16.554822365482234,28.757084827956987,1,14.036767155778897,11.416442655913976,13.151848893139244,-0.8660254037844384,-0.5000000000000004,22,8.756818181818183,24.0,174.0,2.36875,73.33333333333333,1
San Diego,2020,9,28.757084827956987,27.640916689999997,1,16.554822365482234,14.036767155778897,14.002677392391703,-1.0,-1.8369701987210294e-16,204,16.697598039215688,22.0,24.0,8.756818181818183,83.33333333333333,0
San Diego,2020,10,27.640916689999997,20.384201385416667,1,28.757084827956987,16.554822365482234,19.78289144973937,-0.8660254037844386,0.5000000000000001,17,0.8094117647058824,204.0,22.0,16.697598039215688,81.0,0
San Diego,2020,11,20.384201385416667,20.521105547738692,1,27.640916689999997,28.757084827956987,24.317607961146408,-0.5000000000000004,0.8660254037844384,13,0.4499999999999999,17.0,204.0,0.8094117647058824,78.0,0
San Joaquin,2015,3,8.471065494623655,6.461674066666666,0,15.570889042424245,27.822647961538465,21.696768501981353,1.0,6.123233995736766e-17,24,3.0775,22.0,4.0,3.5745454545454547,16.666666666666668,1
San Joaquin,2015,4,6.461674066666666,7.400535403225806,0,8.471065494623655,15.570889042424245,17.28820083286212,0.8660254037844387,-0.4999999999999998,55,5.642545454545454,24.0,22.0,3.0775,33.666666666666664,1
San Joaquin,2015,5,7.400535403225806,9.425590847457627,0,6.461674066666666,8.471065494623655,10.167876201238188,0.4999999999999999,-0.8660254037844387,47,10.171702127659575,55.0,24.0,5.642545454545454,42.0,0
San Joaquin,2015,6,9.425590847457627,8.501086946236558,0,7.400535403225806,6.461674066666666,7.444424988172043,1.2246467991473532e-16,-1.0,32,4.839375,47.0,55.0,10.171702127659575,44.666666666666664,0
San Joaquin,2015,7,8.501086946236558,12.912644489247311,1,9.425590847457627,7.400535403225806,7.762600105783367,-0.4999999999999998,-0.8660254037844388,23,6.560434782608695,32.0,47.0,4.839375,34.0,0
San Joaquin,2015,8,12.912644489247311,10.584589748603353,0,8.501086946236558,9.425590847457627,8.44240439897333,-0.8660254037844384,-0.5000000000000004,13,1.8576923076923075,23.0,32.0,6.560434782608695,22.666666666666668,0
San Joaquin,2015,9,10.584589748603353,11.576005569060774,1,12.912644489247311,8.501086946236558,10.279774094313831,-1.0,-1.8369701987210294e-16,11,0.8281818181818181,13.0,23.0,1.8576923076923075,15.666666666666666,0
San Joaquin,2015,10,11.576005569060774,16.08907518888889,1,10.584589748603353,12.912644489247311,10.666107061362409,-0.8660254037844386,0.5000000000000001,20,3.375,11.0,13.0,0.8281818181818181,14.666666666666666,0
San Joaquin,2015,11,16.08907518888889,16.57286088172043,1,11.576005569060774,10.584589748603353,11.691079935637148,-0.5000000000000004,0.8660254037844384,26,3.5953846153846154,20.0,11.0,3.375,19.0,0
San Joaquin,2015,12,16.57286088172043,15.057754869318185,1,16.08907518888889,11.576005569060774,12.749890168851003,-2.4492935982947064e-16,1.0,9,5.257777777777778,26.0,20.0,3.5953846153846154,18.333333333333332,0
San Joaquin,2016,1,15.057754869318185,15.814093554054054,1,16.57286088172043,16.08907518888889,14.7459805465567,0.4999999999999999,0.8660254037844387,4,1.8325,9.0,26.0,5.257777777777778,13.0,0
San Joaquin,2016,2,15.814093554054054,9.053696412087913,0,15.057754869318185,16.57286088172043,15.906563646642502,0.8660254037844386,0.5000000000000001,9,1.6711111111111112,4.0,9.0,1.8325,7.333333333333333,0
San Joaquin,2016,3,9.053696412087913,9.82351887150838,0,15.814093554054054,15.057754869318185,15.814903101697558,1.0,6.123233995736766e-17,19,2.2699999999999996,9.0,4.0,1.6711111111111112,10.666666666666666,0
San Joaquin,2016,4,9.82351887150838,9.1587533,0,9.053696412087913,15.814093554054054,13.308514945153384,0.8660254037844387,-0.4999999999999998,18,2.6544444444444446,19.0,9.0,2.2699999999999996,15.333333333333334,0
San Joaquin,2016,5,9.1587533,9.208055994186047,0,9.82351887150838,9.053696412087913,11.563769612550116,0.4999999999999999,-0.8660254037844387,20,6.326,18.0,19.0,2.6544444444444446,19.0,0
San Joaquin,2016,6,9.208055994186047,9.808371808139537,0,9.1587533,9.82351887150838,9.345322861198763,1.2246467991473532e-16,-1.0,26,5.041153846153846,20.0,18.0,6.326,21.333333333333332,0
San Joaquin,2016,7,9.808371808139537,10.935696177419356,0,9.208055994186047,9.1587533,9.396776055231475,-0.4999999999999998,-0.8660254037844388,23,3.659130434782608,26.0,20.0,5.041153846153846,23.0,0
San Joaquin,2016,8,10.935696177419356,10.357059695945946,0,9.808371808139537,9.208055994186047,9.391727034108529,-0.8660254037844384,-0.5000000000000004,16,1.845,23.0,26.0,3.659130434782608,21.666666666666668,0
San Joaquin,2016,9,10.357059695945946,7.193814263157895,0,10.935696177419356,9.808371808139537,9.984041326581648,-1.0,-1.8369701987210294e-16,10,1.234,16.0,23.0,1.845,16.333333333333332,0
San Joaquin,2016,10,7.193814263157895,13.791796416666664,1,10.357059695945946,10.935696177419356,10.367042560501613,-0.8660254037844386,0.5000000000000001,35,3.1565714285714286,10.0,16.0,1.234,20.333333333333332,0
San Joaquin,2016,11,13.791796416666664,20.11251493888889,1,7.193814263157895,10.357059695945946,9.495523378841066,-0.5000000000000004,0.8660254037844384,38,4.682894736842106,35.0,10.0,3.1565714285714286,27.666666666666668,0
San Joaquin,2016,12,20.11251493888889,12.293833206703912,1,13.791796416666664,7.193814263157895,10.447556791923502,-2.4492935982947064e-16,1.0,12,4.503333333333333,38.0,35.0,4.682894736842106,28.333333333333332,0
San Joaquin,2017,2,7.964888850340136,7.67335861827957,0,12.293833206703912,20.11251493888889,15.399381520753154,0.8660254037844386,0.5000000000000001,6,1.6716666666666669,12.0,38.0,4.503333333333333,18.666666666666668,0
San Joaquin,2017,3,7.67335861827957,6.475289405555555,0,7.964888850340136,12.293833206703912,13.457078998644311,1.0,6.123233995736766e-17,26,4.5661538461538465,6.0,12.0,1.6716666666666669,14.666666666666666,0
San Joaquin,2017,4,6.475289405555555,6.082714527173914,0,7.67335861827957,7.964888850340136,9.310693558441208,0.8660254037844387,-0.4999999999999998,42,2.904047619047619,26.0,6.0,4.5661538461538465,24.666666666666668,0
San Joaquin,2017,5,6.082714527173914,6.968414216783217,0,6.475289405555555,7.67335861827957,7.371178958058422,0.4999999999999999,-0.8660254037844387,39,3.54051282051282,42.0,26.0,2.904047619047619,35.666666666666664,0
San Joaquin,2017,6,6.968414216783217,9.512718878980891,0,6.082714527173914,6.475289405555555,6.743787517003014,1.2246467991473532e-16,-1.0,32,4.5096875,39.0,42.0,3.54051282051282,37.666666666666664,0
San Joaquin,2017,7,9.512718878980891,13.251376735955056,1,6.968414216783217,6.082714527173914,6.508806049837563,-0.4999999999999998,-0.8660254037844388,39,1.7835897435897436,32.0,39.0,4.5096875,36.666666666666664,0
San Joaquin,2017,8,13.251376735955056,11.983127913793105,1,9.512718878980891,6.968414216783217,7.5212825409793425,-0.8660254037844384,-0.5000000000000004,39,2.516923076923077,39.0,32.0,1.7835897435897436,36.666666666666664,1
San Joaquin,2017,9,11.983127913793105,15.331472994623656,1,13.251376735955056,9.512718878980891,9.910836610573057,-1.0,-1.8369701987210294e-16,53,11.195094339622642,39.0,39.0,2.516923076923077,43.666666666666664,0
San Joaquin,2017,10,15.331472994623656,13.171790112359552,1,11.983127913793105,13.251376735955056,11.582407842909689,-0.8660254037844386,0.5000000000000001,39,2.382820512820513,53.0,39.0,11.195094339622642,43.666666666666664,1
San Joaquin,2017,11,13.171790112359552,31.022712815028903,1,15.331472994623656,11.983127913793105,13.52199254812394,-0.5000000000000004,0.8660254037844384,53,4.57811320754717,39.0,53.0,2.382820512820513,48.333333333333336,0
San Joaquin,2017,12,31.022712815028903,19.620418566666668,1,13.171790112359552,15.331472994623656,13.495463673592106,-2.4492935982947064e-16,1.0,41,4.281219512195122,53.0,39.0,4.57811320754717,44.333333333333336,0
San Joaquin,2018,1,19.620418566666668,14.544210155688624,1,31.022712815028903,13.171790112359552,19.84199197400404,0.4999999999999999,0.8660254037844387,11,3.988181818181818,41.0,53.0,4.281219512195122,35.0,1
San Joaquin,2018,2,14.544210155688624,8.69015623655914,0,19.620418566666668,31.022712815028903,21.271640498018375,0.8660254037844386,0.5000000000000001,58,4.158620689655173,11.0,41.0,3.988181818181818,36.666666666666664,0
San Joaquin,2018,3,8.69015623655914,8.999452301675976,0,14.544210155688624,19.620418566666668,21.729113845794732,1.0,6.123233995736766e-17,26,4.497307692307692,58.0,11.0,4.158620689655173,31.666666666666668,0
San Joaquin,2018,4,8.999452301675976,7.019406372972973,0,8.69015623655914,14.544210155688624,14.284928319638146,0.8660254037844387,-0.4999999999999998,34,2.8241176470588236,26.0,58.0,4.497307692307692,39.333333333333336,0
San Joaquin,2018,5,7.019406372972973,8.489090662650602,0,8.999452301675976,8.69015623655914,10.744606231307912,0.4999999999999999,-0.8660254037844387,34,2.151764705882353,34.0,26.0,2.8241176470588236,31.333333333333332,0
San Joaquin,2018,6,8.489090662650602,11.358358973118278,1,7.019406372972973,8.999452301675976,8.23633830373603,1.2246467991473532e-16,-1.0,37,5.3108108108108105,34.0,34.0,2.151764705882353,35.0,0
San Joaquin,2018,7,11.358358973118278,18.934375435483872,1,8.489090662650602,7.019406372972973,8.169316445766517,-0.4999999999999998,-0.8660254037844388,17,2.472352941176471,37.0,34.0,5.3108108108108105,29.333333333333332,0
San Joaquin,2018,8,18.934375435483872,10.605913220338984,0,11.358358973118278,8.489090662650602,8.955618669580618,-0.8660254037844384,-0.5000000000000004,30,4.183333333333334,17.0,37.0,2.472352941176471,28.0,0
San Joaquin,2018,9,10.605913220338984,9.746763313186811,0,18.934375435483872,11.358358973118278,12.927275023750918,-1.0,-1.8369701987210294e-16,27,1.9585185185185183,30.0,17.0,4.183333333333334,24.666666666666668,1
San Joaquin,2018,10,9.746763313186811,50.269048283333326,1,10.605913220338984,18.934375435483872,13.632882542980376,-0.8660254037844386,0.5000000000000001,52,3.2688461538461535,27.0,30.0,1.9585185185185183,36.333333333333336,0
San Joaquin,2018,11,50.269048283333326,17.69987424731183,1,9.746763313186811,10.605913220338984,13.095683989669888,-0.5000000000000004,0.8660254037844384,16,2.97875,52.0,27.0,3.2688461538461535,31.666666666666668,0
San Joaquin,2018,12,17.69987424731183,20.739795744360904,1,50.269048283333326,9.746763313186811,23.54057493895304,-2.4492935982947064e-16,1.0,23,2.2778260869565217,16.0,52.0,2.97875,30.333333333333332,0
San Joaquin,2019,1,20.739795744360904,6.415182176056338,0,17.69987424731183,50.269048283333326,25.905228614610653,0.4999999999999999,0.8660254037844387,16,3.2993750000000004,23.0,16.0,2.2778260869565217,18.333333333333332,0
San Joaquin,2019,2,6.415182176056338,6.184958695652174,0,20.739795744360904,17.69987424731183,29.56957275833535,0.8660254037844386,0.5000000000000001,13,5.1184615384615375,16.0,23.0,3.2993750000000004,17.333333333333332,0
San Joaquin,2019,3,6.184958695652174,6.359742483146067,0,6.415182176056338,20.739795744360904,14.951617389243024,1.0,6.123233995736766e-17,40,2.7947499999999996,13.0,16.0,5.1184615384615375,23.0,0
San Joaquin,2019,4,6.359742483146067,5.612575810650887,0,6.184958695652174,6.415182176056338,11.113312205356472,0.8660254037844387,-0.4999999999999998,33,3.0336363636363637,40.0,13.0,2.7947499999999996,28.666666666666668,0
San Joaquin,2019,5,5.612575810650887,6.578984829113924,0,6.359742483146067,6.184958695652174,6.319961118284859,0.4999999999999999,-0.8660254037844387,34,2.333235294117647,33.0,40.0,3.0336363636363637,35.666666666666664,0
San Joaquin,2019,6,6.578984829113924,6.925634756906077,0,5.612575810650887,6.359742483146067,6.05242566314971,1.2246467991473532e-16,-1.0,40,3.65925,34.0,33.0,2.333235294117647,35.666666666666664,0
San Joaquin,2019,7,6.925634756906077,7.21257690647482,0,6.578984829113924,5.612575810650887,6.18376770763696,-0.4999999999999998,-0.8660254037844388,43,4.703720930232558,40.0,34.0,3.65925,39.0,1
San Joaquin,2019,8,7.21257690647482,5.546434430379747,0,6.925634756906077,6.578984829113924,6.372398465556962,-0.8660254037844384,-0.5000000000000004,59,7.922033898305085,43.0,40.0,4.703720930232558,47.333333333333336,0
San Joaquin,2019,9,5.546434430379747,9.849298741935485,0,7.21257690647482,6.925634756906077,6.905732164164941,-1.0,-1.8369701987210294e-16,35,6.658,59.0,43.0,7.922033898305085,45.666666666666664,1
San Joaquin,2019,10,9.849298741935485,17.231493188888887,1,5.546434430379747,7.21257690647482,6.561548697920213,-0.8660254037844386,0.5000000000000001,54,3.2081481481481484,35.0,59.0,6.658,49.333333333333336,1
San Joaquin,2019,11,17.231493188888887,10.913747935897437,0,9.849298741935485,5.546434430379747,7.536103359596684,-0.5000000000000004,0.8660254037844384,81,4.467407407407408,54.0,35.0,3.2081481481481484,56.666666666666664,0
San Joaquin,2019,12,10.913747935897437,13.574856196721312,1,17.231493188888887,9.849298741935485,10.875742120401377,-2.4492935982947064e-16,1.0,15,2.9299999999999997,81.0,54.0,4.467407407407408,50.0,0
San Joaquin,2020,1,13.574856196721312,13.678459071005918,1,10.913747935897437,17.231493188888887,12.664846622240605,0.4999999999999999,0.8660254037844387,7,1.9385714285714288,15.0,81.0,2.9299999999999997,34.333333333333336,1
San Joaquin,2020,2,13.678459071005918,5.616152397849463,0,13.574856196721312,10.913747935897437,13.906699107169212,0.8660254037844386,0.5000000000000001,71,3.244225352112676,7.0,15.0,1.9385714285714288,31.0,1
San Joaquin,2020,3,5.616152397849463,4.385389811111112,0,13.678459071005918,13.574856196721312,12.72235440120822,1.0,6.123233995736766e-17,67,4.520746268656716,71.0,7.0,3.244225352112676,48.333333333333336,1
San Joaquin,2020,4,4.385389811111112,4.278985505376344,0,5.616152397849463,13.678459071005918,10.956489221858895,0.8660254037844387,-0.4999999999999998,54,3.7,67.0,71.0,4.520746268656716,64.0,0
San Joaquin,2020,5,4.278985505376344,5.178456311111111,0,4.385389811111112,5.616152397849463,7.89333375998883,0.4999999999999999,-0.8660254037844387,26,2.590384615384615,54.0,67.0,3.7,49.0,0
San Joaquin,2020,6,5.178456311111111,7.179638779569892,0,4.278985505376344,4.385389811111112,4.760175904778973,1.2246467991473532e-16,-1.0,37,2.6524324324324327,26.0,54.0,2.590384615384615,39.0,0
San Joaquin,2020,7,7.179638779569892,23.67339488172043,1,5.178456311111111,4.278985505376344,4.614277209199522,-0.4999999999999998,-0.8660254037844388,33,2.7515151515151515,37.0,26.0,2.6524324324324327,32.0,1
San Joaquin,2020,8,23.67339488172043,35.82235197222222,1,7.179638779569892,5.178456311111111,5.545693532019116,-0.8660254037844384,-0.5000000000000004,778,21.5260411311054,33.0,37.0,2.7515151515151515,282.6666666666667,0
San Joaquin,2020,9,35.82235197222222,22.7713203172043,1,23.67339488172043,7.179638779569892,12.010496657467144,-1.0,-1.8369701987210294e-16,22,1.4745454545454544,778.0,33.0,21.5260411311054,277.6666666666667,0
San Joaquin,2020,10,22.7713203172043,16.636844774390244,1,35.82235197222222,23.67339488172043,22.225128544504184,-0.8660254037844386,0.5000000000000001,31,0.9532258064516128,22.0,778.0,1.4745454545454544,277.0,1
San Joaquin,2020,11,16.636844774390244,20.392341355932203,1,22.7713203172043,35.82235197222222,27.42235572371565,-0.5000000000000004,0.8660254037844384,77,2.647142857142857,31.0,22.0,0.9532258064516128,43.333333333333336,0
San Luis Obispo,2015,3,8.709690731707317,9.712241927350428,0,9.024012767772511,9.75129325910931,9.38765301344091,1.0,6.123233995736766e-17,6,2.89,12.0,10.0,8.784166666666666,9.333333333333334,0
San Luis Obispo,2015,4,9.712241927350428,7.0348071774193555,0,8.709690731707317,9.024012767772511,9.16166558619638,0.8660254037844387,-0.4999999999999998,4,3.565,6.0,12.0,2.89,7.333333333333333,0
San Luis Obispo,2015,5,7.0348071774193555,6.473960175,0,9.712241927350428,8.709690731707317,9.148648475610086,0.4999999999999999,-0.8660254037844387,5,4.7219999999999995,4.0,6.0,3.565,5.0,0
San Luis Obispo,2015,6,6.473960175,5.3998852894736835,0,7.0348071774193555,9.712241927350428,8.485579945492367,1.2246467991473532e-16,-1.0,10,1.092,5.0,4.0,4.7219999999999995,6.333333333333333,0
San Luis Obispo,2015,7,5.3998852894736835,8.52989517427386,0,6.473960175,7.0348071774193555,7.740336426589928,-0.4999999999999998,-0.8660254037844388,9,12.88888888888889,10.0,5.0,1.092,8.0,1
San Luis Obispo,2015,8,8.52989517427386,7.231394138121547,0,5.3998852894736835,6.473960175,6.302884213964346,-0.8660254037844384,-0.5000000000000004,106,9.588867924528302,9.0,10.0,12.88888888888889,41.666666666666664,0
San Luis Obispo,2015,9,7.231394138121547,7.784925876344086,0,8.52989517427386,5.3998852894736835,6.801246879582514,-1.0,-1.8369701987210294e-16,2,5.73,106.0,9.0,9.588867924528302,39.0,0
San Luis Obispo,2015,11,9.292371067415733,8.708010752688173,0,7.784925876344086,7.231394138121547,7.848738396246499,-0.5000000000000004,0.8660254037844384,15,70.48266666666667,2.0,106.0,5.73,41.0,0
San Luis Obispo,2015,12,8.708010752688173,6.66374826344086,0,9.292371067415733,7.784925876344086,8.102897027293787,-2.4492935982947064e-16,1.0,9,4.581111111111111,15.0,2.0,70.48266666666667,8.666666666666666,0
San Luis Obispo,2016,1,6.66374826344086,7.992958316455696,0,8.708010752688173,9.292371067415733,8.595102565482664,0.4999999999999999,0.8660254037844387,2,0.795,9.0,15.0,4.581111111111111,8.666666666666666,0
San Luis Obispo,2016,2,7.992958316455696,6.669560521505376,0,6.66374826344086,8.708010752688173,8.221376694514921,0.8660254037844386,0.5000000000000001,13,4.8730769230769235,2.0,9.0,0.795,8.0,0
San Luis Obispo,2016,3,6.669560521505376,8.18403721111111,0,7.992958316455696,6.66374826344086,7.788239110861576,1.0,6.123233995736766e-17,7,12.05714285714286,13.0,2.0,4.8730769230769235,7.333333333333333,0
San Luis Obispo,2016,4,8.18403721111111,4.8617822989130435,0,6.669560521505376,7.992958316455696,7.10875570046731,0.8660254037844387,-0.4999999999999998,8,10.16625,7.0,13.0,12.05714285714286,9.333333333333334,0
San Luis Obispo,2016,5,4.8617822989130435,7.986144751243781,0,8.18403721111111,6.669560521505376,7.615518683024061,0.4999999999999999,-0.8660254037844387,24,2.53875,8.0,7.0,10.16625,13.0,0
San Luis Obispo,2016,7,5.822292450413222,8.61552529032258,0,7.986144751243781,4.8617822989130435,7.010654753755978,-0.4999999999999998,-0.8660254037844388,2,1.285,24.0,8.0,2.53875,11.333333333333334,1
San Luis Obispo,2016,8,8.61552529032258,7.65571902173913,0,5.822292450413222,7.986144751243781,6.223406500190015,-0.8660254037844384,-0.5000000000000004,1514,31.390838837516515,2.0,24.0,1.285,513.3333333333334,0
San Luis Obispo,2016,9,7.65571902173913,5.463669399159664,0,8.61552529032258,5.822292450413222,7.474654163993193,-1.0,-1.8369701987210294e-16,1,1.89,1514.0,2.0,31.390838837516515,505.6666666666667,0
San Luis Obispo,2016,10,5.463669399159664,6.368893760504202,0,7.65571902173913,8.61552529032258,7.36451225415831,-0.8660254037844386,0.5000000000000001,4,10.655,1.0,1514.0,1.89,506.3333333333333,0
San Luis Obispo,2016,11,6.368893760504202,6.5438847276422765,0,5.463669399159664,7.65571902173913,7.244971237073791,-0.5000000000000004,0.8660254037844384,7,5.748571428571429,4.0,1.0,10.655,4.0,0
San Luis Obispo,2016,12,6.5438847276422765,5.661959630081301,0,6.368893760504202,5.463669399159664,6.496094060467665,-2.4492935982947064e-16,1.0,2,5.3100000000000005,7.0,4.0,5.748571428571429,4.333333333333333,0
San Luis Obispo,2017,1,5.661959630081301,3.984989345291479,0,6.5438847276422765,6.368893760504202,6.125482629102046,0.4999999999999999,0.8660254037844387,1,0.89,2.0,7.0,5.3100000000000005,3.3333333333333335,0
San Luis Obispo,2017,2,3.984989345291479,6.194292488789237,0,5.661959630081301,6.5438847276422765,6.191579372742592,0.8660254037844386,0.5000000000000001,5,4.412,1.0,2.0,0.89,2.6666666666666665,0
San Luis Obispo,2017,3,6.194292488789237,7.9844286,0,3.984989345291479,5.661959630081301,5.396944567671685,1.0,6.123233995736766e-17,17,3.673529411764706,5.0,1.0,4.412,7.666666666666667,0
San Luis Obispo,2017,4,7.9844286,7.785825134146342,0,6.194292488789237,3.984989345291479,5.280413821387339,0.8660254037844387,-0.4999999999999998,3,3.6833333333333336,17.0,5.0,3.673529411764706,8.333333333333334,0
San Luis Obispo,2017,5,7.785825134146342,7.945783476851852,0,7.9844286,6.194292488789237,6.054570144693572,0.4999999999999999,-0.8660254037844387,17,22.308823529411764,3.0,17.0,3.6833333333333336,12.333333333333334,0
San Luis Obispo,2017,6,7.945783476851852,8.148043603448276,0,7.785825134146342,7.9844286,7.321515407645193,1.2246467991473532e-16,-1.0,25,1.3952,17.0,3.0,22.308823529411764,15.0,1
San Luis Obispo,2017,7,8.148043603448276,7.481859185483871,0,7.945783476851852,7.785825134146342,7.905345736999397,-0.4999999999999998,-0.8660254037844388,151,26.69165562913907,25.0,17.0,1.3952,64.33333333333333,0
San Luis Obispo,2017,8,7.481859185483871,9.569317428571429,0,8.148043603448276,7.945783476851852,7.959884071482155,-0.8660254037844384,-0.5000000000000004,2,0.805,151.0,25.0,26.69165562913907,59.333333333333336,0
San Luis Obispo,2017,9,9.569317428571429,11.319780904347825,1,7.481859185483871,8.148043603448276,7.858562088594664,-1.0,-1.8369701987210294e-16,7,55.95714285714286,2.0,151.0,0.805,53.333333333333336,0
San Luis Obispo,2017,10,11.319780904347825,5.820188754166667,0,9.569317428571429,7.481859185483871,8.39974007250119,-0.8660254037844386,0.5000000000000001,11,14.694545454545455,7.0,2.0,55.95714285714286,6.666666666666667,1
San Luis Obispo,2017,11,5.820188754166667,11.978131289795918,1,11.319780904347825,9.569317428571429,9.456985839467707,-0.5000000000000004,0.8660254037844384,90,32.465444444444444,11.0,7.0,14.694545454545455,36.0,0
San Luis Obispo,2017,12,11.978131289795918,6.051298387096774,0,5.820188754166667,11.319780904347825,8.903095695695306,-2.4492935982947064e-16,1.0,6,0.84,90.0,11.0,32.465444444444444,35.666666666666664,0
San Luis Obispo,2018,1,6.051298387096774,8.135241870192306,0,11.978131289795918,5.820188754166667,9.706033649436804,0.4999999999999999,0.8660254037844387,11,7.72,6.0,90.0,0.84,35.666666666666664,0
San Luis Obispo,2018,2,8.135241870192306,2.5907226394849787,0,6.051298387096774,11.978131289795918,7.94987281035312,0.8660254037844386,0.5000000000000001,25,6.893199999999999,11.0,6.0,7.72,14.0,0
San Luis Obispo,2018,3,2.5907226394849787,6.888120879166666,0,8.135241870192306,6.051298387096774,8.721557182361666,1.0,6.123233995736766e-17,6,4.631666666666667,25.0,11.0,6.893199999999999,14.0,0
San Luis Obispo,2018,4,6.888120879166666,5.523438438095239,0,2.5907226394849787,8.135241870192306,5.592420965591352,0.8660254037844387,-0.4999999999999998,11,3.88,6.0,25.0,4.631666666666667,14.0,0
San Luis Obispo,2018,5,5.523438438095239,7.916514370833334,0,6.888120879166666,2.5907226394849787,5.871361796281316,0.4999999999999999,-0.8660254037844387,5,2.602,11.0,6.0,3.88,7.333333333333333,0
San Luis Obispo,2018,6,7.916514370833334,5.814078254545454,0,5.523438438095239,6.888120879166666,5.00076065224896,1.2246467991473532e-16,-1.0,14,6.1899999999999995,5.0,11.0,2.602,10.0,0
San Luis Obispo,2018,8,12.12889012244898,7.864758573275862,0,5.814078254545454,7.916514370833334,6.418010354491341,-0.8660254037844384,-0.5000000000000004,9,63.77666666666667,14.0,5.0,6.1899999999999995,9.333333333333334,0
San Luis Obispo,2018,9,7.864758573275862,6.973532432098765,0,12.12889012244898,5.814078254545454,8.619827582609254,-1.0,-1.8369701987210294e-16,2,5.415,9.0,14.0,63.77666666666667,8.333333333333334,0
San Luis Obispo,2018,10,6.973532432098765,9.359692719148937,0,7.864758573275862,12.12889012244898,8.602575650090097,-0.8660254037844386,0.5000000000000001,6,53.06,2.0,9.0,5.415,5.666666666666667,1
San Luis Obispo,2018,11,9.359692719148937,5.881749528225806,0,6.973532432098765,7.864758573275862,8.9890603759412,-0.5000000000000004,0.8660254037844384,91,25.38879120879121,6.0,2.0,53.06,33.0,0
San Luis Obispo,2018,12,5.881749528225806,5.184403144032922,0,9.359692719148937,6.973532432098765,8.065994574841186,-2.4492935982947064e-16,1.0,3,6.136666666666667,91.0,6.0,25.38879120879121,33.333333333333336,0
San Luis Obispo,2019,1,5.184403144032922,3.2568856968325792,0,5.881749528225806,9.359692719148937,7.404991559824502,0.4999999999999999,0.8660254037844387,7,5.799999999999999,3.0,91.0,6.136666666666667,33.666666666666664,0
San Luis Obispo,2019,3,4.136394572614107,6.070740233333334,0,3.2568856968325792,5.184403144032922,4.774346123030434,1.0,6.123233995736766e-17,3,1.9733333333333336,7.0,3.0,5.799999999999999,4.333333333333333,0
San Luis Obispo,2019,4,6.070740233333334,4.937734446351932,0,4.136394572614107,3.2568856968325792,4.192561137826535,0.8660254037844387,-0.4999999999999998,16,6.20125,3.0,7.0,1.9733333333333336,8.666666666666666,0
San Luis Obispo,2019,5,4.937734446351932,4.927026123404255,0,6.070740233333334,4.136394572614107,4.4880068342600055,0.4999999999999999,-0.8660254037844387,2,3.545,16.0,3.0,6.20125,7.0,0
San Luis Obispo,2019,6,4.927026123404255,6.609437687500001,0,4.937734446351932,6.070740233333334,5.048289750766457,1.2246467991473532e-16,-1.0,20,54.705499999999994,2.0,16.0,3.545,12.666666666666666,0
San Luis Obispo,2019,7,6.609437687500001,5.078432334677419,0,4.927026123404255,4.937734446351932,5.311833601029839,-0.4999999999999998,-0.8660254037844388,1,1.86,20.0,2.0,54.705499999999994,7.666666666666667,0
San Luis Obispo,2019,8,5.078432334677419,7.0593355213675215,0,6.609437687500001,4.927026123404255,5.491399419085394,-0.8660254037844384,-0.5000000000000004,2,6.1899999999999995,1.0,20.0,1.86,7.666666666666667,0
San Luis Obispo,2019,9,7.0593355213675215,8.057832718367347,0,5.078432334677419,6.609437687500001,5.538298715193892,-1.0,-1.8369701987210294e-16,3,0.6433333333333334,2.0,1.0,6.1899999999999995,2.0,0
San Luis Obispo,2019,10,8.057832718367347,7.6412345313807535,0,7.0593355213675215,5.078432334677419,6.24906851451498,-0.8660254037844386,0.5000000000000001,7,1.804285714285714,3.0,2.0,0.6433333333333334,4.0,1
San Luis Obispo,2019,11,7.6412345313807535,4.726679370833334,0,8.057832718367347,7.0593355213675215,6.731866858137429,-0.5000000000000004,0.8660254037844384,51,11.256078431372549,7.0,3.0,1.804285714285714,20.333333333333332,0
San Luis Obispo,2019,12,4.726679370833334,5.696764506276151,0,7.6412345313807535,8.057832718367347,7.58613425703854,-2.4492935982947064e-16,1.0,14,5.239285714285714,51.0,7.0,11.256078431372549,24.0,0
San Luis Obispo,2020,1,5.696764506276151,7.985622277056278,0,4.726679370833334,7.6412345313807535,6.8085822068604775,0.4999999999999999,0.8660254037844387,44,5.357954545454546,14.0,51.0,5.239285714285714,36.333333333333336,0
San Luis Obispo,2020,2,7.985622277056278,4.705867823529412,0,5.696764506276151,4.726679370833334,6.021559469496746,0.8660254037844386,0.5000000000000001,21,6.483333333333333,44.0,14.0,5.357954545454546,26.333333333333332,0
San Luis Obispo,2020,3,4.705867823529412,6.501255221757322,0,7.985622277056278,5.696764506276151,6.13635538472192,1.0,6.123233995736766e-17,24,9.71625,21.0,44.0,6.483333333333333,29.666666666666668,0
San Luis Obispo,2020,4,6.501255221757322,8.019038274678111,0,4.705867823529412,7.985622277056278,6.12941820228728,0.8660254037844387,-0.4999999999999998,12,2.9891666666666663,24.0,21.0,9.71625,19.0,0
San Luis Obispo,2020,5,8.019038274678111,6.630186255230125,0,6.501255221757322,4.705867823529412,6.397581774114337,0.4999999999999999,-0.8660254037844387,5,3.258,12.0,24.0,2.9891666666666663,13.666666666666666,1
San Luis Obispo,2020,6,6.630186255230125,5.91301492920354,0,8.019038274678111,6.501255221757322,6.408720439988282,1.2246467991473532e-16,-1.0,58,22.97396551724138,5.0,12.0,3.258,25.0,0
San Luis Obispo,2020,7,5.91301492920354,17.370057504032257,1,6.630186255230125,8.019038274678111,7.050159917221852,-0.4999999999999998,-0.8660254037844388,21,25.789047619047626,58.0,5.0,22.97396551724138,28.0,1
San Luis Obispo,2020,8,17.370057504032257,18.0281822375,1,5.91301492920354,6.630186255230125,6.854079819703924,-0.8660254037844384,-0.5000000000000004,55,3.831636363636364,21.0,58.0,25.789047619047626,44.666666666666664,0
San Luis Obispo,2020,9,18.0281822375,12.335601677419357,1,17.370057504032257,5.91301492920354,9.97108622948864,-1.0,-1.8369701987210294e-16,2,12.5,55.0,21.0,3.831636363636364,26.0,1
San Luis Obispo,2020,11,7.715735741666666,7.741396008064516,0,12.335601677419357,18.0281822375,15.91128047298387,-0.5000000000000004,0.8660254037844384,72,158.92347222222222,2.0,55.0,12.5,43.0,0
San Mateo,2015,11,5.849364206896552,5.362123084745763,0,6.015445290322581,3.6455193833333337,5.537576509498209,-0.5000000000000004,0.8660254037844384,2,4.475,1.0,2.0,3.8,1.6666666666666667,0
San Mateo,2017,3,6.036401370967742,5.302597916666667,0,5.261567749999999,6.909151451612903,6.411137352150537,1.0,6.123233995736766e-17,3,0.6266666666666666,2.0,1.0,4.475,2.0,0
San Mateo,2017,4,5.302597916666667,5.738899854838709,0,6.036401370967742,5.261567749999999,6.069040190860215,0.8660254037844387,-0.4999999999999998,2,0.375,3.0,2.0,0.6266666666666666,2.3333333333333335,0
San Mateo,2017,9,13.416727616666666,16.451478148148148,1,11.608628,9.269819081967212,9.187542488433516,-1.0,-1.8369701987210294e-16,4,0.985,2.0,3.0,0.375,3.0,0
San Mateo,2017,10,16.451478148148148,6.889579859649123,0,13.416727616666666,11.608628,11.431724899544626,-0.8660254037844386,0.5000000000000001,2,0.325,4.0,2.0,0.985,2.6666666666666665,0
San Mateo,2017,11,6.889579859649123,15.252489064516128,1,16.451478148148148,13.416727616666666,13.825611254938272,-0.5000000000000004,0.8660254037844384,7,4.142857142857143,2.0,4.0,0.325,4.333333333333333,0
San Mateo,2017,12,15.252489064516128,12.481605098360657,1,6.889579859649123,16.451478148148148,12.252595208154649,-2.4492935982947064e-16,1.0,3,0.28,7.0,2.0,4.142857142857143,4.0,0
San Mateo,2018,2,6.944762290909091,3.8273699193548385,0,12.481605098360657,15.252489064516128,11.541224674175304,0.8660254037844386,0.5000000000000001,1,0.59,3.0,7.0,0.28,3.6666666666666665,0
San Mateo,2018,3,3.8273699193548385,8.279510866666666,0,6.944762290909091,12.481605098360657,11.559618817928625,1.0,6.123233995736766e-17,2,1.215,1.0,3.0,0.59,2.0,0
San Mateo,2018,4,8.279510866666666,6.696148459016394,0,3.8273699193548385,6.944762290909091,7.75124576954153,0.8660254037844387,-0.4999999999999998,1,0.5,2.0,1.0,1.215,1.3333333333333333,0
San Mateo,2018,5,6.696148459016394,9.29093125862069,0,8.279510866666666,3.8273699193548385,6.3505476923102,0.4999999999999999,-0.8660254037844387,4,3.65,1.0,2.0,0.5,2.3333333333333335,0
San Mateo,2018,6,9.29093125862069,7.862775709677419,0,6.696148459016394,8.279510866666666,6.267676415012634,1.2246467991473532e-16,-1.0,2,3.84,4.0,1.0,3.65,2.3333333333333335,0
San Mateo,2018,8,12.376495483870968,8.866594233333334,0,7.862775709677419,9.29093125862069,7.949951809104835,-0.8660254037844384,-0.5000000000000004,2,1.13,2.0,4.0,3.84,2.6666666666666665,0
San Mateo,2018,9,8.866594233333334,6.830442925925926,0,12.376495483870968,7.862775709677419,9.843400817389693,-1.0,-1.8369701987210294e-16,5,1.604,2.0,2.0,1.13,3.0,0
San Mateo,2018,10,6.830442925925926,34.58834043333333,1,8.866594233333334,12.376495483870968,9.701955142293908,-0.8660254037844386,0.5000000000000001,3,0.3466666666666667,5.0,2.0,1.604,3.3333333333333335,0
San Mateo,2018,11,34.58834043333333,8.29036985483871,0,6.830442925925926,8.866594233333334,9.357844214376744,-0.5000000000000004,0.8660254037844384,2,0.3,3.0,5.0,0.3466666666666667,3.3333333333333335,0
San Mateo,2019,9,6.5210557954545445,9.17395462962963,0,6.936938983870967,6.1344037903225805,6.587124319175629,-1.0,-1.8369701987210294e-16,2,1.825,2.0,3.0,0.3,2.3333333333333335,0
San Mateo,2019,10,9.17395462962963,12.262082634615384,1,6.5210557954545445,6.936938983870967,6.530799523216033,-0.8660254037844386,0.5000000000000001,1,0.55,2.0,2.0,1.825,1.6666666666666667,0
San Mateo,2020,2,8.596525068965517,5.164761532258065,0,6.819941852459016,5.701537983870968,8.261187490315125,0.8660254037844386,0.5000000000000001,1,0.49,1.0,2.0,0.55,1.3333333333333333,1
San Mateo,2020,8,16.03214220967742,29.33574551666667,1,6.6554231290322585,5.29090305,5.536678613440863,-0.8660254037844384,-0.5000000000000004,827,13.211753325272069,1.0,1.0,0.49,276.3333333333333,0
San Mateo,2020,9,29.33574551666667,13.102563870967742,1,16.03214220967742,6.6554231290322585,9.326156129569895,-1.0,-1.8369701987210294e-16,3,2.5933333333333333,827.0,1.0,13.211753325272069,277.0,0
San Mateo,2020,10,13.102563870967742,7.82953676923077,0,29.33574551666667,16.03214220967742,17.341103618458785,-0.8660254037844386,0.5000000000000001,3,2.9933333333333336,3.0,827.0,2.5933333333333333,277.6666666666667,0
Santa Barbara,2015,3,8.075492883064516,8.68054683490566,0,9.2117550625,7.544814975206611,8.378285018853305,1.0,6.123233995736766e-17,4,0.6174999999999999,12.0,1.0,2.075833333333333,5.666666666666667,0
Santa Barbara,2015,4,8.68054683490566,7.583393549356223,0,8.075492883064516,9.2117550625,8.27735430692371,0.8660254037844387,-0.4999999999999998,3,0.4166666666666667,4.0,12.0,0.6174999999999999,6.333333333333333,0
Santa Barbara,2015,5,7.583393549356223,8.461172504166667,0,8.68054683490566,8.075492883064516,8.655931593490058,0.4999999999999999,-0.8660254037844387,3,0.4666666666666666,3.0,4.0,0.4166666666666667,3.3333333333333335,0
Santa Barbara,2015,6,8.461172504166667,6.746662706422019,0,7.583393549356223,8.68054683490566,8.113144422442133,1.2246467991473532e-16,-1.0,33,64.8769696969697,3.0,3.0,0.4666666666666666,13.0,0
Santa Barbara,2015,7,6.746662706422019,11.13273484647303,0,8.461172504166667,7.583393549356223,8.241704296142851,-0.4999999999999998,-0.8660254037844388,9,31.98222222222222,33.0,3.0,64.8769696969697,15.0,0
Santa Barbara,2015,8,11.13273484647303,9.31186647647059,0,6.746662706422019,8.461172504166667,7.597076253314969,-0.8660254037844384,-0.5000000000000004,6,13.221666666666666,9.0,33.0,31.98222222222222,16.0,0
Santa Barbara,2015,9,9.31186647647059,7.521277473118279,0,11.13273484647303,6.746662706422019,8.780190019020571,-1.0,-1.8369701987210294e-16,2,5.29,6.0,9.0,13.221666666666666,5.666666666666667,0
Santa Barbara,2015,10,7.521277473118279,5.49712741954023,0,9.31186647647059,11.13273484647303,9.063754676455211,-0.8660254037844386,0.5000000000000001,1,3.51,2.0,6.0,5.29,3.0,0
Santa Barbara,2015,11,5.49712741954023,5.443533284946237,0,7.521277473118279,9.31186647647059,9.3219595986873,-0.5000000000000004,0.8660254037844384,3,10.473333333333334,1.0,2.0,3.51,2.0,0
Santa Barbara,2016,1,5.362137951612903,5.623289901162791,0,5.443533284946237,5.49712741954023,6.153979392534915,0.4999999999999999,0.8660254037844387,3,2.9233333333333333,3.0,1.0,10.473333333333334,2.3333333333333335,0
Santa Barbara,2016,2,5.623289901162791,6.12063450617284,0,5.362137951612903,5.443533284946237,5.43426621869979,0.8660254037844386,0.5000000000000001,2,1.3,3.0,3.0,2.9233333333333333,2.6666666666666665,0
Santa Barbara,2016,3,6.12063450617284,7.058975849162011,0,5.623289901162791,5.362137951612903,5.476320379240644,1.0,6.123233995736766e-17,1,2.27,2.0,3.0,1.3,2.0,0
Santa Barbara,2016,4,7.058975849162011,6.297172887417219,0,6.12063450617284,5.623289901162791,5.7020207863161785,0.8660254037844387,-0.4999999999999998,3,9.896666666666668,1.0,2.0,2.27,2.0,0
Santa Barbara,2016,5,6.297172887417219,8.53880975,0,7.058975849162011,6.12063450617284,6.267633418832548,0.4999999999999999,-0.8660254037844387,3,12.433333333333332,3.0,1.0,9.896666666666668,2.3333333333333335,1
Santa Barbara,2016,6,8.53880975,8.723941272727272,0,6.297172887417219,7.058975849162011,6.492261080917356,1.2246467991473532e-16,-1.0,283,19.020176678445228,3.0,3.0,12.433333333333332,96.33333333333331,0
Santa Barbara,2016,7,8.723941272727272,9.905406484076432,0,8.53880975,6.297172887417219,7.2983194955264095,-0.4999999999999998,-0.8660254037844388,12,38.745,283.0,3.0,19.020176678445228,99.33333333333331,1
Santa Barbara,2016,8,9.905406484076432,9.66586173888889,0,8.723941272727272,8.53880975,7.853307970048164,-0.8660254037844384,-0.5000000000000004,714,43.31204481792717,12.0,283.0,38.745,336.3333333333333,1
Santa Barbara,2016,9,9.66586173888889,5.414968602150537,0,9.905406484076432,8.723941272727272,9.0560525022679,-1.0,-1.8369701987210294e-16,438,33.980593607305934,714.0,12.0,43.31204481792717,388.0,0
Santa Barbara,2016,11,6.426399183908046,5.885964693548386,0,5.414968602150537,9.66586173888889,8.328745608371953,-0.5000000000000004,0.8660254037844384,4,7.17,438.0,714.0,33.980593607305934,385.3333333333333,0
Santa Barbara,2017,1,4.755639589147286,4.096645398692811,0,5.885964693548386,6.426399183908046,5.909110826535657,0.4999999999999999,0.8660254037844387,2,3.61,4.0,438.0,7.17,148.0,0
Santa Barbara,2017,2,4.096645398692811,7.3500884285714285,0,4.755639589147286,5.885964693548386,5.689334488867907,0.8660254037844386,0.5000000000000001,1,3.92,2.0,4.0,3.61,2.3333333333333335,0
Santa Barbara,2017,3,7.3500884285714285,7.570144266666667,0,4.096645398692811,4.755639589147286,4.912749893796161,1.0,6.123233995736766e-17,4,2.415,1.0,2.0,3.92,2.3333333333333335,0
Santa Barbara,2017,4,7.570144266666667,8.047069255555556,0,7.3500884285714285,4.096645398692811,5.400791138803842,0.8660254037844387,-0.4999999999999998,3,20.226666666666667,4.0,1.0,2.415,2.6666666666666665,0
Santa Barbara,2017,5,8.047069255555556,7.517176294444444,0,7.570144266666667,7.3500884285714285,6.338959364643635,0.4999999999999999,-0.8660254037844387,10,20.761,3.0,4.0,20.226666666666667,5.666666666666667,0
Santa Barbara,2017,6,7.517176294444444,8.51270158988764,0,8.047069255555556,7.570144266666667,7.655767316931217,1.2246467991473532e-16,-1.0,10,33.25,10.0,3.0,20.761,7.666666666666667,1
Santa Barbara,2017,7,8.51270158988764,8.30014766507177,0,7.517176294444444,8.047069255555556,7.711463272222222,-0.4999999999999998,-0.8660254037844388,1893,33.66659799260433,10.0,10.0,33.25,637.6666666666666,0
Santa Barbara,2017,8,8.30014766507177,8.694308554166666,0,8.51270158988764,7.517176294444444,8.025649046629214,-0.8660254037844384,-0.5000000000000004,4,7.725,1893.0,10.0,33.66659799260433,635.6666666666666,0
Santa Barbara,2017,9,8.694308554166666,9.796807453441296,0,8.30014766507177,8.51270158988764,8.110008516467952,-1.0,-1.8369701987210294e-16,8,41.01875,4.0,1893.0,7.725,635.0,0
Santa Barbara,2017,10,9.796807453441296,5.476652454545455,0,8.694308554166666,8.30014766507177,8.50238593637536,-0.8660254037844386,0.5000000000000001,4,12.0575,8.0,4.0,41.01875,5.333333333333333,0
Santa Barbara,2017,11,5.476652454545455,25.13651059504132,1,9.796807453441296,8.694308554166666,8.930421224226578,-0.5000000000000004,0.8660254037844384,9,9.957777777777778,4.0,8.0,12.0575,7.0,1
Santa Barbara,2017,12,25.13651059504132,6.008506076612902,0,5.476652454545455,9.796807453441296,7.989256154051138,-2.4492935982947064e-16,1.0,1778,38.36821147356581,9.0,4.0,9.957777777777778,597.0,0
Santa Barbara,2018,1,6.008506076612902,6.845595575892857,0,25.13651059504132,5.476652454545455,13.469990167676023,0.4999999999999999,0.8660254037844387,1,2.47,1778.0,9.0,38.36821147356581,596.0,0
Santa Barbara,2018,2,6.845595575892857,3.76273099593496,0,6.008506076612902,25.13651059504132,12.20722304206656,0.8660254037844386,0.5000000000000001,2,4.425,1.0,1778.0,2.47,593.6666666666666,0
Santa Barbara,2018,3,3.76273099593496,7.8923672,0,6.845595575892857,6.008506076612902,12.663537415849026,1.0,6.123233995736766e-17,27,10.158888888888889,2.0,1.0,4.425,10.0,0
Santa Barbara,2018,5,6.6199789879032265,8.838943323529412,0,7.8923672,3.76273099593496,6.166897923942606,0.4999999999999999,-0.8660254037844387,2,7.345,27.0,2.0,10.158888888888889,10.333333333333334,0
Santa Barbara,2018,6,8.838943323529412,7.689428541322315,0,6.6199789879032265,7.8923672,6.091692394612728,1.2246467991473532e-16,-1.0,9,14.685555555555558,2.0,27.0,7.345,12.666666666666666,0
Santa Barbara,2018,7,7.689428541322315,12.707644802419354,1,8.838943323529412,6.6199789879032265,7.783763170477546,-0.4999999999999998,-0.8660254037844388,15,10.059333333333331,9.0,2.0,14.685555555555558,8.666666666666666,0
Santa Barbara,2018,8,12.707644802419354,8.9687313625,0,7.689428541322315,8.838943323529412,7.716116950918319,-0.8660254037844384,-0.5000000000000004,4,34.5875,15.0,9.0,10.059333333333331,9.333333333333334,0
Santa Barbara,2018,9,8.9687313625,6.977254146341464,0,12.707644802419354,7.689428541322315,9.74533888909036,-1.0,-1.8369701987210294e-16,2,3.3,4.0,15.0,34.5875,7.0,0
Santa Barbara,2018,10,6.977254146341464,9.166238226890757,0,8.9687313625,12.707644802419354,9.788601568747223,-0.8660254037844386,0.5000000000000001,2,0.5800000000000001,2.0,4.0,3.3,2.6666666666666665,0
Santa Barbara,2018,11,9.166238226890757,4.951930846153846,0,6.977254146341464,8.9687313625,9.551210103753606,-0.5000000000000004,0.8660254037844384,14,53.04928571428571,2.0,2.0,0.5800000000000001,6.0,0
Santa Barbara,2018,12,4.951930846153846,4.565891592741935,0,9.166238226890757,6.977254146341464,8.370741245244075,-2.4492935982947064e-16,1.0,4,5.4825,14.0,2.0,53.04928571428571,6.666666666666667,0
Santa Barbara,2019,1,4.565891592741935,2.7491675892857144,0,4.951930846153846,9.166238226890757,7.0318077397953545,0.4999999999999999,0.8660254037844387,6,2.885,4.0,14.0,5.4825,8.0,0
Santa Barbara,2019,2,2.7491675892857144,3.8779555483870967,0,4.565891592741935,4.951930846153846,6.228020221928847,0.8660254037844386,0.5000000000000001,3,2.6833333333333336,6.0,4.0,2.885,4.333333333333333,0
Santa Barbara,2019,4,6.246208331896552,5.316770833333334,0,3.8779555483870967,2.7491675892857144,3.731004910138248,0.8660254037844387,-0.4999999999999998,2,2.94,3.0,6.0,2.6833333333333336,3.6666666666666665,0
Santa Barbara,2019,6,5.561804171945701,7.110492117886179,0,5.316770833333334,6.246208331896552,5.146978237872328,1.2246467991473532e-16,-1.0,10,15.339,2.0,3.0,2.94,5.0,0
Santa Barbara,2019,7,7.110492117886179,4.9253882809917355,0,5.561804171945701,5.316770833333334,5.708261112391862,-0.4999999999999998,-0.8660254037844388,19,12.687894736842106,10.0,2.0,15.339,10.333333333333334,0
Santa Barbara,2019,9,5.614494,7.258416573770492,0,4.9253882809917355,7.110492117886179,5.865894856941206,-1.0,-1.8369701987210294e-16,4,2.5125,19.0,10.0,12.687894736842106,11.0,0
Santa Barbara,2019,10,7.258416573770492,7.760082428571429,0,5.614494,4.9253882809917355,5.883458132959305,-0.8660254037844386,0.5000000000000001,1,0.6,4.0,19.0,2.5125,8.0,1
Santa Barbara,2019,11,7.760082428571429,2.915238896551724,0,7.258416573770492,5.614494,5.932766284920742,-0.5000000000000004,0.8660254037844384,130,22.265384615384615,1.0,4.0,0.6,45.0,0
Santa Barbara,2019,12,2.915238896551724,3.6318473951612904,0,7.760082428571429,7.258416573770492,6.877664334113973,-2.4492935982947064e-16,1.0,2,4.51,130.0,1.0,22.265384615384615,44.333333333333336,0
Santa Barbara,2020,1,3.6318473951612904,5.342290228448276,0,2.915238896551724,7.760082428571429,5.977912632964549,0.4999999999999999,0.8660254037844387,11,3.2018181818181817,2.0,130.0,4.51,47.666666666666664,0
Santa Barbara,2020,2,5.342290228448276,2.8113994516129033,0,3.6318473951612904,2.915238896551724,4.769056240094814,0.8660254037844386,0.5000000000000001,8,4.26625,11.0,2.0,3.2018181818181817,7.0,0
Santa Barbara,2020,3,2.8113994516129033,5.03606605982906,0,5.342290228448276,3.6318473951612904,3.9631255067204303,1.0,6.123233995736766e-17,2,1.845,8.0,11.0,4.26625,7.0,0
Santa Barbara,2020,4,5.03606605982906,6.359391359504132,0,2.8113994516129033,5.342290228448276,3.92851235840749,0.8660254037844387,-0.4999999999999998,1,3.08,2.0,8.0,1.845,3.6666666666666665,0
Santa Barbara,2020,5,6.359391359504132,5.793083575107296,0,5.03606605982906,2.8113994516129033,4.396585246630079,0.4999999999999999,-0.8660254037844387,6,11.886666666666663,1.0,2.0,3.08,3.0,0
Santa Barbara,2020,6,5.793083575107296,6.9184243292682925,0,6.359391359504132,5.03606605982906,4.735618956982031,1.2246467991473532e-16,-1.0,21,35.98095238095238,6.0,1.0,11.886666666666663,9.333333333333334,0
Santa Barbara,2020,7,6.9184243292682925,11.739234536290322,1,5.793083575107296,6.359391359504132,5.729513664813496,-0.4999999999999998,-0.8660254037844388,12,20.8175,21.0,6.0,35.98095238095238,13.0,0
Santa Barbara,2020,8,11.739234536290322,18.64114615948276,1,6.9184243292682925,5.793083575107296,6.35696642129324,-0.8660254037844384,-0.5000000000000004,6,7.315,12.0,21.0,20.8175,13.0,0
Santa Barbara,2020,9,18.64114615948276,12.219815298387095,1,11.739234536290322,6.9184243292682925,8.15024748022197,-1.0,-1.8369701987210294e-16,3,17.49,6.0,12.0,7.315,7.0,0
Santa Barbara,2020,10,12.219815298387095,7.531096662393162,0,18.64114615948276,11.739234536290322,12.432935008347124,-0.8660254037844386,0.5000000000000001,3,13.073333333333332,3.0,6.0,17.49,4.0,0
Santa Clara,2015,3,7.376809184615385,6.431392673796791,0,10.14540504519774,16.955201182291667,13.550303113744704,1.0,6.123233995736766e-17,28,0.6285714285714287,22.0,26.0,0.6131818181818182,25.333333333333332,0
Santa Clara,2015,4,6.431392673796791,6.176555517948718,0,7.376809184615385,10.14540504519774,11.49247180403493,0.8660254037844387,-0.4999999999999998,27,0.6340740740740741,28.0,22.0,0.6285714285714287,25.666666666666668,0
Santa Clara,2015,5,6.176555517948718,8.162166554973822,0,6.431392673796791,7.376809184615385,7.9845356345366385,0.4999999999999999,-0.8660254037844387,12,1.0141666666666669,27.0,28.0,0.6340740740740741,22.333333333333332,1
Santa Clara,2015,6,8.162166554973822,5.535468803030303,0,6.176555517948718,6.431392673796791,6.661585792120298,1.2246467991473532e-16,-1.0,48,2.136041666666667,12.0,27.0,1.0141666666666669,29.0,0
Santa Clara,2015,7,5.535468803030303,10.2564106373057,0,8.162166554973822,6.176555517948718,6.923371582239777,-0.4999999999999998,-0.8660254037844388,38,0.8676315789473684,48.0,12.0,2.136041666666667,32.666666666666664,0
Santa Clara,2015,8,10.2564106373057,7.115465867403315,0,5.535468803030303,8.162166554973822,6.624730291984281,-0.8660254037844384,-0.5000000000000004,38,2.091842105263158,38.0,48.0,0.8676315789473684,41.333333333333336,0
Santa Clara,2015,9,7.115465867403315,7.298589390625,0,10.2564106373057,5.535468803030303,7.984681998436609,-1.0,-1.8369701987210294e-16,31,0.6654838709677419,38.0,38.0,2.091842105263158,35.666666666666664,0
Santa Clara,2015,10,7.298589390625,9.152100511235956,0,7.115465867403315,10.2564106373057,7.63578176924644,-0.8660254037844386,0.5000000000000001,35,0.8331428571428572,31.0,38.0,0.6654838709677419,34.666666666666664,1
Santa Clara,2015,11,9.152100511235956,8.75796112755102,0,7.298589390625,7.115465867403315,8.223488631778004,-0.5000000000000004,0.8660254037844384,48,1.0297916666666669,35.0,31.0,0.8331428571428572,38.0,0
Santa Clara,2015,12,8.75796112755102,7.870988730964466,0,9.152100511235956,7.298589390625,7.855385256421424,-2.4492935982947064e-16,1.0,16,0.601875,48.0,35.0,1.0297916666666669,33.0,0
Santa Clara,2016,1,7.870988730964466,9.533143448087433,0,8.75796112755102,9.152100511235956,8.402883676470658,0.4999999999999999,0.8660254037844387,6,0.8816666666666667,16.0,48.0,0.601875,23.333333333333332,0
Santa Clara,2016,2,9.533143448087433,5.650727788359789,0,7.870988730964466,8.75796112755102,8.593683456583815,0.8660254037844386,0.5000000000000001,26,0.6738461538461539,6.0,16.0,0.8816666666666667,16.0,0
Santa Clara,2016,3,5.650727788359789,6.859825935828877,0,9.533143448087433,7.870988730964466,8.72069776886764,1.0,6.123233995736766e-17,20,0.776,26.0,6.0,0.6738461538461539,17.333333333333332,0
Santa Clara,2016,4,6.859825935828877,7.8083716315789475,0,5.650727788359789,9.533143448087433,7.684953322470562,0.8660254037844387,-0.4999999999999998,30,0.7633333333333333,20.0,26.0,0.776,25.333333333333332,0
Santa Clara,2016,5,7.8083716315789475,8.327331432432432,0,6.859825935828877,5.650727788359789,7.347899057425366,0.4999999999999999,-0.8660254037844387,29,0.7606896551724137,30.0,20.0,0.7633333333333333,26.333333333333332,1
Santa Clara,2016,6,8.327331432432432,7.624548103626943,0,7.8083716315789475,6.859825935828877,6.772975118589205,1.2246467991473532e-16,-1.0,65,1.401846153846154,29.0,30.0,0.7606896551724137,41.333333333333336,1
Santa Clara,2016,7,7.624548103626943,8.469456816326531,0,8.327331432432432,7.8083716315789475,7.665176333280086,-0.4999999999999998,-0.8660254037844388,58,0.7351724137931035,65.0,29.0,1.401846153846154,50.666666666666664,0
Santa Clara,2016,8,8.469456816326531,9.865216843137254,0,7.624548103626943,8.327331432432432,7.920083722546107,-0.8660254037844384,-0.5000000000000004,38,0.751578947368421,58.0,65.0,0.7351724137931035,53.666666666666664,1
Santa Clara,2016,9,9.865216843137254,5.202920871794872,0,8.469456816326531,7.624548103626943,8.140445450795301,-1.0,-1.8369701987210294e-16,255,18.972392156862742,38.0,58.0,0.751578947368421,117.0,0
Santa Clara,2016,10,5.202920871794872,7.551378419354839,0,9.865216843137254,8.469456816326531,8.653073921030243,-0.8660254037844386,0.5000000000000001,30,0.661,255.0,38.0,18.972392156862742,107.66666666666669,0
Santa Clara,2016,11,7.551378419354839,8.578904696335078,0,5.202920871794872,9.865216843137254,7.845864843752885,-0.5000000000000004,0.8660254037844384,36,0.7394444444444445,30.0,255.0,0.661,107.0,0
Santa Clara,2016,12,8.578904696335078,7.488925036458333,0,7.551378419354839,5.202920871794872,7.539838711428988,-2.4492935982947064e-16,1.0,17,0.9588235294117649,36.0,30.0,0.7394444444444445,27.666666666666668,0
Santa Clara,2017,1,7.488925036458333,3.738617835227273,0,8.578904696335078,7.551378419354839,7.111067995828262,0.4999999999999999,0.8660254037844387,14,0.6071428571428571,17.0,36.0,0.9588235294117649,22.333333333333332,0
Santa Clara,2017,2,3.738617835227273,5.394385134408602,0,7.488925036458333,8.578904696335078,7.873069384049416,0.8660254037844386,0.5000000000000001,9,0.6622222222222223,14.0,17.0,0.6071428571428571,13.333333333333334,0
Santa Clara,2017,3,5.394385134408602,5.121214386243387,0,3.738617835227273,7.488925036458333,6.602149189340228,1.0,6.123233995736766e-17,16,0.635,9.0,14.0,0.6622222222222223,13.0,0
Santa Clara,2017,4,5.121214386243387,5.998482908536586,0,5.394385134408602,3.738617835227273,5.540642668698069,0.8660254037844387,-0.4999999999999998,23,1.2478260869565216,16.0,9.0,0.635,16.0,1
Santa Clara,2017,5,5.998482908536586,7.196975686746987,0,5.121214386243387,5.394385134408602,4.7514057852930875,0.4999999999999999,-0.8660254037844387,55,0.9590909090909092,23.0,16.0,1.2478260869565216,31.333333333333332,1
Santa Clara,2017,6,7.196975686746987,8.353695037433155,0,5.998482908536586,5.121214386243387,5.504694143062857,1.2246467991473532e-16,-1.0,48,1.5016666666666667,55.0,23.0,0.9590909090909092,42.0,1
Santa Clara,2017,7,8.353695037433155,11.412194072164947,1,7.196975686746987,5.998482908536586,6.105557660508986,-0.4999999999999998,-0.8660254037844388,57,0.7275438596491228,48.0,55.0,1.5016666666666667,53.333333333333336,0
Santa Clara,2017,8,11.412194072164947,11.732306177419352,1,8.353695037433155,7.196975686746987,7.1830512109055755,-0.8660254037844384,-0.5000000000000004,45,0.8657777777777778,57.0,48.0,0.7275438596491228,50.0,0
Santa Clara,2017,9,11.732306177419352,13.88209027368421,1,11.412194072164947,8.353695037433155,8.987621598781697,-1.0,-1.8369701987210294e-16,45,0.8833333333333333,45.0,57.0,0.8657777777777778,49.0,1
Santa Clara,2017,10,13.88209027368421,7.423093231578947,0,11.732306177419352,11.412194072164947,10.499398429005817,-0.8660254037844386,0.5000000000000001,48,0.5695833333333333,45.0,45.0,0.8833333333333333,46.0,0
Santa Clara,2017,11,7.423093231578947,17.221985354497352,1,13.88209027368421,11.732306177419352,12.342196841089503,-0.5000000000000004,0.8660254037844384,21,1.316190476190476,48.0,45.0,0.5695833333333333,38.0,0
Santa Clara,2017,12,17.221985354497352,10.44666928426396,0,7.423093231578947,13.88209027368421,11.012496560894167,-2.4492935982947064e-16,1.0,25,0.792,21.0,48.0,1.316190476190476,31.333333333333332,0
Santa Clara,2018,1,10.44666928426396,7.556948898809524,0,17.221985354497352,7.423093231578947,12.84238961992017,0.4999999999999999,0.8660254037844387,11,0.6409090909090909,25.0,21.0,0.792,19.0,0
Santa Clara,2018,2,7.556948898809524,5.347997958762887,0,10.44666928426396,17.221985354497352,11.69724929011342,0.8660254037844386,0.5000000000000001,39,0.7861538461538462,11.0,25.0,0.6409090909090909,25.0,0
Santa Clara,2018,3,5.347997958762887,7.5471843,0,7.556948898809524,10.44666928426396,11.741867845856945,1.0,6.123233995736766e-17,27,0.617037037037037,39.0,11.0,0.7861538461538462,25.666666666666668,0
Santa Clara,2018,4,7.5471843,6.830949540816326,0,5.347997958762887,7.556948898809524,7.78387204727879,0.8660254037844387,-0.4999999999999998,31,1.3816129032258064,27.0,39.0,0.617037037037037,32.333333333333336,0
Santa Clara,2018,5,6.830949540816326,7.975474216931216,0,7.5471843,5.347997958762887,6.817377052524137,0.4999999999999999,-0.8660254037844387,30,0.8556666666666667,31.0,27.0,1.3816129032258064,29.333333333333332,1
Santa Clara,2018,6,7.975474216931216,7.159977203045686,0,6.830949540816326,7.5471843,6.575377266526405,1.2246467991473532e-16,-1.0,60,3.126833333333334,30.0,31.0,0.8556666666666667,40.333333333333336,1
Santa Clara,2018,7,7.159977203045686,14.039780921052632,1,7.975474216931216,6.830949540816326,7.451202685915848,-0.4999999999999998,-0.8660254037844388,59,5.480338983050848,60.0,30.0,3.126833333333334,49.666666666666664,0
Santa Clara,2018,8,14.039780921052632,9.770459236842106,0,7.159977203045686,7.975474216931216,7.322133653597743,-0.8660254037844384,-0.5000000000000004,32,0.630625,59.0,60.0,5.480338983050848,50.333333333333336,1
Santa Clara,2018,9,9.770459236842106,8.950694263473054,0,14.039780921052632,7.159977203045686,9.725077447009843,-1.0,-1.8369701987210294e-16,53,0.5911320754716981,32.0,59.0,0.630625,48.0,1
Santa Clara,2018,10,8.950694263473054,33.88041022395833,1,9.770459236842106,14.039780921052632,10.32340578698014,-0.8660254037844386,0.5000000000000001,50,1.2772,53.0,32.0,0.5911320754716981,45.0,0
Santa Clara,2018,11,33.88041022395833,10.72600848979592,0,8.950694263473054,9.770459236842106,10.920311473789264,-0.5000000000000004,0.8660254037844384,31,0.844516129032258,50.0,53.0,1.2772,44.666666666666664,0
Santa Clara,2018,12,10.72600848979592,8.884857239795918,0,33.88041022395833,8.950694263473054,17.53385457475783,-2.4492935982947064e-16,1.0,16,0.899375,31.0,50.0,0.844516129032258,32.333333333333336,0
Santa Clara,2019,1,8.884857239795918,4.764726632768362,0,10.72600848979592,33.88041022395833,17.852370992409103,0.4999999999999999,0.8660254037844387,11,1.3318181818181818,16.0,31.0,0.899375,19.333333333333332,0
Santa Clara,2019,2,4.764726632768362,5.7774187333333336,0,8.884857239795918,10.72600848979592,17.830425317850054,0.8660254037844386,0.5000000000000001,6,0.5916666666666667,11.0,16.0,1.3318181818181818,11.0,0
Santa Clara,2019,3,5.7774187333333336,6.4875355789473685,0,4.764726632768362,8.884857239795918,8.125197454120068,1.0,6.123233995736766e-17,23,0.8873913043478261,6.0,11.0,0.5916666666666667,13.333333333333334,0
Santa Clara,2019,4,6.4875355789473685,6.404871642857143,0,5.7774187333333336,4.764726632768362,6.475667535299205,0.8660254037844387,-0.4999999999999998,24,0.5691666666666667,23.0,6.0,0.8873913043478261,17.666666666666668,0
Santa Clara,2019,5,6.404871642857143,7.68341486631016,0,6.4875355789473685,5.7774187333333336,5.6765603150163555,0.4999999999999999,-0.8660254037844387,20,0.7855000000000001,24.0,23.0,0.5691666666666667,22.333333333333332,0
Santa Clara,2019,6,7.68341486631016,7.558888530612244,0,6.404871642857143,6.4875355789473685,6.223275318379282,1.2246467991473532e-16,-1.0,37,0.7664864864864864,20.0,24.0,0.7855000000000001,27.0,1
Santa Clara,2019,7,7.558888530612244,6.905885416243655,0,7.68341486631016,6.404871642857143,6.85860736270489,-0.4999999999999998,-0.8660254037844388,67,1.3782089552238803,37.0,20.0,0.7664864864864864,41.333333333333336,1
Santa Clara,2019,8,6.905885416243655,5.810794838323353,0,7.558888530612244,7.68341486631016,7.215725013259849,-0.8660254037844384,-0.5000000000000004,55,0.836,67.0,37.0,1.3782089552238803,53.0,1
Santa Clara,2019,9,5.810794838323353,8.791239791878173,0,6.905885416243655,7.558888530612244,7.382729604388686,-1.0,-1.8369701987210294e-16,55,0.8674545454545455,55.0,67.0,0.836,59.0,1
Santa Clara,2019,10,8.791239791878173,13.722194021052632,1,5.810794838323353,6.905885416243655,6.758522928393084,-0.8660254037844386,0.5000000000000001,50,0.6372,55.0,55.0,0.8674545454545455,53.333333333333336,0
Santa Clara,2019,11,13.722194021052632,6.603114239795919,0,8.791239791878173,5.810794838323353,7.169306682148394,-0.5000000000000004,0.8660254037844384,31,0.6648387096774193,50.0,55.0,0.6372,45.333333333333336,0
Santa Clara,2019,12,6.603114239795919,8.541904671794873,0,13.722194021052632,8.791239791878173,9.441409550418053,-2.4492935982947064e-16,1.0,6,0.725,31.0,50.0,0.6648387096774193,29.0,0
Santa Clara,2020,1,8.541904671794873,9.276842540983608,0,6.603114239795919,13.722194021052632,9.705516017575574,0.4999999999999999,0.8660254037844387,12,0.7016666666666667,6.0,31.0,0.725,16.333333333333332,0
Santa Clara,2020,2,9.276842540983608,5.346869875647668,0,8.541904671794873,6.603114239795919,9.62240431088114,0.8660254037844386,0.5000000000000001,30,0.7186666666666667,12.0,6.0,0.7016666666666667,16.0,0
Santa Clara,2020,3,5.346869875647668,5.2118149,0,9.276842540983608,8.541904671794873,8.140620484191466,1.0,6.123233995736766e-17,24,0.7179166666666666,30.0,12.0,0.7186666666666667,22.0,0
Santa Clara,2020,4,5.2118149,5.480423540816326,0,5.346869875647668,9.276842540983608,7.721872362808717,0.8660254037844387,-0.4999999999999998,33,0.6318181818181818,24.0,30.0,0.7179166666666666,29.0,0
Santa Clara,2020,5,5.480423540816326,5.453787536842105,0,5.2118149,5.346869875647668,6.611842438877091,0.4999999999999999,-0.8660254037844387,37,1.0497297297297297,33.0,24.0,0.6318181818181818,31.333333333333332,0
Santa Clara,2020,6,5.453787536842105,7.823671581632653,0,5.480423540816326,5.2118149,5.3463694388213305,1.2246467991473532e-16,-1.0,38,0.7963157894736842,37.0,33.0,1.0497297297297297,36.0,1
Santa Clara,2020,7,7.823671581632653,17.946629826530614,1,5.453787536842105,5.480423540816326,5.382008659219476,-0.4999999999999998,-0.8660254037844388,180,3.899277777777778,38.0,37.0,0.7963157894736842,85.0,1
Santa Clara,2020,8,17.946629826530614,27.979017484210527,1,7.823671581632653,5.453787536842105,6.252627553097028,-0.8660254037844384,-0.5000000000000004,4810,25.19150311850312,180.0,38.0,3.899277777777778,1676.0,1
Santa Clara,2020,9,27.979017484210527,17.02029882142857,1,17.946629826530614,7.823671581632653,10.408029648335123,-1.0,-1.8369701987210294e-16,57,2.773684210526316,4810.0,180.0,25.19150311850312,1682.3333333333333,0
Santa Clara,2020,10,17.02029882142857,12.165007389473685,1,27.979017484210527,17.946629826530614,17.916439630791263,-0.8660254037844386,0.5000000000000001,33,0.5812121212121212,57.0,4810.0,2.773684210526316,1633.3333333333333,0
Santa Clara,2020,11,12.165007389473685,13.750597111111112,1,17.02029882142857,27.979017484210527,20.98198204405657,-0.5000000000000004,0.8660254037844384,31,0.7051612903225807,33.0,57.0,0.5812121212121212,40.333333333333336,0
Santa Cruz,2015,6,4.807331466666667,2.5226167983870966,0,4.331722419354839,4.531397958333333,4.507299634370633,1.2246467991473532e-16,-1.0,1,3.03,1.0,2.0,2.42,1.3333333333333333,0
Santa Cruz,2015,7,2.5226167983870966,6.1757731499999995,0,4.807331466666667,4.331722419354839,4.556817281451614,-0.4999999999999998,-0.8660254037844388,1,6.08,1.0,1.0,3.03,1.0,0
Santa Cruz,2015,9,4.536863888888889,4.50690610483871,0,6.1757731499999995,2.5226167983870966,4.501907138351254,-1.0,-1.8369701987210294e-16,1,1.22,1.0,1.0,6.08,1.0,0
Santa Cruz,2015,10,4.50690610483871,6.987633941666667,0,4.536863888888889,6.1757731499999995,4.411751279091995,-0.8660254037844386,0.5000000000000001,1,5.06,1.0,1.0,1.22,1.0,0
Santa Cruz,2016,3,4.798124536585366,5.4963546249999995,0,6.698131704347826,5.329192130081301,6.173142202262284,1.0,6.123233995736766e-17,1,3.15,1.0,1.0,5.06,1.0,0
Santa Cruz,2016,5,5.146508982758621,5.847180720338983,0,5.4963546249999995,4.798124536585366,5.66420362197773,0.4999999999999999,-0.8660254037844387,2,4.41,1.0,1.0,3.15,1.3333333333333333,0
Santa Cruz,2016,7,4.2822569999999995,4.358713427419355,0,5.847180720338983,5.146508982758621,5.4966814426992014,-0.4999999999999998,-0.8660254037844388,1,3.69,2.0,1.0,4.41,1.3333333333333333,0
Santa Cruz,2016,9,6.373230283333333,3.2950989910714283,0,4.358713427419355,4.2822569999999995,4.8293837159194455,-1.0,-1.8369701987210294e-16,3,2.4566666666666666,1.0,2.0,3.69,2.0,0
Santa Cruz,2016,10,3.2950989910714283,4.8921341583333335,0,6.373230283333333,4.358713427419355,5.004733570250896,-0.8660254037844386,0.5000000000000001,1,6.4,3.0,1.0,2.4566666666666666,1.6666666666666667,0
Santa Cruz,2017,3,4.367712725806451,4.544844327586207,0,3.677978258928571,4.94265025203252,5.105601939137568,1.0,6.123233995736766e-17,1,4.19,1.0,3.0,6.4,1.6666666666666667,0
Santa Cruz,2017,5,4.956652975806452,5.382203341666667,0,4.544844327586207,4.367712725806451,4.1968451041070765,0.4999999999999999,-0.8660254037844387,1,9.23,1.0,1.0,4.19,1.0,0
Santa Cruz,2017,6,5.382203341666667,6.31682574796748,0,4.956652975806452,4.544844327586207,4.623070009733037,1.2246467991473532e-16,-1.0,2,4.775,1.0,1.0,9.23,1.3333333333333333,0
Santa Cruz,2017,7,6.31682574796748,7.040816669354839,0,5.382203341666667,4.956652975806452,4.961233548353109,-0.4999999999999998,-0.8660254037844388,3,3.953333333333333,2.0,1.0,4.775,2.0,0
Santa Cruz,2017,8,7.040816669354839,8.275236591666667,0,6.31682574796748,5.382203341666667,5.551894021813534,-0.8660254037844384,-0.5000000000000004,1,40.83,3.0,2.0,3.953333333333333,2.0,0
Santa Cruz,2017,10,12.049523675,5.475427875,0,8.275236591666667,7.040816669354839,7.210959669662995,-0.8660254037844386,0.5000000000000001,21,7.273333333333333,1.0,3.0,40.83,8.333333333333334,0
Santa Cruz,2017,11,5.475427875,10.426787901785714,0,12.049523675,8.275236591666667,9.121858978673837,-0.5000000000000004,0.8660254037844384,1,1.89,21.0,1.0,7.273333333333333,7.666666666666667,0
Santa Cruz,2018,1,5.750409048387096,5.695327776785715,0,10.426787901785714,5.475427875,9.317246483928573,0.4999999999999999,0.8660254037844387,2,1.42,1.0,21.0,1.89,8.0,0
Santa Cruz,2018,2,5.695327776785715,3.5188056218487396,0,5.750409048387096,10.426787901785714,7.217541608390938,0.8660254037844386,0.5000000000000001,5,11.532,2.0,1.0,1.42,2.6666666666666665,0
Santa Cruz,2018,5,4.608930193548387,6.535783641666667,0,5.568163233333333,3.5188056218487396,4.9274322106559305,0.4999999999999999,-0.8660254037844387,1,2.38,5.0,2.0,11.532,2.6666666666666665,0
Santa Cruz,2018,6,6.535783641666667,4.858418756097561,0,4.608930193548387,5.568163233333333,4.565299682910154,1.2246467991473532e-16,-1.0,5,29.603999999999996,1.0,5.0,2.38,3.6666666666666665,0
Santa Cruz,2018,8,10.383835422764228,6.403922108333333,0,4.858418756097561,6.535783641666667,5.334377530437539,-0.8660254037844384,-0.5000000000000004,1,0.44,5.0,1.0,29.603999999999996,2.3333333333333335,0
Santa Cruz,2018,11,20.87321074590164,7.292137238938054,0,6.494991512396694,6.403922108333333,7.76091634783142,-0.5000000000000004,0.8660254037844384,5,8.434000000000001,1.0,5.0,0.44,3.6666666666666665,0
Santa Cruz,2019,5,5.256655346774193,6.197968275,0,6.312090907563025,4.489278634146341,5.2014019843081085,0.4999999999999999,-0.8660254037844387,1,4.38,5.0,1.0,8.434000000000001,2.3333333333333335,0
Santa Cruz,2019,6,6.197968275,5.77157245,0,5.256655346774193,6.312090907563025,5.352674962827854,1.2246467991473532e-16,-1.0,1,1.84,1.0,5.0,4.38,2.3333333333333335,0
Santa Cruz,2019,7,5.77157245,4.547200798387097,0,6.197968275,5.256655346774193,5.922238176445741,-0.4999999999999998,-0.8660254037844388,7,5.681428571428571,1.0,1.0,1.84,3.0,0
Santa Cruz,2019,8,4.547200798387097,4.515203933333334,0,5.77157245,6.197968275,5.742065357258066,-0.8660254037844384,-0.5000000000000004,7,11.7,7.0,1.0,5.681428571428571,5.0,0
Santa Cruz,2019,10,6.639718759259259,8.356092114035087,0,4.515203933333334,4.547200798387097,4.944659060573478,-0.8660254037844386,0.5000000000000001,1,3.47,7.0,7.0,11.7,5.0,0
Santa Cruz,2020,2,6.302172620689655,3.5252016611570247,0,5.512917024193548,4.549024336134454,6.139344491454364,0.8660254037844386,0.5000000000000001,9,26.348888888888887,1.0,7.0,3.47,5.666666666666667,0
Santa Cruz,2020,4,3.4541892807017542,3.4076017661290323,0,3.5252016611570247,6.302172620689655,5.113430435346744,0.8660254037844387,-0.4999999999999998,3,4.183333333333333,9.0,1.0,26.348888888888887,4.333333333333333,1
Santa Cruz,2020,8,37.328219129032256,21.959307601694913,1,3.8528985645161287,3.1211051000000003,3.460535143548388,-0.8660254037844384,-0.5000000000000004,2118,27.87199716713881,3.0,9.0,4.183333333333333,710.0,0
Santa Cruz,2020,9,21.959307601694913,9.564312630252102,0,37.328219129032256,3.8528985645161287,14.767407597849465,-1.0,-1.8369701987210294e-16,4,1.2425,2118.0,3.0,27.87199716713881,708.3333333333334,0
Santa Cruz,2020,10,9.564312630252102,7.261462868421053,0,21.959307601694913,37.328219129032256,21.046808431747767,-0.8660254037844386,0.5000000000000001,1,3.63,4.0,2118.0,1.2425,707.6666666666666,0
Santa Cruz,2020,11,7.261462868421053,9.681428774193549,0,9.564312630252102,21.959307601694913,22.950613120326423,-0.5000000000000004,0.8660254037844384,4,7.5575,1.0,4.0,3.63,3.0,0
Shasta,2015,3,3.8333333333333335,3.62,0,8.05,9.06,8.555,1.0,6.123233995736766e-17,19,4.136842105263159,16.0,17.0,4.015625,17.333333333333332,0
Shasta,2015,4,3.62,3.94,0,3.8333333333333335,8.05,6.981111111111112,0.8660254037844387,-0.4999999999999998,23,8.108695652173912,19.0,16.0,4.136842105263159,19.333333333333332,0
Shasta,2015,5,3.94,6.04,0,3.62,3.8333333333333335,5.167777777777778,0.4999999999999999,-0.8660254037844387,7,1.1557142857142857,23.0,19.0,8.108695652173912,16.333333333333332,0
Shasta,2015,6,6.04,5.725,0,3.94,3.62,3.797777777777778,1.2246467991473532e-16,-1.0,2,0.565,7.0,23.0,1.1557142857142857,10.666666666666666,0
Shasta,2015,7,5.725,23.42,1,6.04,3.94,4.533333333333333,-0.4999999999999998,-0.8660254037844388,6,2.4,2.0,7.0,0.565,5.0,0
Shasta,2015,8,23.42,6.460000000000001,0,5.725,6.04,5.235,-0.8660254037844384,-0.5000000000000004,7,6.677142857142857,6.0,2.0,2.4,5.0,0
Shasta,2015,9,6.460000000000001,4.94,0,23.42,5.725,11.728333333333332,-1.0,-1.8369701987210294e-16,8,5.694999999999999,7.0,6.0,6.677142857142857,7.0,0
Shasta,2015,10,4.94,6.94,0,6.460000000000001,23.42,11.868333333333334,-0.8660254037844386,0.5000000000000001,30,8.887666666666666,8.0,7.0,5.694999999999999,15.0,1
Shasta,2015,11,6.94,8.200000000000001,0,4.94,6.460000000000001,11.606666666666667,-0.5000000000000004,0.8660254037844384,59,8.963050847457628,30.0,8.0,8.887666666666666,32.333333333333336,0
Shasta,2015,12,8.200000000000001,3.283333333333333,0,6.94,4.94,6.113333333333334,-2.4492935982947064e-16,1.0,11,2.4481818181818182,59.0,30.0,8.963050847457628,33.333333333333336,0
Shasta,2016,2,5.4,4.566666666666666,0,3.283333333333333,8.200000000000001,6.141111111111111,0.8660254037844386,0.5000000000000001,2,2.9800000000000004,11.0,59.0,2.4481818181818182,24.0,0
Shasta,2016,3,4.566666666666666,3.08,0,5.4,3.283333333333333,5.627777777777777,1.0,6.123233995736766e-17,5,5.578,2.0,11.0,2.9800000000000004,6.0,0
Shasta,2016,4,3.08,4.0,0,4.566666666666666,5.4,4.416666666666667,0.8660254037844387,-0.4999999999999998,20,4.5835,5.0,2.0,5.578,9.0,0
Shasta,2016,5,4.0,3.4200000000000004,0,3.08,4.566666666666666,4.348888888888889,0.4999999999999999,-0.8660254037844387,8,1.87125,20.0,5.0,4.5835,11.0,0
Shasta,2016,6,3.4200000000000004,7.05,0,4.0,3.08,3.882222222222222,1.2246467991473532e-16,-1.0,2,1.0,8.0,20.0,1.87125,10.0,0
Shasta,2016,7,7.05,9.5,0,3.4200000000000004,4.0,3.5,-0.4999999999999998,-0.8660254037844388,24,8.917083333333332,2.0,8.0,1.0,11.333333333333334,0
Shasta,2016,8,9.5,5.275,0,7.05,3.4200000000000004,4.823333333333333,-0.8660254037844384,-0.5000000000000004,3,0.61,24.0,2.0,8.917083333333332,9.666666666666666,0
Shasta,2016,9,5.275,3.7000000000000006,0,9.5,7.05,6.656666666666666,-1.0,-1.8369701987210294e-16,1,1.34,3.0,24.0,0.61,9.333333333333334,0
Shasta,2016,10,3.7000000000000006,6.34,0,5.275,9.5,7.275,-0.8660254037844386,0.5000000000000001,16,7.4975,1.0,3.0,1.34,6.666666666666667,1
Shasta,2016,11,6.34,6.3,0,3.7000000000000006,5.275,6.158333333333334,-0.5000000000000004,0.8660254037844384,108,4.371018518518518,16.0,1.0,7.4975,41.666666666666664,0
Shasta,2016,12,6.3,7.26,0,6.34,3.7000000000000006,5.105,-2.4492935982947064e-16,1.0,30,2.609,108.0,16.0,4.371018518518518,51.333333333333336,0
Shasta,2017,3,4.46,3.22,0,1.95,7.26,5.17,1.0,6.123233995736766e-17,7,3.74,30.0,108.0,2.609,48.333333333333336,0
Shasta,2017,4,3.22,2.92,0,4.46,1.95,4.5566666666666675,0.8660254037844387,-0.4999999999999998,4,1.43,7.0,30.0,3.74,13.666666666666666,0
Shasta,2017,5,2.92,4.220000000000001,0,3.22,4.46,3.2100000000000004,0.4999999999999999,-0.8660254037844387,29,15.60689655172414,4.0,7.0,1.43,13.333333333333334,0
Shasta,2017,6,4.220000000000001,8.0,0,2.92,3.22,3.533333333333333,1.2246467991473532e-16,-1.0,3,7.176666666666667,29.0,4.0,15.60689655172414,12.0,0
Shasta,2017,7,8.0,14.44,1,4.220000000000001,2.92,3.453333333333333,-0.4999999999999998,-0.8660254037844388,19,17.056315789473683,3.0,29.0,7.176666666666667,17.0,0
Shasta,2017,8,14.44,20.78,1,8.0,4.220000000000001,5.046666666666666,-0.8660254037844384,-0.5000000000000004,5,10.9,19.0,3.0,17.056315789473683,9.0,1
Shasta,2017,9,20.78,11.15,0,14.44,8.0,8.886666666666665,-1.0,-1.8369701987210294e-16,105,15.87504761904762,5.0,19.0,10.9,43.0,0
Shasta,2017,10,11.15,5.659999999999999,0,20.78,14.44,14.406666666666666,-0.8660254037844386,0.5000000000000001,13,7.668461538461538,105.0,5.0,15.87504761904762,41.0,0
Shasta,2017,11,5.659999999999999,10.0,0,11.15,20.78,15.456666666666663,-0.5000000000000004,0.8660254037844384,26,10.313461538461535,13.0,105.0,7.668461538461538,48.0,0
Shasta,2017,12,10.0,9.34,0,5.659999999999999,11.15,12.53,-2.4492935982947064e-16,1.0,24,4.225416666666667,26.0,13.0,10.313461538461535,21.0,0
Shasta,2018,1,9.34,3.5,0,10.0,5.659999999999999,8.936666666666666,0.4999999999999999,0.8660254037844387,9,3.2266666666666666,24.0,26.0,4.225416666666667,19.666666666666668,1
Shasta,2018,2,3.5,2.9,0,9.34,10.0,8.33333333333333,0.8660254037844386,0.5000000000000001,54,6.362592592592592,9.0,24.0,3.2266666666666666,29.0,0
Shasta,2018,3,2.9,4.6,0,3.5,9.34,7.613333333333332,1.0,6.123233995736766e-17,3,2.5433333333333334,54.0,9.0,6.362592592592592,22.0,0
Shasta,2018,4,4.6,5.15,0,2.9,3.5,5.246666666666665,0.8660254037844387,-0.4999999999999998,28,14.387142857142855,3.0,54.0,2.5433333333333334,28.333333333333332,1
Shasta,2018,6,6.35,36.06,1,5.15,4.6,4.216666666666665,1.2246467991473532e-16,-1.0,84,26.19833333333333,28.0,3.0,14.387142857142855,38.333333333333336,1
Shasta,2018,7,36.06,53.61999999999999,1,6.35,5.15,5.3666666666666645,-0.4999999999999998,-0.8660254037844388,4624,20.392409169550177,84.0,28.0,26.19833333333333,1578.6666666666667,1
Shasta,2018,8,53.61999999999999,7.7,0,36.06,6.35,15.853333333333332,-0.8660254037844384,-0.5000000000000004,7988,13.276174261392088,4624.0,84.0,20.392409169550177,4232.0,1
Shasta,2018,9,7.7,8.5,0,53.61999999999999,36.06,32.01,-1.0,-1.8369701987210294e-16,3933,12.90392829900839,7988.0,4624.0,13.276174261392088,5515.0,0
Shasta,2018,10,8.5,17.6,1,7.7,53.61999999999999,32.459999999999994,-0.8660254037844386,0.5000000000000001,6,2.193333333333334,3933.0,7988.0,12.90392829900839,3975.6666666666665,0
Shasta,2018,11,17.6,6.959999999999999,0,8.5,7.7,23.273333333333326,-0.5000000000000004,0.8660254037844384,6,4.263333333333333,6.0,3933.0,2.193333333333334,1315.0,1
Shasta,2018,12,6.959999999999999,13.12,1,17.6,8.5,11.266666666666666,-2.4492935982947064e-16,1.0,84,3.891190476190476,6.0,6.0,4.263333333333333,32.0,0
Shasta,2019,1,13.12,5.125,0,6.959999999999999,17.6,11.019999999999998,0.4999999999999999,0.8660254037844387,16,7.89375,84.0,6.0,3.891190476190476,35.333333333333336,0
Shasta,2019,2,5.125,5.175,0,13.12,6.959999999999999,12.559999999999995,0.8660254037844386,0.5000000000000001,2,2.615,16.0,84.0,7.89375,34.0,0
Shasta,2019,3,5.175,5.2,0,5.125,13.12,8.401666666666664,1.0,6.123233995736766e-17,11,4.3999999999999995,2.0,16.0,2.615,9.666666666666666,0
Shasta,2019,4,5.2,3.8,0,5.175,5.125,7.806666666666664,0.8660254037844387,-0.4999999999999998,9,8.248888888888889,11.0,2.0,4.3999999999999995,7.333333333333333,0
Shasta,2019,5,3.8,5.0,0,5.2,5.175,5.166666666666664,0.4999999999999999,-0.8660254037844387,15,8.787333333333333,9.0,11.0,8.248888888888889,11.666666666666666,0
Shasta,2019,6,5.0,4.725,0,3.8,5.2,4.724999999999998,1.2246467991473532e-16,-1.0,2,1.1,15.0,9.0,8.787333333333333,8.666666666666666,0
Shasta,2019,7,4.725,6.640000000000001,0,5.0,3.8,4.666666666666664,-0.4999999999999998,-0.8660254037844388,12,5.305833333333333,2.0,15.0,1.1,9.666666666666666,0
Shasta,2019,8,6.640000000000001,3.28,0,4.725,5.0,4.50833333333333,-0.8660254037844384,-0.5000000000000004,39,11.380512820512822,12.0,2.0,5.305833333333333,17.666666666666668,0
Shasta,2019,9,3.28,4.58,0,6.640000000000001,4.725,5.454999999999997,-1.0,-1.8369701987210294e-16,11,1.7763636363636364,39.0,12.0,11.380512820512822,20.666666666666668,0
Shasta,2019,10,4.58,6.466666666666666,0,3.28,6.640000000000001,4.881666666666664,-0.8660254037844386,0.5000000000000001,8,17.44,11.0,39.0,1.7763636363636364,19.333333333333332,0
Shasta,2019,11,6.466666666666666,14.82,1,4.58,3.28,4.833333333333331,-0.5000000000000004,0.8660254037844384,25,16.9404,8.0,11.0,17.44,14.666666666666666,0
Shasta,2019,12,14.82,10.75,0,6.466666666666666,4.58,4.775555555555553,-2.4492935982947064e-16,1.0,40,4.571,25.0,8.0,16.9404,24.333333333333332,1
Shasta,2020,1,10.75,7.08,0,14.82,6.466666666666666,8.62222222222222,0.4999999999999999,0.8660254037844387,56,6.449464285714286,40.0,25.0,4.571,40.333333333333336,1
Shasta,2020,2,7.08,5.5,0,10.75,14.82,10.678888888888888,0.8660254037844386,0.5000000000000001,46,7.009347826086957,56.0,40.0,6.449464285714286,47.333333333333336,1
Shasta,2020,3,5.5,4.48,0,7.08,10.75,10.883333333333333,1.0,6.123233995736766e-17,56,6.345178571428571,46.0,56.0,7.009347826086957,52.666666666666664,0
Shasta,2020,4,4.48,3.68,0,5.5,7.08,7.776666666666664,0.8660254037844387,-0.4999999999999998,18,14.885,56.0,46.0,6.345178571428571,40.0,0
Shasta,2020,5,3.68,3.859999999999999,0,4.48,5.5,5.686666666666665,0.4999999999999999,-0.8660254037844387,5,1.45,18.0,56.0,14.885,26.333333333333332,0
Shasta,2020,6,3.859999999999999,7.24,0,3.68,4.48,4.553333333333331,1.2246467991473532e-16,-1.0,9,11.237777777777778,5.0,18.0,1.45,10.666666666666666,0
Shasta,2020,7,7.24,7.62,0,3.859999999999999,3.68,4.006666666666664,-0.4999999999999998,-0.8660254037844388,18,2.7466666666666666,9.0,5.0,11.237777777777778,10.666666666666666,0
Shasta,2020,8,7.62,45.96,1,7.24,3.859999999999999,4.926666666666664,-0.8660254037844384,-0.5000000000000004,10,1.687,18.0,9.0,2.7466666666666666,12.333333333333334,1
Shasta,2020,9,45.96,8.84,0,7.62,7.24,6.2399999999999975,-1.0,-1.8369701987210294e-16,1399,15.688041458184417,10.0,18.0,1.687,475.6666666666667,1
Shasta,2020,10,8.84,12.483333333333334,1,45.96,7.62,20.27333333333333,-0.8660254037844386,0.5000000000000001,186,6.132634408602151,1399.0,10.0,15.688041458184417,531.6666666666666,1
Shasta,2020,11,12.483333333333334,17.7,1,8.84,45.96,20.80666666666666,-0.5000000000000004,0.8660254037844384,123,9.386422764227644,186.0,1399.0,6.132634408602151,569.3333333333334,1
Siskiyou,2015,3,5.233333333333333,3.4200000000000004,0,8.025,,8.025,1.0,6.123233995736766e-17,21,8.507619047619048,31.0,12.0,6.714838709677419,21.333333333333332,0
Siskiyou,2015,4,3.4200000000000004,2.9,0,5.233333333333333,8.025,6.629166666666666,0.8660254037844387,-0.4999999999999998,35,20.449142857142856,21.0,31.0,8.507619047619048,29.0,0
Siskiyou,2015,5,2.9,4.18,0,3.4200000000000004,5.233333333333333,5.559444444444445,0.4999999999999999,-0.8660254037844387,2,13.615,35.0,21.0,20.449142857142856,19.333333333333332,0
Siskiyou,2015,6,4.18,4.7,0,2.9,3.4200000000000004,3.8511111111111114,1.2246467991473532e-16,-1.0,2,2.67,2.0,35.0,13.615,13.0,0
Siskiyou,2015,7,4.7,30.860000000000003,1,4.18,2.9,3.5,-0.4999999999999998,-0.8660254037844388,2,0.435,2.0,2.0,2.67,2.0,1
Siskiyou,2015,8,30.860000000000003,3.979999999999999,0,4.7,4.18,3.926666666666667,-0.8660254037844384,-0.5000000000000004,57,4.948421052631579,2.0,2.0,0.435,20.333333333333332,0
Siskiyou,2015,9,3.979999999999999,4.75,0,30.860000000000003,4.7,13.246666666666668,-1.0,-1.8369701987210294e-16,11,2.3354545454545454,57.0,2.0,4.948421052631579,23.333333333333332,0
Siskiyou,2015,10,4.75,7.42,0,3.979999999999999,30.860000000000003,13.18,-0.8660254037844386,0.5000000000000001,40,6.6049999999999995,11.0,57.0,2.3354545454545454,36.0,1
Siskiyou,2015,11,7.42,6.76,0,4.75,3.979999999999999,13.196666666666667,-0.5000000000000004,0.8660254037844384,405,9.23241975308642,40.0,11.0,6.6049999999999995,152.0,1
Siskiyou,2015,12,6.76,4.816666666666666,0,7.42,4.75,5.383333333333334,-2.4492935982947064e-16,1.0,59,8.257457627118644,405.0,40.0,9.23241975308642,168.0,0
Siskiyou,2016,2,6.6,3.6166666666666663,0,4.816666666666666,6.76,6.3322222222222235,0.8660254037844386,0.5000000000000001,7,2.914285714285714,59.0,405.0,8.257457627118644,157.0,0
Siskiyou,2016,3,3.6166666666666663,2.54,0,6.6,4.816666666666666,6.05888888888889,1.0,6.123233995736766e-17,22,16.970000000000002,7.0,59.0,2.914285714285714,29.333333333333332,1
Siskiyou,2016,4,2.54,3.9333333333333336,0,3.6166666666666663,6.6,5.011111111111112,0.8660254037844387,-0.4999999999999998,62,14.863709677419354,22.0,7.0,16.970000000000002,30.333333333333332,0
Siskiyou,2016,5,3.9333333333333336,2.52,0,2.54,3.6166666666666663,4.2522222222222235,0.4999999999999999,-0.8660254037844387,15,6.5553333333333335,62.0,22.0,14.863709677419354,33.0,1
Siskiyou,2016,6,2.52,3.72,0,3.9333333333333336,2.54,3.3633333333333346,1.2246467991473532e-16,-1.0,318,13.038176100628933,15.0,62.0,6.5553333333333335,131.66666666666666,0
Siskiyou,2016,7,3.72,5.08,0,2.52,3.9333333333333336,2.997777777777779,-0.4999999999999998,-0.8660254037844388,17,4.233529411764706,318.0,15.0,13.038176100628933,116.66666666666669,1
Siskiyou,2016,8,5.08,5.8,0,3.72,2.52,3.3911111111111123,-0.8660254037844384,-0.5000000000000004,599,13.148230383973289,17.0,318.0,4.233529411764706,311.3333333333333,1
Siskiyou,2016,9,5.8,3.78,0,5.08,3.72,3.7733333333333343,-1.0,-1.8369701987210294e-16,1480,7.251689189189189,599.0,17.0,13.148230383973289,698.6666666666666,1
Siskiyou,2016,10,3.78,5.4,0,5.8,5.08,4.866666666666668,-0.8660254037844386,0.5000000000000001,121,8.69206611570248,1480.0,599.0,7.251689189189189,733.3333333333334,1
Siskiyou,2016,11,5.4,13.325,1,3.78,5.8,4.886666666666668,-0.5000000000000004,0.8660254037844384,179,4.373128491620111,121.0,1480.0,8.69206611570248,593.3333333333334,0
Siskiyou,2016,12,13.325,14.46,1,5.4,3.78,4.993333333333335,-2.4492935982947064e-16,1.0,29,4.87551724137931,179.0,121.0,4.373128491620111,109.66666666666669,0
Siskiyou,2017,2,3.975,4.1,0,14.46,13.325,11.061666666666667,0.8660254037844386,0.5000000000000001,1,2.85,29.0,179.0,4.87551724137931,69.66666666666667,0
Siskiyou,2017,3,4.1,2.46,0,3.975,14.46,10.586666666666668,1.0,6.123233995736766e-17,5,23.156,1.0,29.0,2.85,11.666666666666666,0
Siskiyou,2017,4,2.46,2.6999999999999997,0,4.1,3.975,7.511666666666668,0.8660254037844387,-0.4999999999999998,11,16.62,5.0,1.0,23.156,5.666666666666667,0
Siskiyou,2017,5,2.6999999999999997,3.9,0,2.46,4.1,3.511666666666668,0.4999999999999999,-0.8660254037844387,20,13.797,11.0,5.0,16.62,12.0,0
Siskiyou,2017,6,3.9,6.74,0,2.6999999999999997,2.46,3.086666666666668,1.2246467991473532e-16,-1.0,10,3.683,20.0,11.0,13.797,13.666666666666666,1
Siskiyou,2017,7,6.74,32.6,1,3.9,2.6999999999999997,3.020000000000001,-0.4999999999999998,-0.8660254037844388,538,5.555000000000001,10.0,20.0,3.683,189.33333333333337,1
Siskiyou,2017,8,32.6,28.58,1,6.74,3.9,4.446666666666668,-0.8660254037844384,-0.5000000000000004,10497,8.675744498428122,538.0,10.0,5.555000000000001,3681.6666666666665,1
Siskiyou,2017,9,28.58,11.36,1,32.6,6.74,14.413333333333336,-1.0,-1.8369701987210294e-16,7909,13.657684915918574,10497.0,538.0,8.675744498428122,6314.666666666667,1
Siskiyou,2017,10,11.36,6.02,0,28.58,32.6,22.64,-0.8660254037844386,0.5000000000000001,373,8.470375335120643,7909.0,10497.0,13.657684915918574,6259.666666666667,1
Siskiyou,2017,11,6.02,17.380000000000003,1,11.36,28.58,24.179999999999996,-0.5000000000000004,0.8660254037844384,127,3.24244094488189,373.0,7909.0,8.470375335120643,2803.0,0
Siskiyou,2017,12,17.380000000000003,9.8,0,6.02,11.36,15.32,-2.4492935982947064e-16,1.0,35,4.467142857142857,127.0,373.0,3.24244094488189,178.33333333333334,0
Siskiyou,2018,1,9.8,7.040000000000001,0,17.380000000000003,6.02,11.586666666666668,0.4999999999999999,0.8660254037844387,2,2.285,35.0,127.0,4.467142857142857,54.666666666666664,0
Siskiyou,2018,2,7.040000000000001,3.38,0,9.8,17.380000000000003,11.066666666666668,0.8660254037844386,0.5000000000000001,23,5.4830434782608695,2.0,35.0,2.285,20.0,0
Siskiyou,2018,3,3.38,3.8,0,7.040000000000001,9.8,11.406666666666668,1.0,6.123233995736766e-17,12,5.164166666666667,23.0,2.0,5.4830434782608695,12.333333333333334,0
Siskiyou,2018,4,3.8,3.62,0,3.38,7.040000000000001,6.740000000000001,0.8660254037844387,-0.4999999999999998,37,24.613513513513514,12.0,23.0,5.164166666666667,24.0,0
Siskiyou,2018,5,3.62,4.0,0,3.8,3.38,4.74,0.4999999999999999,-0.8660254037844387,27,20.275185185185183,37.0,12.0,24.613513513513514,25.333333333333332,0
Siskiyou,2018,6,4.0,36.03656068333333,1,3.62,3.8,3.6,1.2246467991473532e-16,-1.0,14,12.155714285714286,27.0,37.0,20.275185185185183,26.0,1
Siskiyou,2018,7,36.03656068333333,59.9597035,1,4.0,3.62,3.806666666666666,-0.4999999999999998,-0.8660254037844388,1025,16.154439024390243,14.0,27.0,12.155714285714286,355.3333333333333,1
Siskiyou,2018,8,59.9597035,15.7520356,1,36.03656068333333,4.0,14.55218689444444,-0.8660254037844384,-0.5000000000000004,2346,5.648759590792839,1025.0,14.0,16.154439024390243,1128.3333333333333,1
Siskiyou,2018,9,15.7520356,5.544606096774194,0,59.9597035,36.03656068333333,33.33208806111111,-1.0,-1.8369701987210294e-16,1480,9.64706081081081,2346.0,1025.0,5.648759590792839,1617.0,1
Siskiyou,2018,10,5.544606096774194,10.393039066666669,0,15.7520356,59.9597035,37.24943326111111,-0.8660254037844386,0.5000000000000001,175,17.31982857142857,1480.0,2346.0,9.64706081081081,1333.6666666666667,1
Siskiyou,2018,11,10.393039066666669,12.75618864516129,1,5.544606096774194,15.7520356,27.08544839892473,-0.5000000000000004,0.8660254037844384,77,15.877272727272729,175.0,1480.0,17.31982857142857,577.3333333333334,1
Siskiyou,2018,12,12.75618864516129,10.97821414516129,0,10.393039066666669,5.544606096774194,10.563226921146954,-2.4492935982947064e-16,1.0,52,4.862115384615385,77.0,175.0,15.877272727272729,101.33333333333331,0
Siskiyou,2019,1,10.97821414516129,7.494222285714286,0,12.75618864516129,10.393039066666669,9.56461126953405,0.4999999999999999,0.8660254037844387,12,4.060833333333334,52.0,77.0,4.862115384615385,47.0,0
Siskiyou,2019,2,7.494222285714286,4.925165444444445,0,10.97821414516129,12.75618864516129,11.37581395232975,0.8660254037844386,0.5000000000000001,2,1.535,12.0,52.0,4.060833333333334,22.0,0
Siskiyou,2019,3,4.925165444444445,2.5619202833333334,0,7.494222285714286,10.97821414516129,10.409541692012288,1.0,6.123233995736766e-17,16,10.731875,2.0,12.0,1.535,10.0,0
Siskiyou,2019,4,2.5619202833333334,2.67521035483871,0,4.925165444444445,7.494222285714286,7.799200625106674,0.8660254037844387,-0.4999999999999998,23,13.935652173913043,16.0,2.0,10.731875,13.666666666666666,0
Siskiyou,2019,5,2.67521035483871,2.1966908,0,2.5619202833333334,4.925165444444445,4.993769337830688,0.4999999999999999,-0.8660254037844387,37,12.606486486486489,23.0,16.0,13.935652173913043,25.333333333333332,0
Siskiyou,2019,6,2.1966908,11.675438258064515,1,2.67521035483871,2.5619202833333334,3.387432027538829,1.2246467991473532e-16,-1.0,15,7.709333333333333,37.0,23.0,12.606486486486489,25.0,0
Siskiyou,2019,7,11.675438258064515,3.400270818181818,0,2.1966908,2.67521035483871,2.4779404793906807,-0.4999999999999998,-0.8660254037844388,4,5.2875,15.0,37.0,7.709333333333333,18.666666666666668,0
Siskiyou,2019,8,3.400270818181818,1.7420833333333334,0,11.675438258064515,2.1966908,5.515779804301075,-0.8660254037844384,-0.5000000000000004,1,2.98,4.0,15.0,5.2875,6.666666666666667,1
Siskiyou,2019,9,1.7420833333333334,4.093133435483871,0,3.400270818181818,11.675438258064515,5.757466625415444,-1.0,-1.8369701987210294e-16,223,11.952286995515696,1.0,4.0,2.98,76.0,1
Siskiyou,2019,10,4.093133435483871,8.595301933333333,0,1.7420833333333334,3.400270818181818,5.605930803193222,-0.8660254037844386,0.5000000000000001,130,8.881384615384615,223.0,1.0,11.952286995515696,118.0,1
Siskiyou,2019,11,8.595301933333333,9.442291951612903,0,4.093133435483871,1.7420833333333334,3.078495862333007,-0.5000000000000004,0.8660254037844384,63,5.426507936507937,130.0,223.0,8.881384615384615,138.66666666666666,1
Siskiyou,2019,12,9.442291951612903,7.660314403225807,0,8.595301933333333,4.093133435483871,4.810172900716846,-2.4492935982947064e-16,1.0,65,4.3632307692307695,63.0,130.0,5.426507936507937,86.0,0
Siskiyou,2020,1,7.660314403225807,7.174599068965517,0,9.442291951612903,8.595301933333333,7.376909106810036,0.4999999999999999,0.8660254037844387,1,2.93,65.0,63.0,4.3632307692307695,43.0,1
Siskiyou,2020,2,7.174599068965517,3.8960963225806458,0,7.660314403225807,9.442291951612903,8.565969429390682,0.8660254037844386,0.5000000000000001,57,14.138070175438596,1.0,65.0,2.93,41.0,0
Siskiyou,2020,3,3.8960963225806458,2.511093,0,7.174599068965517,7.660314403225807,8.092401807934744,1.0,6.123233995736766e-17,8,2.90875,57.0,1.0,14.138070175438596,22.0,0
Siskiyou,2020,4,2.511093,1.9411875,0,3.8960963225806458,7.174599068965517,6.243669931590657,0.8660254037844387,-0.4999999999999998,41,15.614878048780488,8.0,57.0,2.90875,35.333333333333336,0
Siskiyou,2020,5,1.9411875,1.47988965,0,2.511093,3.8960963225806458,4.527262797182054,0.4999999999999999,-0.8660254037844387,3,2.5766666666666667,41.0,8.0,15.614878048780488,17.333333333333332,0
Siskiyou,2020,6,1.47988965,4.890782213114754,0,1.9411875,2.511093,2.7827922741935485,1.2246467991473532e-16,-1.0,2,4.4399999999999995,3.0,41.0,2.5766666666666667,15.333333333333334,1
Siskiyou,2020,7,4.890782213114754,11.465634403225806,1,1.47988965,1.9411875,1.97739005,-0.4999999999999998,-0.8660254037844388,959,23.30424400417101,2.0,3.0,4.4399999999999995,321.3333333333333,1
Siskiyou,2020,8,11.465634403225806,59.4975615,1,4.890782213114754,1.47988965,2.770619787704918,-0.8660254037844384,-0.5000000000000004,415,6.771180722891566,959.0,2.0,23.30424400417101,458.6666666666667,1
Siskiyou,2020,9,59.4975615,12.782066822580646,1,11.465634403225806,4.890782213114754,5.94543542211352,-1.0,-1.8369701987210294e-16,6138,17.960940045617466,415.0,959.0,6.771180722891566,2504.0,1
Siskiyou,2020,10,12.782066822580646,7.652408583333334,0,59.4975615,11.465634403225806,25.28465937211352,-0.8660254037844386,0.5000000000000001,1247,4.385412991178829,6138.0,415.0,17.960940045617466,2600.0,1
Siskiyou,2020,11,7.652408583333334,11.123024912280702,0,12.782066822580646,59.4975615,27.915087575268817,-0.5000000000000004,0.8660254037844384,122,3.460655737704918,1247.0,6138.0,4.385412991178829,2502.3333333333335,0
Solano,2015,3,6.630399725806452,5.451699891666666,0,11.136051353535354,25.3706863697479,18.253368861641626,1.0,6.123233995736766e-17,36,1.1958333333333333,35.0,26.0,1.439142857142857,32.333333333333336,1
Solano,2015,4,5.451699891666666,5.263791491935484,0,6.630399725806452,11.136051353535354,14.379045816363236,0.8660254037844387,-0.4999999999999998,57,2.363859649122807,36.0,35.0,1.1958333333333333,42.666666666666664,0
Solano,2015,5,5.263791491935484,5.177153649999999,0,5.451699891666666,6.630399725806452,7.739383657002825,0.4999999999999999,-0.8660254037844387,33,1.5351515151515152,57.0,36.0,2.363859649122807,42.0,0
Solano,2015,6,5.177153649999999,4.222933641025641,0,5.263791491935484,5.451699891666666,5.7819637031362,1.2246467991473532e-16,-1.0,38,1.1986842105263158,33.0,57.0,1.5351515151515152,42.666666666666664,1
Solano,2015,7,4.222933641025641,8.978175453703704,0,5.177153649999999,5.263791491935484,5.29754834453405,-0.4999999999999998,-0.8660254037844388,144,17.320833333333333,38.0,33.0,1.1986842105263158,71.66666666666667,0
Solano,2015,8,8.978175453703704,9.022747608333331,0,4.222933641025641,5.177153649999999,4.887959594320375,-0.8660254037844384,-0.5000000000000004,39,0.9115384615384616,144.0,38.0,17.320833333333333,73.66666666666667,0
Solano,2015,9,9.022747608333331,8.61137056097561,0,8.978175453703704,4.222933641025641,6.126087581576448,-1.0,-1.8369701987210294e-16,42,2.084047619047619,39.0,144.0,0.9115384615384616,75.0,0
Solano,2015,10,8.61137056097561,12.658531,1,9.022747608333331,8.978175453703704,7.407952234354224,-0.8660254037844386,0.5000000000000001,44,1.0002272727272727,42.0,39.0,2.084047619047619,41.666666666666664,1
Solano,2015,11,12.658531,12.118998764705882,1,8.61137056097561,9.022747608333331,8.870764541004215,-0.5000000000000004,0.8660254037844384,51,1.7515686274509803,44.0,42.0,1.0002272727272727,45.666666666666664,0
Solano,2015,12,12.118998764705882,10.238871930555554,0,12.658531,8.61137056097561,10.09754972310298,-2.4492935982947064e-16,1.0,18,1.0872222222222223,51.0,44.0,1.7515686274509803,37.666666666666664,0
Solano,2016,1,10.238871930555554,11.492123370689656,1,12.118998764705882,12.658531,11.12963344189383,0.4999999999999999,0.8660254037844387,7,0.86,18.0,51.0,1.0872222222222223,25.333333333333332,0
Solano,2016,2,11.492123370689656,5.893200677419355,0,10.238871930555554,12.118998764705882,11.672133898420478,0.8660254037844386,0.5000000000000001,16,1.076875,7.0,18.0,0.86,13.666666666666666,0
Solano,2016,3,5.893200677419355,6.878270915966386,0,11.492123370689656,10.238871930555554,11.283331355317031,1.0,6.123233995736766e-17,27,1.0985185185185184,16.0,7.0,1.076875,16.666666666666668,0
Solano,2016,4,6.878270915966386,6.236697540322581,0,5.893200677419355,11.492123370689656,9.208065326221522,0.8660254037844387,-0.4999999999999998,40,2.809,27.0,16.0,1.0985185185185184,27.666666666666668,0
Solano,2016,5,6.236697540322581,6.472477575,0,6.878270915966386,5.893200677419355,8.087864988025132,0.4999999999999999,-0.8660254037844387,28,1.799642857142857,40.0,27.0,2.809,31.666666666666668,0
Solano,2016,6,6.472477575,5.53146729032258,0,6.236697540322581,6.878270915966386,6.336056377902774,1.2246467991473532e-16,-1.0,24,1.2466666666666668,28.0,40.0,1.799642857142857,30.666666666666668,0
Solano,2016,7,5.53146729032258,5.7714469596774185,0,6.472477575,6.236697540322581,6.529148677096322,-0.4999999999999998,-0.8660254037844388,35,2.9697142857142858,24.0,28.0,1.2466666666666668,29.0,0
Solano,2016,8,5.7714469596774185,9.851404471698112,0,5.53146729032258,6.472477575,6.080214135215054,-0.8660254037844384,-0.5000000000000004,12,1.5075,35.0,24.0,2.9697142857142858,23.666666666666668,0
Solano,2016,9,9.851404471698112,6.246675387096775,0,5.7714469596774185,5.53146729032258,5.925130608333333,-1.0,-1.8369701987210294e-16,34,1.7897058823529413,12.0,35.0,1.5075,27.0,0
Solano,2016,10,6.246675387096775,9.578278547826088,0,9.851404471698112,5.7714469596774185,7.05143957389937,-0.8660254037844386,0.5000000000000001,33,1.2469696969696968,34.0,12.0,1.7897058823529413,26.333333333333332,0
Solano,2016,11,9.578278547826088,12.48237283064516,1,6.246675387096775,9.851404471698112,7.289842272824102,-0.5000000000000004,0.8660254037844384,36,1.8661111111111108,33.0,34.0,1.2469696969696968,34.333333333333336,0
Solano,2016,12,12.48237283064516,9.837745435483871,0,9.578278547826088,6.246675387096775,8.558786135540325,-2.4492935982947064e-16,1.0,12,1.1075000000000002,36.0,33.0,1.8661111111111108,27.0,0
Solano,2017,1,9.837745435483871,6.896258763636364,0,12.48237283064516,9.578278547826088,9.435775588522674,0.4999999999999999,0.8660254037844387,4,0.9425,12.0,36.0,1.1075000000000002,17.333333333333332,0
Solano,2017,3,6.811489008064516,6.582387291666667,0,6.896258763636364,9.837745435483871,9.738792343255133,1.0,6.123233995736766e-17,16,1.46875,4.0,12.0,0.9425,10.666666666666666,0
Solano,2017,4,6.582387291666667,7.372224177419355,0,6.811489008064516,6.896258763636364,7.848497735728249,0.8660254037844387,-0.4999999999999998,16,1.165,16.0,4.0,1.46875,12.0,0
Solano,2017,5,7.372224177419355,8.004490308333335,0,6.582387291666667,6.811489008064516,6.763378354455849,0.4999999999999999,-0.8660254037844387,13,1.263076923076923,16.0,16.0,1.165,15.0,0
Solano,2017,6,8.004490308333335,9.018256177419357,0,7.372224177419355,6.582387291666667,6.9220334923835125,1.2246467991473532e-16,-1.0,30,2.3056666666666668,13.0,16.0,1.263076923076923,19.666666666666668,0
Solano,2017,7,9.018256177419357,10.27121025,0,8.004490308333335,7.372224177419355,7.319700592473119,-0.4999999999999998,-0.8660254037844388,29,1.4555172413793105,30.0,13.0,2.3056666666666668,24.0,0
Solano,2017,8,10.27121025,13.118383816666666,1,9.018256177419357,8.004490308333335,8.131656887724015,-0.8660254037844384,-0.5000000000000004,19,1.2547368421052632,29.0,30.0,1.4555172413793105,26.0,0
Solano,2017,9,13.118383816666666,20.159620814516128,1,10.27121025,9.018256177419357,9.09798557858423,-1.0,-1.8369701987210294e-16,34,1.632941176470588,19.0,29.0,1.2547368421052632,27.333333333333332,1
Solano,2017,10,20.159620814516128,8.796268125000001,0,13.118383816666666,10.27121025,10.802616748028674,-0.8660254037844386,0.5000000000000001,206,11.453009708737865,34.0,19.0,1.632941176470588,86.33333333333333,0
Solano,2017,11,8.796268125000001,18.735586410714287,1,20.159620814516128,13.118383816666666,14.516404960394263,-0.5000000000000004,0.8660254037844384,28,2.5010714285714286,206.0,34.0,11.453009708737865,89.33333333333333,0
Solano,2017,12,18.735586410714287,13.543463940677968,1,8.796268125000001,20.159620814516128,14.024757585394267,-2.4492935982947064e-16,1.0,25,1.3416,28.0,206.0,2.5010714285714286,86.33333333333333,0
Solano,2018,1,13.543463940677968,9.551904928571428,0,18.735586410714287,8.796268125000001,15.897158450076809,0.4999999999999999,0.8660254037844387,9,1.3711111111111112,25.0,28.0,1.3416,20.666666666666668,0
Solano,2018,2,9.551904928571428,6.41682604032258,0,13.543463940677968,18.735586410714287,13.691772825464088,0.8660254037844386,0.5000000000000001,41,1.997073170731707,9.0,25.0,1.3711111111111112,25.0,0
Solano,2018,3,6.41682604032258,7.796876350000001,0,9.551904928571428,13.543463940677968,13.943651759987894,1.0,6.123233995736766e-17,19,1.5247368421052632,41.0,9.0,1.997073170731707,23.0,0
Solano,2018,4,7.796876350000001,7.056301105769231,0,6.41682604032258,9.551904928571428,9.83739830319066,0.8660254037844387,-0.4999999999999998,29,1.7089655172413794,19.0,41.0,1.5247368421052632,29.666666666666668,0
Solano,2018,5,7.056301105769231,9.15421613445378,0,7.796876350000001,6.41682604032258,7.921869106298004,0.4999999999999999,-0.8660254037844387,19,1.3568421052631578,29.0,19.0,1.7089655172413794,22.333333333333332,0
Solano,2018,6,9.15421613445378,7.080949040322581,0,7.056301105769231,7.796876350000001,7.090001165363939,1.2246467991473532e-16,-1.0,26,1.8584615384615384,19.0,29.0,1.3568421052631578,24.666666666666668,0
Solano,2018,7,7.080949040322581,12.79461655,1,9.15421613445378,7.056301105769231,8.00246453007434,-0.4999999999999998,-0.8660254037844388,23,5.0978260869565215,26.0,19.0,1.8584615384615384,22.666666666666668,0
Solano,2018,8,12.79461655,9.705570491379309,0,7.080949040322581,9.15421613445378,7.7638220935151985,-0.8660254037844384,-0.5000000000000004,23,2.2717391304347827,23.0,26.0,5.0978260869565215,24.0,0
Solano,2018,9,9.705570491379309,8.653420921875,0,12.79461655,7.080949040322581,9.676593908258788,-1.0,-1.8369701987210294e-16,25,2.5936000000000003,23.0,23.0,2.2717391304347827,23.666666666666668,1
Solano,2018,10,8.653420921875,47.75003821296296,1,9.705570491379309,12.79461655,9.860378693900632,-0.8660254037844386,0.5000000000000001,84,14.243690476190476,25.0,23.0,2.5936000000000003,44.0,0
Solano,2018,11,47.75003821296296,11.658435596774192,1,8.653420921875,9.705570491379309,10.384535987751438,-0.5000000000000004,0.8660254037844384,37,6.187837837837837,84.0,25.0,14.243690476190476,48.666666666666664,0
Solano,2018,12,11.658435596774192,12.466985153225805,1,47.75003821296296,8.653420921875,22.036343208739098,-2.4492935982947064e-16,1.0,30,2.8920000000000003,37.0,84.0,6.187837837837837,50.333333333333336,0
Solano,2019,1,12.466985153225805,6.2942405625,0,11.658435596774192,47.75003821296296,22.687298243870725,0.4999999999999999,0.8660254037844387,16,2.73,30.0,37.0,2.8920000000000003,27.666666666666668,0
Solano,2019,2,6.2942405625,6.60869564516129,0,12.466985153225805,11.658435596774192,23.958486320987657,0.8660254037844386,0.5000000000000001,5,2.086,16.0,30.0,2.73,17.0,0
Solano,2019,3,6.60869564516129,8.490884666666666,0,6.2942405625,12.466985153225805,10.139887104166668,1.0,6.123233995736766e-17,16,1.679375,5.0,16.0,2.086,12.333333333333334,0
Solano,2019,4,8.490884666666666,7.526957669354839,0,6.60869564516129,6.2942405625,8.456640453629035,0.8660254037844387,-0.4999999999999998,5,5.6819999999999995,16.0,5.0,1.679375,8.666666666666666,0
Solano,2019,5,7.526957669354839,9.332450883333332,0,8.490884666666666,6.60869564516129,7.1312736247759885,0.4999999999999999,-0.8660254037844387,9,1.5577777777777777,5.0,16.0,5.6819999999999995,10.0,0
Solano,2019,6,9.332450883333332,8.925590209677418,0,7.526957669354839,8.490884666666666,7.542179327060933,1.2246467991473532e-16,-1.0,21,3.017142857142857,9.0,5.0,1.5577777777777777,11.666666666666666,0
Solano,2019,7,8.925590209677418,8.020715112903225,0,9.332450883333332,7.526957669354839,8.450097739784947,-0.4999999999999998,-0.8660254037844388,27,1.6933333333333334,21.0,9.0,3.017142857142857,19.0,0
Solano,2019,8,8.020715112903225,6.596132241666667,0,8.925590209677418,9.332450883333332,8.594999587455199,-0.8660254037844384,-0.5000000000000004,27,1.444074074074074,27.0,21.0,1.6933333333333334,25.0,0
Solano,2019,9,6.596132241666667,8.868224641666666,0,8.020715112903225,8.925590209677418,8.759585401971329,-1.0,-1.8369701987210294e-16,35,2.112285714285714,27.0,27.0,1.444074074074074,29.666666666666668,1
Solano,2019,10,8.868224641666666,12.725242596153846,1,6.596132241666667,8.020715112903225,7.847479188082439,-0.8660254037844386,0.5000000000000001,108,4.332592592592593,35.0,27.0,2.112285714285714,56.666666666666664,0
Solano,2019,11,12.725242596153846,9.30898785483871,0,8.868224641666666,6.596132241666667,7.828357332078855,-0.5000000000000004,0.8660254037844384,43,1.7216279069767442,108.0,35.0,4.332592592592593,62.0,0
Solano,2019,12,9.30898785483871,9.50381895967742,0,12.725242596153846,8.868224641666666,9.396533159829062,-2.4492935982947064e-16,1.0,11,1.39,43.0,108.0,1.7216279069767442,54.0,0
Solano,2020,1,9.50381895967742,10.720389990825687,0,9.30898785483871,12.725242596153846,10.300818364219744,0.4999999999999999,0.8660254037844387,15,1.5826666666666669,11.0,43.0,1.39,23.0,0
Solano,2020,2,10.720389990825687,6.473665008928571,0,9.50381895967742,9.30898785483871,10.512683136889994,0.8660254037844386,0.5000000000000001,43,2.768372093023256,15.0,11.0,1.5826666666666669,23.0,0
Solano,2020,3,6.473665008928571,6.106321905172414,0,10.720389990825687,9.50381895967742,9.844398935113942,1.0,6.123233995736766e-17,39,3.025897435897436,43.0,15.0,2.768372093023256,32.333333333333336,0
Solano,2020,4,6.106321905172414,6.27426660483871,0,6.473665008928571,10.720389990825687,8.89929131981056,0.8660254037844387,-0.4999999999999998,35,2.1714285714285713,39.0,43.0,3.025897435897436,39.0,0
Solano,2020,5,6.27426660483871,6.5046788583333335,0,6.106321905172414,6.473665008928571,7.766792301642227,0.4999999999999999,-0.8660254037844387,19,1.315263157894737,35.0,39.0,2.1714285714285713,31.0,1
Solano,2020,6,6.5046788583333335,7.489051548387096,0,6.27426660483871,6.106321905172414,6.2847511729799,1.2246467991473532e-16,-1.0,70,2.198571428571429,19.0,35.0,1.315263157894737,41.333333333333336,0
Solano,2020,7,7.489051548387096,17.50020158064516,1,6.5046788583333335,6.27426660483871,6.295089122781488,-0.4999999999999998,-0.8660254037844388,25,2.696,70.0,19.0,2.198571428571429,38.0,1
Solano,2020,8,17.50020158064516,30.310193816666665,1,7.489051548387096,6.5046788583333335,6.755999003853049,-0.8660254037844384,-0.5000000000000004,912,28.92309210526316,25.0,70.0,2.696,335.6666666666667,0
Solano,2020,9,30.310193816666665,15.707208701612904,1,17.50020158064516,7.489051548387096,10.497977329121866,-1.0,-1.8369701987210294e-16,19,1.426842105263158,912.0,25.0,28.92309210526316,318.6666666666667,1
Solano,2020,10,15.707208701612904,12.316694383333331,1,30.310193816666665,17.50020158064516,18.433148981899645,-0.8660254037844386,0.5000000000000001,46,11.14782608695652,19.0,912.0,1.426842105263158,325.6666666666667,1
Solano,2020,11,12.316694383333331,15.86551835483871,1,15.707208701612904,30.310193816666665,21.172534699641577,-0.5000000000000004,0.8660254037844384,59,2.889661016949153,46.0,19.0,11.14782608695652,41.333333333333336,0
Sonoma,2015,3,6.380632081081081,4.529220719298245,0,7.087234714285715,16.276763758064515,11.681999236175114,1.0,6.123233995736766e-17,1,4.33,6.0,2.0,1.8966666666666667,3.0,0
Sonoma,2015,4,4.529220719298245,5.072498838709678,0,6.380632081081081,7.087234714285715,9.91487685114377,0.8660254037844387,-0.4999999999999998,3,3.466666666666667,1.0,6.0,4.33,3.3333333333333335,0
Sonoma,2015,6,5.757463766666667,4.0686009677419355,0,5.072498838709678,4.529220719298245,5.327450546363002,1.2246467991473532e-16,-1.0,3,2.53,3.0,1.0,3.466666666666667,2.3333333333333335,0
Sonoma,2015,7,4.0686009677419355,7.469758032258064,0,5.757463766666667,5.072498838709678,5.11972777489153,-0.4999999999999998,-0.8660254037844388,1,3.12,3.0,3.0,2.53,2.3333333333333335,0
Sonoma,2015,9,4.681675068965517,4.553154580645161,0,7.469758032258064,4.0686009677419355,5.765274255555556,-1.0,-1.8369701987210294e-16,2,24.565,1.0,3.0,3.12,2.0,0
Sonoma,2015,10,4.553154580645161,6.471397879310344,0,4.681675068965517,7.469758032258064,5.406678022988506,-0.8660254037844386,0.5000000000000001,4,6.91,2.0,1.0,24.565,2.3333333333333335,0
Sonoma,2015,11,6.471397879310344,7.052254677419355,0,4.553154580645161,4.681675068965517,5.568195893956248,-0.5000000000000004,0.8660254037844384,4,3.4175,4.0,2.0,6.91,3.3333333333333335,0
Sonoma,2015,12,7.052254677419355,5.619237683333334,0,6.471397879310344,4.553154580645161,5.235409176307008,-2.4492935982947064e-16,1.0,1,2.78,4.0,4.0,3.4175,3.0,0
Sonoma,2016,2,6.073838068965517,3.0214177096774195,0,5.619237683333334,7.052254677419355,6.380963413354344,0.8660254037844386,0.5000000000000001,1,2.99,1.0,4.0,2.78,2.0,0
Sonoma,2016,4,4.700929966666666,3.974485758064516,0,3.0214177096774195,6.073838068965517,4.904831153992091,0.8660254037844387,-0.4999999999999998,1,2.0,1.0,1.0,2.99,1.0,0
Sonoma,2016,5,3.974485758064516,4.088925133333333,0,4.700929966666666,3.0214177096774195,4.598728581769867,0.4999999999999999,-0.8660254037844387,2,3.03,1.0,1.0,2.0,1.3333333333333333,1
Sonoma,2016,9,5.594312038461538,3.594214048387097,0,0.9389083387096774,2.8956846557377047,2.6411727092602386,-1.0,-1.8369701987210294e-16,58,47.7153448275862,2.0,1.0,3.03,20.333333333333332,0
Sonoma,2016,10,3.594214048387097,6.0663828833333335,0,5.594312038461538,0.9389083387096774,3.1429683443029734,-0.8660254037844386,0.5000000000000001,5,4.008,58.0,2.0,47.7153448275862,21.666666666666668,0
Sonoma,2016,11,6.0663828833333335,9.584811838709678,0,3.594214048387097,5.594312038461538,3.3758114751861044,-0.5000000000000004,0.8660254037844384,7,3.1442857142857146,5.0,58.0,4.008,23.333333333333332,0
Sonoma,2016,12,9.584811838709678,8.549108596774193,0,6.0663828833333335,3.594214048387097,5.084969656727323,-2.4492935982947064e-16,1.0,3,2.8666666666666667,7.0,5.0,3.1442857142857146,5.0,0
Sonoma,2017,1,8.549108596774193,6.421604875,0,9.584811838709678,6.0663828833333335,6.415136256810037,0.4999999999999999,0.8660254037844387,1,0.68,3.0,7.0,2.8666666666666667,3.6666666666666665,0
Sonoma,2017,2,6.421604875,4.780972419354839,0,8.549108596774193,9.584811838709678,8.066767772939068,0.8660254037844386,0.5000000000000001,3,1.856666666666667,1.0,3.0,0.68,2.3333333333333335,0
Sonoma,2017,3,4.780972419354839,5.29672315,0,6.421604875,8.549108596774193,8.185175103494624,1.0,6.123233995736766e-17,7,6.964285714285714,3.0,1.0,1.856666666666667,3.6666666666666665,0
Sonoma,2017,4,5.29672315,5.539311596774193,0,4.780972419354839,6.421604875,6.583895297043011,0.8660254037844387,-0.4999999999999998,6,2.8783333333333334,7.0,3.0,6.964285714285714,5.333333333333333,0
Sonoma,2017,5,5.539311596774193,5.7923116666666665,0,5.29672315,4.780972419354839,5.4997668147849454,0.4999999999999999,-0.8660254037844387,1,0.69,6.0,7.0,2.8783333333333334,4.666666666666667,0
Sonoma,2017,6,5.7923116666666665,6.560226693548388,0,5.539311596774193,5.29672315,5.205669055376344,1.2246467991473532e-16,-1.0,2,1.6549999999999998,1.0,6.0,0.69,3.0,0
Sonoma,2017,7,6.560226693548388,8.694466516129031,0,5.7923116666666665,5.539311596774193,5.54278213781362,-0.4999999999999998,-0.8660254037844388,2,3.875,2.0,1.0,1.6549999999999998,1.6666666666666667,0
Sonoma,2017,8,8.694466516129031,11.816322466666666,1,6.560226693548388,5.7923116666666665,5.963949985663082,-0.8660254037844384,-0.5000000000000004,1,2.66,2.0,2.0,3.875,1.6666666666666667,0
Sonoma,2017,9,11.816322466666666,14.466019,1,8.694466516129031,6.560226693548388,7.015668292114694,-1.0,-1.8369701987210294e-16,5,1.674,1.0,2.0,2.66,2.6666666666666665,1
Sonoma,2017,10,14.466019,6.871896116666666,0,11.816322466666666,8.694466516129031,9.023671892114692,-0.8660254037844386,0.5000000000000001,3027,17.097304261645192,5.0,1.0,1.674,1011.0,0
Sonoma,2017,12,12.377372596774194,9.98658835483871,0,6.871896116666666,14.466019,11.051412527777776,-2.4492935982947064e-16,1.0,9,4.661111111111111,3027.0,5.0,17.097304261645192,1013.6666666666666,0
Sonoma,2018,1,9.98658835483871,6.386950053571428,0,12.377372596774194,6.871896116666666,11.23842923781362,0.4999999999999999,0.8660254037844387,4,2.445,9.0,3027.0,4.661111111111111,1013.3333333333334,0
Sonoma,2018,2,6.386950053571428,4.63630785483871,0,9.98658835483871,12.377372596774194,9.745285689426524,0.8660254037844386,0.5000000000000001,17,4.043529411764705,4.0,9.0,2.445,10.0,0
Sonoma,2018,3,4.63630785483871,5.336407033333333,0,6.386950053571428,9.98658835483871,9.58363700172811,1.0,6.123233995736766e-17,4,0.86,17.0,4.0,4.043529411764705,8.333333333333334,0
Sonoma,2018,4,5.336407033333333,4.975868426229508,0,4.63630785483871,6.386950053571428,7.003282087749617,0.8660254037844387,-0.4999999999999998,4,1.7975,4.0,17.0,0.86,8.333333333333334,0
Sonoma,2018,5,4.975868426229508,6.386686448979591,0,5.336407033333333,4.63630785483871,5.453221647247823,0.4999999999999999,-0.8660254037844387,3,3.543333333333333,4.0,4.0,1.7975,3.6666666666666665,0
Sonoma,2018,6,6.386686448979591,4.027840129032258,0,4.975868426229508,5.336407033333333,4.9828611048005165,1.2246467991473532e-16,-1.0,7,22.898571428571422,3.0,4.0,3.543333333333333,4.666666666666667,0
Sonoma,2018,7,4.027840129032258,8.123154177419355,0,6.386686448979591,4.975868426229508,5.566320636180811,-0.4999999999999998,-0.8660254037844388,2,1.4,7.0,3.0,22.898571428571422,4.0,0
Sonoma,2018,8,8.123154177419355,4.026431166666667,0,4.027840129032258,6.386686448979591,5.130131668080453,-0.8660254037844384,-0.5000000000000004,3,10.636666666666668,2.0,7.0,1.4,4.0,0
Sonoma,2018,9,4.026431166666667,1.486821475409836,0,8.123154177419355,4.027840129032258,6.179226918477068,-1.0,-1.8369701987210294e-16,3,0.58,3.0,2.0,10.636666666666668,2.6666666666666665,0
Sonoma,2018,10,1.486821475409836,38.25824315,1,4.026431166666667,8.123154177419355,5.392475157706094,-0.8660254037844386,0.5000000000000001,6,4.028333333333333,3.0,3.0,0.58,4.0,0
Sonoma,2018,11,38.25824315,7.082672903225807,0,1.486821475409836,4.026431166666667,4.545468939831952,-0.5000000000000004,0.8660254037844384,3,3.516666666666667,6.0,3.0,4.028333333333333,4.0,0
Sonoma,2018,12,7.082672903225807,7.396436080645161,0,38.25824315,1.486821475409836,14.590498597358833,-2.4492935982947064e-16,1.0,4,5.215,3.0,6.0,3.516666666666667,4.333333333333333,0
Sonoma,2019,1,7.396436080645161,3.251649509433962,0,7.082672903225807,38.25824315,15.609245842878543,0.4999999999999999,0.8660254037844387,6,8.755,4.0,3.0,5.215,4.333333333333333,0
Sonoma,2019,2,3.251649509433962,3.601465509803922,0,7.396436080645161,7.082672903225807,17.579117377956987,0.8660254037844386,0.5000000000000001,5,7.196000000000001,6.0,4.0,8.755,5.0,0
Sonoma,2019,3,3.601465509803922,5.280098233333334,0,3.251649509433962,7.396436080645161,5.910252831101643,1.0,6.123233995736766e-17,9,7.635555555555555,5.0,6.0,7.196000000000001,6.666666666666667,0
Sonoma,2019,4,5.280098233333334,5.042549080645161,0,3.601465509803922,3.251649509433962,4.749850366627682,0.8660254037844387,-0.4999999999999998,9,3.0966666666666667,9.0,5.0,7.635555555555555,7.666666666666667,0
Sonoma,2019,5,5.042549080645161,6.201129266666667,0,5.280098233333334,3.601465509803922,4.044404417523739,0.4999999999999999,-0.8660254037844387,4,2.04,9.0,9.0,3.0966666666666667,7.333333333333333,0
Sonoma,2019,6,6.201129266666667,5.980354548387097,0,5.042549080645161,5.280098233333334,4.6413709412608055,1.2246467991473532e-16,-1.0,13,4.506153846153846,4.0,9.0,2.04,8.666666666666666,0
Sonoma,2019,7,5.980354548387097,5.645281919354838,0,6.201129266666667,5.042549080645161,5.507925526881721,-0.4999999999999998,-0.8660254037844388,3,0.8733333333333334,13.0,4.0,4.506153846153846,6.666666666666667,0
Sonoma,2019,8,5.645281919354838,4.543723293103448,0,5.980354548387097,6.201129266666667,5.741344298566308,-0.8660254037844384,-0.5000000000000004,8,1.3825,3.0,13.0,0.8733333333333334,8.0,0
Sonoma,2019,9,4.543723293103448,6.855303781818182,0,5.645281919354838,5.980354548387097,5.942255244802868,-1.0,-1.8369701987210294e-16,4,1.95,8.0,3.0,1.3825,5.0,1
Sonoma,2019,10,6.855303781818182,7.688119145833333,0,4.543723293103448,5.645281919354838,5.3897865869484605,-0.8660254037844386,0.5000000000000001,1763,26.27334089619966,4.0,8.0,1.95,591.6666666666666,0
Sonoma,2019,11,7.688119145833333,6.620476838709677,0,6.855303781818182,4.543723293103448,5.68143633142549,-0.5000000000000004,0.8660254037844384,2,1.03,1763.0,4.0,26.27334089619966,589.6666666666666,0
Sonoma,2020,1,7.248276064516129,6.461670068965517,0,6.620476838709677,7.688119145833333,7.054633255453731,0.4999999999999999,0.8660254037844387,1,1.75,2.0,1763.0,1.03,588.6666666666666,0
Sonoma,2020,2,6.461670068965517,4.708242732142857,0,7.248276064516129,6.620476838709677,7.185624016353046,0.8660254037844386,0.5000000000000001,28,4.8289285714285715,1.0,2.0,1.75,10.333333333333334,0
Sonoma,2020,3,4.708242732142857,3.99500605,0,6.461670068965517,7.248276064516129,6.776807657397107,1.0,6.123233995736766e-17,16,6.864999999999999,28.0,1.0,4.8289285714285715,15.0,0
Sonoma,2020,4,3.99500605,3.975179548387097,0,4.708242732142857,6.461670068965517,6.1393962885415005,0.8660254037844387,-0.4999999999999998,5,4.484,16.0,28.0,6.864999999999999,16.333333333333332,0
Sonoma,2020,5,3.975179548387097,5.1479589500000005,0,3.99500605,4.708242732142857,5.054972950369458,0.4999999999999999,-0.8660254037844387,6,3.709999999999999,5.0,16.0,4.484,9.0,0
Sonoma,2020,6,5.1479589500000005,5.959104344827587,0,3.975179548387097,3.99500605,4.226142776843318,1.2246467991473532e-16,-1.0,2,0.63,6.0,5.0,3.709999999999999,4.333333333333333,0
Sonoma,2020,7,5.959104344827587,9.25154914516129,0,5.1479589500000005,3.975179548387097,4.3727148494623655,-0.4999999999999998,-0.8660254037844388,1,3.89,2.0,6.0,0.63,3.0,1
Sonoma,2020,8,9.25154914516129,23.991241749999997,1,5.959104344827587,5.1479589500000005,5.027414281071561,-0.8660254037844384,-0.5000000000000004,1591,11.615160276555626,1.0,2.0,3.89,531.3333333333334,1
Sonoma,2020,9,23.991241749999997,11.87707458064516,1,9.25154914516129,5.959104344827587,6.78620414666296,-1.0,-1.8369701987210294e-16,727,19.413892709766163,1591.0,1.0,11.615160276555626,773.0,0
Sonoma,2020,10,11.87707458064516,6.3841968499999995,0,23.991241749999997,9.25154914516129,13.067298413329624,-0.8660254037844386,0.5000000000000001,12,1.2983333333333331,727.0,1591.0,19.413892709766163,776.6666666666666,0
Sonoma,2020,11,6.3841968499999995,9.769687951612903,0,11.87707458064516,23.991241749999997,15.03995515860215,-0.5000000000000004,0.8660254037844384,18,4.684444444444445,12.0,727.0,1.2983333333333331,252.33333333333337,0
Stanislaus,2015,3,7.0989914380165295,4.628604216666667,0,20.11337410526316,27.99487470833333,24.054124406798245,1.0,6.123233995736766e-17,7,6.374285714285714,20.0,6.0,5.169,11.0,0
Stanislaus,2015,4,4.628604216666667,5.30190920472441,0,7.0989914380165295,20.11337410526316,18.40241341720434,0.8660254037844387,-0.4999999999999998,17,4.970000000000001,7.0,20.0,6.374285714285714,14.666666666666666,0
Stanislaus,2015,5,5.30190920472441,7.393252735294117,0,4.628604216666667,7.0989914380165295,10.613656586648784,0.4999999999999999,-0.8660254037844387,6,1.2,17.0,7.0,4.970000000000001,10.0,0
Stanislaus,2015,6,7.393252735294117,8.431646652892562,0,5.30190920472441,4.628604216666667,5.6765016198025355,1.2246467991473532e-16,-1.0,10,2.8289999999999997,6.0,17.0,1.2,11.0,0
Stanislaus,2015,7,8.431646652892562,12.648072595238094,1,7.393252735294117,5.30190920472441,5.774588718895065,-0.4999999999999998,-0.8660254037844388,20,3.899,10.0,6.0,2.8289999999999997,12.0,0
Stanislaus,2015,8,12.648072595238094,10.736807983739835,0,8.431646652892562,7.393252735294117,7.042269530970363,-0.8660254037844384,-0.5000000000000004,16,2.524375,20.0,10.0,3.899,15.333333333333334,0
Stanislaus,2015,9,10.736807983739835,12.061164776,1,12.648072595238094,8.431646652892562,9.490990661141591,-1.0,-1.8369701987210294e-16,8,2.2325,16.0,20.0,2.524375,14.666666666666666,0
Stanislaus,2015,10,12.061164776,19.75165756910569,1,10.736807983739835,12.648072595238094,10.605509077290163,-0.8660254037844386,0.5000000000000001,14,5.403571428571429,8.0,16.0,2.2325,12.666666666666666,0
Stanislaus,2015,11,19.75165756910569,18.886482015873018,1,12.061164776,10.736807983739835,11.81534845165931,-0.5000000000000004,0.8660254037844384,16,4.6625,14.0,8.0,5.403571428571429,12.666666666666666,0
Stanislaus,2015,12,18.886482015873018,16.928865677165355,1,19.75165756910569,12.061164776,14.183210109615176,-2.4492935982947064e-16,1.0,7,4.288571428571429,16.0,14.0,4.6625,12.333333333333334,0
Stanislaus,2016,1,16.928865677165355,18.778431112068965,1,18.886482015873018,19.75165756910569,16.899768120326232,0.4999999999999999,0.8660254037844387,4,2.5349999999999997,7.0,16.0,4.288571428571429,9.0,0
Stanislaus,2016,2,18.778431112068965,9.60102738095238,0,16.928865677165355,18.886482015873018,18.522335087381354,0.8660254037844386,0.5000000000000001,6,3.27,4.0,7.0,2.5349999999999997,5.666666666666667,0
Stanislaus,2016,3,9.60102738095238,7.293455026086957,0,18.778431112068965,16.928865677165355,18.197926268369113,1.0,6.123233995736766e-17,11,3.805454545454545,6.0,4.0,3.27,7.0,0
Stanislaus,2016,4,7.293455026086957,6.761555016129032,0,9.60102738095238,18.778431112068965,15.102774723395568,0.8660254037844387,-0.4999999999999998,10,2.175,11.0,6.0,3.805454545454545,9.0,0
Stanislaus,2016,5,6.761555016129032,7.327533699186992,0,7.293455026086957,9.60102738095238,11.8909711730361,0.4999999999999999,-0.8660254037844387,12,2.5941666666666667,10.0,11.0,2.175,11.0,0
Stanislaus,2016,6,7.327533699186992,7.101828325396825,0,6.761555016129032,7.293455026086957,7.885345807722789,1.2246467991473532e-16,-1.0,25,4.8464,12.0,10.0,2.5941666666666667,15.666666666666666,1
Stanislaus,2016,7,7.101828325396825,9.11741572440945,0,7.327533699186992,6.761555016129032,7.12751458046766,-0.4999999999999998,-0.8660254037844388,54,9.247777777777776,25.0,12.0,4.8464,30.333333333333332,0
Stanislaus,2016,8,9.11741572440945,12.522135563636365,1,7.101828325396825,7.327533699186992,7.06363901357095,-0.8660254037844384,-0.5000000000000004,34,9.59529411764706,54.0,25.0,9.247777777777776,37.666666666666664,0
Stanislaus,2016,9,12.522135563636365,9.333793647540984,0,9.11741572440945,7.101828325396825,7.848925916331088,-1.0,-1.8369701987210294e-16,11,4.093636363636364,34.0,54.0,9.59529411764706,33.0,0
Stanislaus,2016,10,9.333793647540984,15.596404379310345,1,12.522135563636365,9.11741572440945,9.580459871147546,-0.8660254037844386,0.5000000000000001,29,5.455172413793103,11.0,34.0,4.093636363636364,24.666666666666668,0
Stanislaus,2016,11,15.596404379310345,22.66643840944882,1,9.333793647540984,12.522135563636365,10.324448311862264,-0.5000000000000004,0.8660254037844384,41,4.693658536585366,29.0,11.0,5.455172413793103,27.0,0
Stanislaus,2016,12,22.66643840944882,13.13302930952381,1,15.596404379310345,9.333793647540984,12.484111196829232,-2.4492935982947064e-16,1.0,8,3.45,41.0,29.0,4.693658536585366,26.0,0
Stanislaus,2017,1,13.13302930952381,9.808982666666669,0,22.66643840944882,15.596404379310345,15.865545478766714,0.4999999999999999,0.8660254037844387,1,0.68,8.0,41.0,3.45,16.666666666666668,0
Stanislaus,2017,2,9.808982666666669,8.938847968,0,13.13302930952381,22.66643840944882,17.131957366094323,0.8660254037844386,0.5000000000000001,4,1.9575,1.0,8.0,0.68,4.333333333333333,0
Stanislaus,2017,3,8.938847968,5.9432131463414635,0,9.808982666666669,13.13302930952381,15.2028167952131,1.0,6.123233995736766e-17,21,3.517142857142857,4.0,1.0,1.9575,8.666666666666666,0
Stanislaus,2017,4,5.9432131463414635,5.394758196850393,0,8.938847968,9.808982666666669,10.62695331473016,0.8660254037844387,-0.4999999999999998,32,6.0,21.0,4.0,3.517142857142857,19.0,0
Stanislaus,2017,5,5.394758196850393,5.228106426229508,0,5.9432131463414635,8.938847968,8.230347927002711,0.4999999999999999,-0.8660254037844387,24,6.151666666666667,32.0,21.0,6.0,25.666666666666668,0
Stanislaus,2017,6,5.228106426229508,7.662261795275591,0,5.394758196850393,5.9432131463414635,6.758939770397286,1.2246467991473532e-16,-1.0,28,3.818928571428572,24.0,32.0,6.151666666666667,28.0,0
Stanislaus,2017,7,7.662261795275591,12.931653992,1,5.228106426229508,5.394758196850393,5.522025923140455,-0.4999999999999998,-0.8660254037844388,25,4.6512,28.0,24.0,3.818928571428572,25.666666666666668,0
Stanislaus,2017,8,12.931653992,14.034528478260867,1,7.662261795275591,5.228106426229508,6.095042139451831,-0.8660254037844384,-0.5000000000000004,22,4.423636363636364,25.0,28.0,4.6512,25.0,0
Stanislaus,2017,9,14.034528478260867,17.590076484126982,1,12.931653992,7.662261795275591,8.607340737835033,-1.0,-1.8369701987210294e-16,27,10.766666666666666,22.0,25.0,4.423636363636364,24.666666666666668,1
Stanislaus,2017,10,17.590076484126982,15.411922951219513,1,14.034528478260867,12.931653992,11.54281475517882,-0.8660254037844386,0.5000000000000001,47,5.646595744680851,27.0,22.0,10.766666666666666,32.0,1
Stanislaus,2017,11,15.411922951219513,37.59347745238095,1,17.590076484126982,14.034528478260867,14.852086318129285,-0.5000000000000004,0.8660254037844384,54,11.023518518518518,47.0,27.0,5.646595744680851,42.666666666666664,1
Stanislaus,2017,12,37.59347745238095,21.16591634645669,1,15.411922951219513,17.590076484126982,15.67884263786912,-2.4492935982947064e-16,1.0,59,9.944576271186442,54.0,47.0,11.023518518518518,53.333333333333336,0
Stanislaus,2018,1,21.16591634645669,14.60746255339806,1,37.59347745238095,15.411922951219513,23.53182562924248,0.4999999999999999,0.8660254037844387,23,6.753043478260869,59.0,54.0,9.944576271186442,45.333333333333336,1
Stanislaus,2018,2,14.60746255339806,8.057020271929824,0,21.16591634645669,37.59347745238095,24.72377225001905,0.8660254037844386,0.5000000000000001,64,4.82828125,23.0,59.0,6.753043478260869,48.666666666666664,0
Stanislaus,2018,3,8.057020271929824,7.652614058333333,0,14.60746255339806,21.16591634645669,24.455618784078567,1.0,6.123233995736766e-17,15,3.256,64.0,23.0,4.82828125,34.0,0
Stanislaus,2018,4,7.652614058333333,6.991095598425197,0,8.057020271929824,14.60746255339806,14.610133057261526,0.8660254037844387,-0.4999999999999998,25,3.3132,15.0,64.0,3.256,34.666666666666664,0
Stanislaus,2018,5,6.991095598425197,9.122715314049588,0,7.652614058333333,8.057020271929824,10.105698961220403,0.4999999999999999,-0.8660254037844387,31,5.209354838709678,25.0,15.0,3.3132,23.666666666666668,0
Stanislaus,2018,6,9.122715314049588,13.137087732283463,1,6.991095598425197,7.652614058333333,7.566909976229451,1.2246467991473532e-16,-1.0,28,4.152857142857143,31.0,25.0,5.209354838709678,28.0,0
Stanislaus,2018,7,13.137087732283463,21.86960761417323,1,9.122715314049588,6.991095598425197,7.922141656936039,-0.4999999999999998,-0.8660254037844388,9,2.7555555555555555,28.0,31.0,4.152857142857143,22.666666666666668,0
Stanislaus,2018,8,21.86960761417323,12.287208950819672,1,13.137087732283463,9.122715314049588,9.750299548252748,-0.8660254037844384,-0.5000000000000004,25,2.7572,9.0,28.0,2.7555555555555555,20.666666666666668,0
Stanislaus,2018,9,12.287208950819672,10.876437897637794,0,21.86960761417323,13.137087732283463,14.709803553502091,-1.0,-1.8369701987210294e-16,26,9.933076923076923,25.0,9.0,2.7572,20.0,0
Stanislaus,2018,10,10.876437897637794,49.82257366393442,1,12.287208950819672,21.86960761417323,15.76463476575879,-0.8660254037844386,0.5000000000000001,25,3.45,26.0,25.0,9.933076923076923,25.333333333333332,0
Stanislaus,2018,11,49.82257366393442,18.20836995967742,1,10.876437897637794,12.287208950819672,15.0110848208769,-0.5000000000000004,0.8660254037844384,22,5.655454545454545,25.0,26.0,3.45,24.333333333333332,1
Stanislaus,2018,12,18.20836995967742,17.897939098214287,1,49.82257366393442,10.876437897637794,24.3287401707973,-2.4492935982947064e-16,1.0,46,6.47804347826087,22.0,25.0,5.655454545454545,31.0,0
Stanislaus,2019,1,17.897939098214287,6.343419962962963,0,18.20836995967742,49.82257366393442,26.30246050708321,0.4999999999999999,0.8660254037844387,13,3.2515384615384617,46.0,22.0,6.47804347826087,27.0,0
Stanislaus,2019,2,6.343419962962963,5.97187536,0,17.897939098214287,18.20836995967742,28.64296090727538,0.8660254037844386,0.5000000000000001,5,3.656,13.0,46.0,3.2515384615384617,21.333333333333332,0
Stanislaus,2019,3,5.97187536,5.922829845528455,0,6.343419962962963,17.897939098214287,14.149909673618223,1.0,6.123233995736766e-17,28,3.942142857142857,5.0,13.0,3.656,15.333333333333334,0
Stanislaus,2019,4,5.922829845528455,5.225011065573771,0,5.97187536,6.343419962962963,10.071078140392418,0.8660254037844387,-0.4999999999999998,22,3.223181818181818,28.0,5.0,3.942142857142857,18.333333333333332,0
Stanislaus,2019,5,5.225011065573771,5.9342531951219515,0,5.922829845528455,5.97187536,6.079375056163806,0.4999999999999999,-0.8660254037844387,25,5.756799999999999,22.0,28.0,3.223181818181818,25.0,1
Stanislaus,2019,6,5.9342531951219515,6.944773136,0,5.225011065573771,5.922829845528455,5.706572090367409,1.2246467991473532e-16,-1.0,59,3.856101694915254,25.0,22.0,5.756799999999999,35.333333333333336,0
Stanislaus,2019,7,6.944773136,7.066358811023622,0,5.9342531951219515,5.225011065573771,5.694031368741392,-0.4999999999999998,-0.8660254037844388,32,6.6721875,59.0,25.0,3.856101694915254,38.666666666666664,0
Stanislaus,2019,8,7.066358811023622,6.046051089430894,0,6.944773136,5.9342531951219515,6.034679132231908,-0.8660254037844384,-0.5000000000000004,17,2.206470588235294,32.0,59.0,6.6721875,36.0,0
Stanislaus,2019,9,6.046051089430894,10.57617976984127,0,7.066358811023622,6.944773136,6.648461714048525,-1.0,-1.8369701987210294e-16,16,3.620625,17.0,32.0,2.206470588235294,21.666666666666668,0
Stanislaus,2019,10,10.57617976984127,20.16731303252033,1,6.046051089430894,7.066358811023622,6.685727678818172,-0.8660254037844386,0.5000000000000001,20,9.001999999999999,16.0,17.0,3.620625,17.666666666666668,0
Stanislaus,2019,11,20.16731303252033,12.798240584745765,1,10.57617976984127,6.046051089430894,7.896196556765261,-0.5000000000000004,0.8660254037844384,42,5.087142857142857,20.0,16.0,9.001999999999999,26.0,0
Stanislaus,2019,12,12.798240584745765,14.402911848739496,1,20.16731303252033,10.57617976984127,12.263181297264165,-2.4492935982947064e-16,1.0,19,3.5536842105263156,42.0,20.0,5.087142857142857,27.0,0
Stanislaus,2020,1,14.402911848739496,13.400881220338984,1,12.798240584745765,20.16731303252033,14.513911129035789,0.4999999999999999,0.8660254037844387,14,4.0685714285714285,19.0,42.0,3.5536842105263156,25.0,1
Stanislaus,2020,2,13.400881220338984,6.011263228346457,0,14.402911848739496,12.798240584745765,15.78948848866853,0.8660254037844386,0.5000000000000001,49,4.035306122448979,14.0,19.0,4.0685714285714285,27.333333333333332,0
Stanislaus,2020,3,6.011263228346457,4.436683303278688,0,13.400881220338984,14.402911848739496,13.534011217941414,1.0,6.123233995736766e-17,40,9.03425,49.0,14.0,4.035306122448979,34.333333333333336,0
Stanislaus,2020,4,4.436683303278688,4.623626709677419,0,6.011263228346457,13.400881220338984,11.27168543247498,0.8660254037844387,-0.4999999999999998,27,6.058518518518518,40.0,49.0,9.03425,38.666666666666664,0
Stanislaus,2020,5,4.623626709677419,5.731729598360656,0,4.436683303278688,6.011263228346457,7.949609250654709,0.4999999999999999,-0.8660254037844387,23,3.316086956521739,27.0,40.0,6.058518518518518,30.0,0
Stanislaus,2020,6,5.731729598360656,8.139899952755906,0,4.623626709677419,4.436683303278688,5.0238577471008545,1.2246467991473532e-16,-1.0,36,3.4883333333333333,23.0,27.0,3.316086956521739,28.666666666666668,0
Stanislaus,2020,7,8.139899952755906,26.93488868503937,1,5.731729598360656,4.623626709677419,4.9306798704389205,-0.4999999999999998,-0.8660254037844388,22,3.0995454545454546,36.0,23.0,3.4883333333333333,27.0,1
Stanislaus,2020,8,26.93488868503937,35.95112716528926,1,8.139899952755906,5.731729598360656,6.16508542026466,-0.8660254037844384,-0.5000000000000004,3036,24.40202239789196,22.0,36.0,3.0995454545454546,1031.3333333333333,0
Stanislaus,2020,9,35.95112716528926,22.01784850793651,1,26.93488868503937,8.139899952755906,13.602172745385309,-1.0,-1.8369701987210294e-16,25,2.7512,3036.0,22.0,24.40202239789196,1027.6666666666667,0
Stanislaus,2020,10,22.01784850793651,17.328695,1,35.95112716528926,26.93488868503937,23.67530526769484,-0.8660254037844386,0.5000000000000001,10,4.326,25.0,3036.0,2.7512,1023.6666666666666,0
Stanislaus,2020,11,17.328695,21.532391805084742,1,22.01784850793651,35.95112716528926,28.301288119421713,-0.5000000000000004,0.8660254037844384,39,3.148461538461538,10.0,25.0,4.326,24.666666666666668,0
Sutter,2015,3,6.4678571428571425,5.662068965517241,0,10.633333333333333,23.248387096774195,16.940860215053764,1.0,6.123233995736766e-17,35,8.120285714285714,16.0,6.0,4.585,19.0,0
Sutter,2015,4,5.662068965517241,6.3966666666666665,0,6.4678571428571425,10.633333333333333,13.449859190988224,0.8660254037844387,-0.4999999999999998,14,3.970714285714286,35.0,16.0,8.120285714285714,21.666666666666668,0
Sutter,2015,5,6.3966666666666665,8.511111111111111,0,5.662068965517241,6.4678571428571425,7.587753147235905,0.4999999999999999,-0.8660254037844387,6,6.146666666666667,14.0,35.0,3.970714285714286,18.333333333333332,0
Sutter,2015,6,8.511111111111111,6.457142857142857,0,6.3966666666666665,5.662068965517241,6.175530925013683,1.2246467991473532e-16,-1.0,9,6.666666666666667,6.0,14.0,6.146666666666667,9.666666666666666,0
Sutter,2015,7,6.457142857142857,9.385714285714286,0,8.511111111111111,6.3966666666666665,6.85661558109834,-0.4999999999999998,-0.8660254037844388,3,7.606666666666667,9.0,6.0,6.666666666666667,6.0,0
Sutter,2015,8,9.385714285714286,8.76206896551724,0,6.457142857142857,8.511111111111111,7.121640211640212,-0.8660254037844384,-0.5000000000000004,18,9.335,3.0,9.0,7.606666666666667,10.0,0
Sutter,2015,9,8.76206896551724,8.942857142857143,0,9.385714285714286,6.457142857142857,8.117989417989419,-1.0,-1.8369701987210294e-16,33,8.926363636363636,18.0,3.0,9.335,18.0,1
Sutter,2015,10,8.942857142857143,10.348275862068968,0,8.76206896551724,9.385714285714286,8.201642036124795,-0.8660254037844386,0.5000000000000001,104,12.858942307692306,33.0,18.0,8.926363636363636,51.666666666666664,0
Sutter,2015,11,10.348275862068968,9.771428571428572,0,8.942857142857143,8.76206896551724,9.030213464696224,-0.5000000000000004,0.8660254037844384,33,7.906060606060605,104.0,33.0,12.858942307692306,56.666666666666664,0
Sutter,2015,12,9.771428571428572,7.046666666666667,0,10.348275862068968,8.942857142857143,9.351067323481118,-2.4492935982947064e-16,1.0,5,4.514,33.0,104.0,7.906060606060605,47.333333333333336,0
Sutter,2016,2,8.734615384615385,4.133333333333334,0,7.046666666666667,9.771428571428572,9.055457033388068,0.8660254037844386,0.5000000000000001,11,4.017272727272727,5.0,33.0,4.514,16.333333333333332,0
Sutter,2016,3,4.133333333333334,4.92,0,8.734615384615385,7.046666666666667,8.517570207570207,1.0,6.123233995736766e-17,7,4.395714285714286,11.0,5.0,4.017272727272727,7.666666666666667,0
Sutter,2016,4,4.92,5.9,0,4.133333333333334,8.734615384615385,6.638205128205128,0.8660254037844387,-0.4999999999999998,31,6.40483870967742,7.0,11.0,4.395714285714286,16.333333333333332,0
Sutter,2016,5,5.9,8.076666666666666,0,4.92,4.133333333333334,5.92931623931624,0.4999999999999999,-0.8660254037844387,2,0.78,31.0,7.0,6.40483870967742,13.333333333333334,0
Sutter,2016,6,8.076666666666666,7.741935483870968,0,5.9,4.92,4.984444444444445,1.2246467991473532e-16,-1.0,6,8.531666666666666,2.0,31.0,0.78,13.0,0
Sutter,2016,7,7.741935483870968,8.067857142857143,0,8.076666666666666,5.9,6.298888888888889,-0.4999999999999998,-0.8660254037844388,12,6.81,6.0,2.0,8.531666666666666,6.666666666666667,0
Sutter,2016,8,8.067857142857143,10.46551724137931,0,7.741935483870968,8.076666666666666,7.239534050179212,-0.8660254037844384,-0.5000000000000004,24,8.513333333333334,12.0,6.0,6.81,14.0,1
Sutter,2016,9,10.46551724137931,7.36551724137931,0,8.067857142857143,7.741935483870968,7.96215309779826,-1.0,-1.8369701987210294e-16,86,9.593255813953489,24.0,12.0,8.513333333333334,40.666666666666664,1
Sutter,2016,10,7.36551724137931,10.166666666666666,0,10.46551724137931,8.067857142857143,8.758436622702474,-0.8660254037844386,0.5000000000000001,111,9.296396396396398,86.0,24.0,9.593255813953489,73.66666666666667,1
Sutter,2016,11,10.166666666666666,15.226666666666668,1,7.36551724137931,10.46551724137931,8.632963875205254,-0.5000000000000004,0.8660254037844384,65,10.962153846153846,111.0,86.0,9.296396396396398,87.33333333333333,0
Sutter,2016,12,15.226666666666668,6.889285714285714,0,10.166666666666666,7.36551724137931,9.332567049808429,-2.4492935982947064e-16,1.0,4,4.5024999999999995,65.0,111.0,10.962153846153846,60.0,0
Sutter,2017,2,4.373913043478261,5.416129032258064,0,6.889285714285714,15.226666666666668,10.760873015873017,0.8660254037844386,0.5000000000000001,2,2.325,4.0,65.0,4.5024999999999995,23.666666666666668,0
Sutter,2017,3,5.416129032258064,4.083333333333333,0,4.373913043478261,6.889285714285714,8.829955141476882,1.0,6.123233995736766e-17,3,3.77,2.0,4.0,2.325,3.0,0
Sutter,2017,4,4.083333333333333,5.373333333333334,0,5.416129032258064,4.373913043478261,5.559775930007347,0.8660254037844387,-0.4999999999999998,18,4.621666666666666,3.0,2.0,3.77,7.666666666666667,0
Sutter,2017,5,5.373333333333334,5.7,0,4.083333333333333,5.416129032258064,4.624458469689887,0.4999999999999999,-0.8660254037844387,27,7.34,18.0,3.0,4.621666666666666,16.0,0
Sutter,2017,6,5.7,8.48076923076923,0,5.373333333333334,4.083333333333333,4.957598566308244,1.2246467991473532e-16,-1.0,7,7.140000000000001,27.0,18.0,7.34,17.333333333333332,0
Sutter,2017,7,8.48076923076923,12.454545454545457,1,5.7,5.373333333333334,5.052222222222222,-0.4999999999999998,-0.8660254037844388,28,8.826071428571428,7.0,27.0,7.140000000000001,20.666666666666668,0
Sutter,2017,8,12.454545454545457,13.385714285714286,1,8.48076923076923,5.7,6.518034188034188,-0.8660254037844384,-0.5000000000000004,33,9.32,28.0,7.0,8.826071428571428,22.666666666666668,1
Sutter,2017,9,13.385714285714286,14.64516129032258,1,12.454545454545457,8.48076923076923,8.87843822843823,-1.0,-1.8369701987210294e-16,67,6.728208955223881,33.0,28.0,9.32,42.666666666666664,1
Sutter,2017,10,14.64516129032258,9.910344827586206,0,13.385714285714286,12.454545454545457,11.440342990342993,-0.8660254037844386,0.5000000000000001,65,6.011692307692307,67.0,33.0,6.728208955223881,55.0,0
Sutter,2017,11,9.910344827586206,19.96451612903226,1,14.64516129032258,13.385714285714286,13.49514034352744,-0.5000000000000004,0.8660254037844384,22,8.092727272727272,65.0,67.0,6.011692307692307,51.333333333333336,0
Sutter,2017,12,19.96451612903226,12.85,1,9.910344827586206,14.64516129032258,12.647073467874357,-2.4492935982947064e-16,1.0,20,26.0135,22.0,65.0,8.092727272727272,35.666666666666664,0
Sutter,2018,1,12.85,8.417857142857143,0,19.96451612903226,9.910344827586206,14.840007415647015,0.4999999999999999,0.8660254037844387,2,6.78,20.0,22.0,26.0135,14.666666666666666,1
Sutter,2018,2,8.417857142857143,4.4399999999999995,0,12.85,19.96451612903226,14.24162031887282,0.8660254037844386,0.5000000000000001,75,6.587466666666667,2.0,20.0,6.78,32.333333333333336,0
Sutter,2018,3,4.4399999999999995,5.593333333333334,0,8.417857142857143,12.85,13.744124423963134,1.0,6.123233995736766e-17,14,4.440714285714286,75.0,2.0,6.587466666666667,30.333333333333332,0
Sutter,2018,4,5.593333333333334,6.06551724137931,0,4.4399999999999995,8.417857142857143,8.569285714285714,0.8660254037844387,-0.4999999999999998,44,5.720909090909091,14.0,75.0,4.440714285714286,44.333333333333336,0
Sutter,2018,5,6.06551724137931,7.539130434782609,0,5.593333333333334,4.4399999999999995,6.150396825396826,0.4999999999999999,-0.8660254037844387,30,7.626,44.0,14.0,5.720909090909091,29.333333333333332,0
Sutter,2018,6,7.539130434782609,11.74,1,6.06551724137931,5.593333333333334,5.366283524904215,1.2246467991473532e-16,-1.0,20,7.125,30.0,44.0,7.626,31.333333333333332,0
Sutter,2018,7,11.74,21.996666666666663,1,7.539130434782609,6.06551724137931,6.399327003165086,-0.4999999999999998,-0.8660254037844388,13,9.524615384615384,20.0,30.0,7.125,21.0,0
Sutter,2018,8,21.996666666666663,11.553333333333336,1,11.74,7.539130434782609,8.448215892053975,-0.8660254037844384,-0.5000000000000004,32,6.786875,13.0,20.0,9.524615384615384,21.666666666666668,1
Sutter,2018,9,11.553333333333336,8.91851851851852,0,21.996666666666663,11.74,13.758599033816424,-1.0,-1.8369701987210294e-16,84,7.555119047619048,32.0,13.0,6.786875,43.0,1
Sutter,2018,10,8.91851851851852,11.1625,0,11.553333333333336,21.996666666666663,15.09666666666667,-0.8660254037844386,0.5000000000000001,100,6.1787,84.0,32.0,7.555119047619048,72.0,0
Sutter,2018,11,11.1625,12.92,1,8.91851851851852,11.553333333333336,14.156172839506176,-0.5000000000000004,0.8660254037844384,25,8.115599999999999,100.0,84.0,6.1787,69.66666666666667,0
Sutter,2018,12,12.92,13.6,1,11.1625,8.91851851851852,10.544783950617289,-2.4492935982947064e-16,1.0,21,6.350952380952381,25.0,100.0,8.115599999999999,48.666666666666664,0
Sutter,2019,1,13.6,4.7749999999999995,0,12.92,11.1625,11.00033950617284,0.4999999999999999,0.8660254037844387,3,6.766666666666667,21.0,25.0,6.350952380952381,16.333333333333332,0
Sutter,2019,2,4.7749999999999995,4.874193548387097,0,13.6,12.92,12.560833333333337,0.8660254037844386,0.5000000000000001,20,7.948,3.0,21.0,6.766666666666667,14.666666666666666,0
Sutter,2019,3,4.874193548387097,5.978571428571429,0,4.7749999999999995,13.6,10.431666666666668,1.0,6.123233995736766e-17,7,5.28,20.0,3.0,7.948,10.0,0
Sutter,2019,4,5.978571428571429,5.445161290322581,0,4.874193548387097,4.7749999999999995,7.749731182795699,0.8660254037844387,-0.4999999999999998,25,5.1732000000000005,7.0,20.0,5.28,17.333333333333332,0
Sutter,2019,5,5.445161290322581,7.241379310344827,0,5.978571428571429,4.874193548387097,5.209254992319509,0.4999999999999999,-0.8660254037844387,21,3.9785714285714286,25.0,7.0,5.1732000000000005,17.666666666666668,0
Sutter,2019,6,7.241379310344827,9.4,0,5.445161290322581,5.978571428571429,5.4326420890937035,1.2246467991473532e-16,-1.0,33,6.9757575757575765,21.0,25.0,3.9785714285714286,26.333333333333332,0
Sutter,2019,7,9.4,7.493333333333334,0,7.241379310344827,5.445161290322581,6.22170400974628,-0.4999999999999998,-0.8660254037844388,35,8.08657142857143,33.0,21.0,6.9757575757575765,29.666666666666668,0
Sutter,2019,8,7.493333333333334,5.741379310344827,0,9.4,7.241379310344827,7.362180200222471,-0.8660254037844384,-0.5000000000000004,14,7.352142857142858,35.0,33.0,8.08657142857143,27.333333333333332,1
Sutter,2019,9,5.741379310344827,10.841935483870968,0,7.493333333333334,9.4,8.044904214559388,-1.0,-1.8369701987210294e-16,63,6.648412698412699,14.0,35.0,7.352142857142858,37.333333333333336,1
Sutter,2019,10,10.841935483870968,15.33,1,5.741379310344827,7.493333333333334,7.544904214559388,-0.8660254037844386,0.5000000000000001,112,5.955892857142857,63.0,14.0,6.648412698412699,63.0,1
Sutter,2019,11,15.33,10.50967741935484,0,10.841935483870968,5.741379310344827,8.025549375849712,-0.5000000000000004,0.8660254037844384,98,8.82204081632653,112.0,63.0,5.955892857142857,91.0,0
Sutter,2019,12,10.50967741935484,12.751724137931037,1,15.33,10.841935483870968,10.637771598071934,-2.4492935982947064e-16,1.0,1,2.23,98.0,112.0,8.82204081632653,70.33333333333333,0
Sutter,2020,1,12.751724137931037,11.482608695652177,1,10.50967741935484,15.33,12.22720430107527,0.4999999999999999,0.8660254037844387,11,3.421818181818182,1.0,98.0,2.23,36.666666666666664,1
Sutter,2020,2,11.482608695652177,5.253571428571428,0,12.751724137931037,10.50967741935484,12.863800519095292,0.8660254037844386,0.5000000000000001,128,10.224140625,11.0,1.0,3.421818181818182,46.666666666666664,0
Sutter,2020,3,5.253571428571428,5.404787,0,11.482608695652177,12.751724137931037,11.581336750979352,1.0,6.123233995736766e-17,42,6.515238095238095,128.0,11.0,10.224140625,60.333333333333336,0
Sutter,2020,4,5.404787,5.09359685483871,0,5.253571428571428,11.482608695652177,9.829301420718217,0.8660254037844387,-0.4999999999999998,42,10.771904761904764,42.0,128.0,6.515238095238095,70.66666666666667,0
Sutter,2020,5,5.09359685483871,7.391563568965517,0,5.404787,5.253571428571428,7.380322374741204,0.4999999999999999,-0.8660254037844387,13,5.06923076923077,42.0,42.0,10.771904761904764,32.333333333333336,0
Sutter,2020,6,7.391563568965517,13.077822596774194,1,5.09359685483871,5.404787,5.250651761136713,1.2246467991473532e-16,-1.0,41,8.057560975609757,13.0,42.0,5.06923076923077,32.0,0
Sutter,2020,7,13.077822596774194,32.847539693548384,1,7.391563568965517,5.09359685483871,5.963315807934744,-0.4999999999999998,-0.8660254037844388,31,8.410645161290324,41.0,13.0,8.057560975609757,28.333333333333332,0
Sutter,2020,8,32.847539693548384,49.57256916666667,1,13.077822596774194,7.391563568965517,8.520994340192809,-0.8660254037844384,-0.5000000000000004,11,7.288181818181818,31.0,41.0,8.410645161290324,27.666666666666668,0
Sutter,2020,9,49.57256916666667,25.449209915254237,1,32.847539693548384,13.077822596774194,17.7723086197627,-1.0,-1.8369701987210294e-16,2,6.71,11.0,31.0,7.288181818181818,14.666666666666666,1
Sutter,2020,10,25.449209915254237,14.745446833333334,1,49.57256916666667,32.847539693548384,31.832643818996416,-0.8660254037844386,0.5000000000000001,91,9.028241758241755,2.0,11.0,6.71,34.666666666666664,1
Sutter,2020,11,14.745446833333334,14.829601241935483,1,25.449209915254237,49.57256916666667,35.95643959182309,-0.5000000000000004,0.8660254037844384,102,8.759803921568627,91.0,2.0,9.028241758241755,65.0,1
Tehama,2016,4,3.03300725,2.843047435483871,0,1.4555405409836064,,1.4555405409836064,0.8660254037844387,-0.4999999999999998,1,6.93,7.0,5.0,2.3314285714285714,4.333333333333333,0
Tehama,2016,5,2.843047435483871,3.9822213166666662,0,3.03300725,1.4555405409836064,2.244273895491803,0.4999999999999999,-0.8660254037844387,5,2.568,1.0,7.0,6.93,4.333333333333333,0
Tehama,2016,6,3.9822213166666662,4.911476328125,0,2.843047435483871,3.03300725,2.443865075489159,1.2246467991473532e-16,-1.0,21,20.357142857142858,5.0,1.0,2.568,9.0,0
Tehama,2016,7,4.911476328125,8.724527121212121,0,3.9822213166666662,2.843047435483871,3.2860920007168457,-0.4999999999999998,-0.8660254037844388,1,5.93,21.0,5.0,20.357142857142858,9.0,0
Tehama,2016,8,8.724527121212121,8.586852409090909,0,4.911476328125,3.9822213166666662,3.9122483600918456,-0.8660254037844384,-0.5000000000000004,2,4.1850000000000005,1.0,21.0,5.93,8.0,0
Tehama,2016,9,8.586852409090909,3.269758064516129,0,8.724527121212121,4.911476328125,5.872741588667929,-1.0,-1.8369701987210294e-16,2,0.655,2.0,1.0,4.1850000000000005,1.6666666666666667,0
Tehama,2016,10,3.269758064516129,5.017325433333334,0,8.586852409090909,8.724527121212121,7.407618619476011,-0.8660254037844386,0.5000000000000001,12,9.59,2.0,2.0,0.655,5.333333333333333,0
Tehama,2016,11,5.017325433333334,6.849022483870967,0,3.269758064516129,8.586852409090909,6.860379198273054,-0.5000000000000004,0.8660254037844384,4,3.0175,12.0,2.0,9.59,6.0,0
Tehama,2016,12,6.849022483870967,4.741339370967742,0,5.017325433333334,3.269758064516129,5.624645302313458,-2.4492935982947064e-16,1.0,7,8.484285714285715,4.0,12.0,3.0175,7.666666666666667,0
Tehama,2017,1,4.741339370967742,3.684766777777778,0,6.849022483870967,5.017325433333334,5.0453686605734775,0.4999999999999999,0.8660254037844387,3,4.1066666666666665,7.0,4.0,8.484285714285715,4.666666666666667,0
Tehama,2017,3,3.3791373728813556,1.6055978333333334,0,3.684766777777778,4.741339370967742,5.0917095442054965,1.0,6.123233995736766e-17,8,3.79,3.0,7.0,4.1066666666666665,6.0,0
Tehama,2017,4,1.6055978333333334,5.5183242741935485,0,3.3791373728813556,3.684766777777778,3.9350811738756257,0.8660254037844387,-0.4999999999999998,2,2.59,8.0,3.0,3.79,4.333333333333333,0
Tehama,2017,5,5.5183242741935485,6.81074935,0,1.6055978333333334,3.3791373728813556,2.889833994664156,0.4999999999999999,-0.8660254037844387,7,9.317142857142857,2.0,8.0,2.59,5.666666666666667,0
Tehama,2017,6,6.81074935,7.934514661290323,0,5.5183242741935485,1.6055978333333334,3.5010198268027466,1.2246467991473532e-16,-1.0,7,8.638571428571428,7.0,2.0,9.317142857142857,5.333333333333333,0
Tehama,2017,7,7.934514661290323,16.179686193548388,1,6.81074935,5.5183242741935485,4.644890485842295,-0.4999999999999998,-0.8660254037844388,4,13.815,7.0,7.0,8.638571428571428,6.0,0
Tehama,2017,8,16.179686193548388,16.33938435185185,1,7.934514661290323,6.81074935,6.7545294284946245,-0.8660254037844384,-0.5000000000000004,6,12.306666666666668,4.0,7.0,13.815,5.666666666666667,0
Tehama,2017,9,16.33938435185185,5.416737444444444,0,16.179686193548388,7.934514661290323,10.308316734946237,-1.0,-1.8369701987210294e-16,17,2.958235294117647,6.0,4.0,12.306666666666668,9.0,0
Tehama,2017,10,5.416737444444444,7.26249894,0,16.33938435185185,16.179686193548388,13.484528402230188,-0.8660254037844386,0.5000000000000001,42,4.064285714285715,17.0,6.0,2.958235294117647,21.666666666666668,0
Tehama,2017,11,7.26249894,7.991910338709678,0,5.416737444444444,16.33938435185185,12.64526932994823,-0.5000000000000004,0.8660254037844384,24,25.00375,42.0,17.0,4.064285714285715,27.666666666666668,0
Tehama,2017,12,7.991910338709678,10.25950772580645,0,7.26249894,5.416737444444444,9.672873578765431,-2.4492935982947064e-16,1.0,5,3.308,24.0,42.0,25.00375,23.666666666666668,0
Tehama,2018,1,10.25950772580645,4.892954178571428,0,7.991910338709678,7.26249894,6.890382241051374,0.4999999999999999,0.8660254037844387,6,5.656666666666666,5.0,24.0,3.308,11.666666666666666,1
Tehama,2018,2,4.892954178571428,4.297942112903226,0,10.25950772580645,7.991910338709678,8.504639001505376,0.8660254037844386,0.5000000000000001,51,5.847254901960784,6.0,5.0,5.656666666666666,20.666666666666668,0
Tehama,2018,3,4.297942112903226,5.136485550000001,0,4.892954178571428,10.25950772580645,7.714790747695853,1.0,6.123233995736766e-17,7,3.6471428571428577,51.0,6.0,5.847254901960784,21.333333333333332,0
Tehama,2018,4,5.136485550000001,6.282789822580645,0,4.297942112903226,4.892954178571428,6.483468005760368,0.8660254037844387,-0.4999999999999998,10,3.652,7.0,51.0,3.6471428571428577,22.666666666666668,0
Tehama,2018,5,6.282789822580645,5.6300381206896555,0,5.136485550000001,4.297942112903226,4.775793947158218,0.4999999999999999,-0.8660254037844387,19,5.814210526315789,10.0,7.0,3.652,12.0,1
Tehama,2018,6,5.6300381206896555,16.158380048387098,1,6.282789822580645,5.136485550000001,5.239072495161291,1.2246467991473532e-16,-1.0,98,9.453673469387756,19.0,10.0,5.814210526315789,42.333333333333336,0
Tehama,2018,7,16.158380048387098,32.71955140322581,1,5.6300381206896555,6.282789822580645,5.683104497756767,-0.4999999999999998,-0.8660254037844388,10,6.064,98.0,19.0,9.453673469387756,42.333333333333336,0
Tehama,2018,9,12.653437133333334,2.380639306451613,0,32.71955140322581,16.158380048387098,18.16932319076752,-1.0,-1.8369701987210294e-16,9,129.74444444444444,10.0,98.0,6.064,39.0,1
Tehama,2018,10,2.380639306451613,20.770821233333333,1,12.653437133333334,32.71955140322581,20.51045619498208,-0.8660254037844386,0.5000000000000001,96,10.064895833333331,9.0,10.0,129.74444444444444,38.333333333333336,0
Tehama,2018,11,20.770821233333333,5.159823532258065,0,2.380639306451613,12.653437133333334,15.917875947670248,-0.5000000000000004,0.8660254037844384,2,3.095,96.0,9.0,10.064895833333331,35.666666666666664,0
Tehama,2018,12,5.159823532258065,6.376416964285714,0,20.770821233333333,2.380639306451613,11.934965891039424,-2.4492935982947064e-16,1.0,14,4.514285714285714,2.0,96.0,3.095,37.333333333333336,0
Tehama,2019,1,6.376416964285714,4.040394232142857,0,5.159823532258065,20.770821233333333,9.437094690681,0.4999999999999999,0.8660254037844387,3,2.6999999999999997,14.0,2.0,4.514285714285714,6.333333333333333,0
Tehama,2019,2,4.040394232142857,4.096889983870968,0,6.376416964285714,5.159823532258065,10.7690205766257,0.8660254037844386,0.5000000000000001,1,1.61,3.0,14.0,2.6999999999999997,6.0,0
Tehama,2019,3,4.096889983870968,4.2595833333333335,0,4.040394232142857,6.376416964285714,5.192211576228876,1.0,6.123233995736766e-17,12,2.705,1.0,3.0,1.61,5.333333333333333,1
Tehama,2019,4,4.2595833333333335,4.407110887096774,0,4.096889983870968,4.040394232142857,4.837900393433177,0.8660254037844387,-0.4999999999999998,78,12.89653846153846,12.0,1.0,2.705,30.333333333333332,1
Tehama,2019,5,4.407110887096774,4.889728233333333,0,4.2595833333333335,4.096889983870968,4.132289183115717,0.4999999999999999,-0.8660254037844387,69,9.205797101449276,78.0,12.0,12.89653846153846,53.0,1
Tehama,2019,6,4.889728233333333,7.6978670483870975,0,4.407110887096774,4.2595833333333335,4.254528068100356,1.2246467991473532e-16,-1.0,55,6.652909090909091,69.0,78.0,9.205797101449276,67.33333333333333,1
Tehama,2019,7,7.6978670483870975,6.32277614516129,0,4.889728233333333,4.407110887096774,4.5188074845878115,-0.4999999999999998,-0.8660254037844388,59,20.185593220338983,55.0,69.0,6.652909090909091,61.0,0
Tehama,2019,8,6.32277614516129,4.212270533333333,0,7.6978670483870975,4.889728233333333,5.664902056272399,-0.8660254037844384,-0.5000000000000004,1,2.82,59.0,55.0,20.185593220338983,38.333333333333336,1
Tehama,2019,9,4.212270533333333,4.191023346938775,0,6.32277614516129,7.6978670483870975,6.3034571422939045,-1.0,-1.8369701987210294e-16,610,25.689901639344264,1.0,59.0,2.82,223.33333333333337,0
Tehama,2019,10,4.191023346938775,6.10143725,0,4.212270533333333,6.32277614516129,6.077637908960571,-0.8660254037844386,0.5000000000000001,11,3.309090909090909,610.0,1.0,25.689901639344264,207.33333333333337,1
Tehama,2019,11,6.10143725,8.313589112903227,0,4.191023346938775,4.212270533333333,4.908690008477797,-0.5000000000000004,0.8660254037844384,143,21.18503496503497,11.0,610.0,3.309090909090909,254.66666666666663,0
Tehama,2019,12,8.313589112903227,9.799010754385966,0,6.10143725,4.191023346938775,4.834910376757367,-2.4492935982947064e-16,1.0,2,8.57,143.0,11.0,21.18503496503497,52.0,0
Tehama,2020,1,9.799010754385966,8.901959489795917,0,8.313589112903227,6.10143725,6.2020165699473315,0.4999999999999999,0.8660254037844387,17,3.1252941176470586,2.0,143.0,8.57,54.0,1
Tehama,2020,2,8.901959489795917,4.411210548387096,0,9.799010754385966,8.313589112903227,8.071345705763063,0.8660254037844386,0.5000000000000001,85,7.284588235294117,17.0,2.0,3.1252941176470586,34.666666666666664,0
Tehama,2020,3,4.411210548387096,3.8048853333333335,0,8.901959489795917,9.799010754385966,9.004853119028368,1.0,6.123233995736766e-17,24,4.148333333333333,85.0,17.0,7.284588235294117,42.0,0
Tehama,2020,4,3.8048853333333335,3.3882340166666665,0,4.411210548387096,8.901959489795917,7.704060264189657,0.8660254037844387,-0.4999999999999998,30,4.631666666666666,24.0,85.0,4.148333333333333,46.333333333333336,0
Tehama,2020,5,3.3882340166666665,3.9837024137931034,0,3.8048853333333335,4.411210548387096,5.706018457172114,0.4999999999999999,-0.8660254037844387,7,11.068571428571428,30.0,24.0,4.631666666666666,20.333333333333332,0
Tehama,2020,6,3.9837024137931034,7.8093385,0,3.3882340166666665,3.8048853333333335,3.8681099661290297,1.2246467991473532e-16,-1.0,6,4.803333333333334,7.0,30.0,11.068571428571428,14.333333333333334,0
Tehama,2020,7,7.8093385,28.50349907142857,1,3.9837024137931034,3.3882340166666665,3.725607254597699,-0.4999999999999998,-0.8660254037844388,5,6.792,6.0,7.0,4.803333333333334,6.0,1
Tehama,2020,8,28.50349907142857,53.803852666666664,1,7.8093385,3.9837024137931034,5.060424976819921,-0.8660254037844384,-0.5000000000000004,6674,14.9836290080911,5.0,6.0,6.792,2228.3333333333335,1
Tehama,2020,9,53.803852666666664,17.59529570967742,1,28.50349907142857,7.8093385,13.43217999507389,-1.0,-1.8369701987210294e-16,9369,18.40386060411997,6674.0,5.0,14.9836290080911,5349.333333333333,1
Tehama,2020,10,17.59529570967742,8.39123025,0,53.803852666666664,28.50349907142857,30.038896746031742,-0.8660254037844386,0.5000000000000001,613,6.053393148450245,9369.0,6674.0,18.40386060411997,5552.0,0
Tehama,2020,11,8.39123025,8.93904864516129,0,17.59529570967742,53.803852666666664,33.300882482590886,-0.5000000000000004,0.8660254037844384,41,7.476341463414635,613.0,9369.0,6.053393148450245,3341.0,0
Tulare,2015,3,10.42,9.744444444444444,0,23.4,41.82857142857143,32.614285714285714,1.0,6.123233995736766e-17,65,6.303846153846154,55.0,23.0,5.201818181818182,47.666666666666664,0
Tulare,2015,4,9.744444444444444,7.863636363636363,0,10.42,23.4,25.216190476190476,0.8660254037844387,-0.4999999999999998,43,7.092790697674419,65.0,55.0,6.303846153846154,54.333333333333336,0
Tulare,2015,5,7.863636363636363,9.685714285714283,0,9.744444444444444,10.42,14.52148148148148,0.4999999999999999,-0.8660254037844387,18,6.365,43.0,65.0,7.092790697674419,42.0,0
Tulare,2015,6,9.685714285714283,8.577777777777778,0,7.863636363636363,9.744444444444444,9.342693602693602,1.2246467991473532e-16,-1.0,37,4.675945945945946,18.0,43.0,6.365,32.666666666666664,1
Tulare,2015,7,8.577777777777778,9.94,0,9.685714285714283,7.863636363636363,9.097931697931696,-0.4999999999999998,-0.8660254037844388,90,6.787222222222223,37.0,18.0,4.675945945945946,48.333333333333336,1
Tulare,2015,8,9.94,18.67,1,8.577777777777778,9.685714285714283,8.709042809042808,-0.8660254037844384,-0.5000000000000004,762,10.225459317585305,90.0,37.0,6.787222222222223,296.3333333333333,1
Tulare,2015,9,18.67,15.988888888888887,1,9.94,8.577777777777778,9.40116402116402,-1.0,-1.8369701987210294e-16,288,5.074548611111111,762.0,90.0,10.225459317585305,380.0,1
Tulare,2015,10,15.988888888888887,20.57,1,18.67,9.94,12.395925925925924,-0.8660254037844386,0.5000000000000001,74,8.141216216216216,288.0,762.0,5.074548611111111,374.6666666666667,0
Tulare,2015,11,20.57,20.77777777777778,1,15.988888888888887,18.67,14.866296296296296,-0.5000000000000004,0.8660254037844384,33,4.40060606060606,74.0,288.0,8.141216216216216,131.66666666666666,0
Tulare,2015,12,20.77777777777778,16.854545454545455,1,20.57,15.988888888888887,18.40962962962963,-2.4492935982947064e-16,1.0,17,7.437647058823529,33.0,74.0,4.40060606060606,41.333333333333336,0
Tulare,2016,1,16.854545454545455,21.32222222222222,1,20.77777777777778,20.57,19.112222222222226,0.4999999999999999,0.8660254037844387,15,3.3819999999999997,17.0,33.0,7.437647058823529,21.666666666666668,1
Tulare,2016,2,21.32222222222222,10.3,0,16.854545454545455,20.77777777777778,19.400774410774417,0.8660254037844386,0.5000000000000001,73,5.583561643835616,15.0,17.0,3.3819999999999997,35.0,0
Tulare,2016,3,10.3,9.11111111111111,0,21.32222222222222,16.854545454545455,19.651515151515152,1.0,6.123233995736766e-17,43,6.359534883720929,73.0,15.0,5.583561643835616,43.666666666666664,1
Tulare,2016,4,9.11111111111111,7.754545454545454,0,10.3,21.32222222222222,16.15892255892256,0.8660254037844387,-0.4999999999999998,46,6.983478260869566,43.0,73.0,6.359534883720929,54.0,1
Tulare,2016,5,7.754545454545454,9.03,0,9.11111111111111,10.3,13.577777777777778,0.4999999999999999,-0.8660254037844387,52,5.3003846153846155,46.0,43.0,6.983478260869566,47.0,1
Tulare,2016,6,9.03,10.566666666666666,0,7.754545454545454,9.11111111111111,9.055218855218856,1.2246467991473532e-16,-1.0,162,5.210432098765432,52.0,46.0,5.3003846153846155,86.66666666666667,1
Tulare,2016,7,10.566666666666666,14.1,1,9.03,7.754545454545454,8.631885521885522,-0.4999999999999998,-0.8660254037844388,55,4.763999999999999,162.0,52.0,5.210432098765432,89.66666666666667,1
Tulare,2016,8,14.1,14.4625,1,10.566666666666666,9.03,9.117070707070708,-0.8660254037844384,-0.5000000000000004,1245,24.602642570281127,55.0,162.0,4.763999999999999,487.3333333333333,1
Tulare,2016,9,14.4625,10.2,0,14.1,10.566666666666666,11.23222222222222,-1.0,-1.8369701987210294e-16,163,8.465889570552148,1245.0,55.0,24.602642570281127,487.6666666666667,1
Tulare,2016,10,10.2,26.89090909090909,1,14.4625,14.1,13.043055555555554,-0.8660254037844386,0.5000000000000001,398,12.994221105527638,163.0,1245.0,8.465889570552148,602.0,1
Tulare,2016,11,26.89090909090909,24.78,1,10.2,14.4625,12.920833333333334,-0.5000000000000004,0.8660254037844384,619,12.66476575121163,398.0,163.0,12.994221105527638,393.3333333333333,0
Tulare,2016,12,24.78,9.06,0,26.89090909090909,10.2,17.184469696969696,-2.4492935982947064e-16,1.0,23,8.572173913043478,619.0,398.0,12.66476575121163,346.6666666666667,0
Tulare,2017,1,9.06,8.0375,0,24.78,26.89090909090909,20.623636363636365,0.4999999999999999,0.8660254037844387,11,3.0572727272727276,23.0,619.0,8.572173913043478,217.66666666666663,0
Tulare,2017,2,8.0375,15.03,1,9.06,24.78,20.24363636363637,0.8660254037844386,0.5000000000000001,27,4.782592592592592,11.0,23.0,3.0572727272727276,20.333333333333332,1
Tulare,2017,3,15.03,7.56,0,8.0375,9.06,13.959166666666668,1.0,6.123233995736766e-17,68,7.766470588235294,27.0,11.0,4.782592592592592,35.333333333333336,0
Tulare,2017,4,7.56,8.11111111111111,0,15.03,8.0375,10.709166666666668,0.8660254037844387,-0.4999999999999998,45,7.558222222222223,68.0,27.0,7.766470588235294,46.666666666666664,0
Tulare,2017,5,8.11111111111111,10.345454545454546,0,7.56,15.03,10.209166666666668,0.4999999999999999,-0.8660254037844387,41,6.482195121951219,45.0,68.0,7.558222222222223,51.333333333333336,1
Tulare,2017,6,10.345454545454546,11.25,1,8.11111111111111,7.56,10.233703703703704,1.2246467991473532e-16,-1.0,320,18.23540625,41.0,45.0,6.482195121951219,135.33333333333334,1
Tulare,2017,7,11.25,15.825,1,10.345454545454546,8.11111111111111,8.672188552188553,-0.4999999999999998,-0.8660254037844388,1164,21.848513745704462,320.0,41.0,18.23540625,508.3333333333333,1
Tulare,2017,8,15.825,13.322222222222225,1,11.25,10.345454545454546,9.902188552188552,-0.8660254037844384,-0.5000000000000004,771,24.15242542153048,1164.0,320.0,21.848513745704462,751.6666666666666,1
Tulare,2017,9,13.322222222222225,18.43,1,15.825,11.25,12.47348484848485,-1.0,-1.8369701987210294e-16,1689,9.419911190053286,771.0,1164.0,24.15242542153048,1208.0,1
Tulare,2017,10,18.43,22.363636363636363,1,13.322222222222225,15.825,13.465740740740742,-0.8660254037844386,0.5000000000000001,2103,10.71752258678079,1689.0,771.0,9.419911190053286,1521.0,1
Tulare,2017,11,22.363636363636363,53.760000000000005,1,18.43,13.322222222222225,15.859074074074076,-0.5000000000000004,0.8660254037844384,119,14.057899159663869,2103.0,1689.0,10.71752258678079,1303.6666666666667,1
Tulare,2017,12,53.760000000000005,32.333333333333336,1,22.363636363636363,18.43,18.03861952861953,-2.4492935982947064e-16,1.0,53,7.82566037735849,119.0,2103.0,14.057899159663869,758.3333333333334,0
Tulare,2018,1,32.333333333333336,18.2,1,53.760000000000005,22.363636363636363,31.51787878787879,0.4999999999999999,0.8660254037844387,45,6.536222222222222,53.0,119.0,7.82566037735849,72.33333333333333,1
Tulare,2018,2,18.2,8.76,0,32.333333333333336,53.760000000000005,36.15232323232323,0.8660254037844386,0.5000000000000001,60,8.7895,45.0,53.0,6.536222222222222,52.666666666666664,1
Tulare,2018,3,8.76,8.35,0,18.2,32.333333333333336,34.76444444444444,1.0,6.123233995736766e-17,53,9.64509433962264,60.0,45.0,8.7895,52.666666666666664,1
Tulare,2018,4,8.35,9.38,0,8.76,18.2,19.764444444444447,0.8660254037844387,-0.4999999999999998,48,9.10625,53.0,60.0,9.64509433962264,53.666666666666664,1
Tulare,2018,5,9.38,9.85,0,8.35,8.76,11.77,0.4999999999999999,-0.8660254037844387,48,6.672499999999999,48.0,53.0,9.10625,49.666666666666664,1
Tulare,2018,6,9.85,13.166666666666666,1,9.38,8.35,8.83,1.2246467991473532e-16,-1.0,48,5.351458333333333,48.0,48.0,6.672499999999999,48.0,0
Tulare,2018,7,13.166666666666666,25.49,1,9.85,9.38,9.193333333333332,-0.4999999999999998,-0.8660254037844388,38,7.622631578947369,48.0,48.0,5.351458333333333,44.666666666666664,1
Tulare,2018,8,25.49,13.98,1,13.166666666666666,9.85,10.79888888888889,-0.8660254037844384,-0.5000000000000004,58,4.555172413793104,38.0,48.0,7.622631578947369,48.0,1
Tulare,2018,9,13.98,13.955555555555556,1,25.49,13.166666666666666,16.168888888888887,-1.0,-1.8369701987210294e-16,48,4.905208333333333,58.0,38.0,4.555172413793104,48.0,1
Tulare,2018,10,13.955555555555556,30.785714285714285,1,13.98,25.49,17.545555555555556,-0.8660254037844386,0.5000000000000001,347,7.631873198847262,48.0,58.0,4.905208333333333,151.0,1
Tulare,2018,11,30.785714285714285,25.811111111111114,1,13.955555555555556,13.98,17.808518518518515,-0.5000000000000004,0.8660254037844384,982,7.010549898167006,347.0,48.0,7.631873198847262,459.0,0
Tulare,2018,12,25.811111111111114,23.10909090909091,1,30.785714285714285,13.955555555555556,19.573756613756615,-2.4492935982947064e-16,1.0,12,8.900833333333333,982.0,347.0,7.010549898167006,447.0,0
Tulare,2019,1,23.10909090909091,8.440000000000001,0,25.811111111111114,30.785714285714285,23.51746031746032,0.4999999999999999,0.8660254037844387,13,4.5515384615384615,12.0,982.0,8.900833333333333,335.6666666666667,0
Tulare,2019,2,8.440000000000001,8.709999999999999,0,23.10909090909091,25.811111111111114,26.568638768638767,0.8660254037844386,0.5000000000000001,25,4.1512,13.0,12.0,4.5515384615384615,16.666666666666668,1
Tulare,2019,3,8.709999999999999,8.78,0,8.440000000000001,23.10909090909091,19.12006734006734,1.0,6.123233995736766e-17,69,7.609420289855072,25.0,13.0,4.1512,35.666666666666664,0
Tulare,2019,4,8.78,8.975,0,8.709999999999999,8.440000000000001,13.41969696969697,0.8660254037844387,-0.4999999999999998,32,5.5121875,69.0,25.0,7.609420289855072,42.0,0
Tulare,2019,5,8.975,9.71,0,8.78,8.709999999999999,8.643333333333333,0.4999999999999999,-0.8660254037844387,32,6.9859374999999995,32.0,69.0,5.5121875,44.333333333333336,1
Tulare,2019,6,9.71,10.933333333333334,0,8.975,8.78,8.821666666666665,1.2246467991473532e-16,-1.0,183,9.042622950819672,32.0,32.0,6.9859374999999995,82.33333333333333,1
Tulare,2019,7,10.933333333333334,10.672727272727274,0,9.71,8.975,9.155,-0.4999999999999998,-0.8660254037844388,87,4.934022988505747,183.0,32.0,9.042622950819672,100.66666666666669,1
Tulare,2019,8,10.672727272727274,9.9,0,10.933333333333334,9.71,9.872777777777776,-0.8660254037844384,-0.5000000000000004,274,8.867043795620438,87.0,183.0,4.934022988505747,181.33333333333337,1
Tulare,2019,9,9.9,15.84,1,10.672727272727274,10.933333333333334,10.438686868686869,-1.0,-1.8369701987210294e-16,399,8.450426065162906,274.0,87.0,8.867043795620438,253.33333333333337,1
Tulare,2019,10,15.84,22.59,1,9.9,10.672727272727274,10.502020202020203,-0.8660254037844386,0.5000000000000001,102,6.559901960784313,399.0,274.0,8.450426065162906,258.3333333333333,1
Tulare,2019,11,22.59,13.122222222222222,1,15.84,9.9,12.13757575757576,-0.5000000000000004,0.8660254037844384,108,8.550370370370372,102.0,399.0,6.559901960784313,203.0,0
Tulare,2019,12,13.122222222222222,21.77777777777778,1,22.59,15.84,16.11,-2.4492935982947064e-16,1.0,29,16.05,108.0,102.0,8.550370370370372,79.66666666666667,0
Tulare,2020,1,21.77777777777778,18.3,1,13.122222222222222,22.59,17.184074074074072,0.4999999999999999,0.8660254037844387,41,7.408780487804877,29.0,108.0,16.05,59.333333333333336,0
Tulare,2020,2,18.3,8.08,0,21.77777777777778,13.122222222222222,19.16333333333333,0.8660254037844386,0.5000000000000001,39,4.425128205128205,41.0,29.0,7.408780487804877,36.333333333333336,1
Tulare,2020,3,8.08,7.627272727272728,0,18.3,21.77777777777778,17.733333333333334,1.0,6.123233995736766e-17,84,6.3480952380952385,39.0,41.0,4.425128205128205,54.666666666666664,1
Tulare,2020,4,7.627272727272728,8.25,0,8.08,18.3,16.052592592592593,0.8660254037844387,-0.4999999999999998,50,5.7341999999999995,84.0,39.0,6.3480952380952385,57.666666666666664,1
Tulare,2020,5,8.25,9.7,0,7.627272727272728,8.08,11.335757575757576,0.4999999999999999,-0.8660254037844387,75,5.323333333333333,50.0,84.0,5.7341999999999995,69.66666666666667,1
Tulare,2020,6,9.7,11.5,1,8.25,7.627272727272728,7.985757575757575,1.2246467991473532e-16,-1.0,74,9.605675675675675,75.0,50.0,5.323333333333333,66.33333333333333,0
Tulare,2020,7,11.5,30.99090909090909,1,9.7,8.25,8.525757575757575,-0.4999999999999998,-0.8660254037844388,42,6.660714285714286,74.0,75.0,9.605675675675675,63.666666666666664,1
Tulare,2020,8,30.99090909090909,38.12,1,11.5,9.7,9.816666666666665,-0.8660254037844384,-0.5000000000000004,3452,30.814910196987256,42.0,74.0,6.660714285714286,1189.3333333333333,1
Tulare,2020,9,38.12,30.360000000000003,1,30.99090909090909,11.5,17.396969696969695,-1.0,-1.8369701987210294e-16,13098,22.67446251336082,3452.0,42.0,30.814910196987256,5530.666666666667,1
Tulare,2020,10,30.360000000000003,29.95,1,38.12,30.99090909090909,26.870303030303024,-0.8660254037844386,0.5000000000000001,3368,12.85666864608076,13098.0,3452.0,22.67446251336082,6639.333333333333,1
Tulare,2020,11,29.95,15.359617544444443,1,30.360000000000003,38.12,33.156969696969696,-0.5000000000000004,0.8660254037844384,259,7.700463320463321,3368.0,13098.0,12.85666864608076,5575.0,1
Ventura,2015,3,7.806094450549451,8.373495827777777,0,9.753803382089552,6.242182274285715,7.997992828187634,1.0,6.123233995736766e-17,40,3.8675,26.0,16.0,3.9192307692307695,27.333333333333332,0
Ventura,2015,4,8.373495827777777,9.768604684636118,0,7.806094450549451,9.753803382089552,7.9340267023082385,0.8660254037844387,-0.4999999999999998,20,1.4775,40.0,26.0,3.8675,28.666666666666668,0
Ventura,2015,5,9.768604684636118,11.054737269113147,0,8.373495827777777,7.806094450549451,8.64446455347226,0.4999999999999999,-0.8660254037844387,7,1.2157142857142855,20.0,40.0,1.4775,22.333333333333332,0
Ventura,2015,6,11.054737269113147,8.285931369047619,0,9.768604684636118,8.373495827777777,8.64939832098778,1.2246467991473532e-16,-1.0,27,33.93592592592592,7.0,20.0,1.2157142857142855,18.0,0
Ventura,2015,7,8.285931369047619,12.414297327956987,1,11.054737269113147,9.768604684636118,9.732279260509012,-0.4999999999999998,-0.8660254037844388,17,3.383529411764706,27.0,7.0,33.93592592592592,17.0,0
Ventura,2015,8,12.414297327956987,9.615975520588236,0,8.285931369047619,11.054737269113147,9.70309110759896,-0.8660254037844384,-0.5000000000000004,30,17.564,17.0,27.0,3.383529411764706,24.666666666666668,0
Ventura,2015,9,9.615975520588236,7.053026392473118,0,12.414297327956987,8.285931369047619,10.584988655372584,-1.0,-1.8369701987210294e-16,21,0.5528571428571428,30.0,17.0,17.564,22.666666666666668,0
Ventura,2015,10,7.053026392473118,4.532839361111111,0,9.615975520588236,12.414297327956987,10.10540140586428,-0.8660254037844386,0.5000000000000001,31,0.5851612903225807,21.0,30.0,0.5528571428571428,27.333333333333332,0
Ventura,2015,11,4.532839361111111,5.30958962972973,0,7.053026392473118,9.615975520588236,9.694433080339444,-0.5000000000000004,0.8660254037844384,28,1.9542857142857144,31.0,21.0,0.5851612903225807,26.666666666666668,1
Ventura,2015,12,5.30958962972973,6.646491977591036,0,4.532839361111111,7.053026392473118,7.067280424724154,-2.4492935982947064e-16,1.0,46,32.62282608695652,28.0,31.0,1.9542857142857144,35.0,0
Ventura,2016,1,6.646491977591036,4.971875603448276,0,5.30958962972973,4.532839361111111,5.631818461104651,0.4999999999999999,0.8660254037844387,11,2.022727272727273,46.0,28.0,32.62282608695652,28.333333333333332,0
Ventura,2016,2,4.971875603448276,8.252156299450549,0,6.646491977591036,5.30958962972973,5.496306989477291,0.8660254037844386,0.5000000000000001,28,1.952142857142857,11.0,46.0,2.022727272727273,28.333333333333332,0
Ventura,2016,3,8.252156299450549,7.893350444444444,0,4.971875603448276,6.646491977591036,5.642652403589679,1.0,6.123233995736766e-17,11,1.6481818181818182,28.0,11.0,1.952142857142857,16.666666666666668,0
Ventura,2016,4,7.893350444444444,8.998294167115903,0,8.252156299450549,4.971875603448276,6.623507960163285,0.8660254037844387,-0.4999999999999998,19,3.848947368421052,11.0,28.0,1.6481818181818182,19.333333333333332,0
Ventura,2016,5,8.998294167115903,12.643315464788731,1,7.893350444444444,8.252156299450549,7.039127449114422,0.4999999999999999,-0.8660254037844387,10,13.028,19.0,11.0,3.848947368421052,13.333333333333334,0
Ventura,2016,6,12.643315464788731,11.71264251923077,1,8.998294167115903,7.893350444444444,8.381266970336965,1.2246467991473532e-16,-1.0,21,9.142857142857142,10.0,19.0,13.028,16.666666666666668,1
Ventura,2016,7,11.71264251923077,11.700495505376344,1,12.643315464788731,8.998294167115903,9.84498669211636,-0.4999999999999998,-0.8660254037844388,299,10.567023411371236,21.0,10.0,9.142857142857142,110.0,0
Ventura,2016,8,11.700495505376344,10.646518023809524,0,11.71264251923077,12.643315464788731,11.118084050378464,-0.8660254037844384,-0.5000000000000004,26,0.4526923076923076,299.0,21.0,10.567023411371236,115.33333333333331,0
Ventura,2016,9,10.646518023809524,6.906500732394367,0,11.700495505376344,11.71264251923077,12.018817829798614,-1.0,-1.8369701987210294e-16,13,0.5853846153846154,26.0,299.0,0.4526923076923076,112.66666666666669,0
Ventura,2016,10,6.906500732394367,6.280891040935672,0,10.646518023809524,11.700495505376344,11.353218682805544,-0.8660254037844386,0.5000000000000001,16,0.655625,13.0,26.0,0.5853846153846154,18.333333333333332,0
Ventura,2016,11,6.280891040935672,8.298987022038569,0,6.906500732394367,10.646518023809524,9.751171420526743,-0.5000000000000004,0.8660254037844384,14,0.4907142857142857,16.0,13.0,0.655625,14.333333333333334,0
Ventura,2016,12,8.298987022038569,5.093078390449438,0,6.280891040935672,6.906500732394367,7.944636599046519,-2.4492935982947064e-16,1.0,6,0.6583333333333333,14.0,16.0,0.4907142857142857,12.0,0
Ventura,2017,1,5.093078390449438,5.514206604938272,0,8.298987022038569,6.280891040935672,7.162126265122867,0.4999999999999999,0.8660254037844387,20,6.5585,6.0,14.0,0.6583333333333333,13.333333333333334,0
Ventura,2017,2,5.514206604938272,6.630549896358544,0,5.093078390449438,8.298987022038569,6.557652151141224,0.8660254037844386,0.5000000000000001,19,7.503157894736842,20.0,6.0,6.5585,15.0,0
Ventura,2017,3,6.630549896358544,7.710515011111112,0,5.514206604938272,5.093078390449438,6.302090672475425,1.0,6.123233995736766e-17,28,3.226785714285714,19.0,20.0,7.503157894736842,22.333333333333332,0
Ventura,2017,4,7.710515011111112,8.742113865384615,0,6.630549896358544,5.514206604938272,5.7459449639154165,0.8660254037844387,-0.4999999999999998,22,4.6068181818181815,28.0,19.0,3.226785714285714,23.0,0
Ventura,2017,5,8.742113865384615,10.181378553008596,0,7.710515011111112,6.630549896358544,6.618423837469308,0.4999999999999999,-0.8660254037844387,17,11.464117647058824,22.0,28.0,4.6068181818181815,22.333333333333332,0
Ventura,2017,6,10.181378553008596,11.884958489071035,1,8.742113865384615,7.710515011111112,7.694392924284756,1.2246467991473532e-16,-1.0,18,1.5033333333333334,17.0,22.0,11.464117647058824,19.0,0
Ventura,2017,7,11.884958489071035,11.953833913978496,1,10.181378553008596,8.742113865384615,8.878002476501438,-0.4999999999999998,-0.8660254037844388,25,2.5156,18.0,17.0,1.5033333333333334,20.0,0
Ventura,2017,8,11.953833913978496,8.33078532,0,11.884958489071035,10.181378553008596,10.269483635821414,-0.8660254037844384,-0.5000000000000004,13,0.4876923076923077,25.0,18.0,2.5156,18.666666666666668,0
Ventura,2017,9,8.33078532,9.048197964187327,0,11.953833913978496,11.884958489071035,11.340056985352708,-1.0,-1.8369701987210294e-16,13,0.7023076923076922,13.0,25.0,0.4876923076923077,17.0,0
Ventura,2017,10,9.048197964187327,6.294783022222223,0,8.33078532,11.953833913978496,10.723192574349843,-0.8660254037844386,0.5000000000000001,23,5.80304347826087,13.0,13.0,0.7023076923076922,16.333333333333332,0
Ventura,2017,11,6.294783022222223,23.39661985094851,1,9.048197964187327,8.33078532,9.77760573272194,-0.5000000000000004,0.8660254037844384,7,0.66,23.0,13.0,5.80304347826087,14.333333333333334,1
Ventura,2017,12,23.39661985094851,7.042922444134078,0,6.294783022222223,9.048197964187327,7.891255435469849,-2.4492935982947064e-16,1.0,7646,31.008412241695005,7.0,23.0,0.66,2558.6666666666665,0
Ventura,2018,1,7.042922444134078,7.263474534591195,0,23.39661985094851,6.294783022222223,12.913200279119351,0.4999999999999999,0.8660254037844387,22,2.514090909090909,7646.0,7.0,31.008412241695005,2558.3333333333335,0
Ventura,2018,2,7.263474534591195,5.2933870931506855,0,7.042922444134078,23.39661985094851,12.24477510576827,0.8660254037844386,0.5000000000000001,23,2.8278260869565215,22.0,7646.0,2.514090909090909,2563.6666666666665,0
Ventura,2018,3,5.2933870931506855,10.28911168888889,0,7.263474534591195,7.042922444134078,12.567672276557929,1.0,6.123233995736766e-17,9,1.0566666666666666,23.0,22.0,2.8278260869565215,18.0,0
Ventura,2018,4,10.28911168888889,8.845489494318182,0,5.2933870931506855,7.263474534591195,6.533261357291985,0.8660254037844387,-0.4999999999999998,26,1.705769230769231,9.0,23.0,1.0566666666666666,19.333333333333332,0
Ventura,2018,5,8.845489494318182,11.262962376770538,1,10.28911168888889,5.2933870931506855,7.615324438876922,0.4999999999999999,-0.8660254037844387,14,15.924285714285714,26.0,9.0,1.705769230769231,16.333333333333332,0
Ventura,2018,6,11.262962376770538,9.60464272173913,0,8.845489494318182,10.28911168888889,8.142662758785917,1.2246467991473532e-16,-1.0,19,3.4478947368421053,14.0,26.0,15.924285714285714,19.666666666666668,0
Ventura,2018,7,9.60464272173913,13.68295498915989,1,11.262962376770538,8.845489494318182,10.132521186659202,-0.4999999999999998,-0.8660254037844388,11,1.708181818181818,19.0,14.0,3.4478947368421053,14.666666666666666,0
Ventura,2018,8,13.68295498915989,11.709836054285717,1,9.60464272173913,11.262962376770538,9.904364864275948,-0.8660254037844384,-0.5000000000000004,14,0.5742857142857142,11.0,19.0,1.708181818181818,14.666666666666666,0
Ventura,2018,9,11.709836054285717,8.754132175287356,0,13.68295498915989,9.60464272173913,11.516853362556516,-1.0,-1.8369701987210294e-16,16,5.3549999999999995,14.0,11.0,0.5742857142857142,13.666666666666666,0
Ventura,2018,10,8.754132175287356,9.110976442896936,0,11.709836054285717,13.68295498915989,11.66581125506158,-0.8660254037844386,0.5000000000000001,17,1.371764705882353,16.0,14.0,5.3549999999999995,15.666666666666666,1
Ventura,2018,11,9.110976442896936,5.837895635097493,0,8.754132175287356,11.709836054285717,11.382307739577652,-0.5000000000000004,0.8660254037844384,766,23.561409921671014,17.0,16.0,1.371764705882353,266.3333333333333,0
Ventura,2018,12,5.837895635097493,5.788952051204819,0,9.110976442896936,8.754132175287356,9.858314890823335,-2.4492935982947064e-16,1.0,34,4.330588235294118,766.0,17.0,23.561409921671014,272.3333333333333,0
Ventura,2019,1,5.788952051204819,3.795137039393939,0,5.837895635097493,9.110976442896936,7.901001417760594,0.4999999999999999,0.8660254037844387,36,4.0025,34.0,766.0,4.330588235294118,278.6666666666667,0
Ventura,2019,2,3.795137039393939,4.149887153846153,0,5.788952051204819,5.837895635097493,6.912608043066414,0.8660254037844386,0.5000000000000001,9,2.9244444444444446,36.0,34.0,4.0025,26.333333333333332,0
Ventura,2019,3,4.149887153846153,6.559157602777778,0,3.795137039393939,5.788952051204819,5.140661575232082,1.0,6.123233995736766e-17,16,2.425,9.0,36.0,2.9244444444444446,20.333333333333332,0
Ventura,2019,4,6.559157602777778,6.729875717741935,0,4.149887153846153,3.795137039393939,4.577992081481635,0.8660254037844387,-0.4999999999999998,16,1.134375,16.0,9.0,2.425,13.666666666666666,0
Ventura,2019,5,6.729875717741935,8.320455089136491,0,6.559157602777778,4.149887153846153,4.834727265339288,0.4999999999999999,-0.8660254037844387,18,20.46277777777778,16.0,16.0,1.134375,16.666666666666668,0
Ventura,2019,6,8.320455089136491,10.335376293010754,0,6.729875717741935,6.559157602777778,5.8129734914552875,1.2246467991473532e-16,-1.0,8,0.4325,18.0,16.0,20.46277777777778,14.0,0
Ventura,2019,7,10.335376293010754,8.090359518817205,0,8.320455089136491,6.729875717741935,7.203162803218734,-0.4999999999999998,-0.8660254037844388,30,4.698999999999999,8.0,18.0,0.4325,18.666666666666668,0
Ventura,2019,8,8.090359518817205,7.730334901734103,0,10.335376293010754,8.320455089136491,8.461902366629724,-0.8660254037844384,-0.5000000000000004,31,1.3612903225806452,30.0,8.0,4.698999999999999,23.0,0
Ventura,2019,9,7.730334901734103,6.490188641666667,0,8.090359518817205,10.335376293010754,8.915396966988148,-1.0,-1.8369701987210294e-16,23,1.1143478260869564,31.0,30.0,1.3612903225806452,28.0,1
Ventura,2019,10,6.490188641666667,7.349669061452514,0,7.730334901734103,8.090359518817205,8.71869023785402,-0.8660254037844386,0.5000000000000001,47,4.567021276595745,23.0,31.0,1.1143478260869564,33.666666666666664,1
Ventura,2019,11,7.349669061452514,4.203887944444444,0,6.490188641666667,7.730334901734103,7.436961020739324,-0.5000000000000004,0.8660254037844384,157,9.526433121019108,47.0,23.0,4.567021276595745,75.66666666666667,0
Ventura,2019,12,4.203887944444444,4.100803431034483,0,7.349669061452514,6.490188641666667,7.190064201617759,-2.4492935982947064e-16,1.0,14,4.298571428571429,157.0,47.0,9.526433121019108,72.66666666666667,0
Ventura,2020,1,4.100803431034483,5.44624250882353,0,4.203887944444444,7.349669061452514,6.014581882521206,0.4999999999999999,0.8660254037844387,31,4.188709677419355,14.0,157.0,4.298571428571429,67.33333333333333,0
Ventura,2020,2,5.44624250882353,2.8784739783783784,0,4.100803431034483,4.203887944444444,5.218120145643812,0.8660254037844386,0.5000000000000001,27,4.583333333333333,31.0,14.0,4.188709677419355,24.0,0
Ventura,2020,3,2.8784739783783784,4.691174797222222,0,5.44624250882353,4.100803431034483,4.583644628100817,1.0,6.123233995736766e-17,17,2.0811764705882356,27.0,31.0,4.583333333333333,25.0,0
Ventura,2020,4,4.691174797222222,6.778998172043011,0,2.8784739783783784,5.44624250882353,4.141839972745462,0.8660254037844387,-0.4999999999999998,14,2.3792857142857144,17.0,27.0,2.0811764705882356,19.333333333333332,0
Ventura,2020,5,6.778998172043011,6.067842447222222,0,4.691174797222222,2.8784739783783784,4.338630428141375,0.4999999999999999,-0.8660254037844387,37,5.081621621621621,14.0,17.0,2.3792857142857144,22.666666666666668,0
Ventura,2020,6,6.067842447222222,7.992683069892474,0,6.778998172043011,4.691174797222222,4.782882315881202,1.2246467991473532e-16,-1.0,36,2.318888888888889,37.0,14.0,5.081621621621621,29.0,0
Ventura,2020,7,7.992683069892474,11.10943154032258,0,6.067842447222222,6.778998172043011,5.846005138829149,-0.4999999999999998,-0.8660254037844388,38,3.1276315789473688,36.0,37.0,2.318888888888889,37.0,0
Ventura,2020,8,11.10943154032258,15.316679752777777,1,7.992683069892474,6.067842447222222,6.9465078963859,-0.8660254037844384,-0.5000000000000004,43,3.127441860465116,38.0,36.0,3.1276315789473688,39.0,0
Ventura,2020,9,15.316679752777777,14.215185255376344,1,11.10943154032258,7.992683069892474,8.389985685812423,-1.0,-1.8369701987210294e-16,34,0.7020588235294118,43.0,38.0,3.127441860465116,38.333333333333336,0
Ventura,2020,10,14.215185255376344,5.510581797222223,0,15.316679752777777,11.10943154032258,11.472931454330942,-0.8660254037844386,0.5000000000000001,24,1.025,34.0,43.0,0.7020588235294118,33.666666666666664,0
Ventura,2020,11,5.510581797222223,3.926692864130435,0,14.215185255376344,15.316679752777777,13.547098849492231,-0.5000000000000004,0.8660254037844384,43,2.701395348837209,24.0,34.0,1.025,33.666666666666664,0
Yolo,2015,3,4.35,4.74,0,6.1000000000000005,15.05,10.575,1.0,6.123233995736766e-17,17,7.562941176470588,16.0,16.0,4.050625,16.333333333333332,0
Yolo,2015,4,4.74,5.96,0,4.35,6.1000000000000005,8.5,0.8660254037844387,-0.4999999999999998,1,3.97,17.0,16.0,7.562941176470588,11.333333333333334,0
Yolo,2015,5,5.96,6.15,0,4.74,4.35,5.0633333333333335,0.4999999999999999,-0.8660254037844387,2,3.99,1.0,17.0,3.97,6.666666666666667,0
Yolo,2015,6,6.15,6.6,0,5.96,4.74,5.016666666666667,1.2246467991473532e-16,-1.0,4,8.5625,2.0,1.0,3.99,2.3333333333333335,1
Yolo,2015,7,6.6,7.24,0,6.15,5.96,5.616666666666667,-0.4999999999999998,-0.8660254037844388,94,20.242978723404253,4.0,2.0,8.5625,33.333333333333336,1
Yolo,2015,8,7.24,8.825,0,6.6,6.15,6.236666666666667,-0.8660254037844384,-0.5000000000000004,150,28.3888,94.0,4.0,20.242978723404253,82.66666666666667,0
Yolo,2015,9,8.825,7.183333333333334,0,7.24,6.6,6.663333333333334,-1.0,-1.8369701987210294e-16,6,5.59,150.0,94.0,28.3888,83.33333333333333,0
Yolo,2015,10,7.183333333333334,11.48,1,8.825,7.24,7.555,-0.8660254037844386,0.5000000000000001,23,4.008260869565217,6.0,150.0,5.59,59.666666666666664,0
Yolo,2015,11,11.48,6.5,0,7.183333333333334,8.825,7.7494444444444435,-0.5000000000000004,0.8660254037844384,24,3.20375,23.0,6.0,4.008260869565217,17.666666666666668,0
Yolo,2015,12,6.5,5.3,0,11.48,7.183333333333334,9.162777777777778,-2.4492935982947064e-16,1.0,12,3.456666666666667,24.0,23.0,3.20375,19.666666666666668,0
Yolo,2016,1,5.3,7.9,0,6.5,11.48,8.387777777777778,0.4999999999999999,0.8660254037844387,1,0.69,12.0,24.0,3.456666666666667,12.333333333333334,0
Yolo,2016,2,7.9,3.1833333333333336,0,5.3,6.5,7.760000000000001,0.8660254037844386,0.5000000000000001,18,4.536111111111111,1.0,12.0,0.69,10.333333333333334,0
Yolo,2016,3,3.1833333333333336,4.26,0,7.9,5.3,6.566666666666666,1.0,6.123233995736766e-17,11,9.47090909090909,18.0,1.0,4.536111111111111,10.0,0
Yolo,2016,4,4.26,5.8,0,3.1833333333333336,7.9,5.461111111111111,0.8660254037844387,-0.4999999999999998,3,6.45,11.0,18.0,9.47090909090909,10.666666666666666,0
Yolo,2016,5,5.8,6.0200000000000005,0,4.26,3.1833333333333336,5.114444444444445,0.4999999999999999,-0.8660254037844387,4,3.9225,3.0,11.0,6.45,6.0,0
Yolo,2016,6,6.0200000000000005,6.76,0,5.8,4.26,4.414444444444444,1.2246467991473532e-16,-1.0,4,6.1850000000000005,4.0,3.0,3.9225,3.6666666666666665,0
Yolo,2016,7,6.76,7.625,0,6.0200000000000005,5.8,5.359999999999999,-0.4999999999999998,-0.8660254037844388,9,5.732222222222223,4.0,4.0,6.1850000000000005,5.666666666666667,1
Yolo,2016,8,7.625,9.8,0,6.76,6.0200000000000005,6.1933333333333325,-0.8660254037844384,-0.5000000000000004,129,5.384496124031008,9.0,4.0,5.732222222222223,47.333333333333336,0
Yolo,2016,9,9.8,6.68,0,7.625,6.76,6.801666666666667,-1.0,-1.8369701987210294e-16,19,4.846842105263158,129.0,9.0,5.384496124031008,52.333333333333336,0
Yolo,2016,10,6.68,6.540000000000001,0,9.8,7.625,8.061666666666667,-0.8660254037844386,0.5000000000000001,24,5.38,19.0,129.0,4.846842105263158,57.333333333333336,0
Yolo,2016,11,6.540000000000001,7.340000000000001,0,6.68,9.8,8.035000000000002,-0.5000000000000004,0.8660254037844384,16,8.880625,24.0,19.0,5.38,19.666666666666668,0
Yolo,2016,12,7.340000000000001,6.133333333333333,0,6.540000000000001,6.68,7.673333333333335,-2.4492935982947064e-16,1.0,4,3.8575,16.0,24.0,8.880625,14.666666666666666,0
Yolo,2017,2,2.325,5.8,0,6.133333333333333,7.340000000000001,6.671111111111112,0.8660254037844386,0.5000000000000001,1,5.41,4.0,16.0,3.8575,7.0,0
Yolo,2017,3,5.8,3.34,0,2.325,6.133333333333333,5.266111111111111,1.0,6.123233995736766e-17,13,7.351538461538462,1.0,4.0,5.41,6.0,0
Yolo,2017,4,3.34,4.66,0,5.8,2.325,4.752777777777777,0.8660254037844387,-0.4999999999999998,5,1.7719999999999998,13.0,1.0,7.351538461538462,6.333333333333333,0
Yolo,2017,5,4.66,7.18,0,3.34,5.8,3.821666666666667,0.4999999999999999,-0.8660254037844387,13,5.274615384615386,5.0,13.0,1.7719999999999998,10.333333333333334,0
Yolo,2017,6,7.18,9.44,0,4.66,3.34,4.6000000000000005,1.2246467991473532e-16,-1.0,13,7.851538461538461,13.0,5.0,5.274615384615386,10.333333333333334,1
Yolo,2017,7,9.44,11.04,0,7.18,4.66,5.06,-0.4999999999999998,-0.8660254037844388,51,6.354509803921569,13.0,13.0,7.851538461538461,25.666666666666668,0
Yolo,2017,8,11.04,15.14,1,9.44,7.18,7.093333333333333,-0.8660254037844384,-0.5000000000000004,38,6.959736842105264,51.0,13.0,6.354509803921569,34.0,0
Yolo,2017,9,15.14,20.7,1,11.04,9.44,9.22,-1.0,-1.8369701987210294e-16,20,7.135,38.0,51.0,6.959736842105264,36.333333333333336,0
Yolo,2017,10,20.7,3.9,0,15.14,11.04,11.873333333333331,-0.8660254037844386,0.5000000000000001,30,7.518,20.0,38.0,7.135,29.333333333333332,0
Yolo,2017,11,3.9,13.5,1,20.7,15.14,15.626666666666663,-0.5000000000000004,0.8660254037844384,26,4.869230769230769,30.0,20.0,7.518,25.333333333333332,0
Yolo,2017,12,13.5,9.28,0,3.9,20.7,13.246666666666668,-2.4492935982947064e-16,1.0,10,2.622,26.0,30.0,4.869230769230769,22.0,0
Yolo,2018,1,9.28,5.640000000000001,0,13.5,3.9,12.7,0.4999999999999999,0.8660254037844387,9,6.045555555555556,10.0,26.0,2.622,15.0,0
Yolo,2018,2,5.640000000000001,3.85,0,9.28,13.5,8.893333333333333,0.8660254037844386,0.5000000000000001,30,3.292333333333333,9.0,10.0,6.045555555555556,16.333333333333332,0
Yolo,2018,3,3.85,6.4,0,5.640000000000001,9.28,9.473333333333334,1.0,6.123233995736766e-17,13,3.835384615384615,30.0,9.0,3.292333333333333,17.333333333333332,0
Yolo,2018,4,6.4,6.56,0,3.85,5.640000000000001,6.256666666666667,0.8660254037844387,-0.4999999999999998,15,3.8513333333333337,13.0,30.0,3.835384615384615,19.333333333333332,0
Yolo,2018,5,6.56,8.22,0,6.4,3.85,5.296666666666667,0.4999999999999999,-0.8660254037844387,4,2.9025,15.0,13.0,3.8513333333333337,10.666666666666666,0
Yolo,2018,6,8.22,10.3,0,6.56,6.4,5.603333333333333,1.2246467991473532e-16,-1.0,7,6.942857142857143,4.0,15.0,2.9025,8.666666666666666,1
Yolo,2018,7,10.3,18.64,1,8.22,6.56,7.06,-0.4999999999999998,-0.8660254037844388,1446,19.40765560165975,7.0,4.0,6.942857142857143,485.6666666666667,0
Yolo,2018,8,18.64,8.959999999999999,0,10.3,8.22,8.360000000000001,-0.8660254037844384,-0.5000000000000004,6,5.1883333333333335,1446.0,7.0,19.40765560165975,486.3333333333333,0
Yolo,2018,9,8.959999999999999,8.1,0,18.64,10.3,12.386666666666668,-1.0,-1.8369701987210294e-16,37,9.662432432432432,6.0,1446.0,5.1883333333333335,496.3333333333333,0
Yolo,2018,10,8.1,57.32000000000001,1,8.959999999999999,18.64,12.633333333333333,-0.8660254037844386,0.5000000000000001,42,8.427380952380952,37.0,6.0,9.662432432432432,28.333333333333332,0
Yolo,2018,11,57.32000000000001,9.72,0,8.1,8.959999999999999,11.9,-0.5000000000000004,0.8660254037844384,8,10.6225,42.0,37.0,8.427380952380952,29.0,0
Yolo,2018,12,9.72,15.0,1,57.32000000000001,8.1,24.793333333333337,-2.4492935982947064e-16,1.0,14,4.481428571428571,8.0,42.0,10.6225,21.333333333333332,0
Yolo,2019,1,15.0,2.5,0,9.72,57.32000000000001,25.04666666666667,0.4999999999999999,0.8660254037844387,5,4.686,14.0,8.0,4.481428571428571,9.0,0
Yolo,2019,2,2.5,2.9200000000000004,0,15.0,9.72,27.346666666666668,0.8660254037844386,0.5000000000000001,8,4.78375,5.0,14.0,4.686,9.0,0
Yolo,2019,3,2.9200000000000004,5.16,0,2.5,15.0,9.073333333333332,1.0,6.123233995736766e-17,6,3.581666666666667,8.0,5.0,4.78375,6.333333333333333,0
Yolo,2019,4,5.16,5.04,0,2.9200000000000004,2.5,6.8066666666666675,0.8660254037844387,-0.4999999999999998,31,6.674838709677419,6.0,8.0,3.581666666666667,15.0,0
Yolo,2019,5,5.04,5.9,0,5.16,2.9200000000000004,3.526666666666667,0.4999999999999999,-0.8660254037844387,13,3.5615384615384613,31.0,6.0,6.674838709677419,16.666666666666668,0
Yolo,2019,6,5.9,6.7,0,5.04,5.16,4.373333333333334,1.2246467991473532e-16,-1.0,40,7.29825,13.0,31.0,3.5615384615384613,28.0,0
Yolo,2019,7,6.7,9.16,0,5.9,5.04,5.366666666666667,-0.4999999999999998,-0.8660254037844388,16,7.235,40.0,13.0,7.29825,23.0,0
Yolo,2019,8,9.16,6.24,0,6.7,5.9,5.88,-0.8660254037844384,-0.5000000000000004,5,3.656,16.0,40.0,7.235,20.333333333333332,0
Yolo,2019,9,6.24,9.68,0,9.16,6.7,7.253333333333334,-1.0,-1.8369701987210294e-16,12,6.232499999999999,5.0,16.0,3.656,11.0,0
Yolo,2019,10,9.68,17.975,1,6.24,9.16,7.366666666666667,-0.8660254037844386,0.5000000000000001,19,5.091578947368421,12.0,5.0,6.232499999999999,12.0,1
Yolo,2019,11,17.975,11.3,1,9.68,6.24,8.36,-0.5000000000000004,0.8660254037844384,57,10.151754385964912,19.0,12.0,5.091578947368421,29.333333333333332,0
Yolo,2019,12,11.3,6.166666666666667,0,17.975,9.68,11.298333333333332,-2.4492935982947064e-16,1.0,2,2.77,57.0,19.0,10.151754385964912,26.0,0
Yolo,2020,2,6.166666666666667,4.26,0,11.3,17.975,12.985,0.8660254037844386,0.5000000000000001,71,4.942112676056338,14.0,2.0,4.345714285714286,29.0,0
Yolo,2020,3,4.26,5.05,0,6.166666666666667,11.3,11.813888888888888,1.0,6.123233995736766e-17,37,3.5256756756756755,71.0,14.0,4.942112676056338,40.666666666666664,0
Yolo,2020,4,5.05,6.15,0,4.26,6.166666666666667,7.242222222222221,0.8660254037844387,-0.4999999999999998,24,4.6554166666666665,37.0,71.0,3.5256756756756755,44.0,0
Yolo,2020,5,6.15,5.3,0,5.05,4.26,5.158888888888888,0.4999999999999999,-0.8660254037844387,6,5.838333333333334,24.0,37.0,4.6554166666666665,22.333333333333332,0
Yolo,2020,6,5.3,6.866666666666667,0,6.15,5.05,5.1533333333333315,1.2246467991473532e-16,-1.0,10,10.02,6.0,24.0,5.838333333333334,13.333333333333334,0
Yolo,2020,7,6.866666666666667,36.4,1,5.3,6.15,5.499999999999999,-0.4999999999999998,-0.8660254037844388,33,8.341212121212122,10.0,6.0,10.02,16.333333333333332,1
Yolo,2020,8,36.4,52.125,1,6.866666666666667,5.3,6.105555555555554,-0.8660254037844384,-0.5000000000000004,1683,17.705531788472964,33.0,10.0,8.341212121212122,575.3333333333334,0
Yolo,2020,10,16.759999999999998,15.02,1,52.125,36.4,31.79722222222222,-0.8660254037844386,0.5000000000000001,15,17.86,1683.0,33.0,17.705531788472964,577.0,1
Yolo,2020,11,15.02,10.65,0,16.759999999999998,52.125,35.095,-0.5000000000000004,0.8660254037844384,85,6.341176470588235,15.0,1683.0,17.86,594.3333333333334,0
