county_id,year,month,fire_count,avg_frp,fire_last_1,fire_last_2,frp_last_1,month_sin,month_cos,fire_rolling_3,label_next_month
0,2015,3,11,0.921818181818182,6.0,8.0,0.455,1.0,6.123233995736766e-17,8.333333333333334,0
0,2015,4,12,0.6108333333333333,11.0,6.0,0.921818181818182,0.8660254037844387,-0.4999999999999998,9.666666666666666,0
0,2015,5,10,12.705,12.0,11.0,0.6108333333333333,0.4999999999999999,-0.8660254037844387,11.0,0
0,2015,6,9,0.4455555555555555,10.0,12.0,12.705,1.2246467991473532e-16,-1.0,10.333333333333334,0
0,2015,7,10,15.398,9.0,10.0,0.4455555555555555,-0.4999999999999998,-0.8660254037844388,9.666666666666666,0
0,2015,8,36,2.1683333333333334,10.0,9.0,15.398,-0.8660254037844384,-0.5000000000000004,18.333333333333332,0
0,2015,9,12,0.41,36.0,10.0,2.1683333333333334,-1.0,-1.8369701987210294e-16,19.333333333333332,0
0,2015,10,9,0.5055555555555555,12.0,36.0,0.41,-0.8660254037844386,0.5000000000000001,19.0,0
0,2015,11,7,2.2114285714285713,9.0,12.0,0.5055555555555555,-0.5000000000000004,0.8660254037844384,9.333333333333334,0
0,2015,12,3,0.68,7.0,9.0,2.2114285714285713,-2.4492935982947064e-16,1.0,6.333333333333333,0
0,2016,2,6,0.6016666666666667,3.0,7.0,0.68,0.8660254037844386,0.5000000000000001,5.333333333333333,0
0,2016,3,6,1.3133333333333332,6.0,3.0,0.6016666666666667,1.0,6.123233995736766e-17,5.0,0
0,2016,4,5,0.5740000000000001,6.0,6.0,1.3133333333333332,0.8660254037844387,-0.4999999999999998,5.666666666666667,0
0,2016,5,3,0.52,5.0,6.0,0.5740000000000001,0.4999999999999999,-0.8660254037844387,4.666666666666667,0
0,2016,6,15,1.5306666666666666,3.0,5.0,0.52,1.2246467991473532e-16,-1.0,7.666666666666667,0
0,2016,7,22,5.954090909090908,15.0,3.0,1.5306666666666666,-0.4999999999999998,-0.8660254037844388,13.333333333333334,0
0,2016,8,9,0.5022222222222221,22.0,15.0,5.954090909090908,-0.8660254037844384,-0.5000000000000004,15.333333333333334,0
0,2016,9,14,0.5042857142857143,9.0,22.0,0.5022222222222221,-1.0,-1.8369701987210294e-16,15.0,0
0,2016,10,8,0.6174999999999999,14.0,9.0,0.5042857142857143,-0.8660254037844386,0.5000000000000001,10.333333333333334,0
0,2016,11,5,0.678,8.0,14.0,0.6174999999999999,-0.5000000000000004,0.8660254037844384,9.0,0
0,2016,12,4,0.7125,5.0,8.0,0.678,-2.4492935982947064e-16,1.0,5.666666666666667,0
0,2017,1,2,0.505,4.0,5.0,0.7125,0.4999999999999999,0.8660254037844387,3.6666666666666665,0
0,2017,2,3,0.6233333333333334,2.0,4.0,0.505,0.8660254037844386,0.5000000000000001,3.0,0
0,2017,3,11,0.5181818181818182,3.0,2.0,0.6233333333333334,1.0,6.123233995736766e-17,5.333333333333333,0
0,2017,4,7,1.9,11.0,3.0,0.5181818181818182,0.8660254037844387,-0.4999999999999998,7.0,0
0,2017,5,16,0.40375,7.0,11.0,1.9,0.4999999999999999,-0.8660254037844387,11.333333333333334,0
0,2017,6,15,1.600666666666667,16.0,7.0,0.40375,1.2246467991473532e-16,-1.0,12.666666666666666,0
0,2017,7,35,0.776,15.0,16.0,1.600666666666667,-0.4999999999999998,-0.8660254037844388,22.0,0
0,2017,8,33,7.253636363636364,35.0,15.0,0.776,-0.8660254037844384,-0.5000000000000004,27.666666666666668,0
0,2017,9,21,0.7571428571428571,33.0,35.0,7.253636363636364,-1.0,-1.8369701987210294e-16,29.666666666666668,0
0,2017,10,21,0.5138095238095238,21.0,33.0,0.7571428571428571,-0.8660254037844386,0.5000000000000001,25.0,0
0,2017,11,3,0.3733333333333333,21.0,21.0,0.5138095238095238,-0.5000000000000004,0.8660254037844384,15.0,0
0,2017,12,7,0.7757142857142857,3.0,21.0,0.3733333333333333,-2.4492935982947064e-16,1.0,10.333333333333334,0
0,2018,1,1,0.64,7.0,3.0,0.7757142857142857,0.4999999999999999,0.8660254037844387,3.6666666666666665,0
0,2018,2,12,0.8275,1.0,7.0,0.64,0.8660254037844386,0.5000000000000001,6.666666666666667,0
0,2018,3,14,0.5342857142857144,12.0,1.0,0.8275,1.0,6.123233995736766e-17,9.0,0
0,2018,4,11,0.6354545454545455,14.0,12.0,0.5342857142857144,0.8660254037844387,-0.4999999999999998,12.333333333333334,0
0,2018,5,17,9.26764705882353,11.0,14.0,0.6354545454545455,0.4999999999999999,-0.8660254037844387,14.0,0
0,2018,6,13,0.4123076923076923,17.0,11.0,9.26764705882353,1.2246467991473532e-16,-1.0,13.666666666666666,0
0,2018,7,28,1.9639285714285717,13.0,17.0,0.4123076923076923,-0.4999999999999998,-0.8660254037844388,19.333333333333332,0
0,2018,8,20,0.4445,28.0,13.0,1.9639285714285717,-0.8660254037844384,-0.5000000000000004,20.333333333333332,0
0,2018,9,29,0.8124137931034482,20.0,28.0,0.4445,-1.0,-1.8369701987210294e-16,25.666666666666668,0
0,2018,10,26,0.5123076923076924,29.0,20.0,0.8124137931034482,-0.8660254037844386,0.5000000000000001,25.0,0
0,2018,11,10,0.45,26.0,29.0,0.5123076923076924,-0.5000000000000004,0.8660254037844384,21.666666666666668,0
0,2018,12,3,0.43,10.0,26.0,0.45,-2.4492935982947064e-16,1.0,13.0,0
0,2019,1,7,2.5271428571428567,3.0,10.0,0.43,0.4999999999999999,0.8660254037844387,6.666666666666667,0
0,2019,2,4,0.4775,7.0,3.0,2.5271428571428567,0.8660254037844386,0.5000000000000001,4.666666666666667,0
0,2019,3,6,0.5216666666666666,4.0,7.0,0.4775,1.0,6.123233995736766e-17,5.666666666666667,0
0,2019,4,10,0.641,6.0,4.0,0.5216666666666666,0.8660254037844387,-0.4999999999999998,6.666666666666667,0
0,2019,5,6,0.3816666666666666,10.0,6.0,0.641,0.4999999999999999,-0.8660254037844387,7.333333333333333,0
0,2019,6,17,3.385294117647059,6.0,10.0,0.3816666666666666,1.2246467991473532e-16,-1.0,11.0,0
0,2019,7,20,3.5375,17.0,6.0,3.385294117647059,-0.4999999999999998,-0.8660254037844388,14.333333333333334,0
0,2019,8,19,24.968421052631577,20.0,17.0,3.5375,-0.8660254037844384,-0.5000000000000004,18.666666666666668,0
0,2019,9,21,0.7028571428571428,19.0,20.0,24.968421052631577,-1.0,-1.8369701987210294e-16,20.0,0
0,2019,10,21,1.7014285714285713,21.0,19.0,0.7028571428571428,-0.8660254037844386,0.5000000000000001,20.333333333333332,0
0,2019,11,3,0.4033333333333333,21.0,21.0,1.7014285714285713,-0.5000000000000004,0.8660254037844384,15.0,0
0,2020,1,3,0.6133333333333333,3.0,21.0,0.4033333333333333,0.4999999999999999,0.8660254037844387,9.0,
0,2020,2,5,0.532,3.0,3.0,0.6133333333333333,0.8660254037844386,0.5000000000000001,3.6666666666666665,
0,2020,3,3,0.6966666666666667,5.0,3.0,0.532,1.0,6.123233995736766e-17,3.6666666666666665,
0,2020,4,10,15.771999999999997,3.0,5.0,0.6966666666666667,0.8660254037844387,-0.4999999999999998,6.0,
0,2020,5,8,0.50875,10.0,3.0,15.771999999999997,0.4999999999999999,-0.8660254037844387,7.0,
0,2020,6,11,1.1581818181818182,8.0,10.0,0.50875,1.2246467991473532e-16,-1.0,9.666666666666666,
0,2020,7,19,3.347368421052632,11.0,8.0,1.1581818181818182,-0.4999999999999998,-0.8660254037844388,12.666666666666666,
0,2020,8,981,14.061926605504588,19.0,11.0,3.347368421052632,-0.8660254037844384,-0.5000000000000004,337.0,
0,2020,9,13,16.959230769230768,981.0,19.0,14.061926605504588,-1.0,-1.8369701987210294e-16,337.6666666666667,
0,2020,10,13,0.4769230769230769,13.0,981.0,16.959230769230768,-0.8660254037844386,0.5000000000000001,335.6666666666667,
0,2020,11,12,0.8291666666666666,13.0,13.0,0.4769230769230769,-0.5000000000000004,0.8660254037844384,12.666666666666666,
1,2016,8,62,24.990161290322582,1.0,810.0,3.66,-0.8660254037844384,-0.5000000000000004,291.0,0
1,2016,9,19,5.987894736842105,62.0,1.0,24.990161290322582,-1.0,-1.8369701987210294e-16,27.333333333333332,0
1,2017,3,1,8.7,19.0,62.0,5.987894736842105,1.0,6.123233995736766e-17,27.333333333333332,1
1,2017,8,131,11.090152671755725,1.0,19.0,8.7,-0.8660254037844384,-0.5000000000000004,50.333333333333336,1
1,2017,9,189,9.044497354497356,131.0,1.0,11.090152671755725,-1.0,-1.8369701987210294e-16,107.0,1
1,2018,8,1864,8.509833690987124,189.0,131.0,9.044497354497356,-0.8660254037844384,-0.5000000000000004,728.0,0
1,2018,9,33,2.455757575757576,1864.0,189.0,8.509833690987124,-1.0,-1.8369701987210294e-16,695.3333333333334,0
1,2018,11,2,0.845,33.0,1864.0,2.455757575757576,-0.5000000000000004,0.8660254037844384,633.0,0
1,2019,6,6,4.19,2.0,33.0,0.845,1.2246467991473532e-16,-1.0,13.666666666666666,0
1,2019,7,10,13.732,6.0,2.0,4.19,-0.4999999999999998,-0.8660254037844388,6.0,0
1,2019,8,1,0.55,10.0,6.0,13.732,-0.8660254037844384,-0.5000000000000004,5.666666666666667,0
1,2019,9,9,6.1066666666666665,1.0,10.0,0.55,-1.0,-1.8369701987210294e-16,6.666666666666667,0
1,2020,7,2,1.325,9.0,1.0,6.1066666666666665,-0.4999999999999998,-0.8660254037844388,4.0,
1,2020,8,54,29.405,2.0,9.0,1.325,-0.8660254037844384,-0.5000000000000004,21.666666666666668,
1,2020,9,1283,21.246071706936867,54.0,2.0,29.405,-1.0,-1.8369701987210294e-16,446.3333333333333,
2,2015,4,1,9.1,16.0,7.0,6.408125,0.8660254037844387,-0.4999999999999998,8.0,1
2,2015,9,108,15.861018518518518,1.0,16.0,9.1,-1.0,-1.8369701987210294e-16,41.666666666666664,0
2,2015,10,20,6.0024999999999995,108.0,1.0,15.861018518518518,-0.8660254037844386,0.5000000000000001,43.0,0
2,2015,11,13,8.423076923076923,20.0,108.0,6.0024999999999995,-0.5000000000000004,0.8660254037844384,47.0,0
2,2015,12,3,4.576666666666667,13.0,20.0,8.423076923076923,-2.4492935982947064e-16,1.0,12.0,0
2,2016,2,4,4.0875,3.0,13.0,4.576666666666667,0.8660254037844386,0.5000000000000001,6.666666666666667,0
2,2016,3,1,2.87,4.0,3.0,4.0875,1.0,6.123233995736766e-17,2.6666666666666665,0
2,2016,4,2,3.85,1.0,4.0,2.87,0.8660254037844387,-0.4999999999999998,2.3333333333333335,0
2,2016,7,4,15.31,2.0,1.0,3.85,-0.4999999999999998,-0.8660254037844388,2.3333333333333335,0
2,2016,9,3,26.51,4.0,2.0,15.31,-1.0,-1.8369701987210294e-16,3.0,0
2,2016,10,29,7.589310344827586,3.0,4.0,26.51,-0.8660254037844386,0.5000000000000001,12.0,0
2,2016,11,5,2.496,29.0,3.0,7.589310344827586,-0.5000000000000004,0.8660254037844384,12.333333333333334,0
2,2017,3,8,12.24375,5.0,29.0,2.496,1.0,6.123233995736766e-17,14.0,0
2,2017,4,1,0.3,8.0,5.0,12.24375,0.8660254037844387,-0.4999999999999998,4.666666666666667,0
2,2017,5,16,6.3575,1.0,8.0,0.3,0.4999999999999999,-0.8660254037844387,8.333333333333334,0
2,2017,6,3,15.063333333333333,16.0,1.0,6.3575,1.2246467991473532e-16,-1.0,6.666666666666667,0
2,2017,7,1,6.55,3.0,16.0,15.063333333333333,-0.4999999999999998,-0.8660254037844388,6.666666666666667,0
2,2017,10,1,0.76,1.0,3.0,6.55,-0.8660254037844386,0.5000000000000001,1.6666666666666667,0
2,2017,11,8,4.23625,1.0,1.0,0.76,-0.5000000000000004,0.8660254037844384,3.3333333333333335,0
2,2017,12,1,2.07,8.0,1.0,4.23625,-2.4492935982947064e-16,1.0,3.3333333333333335,0
2,2018,1,4,1.62,1.0,8.0,2.07,0.4999999999999999,0.8660254037844387,4.333333333333333,0
2,2018,2,5,3.526,4.0,1.0,1.62,0.8660254037844386,0.5000000000000001,3.3333333333333335,0
2,2018,3,5,3.582,5.0,4.0,3.526,1.0,6.123233995736766e-17,4.666666666666667,0
2,2018,4,8,17.76875,5.0,5.0,3.582,0.8660254037844387,-0.4999999999999998,6.0,0
2,2018,5,3,7.87,8.0,5.0,17.76875,0.4999999999999999,-0.8660254037844387,5.333333333333333,0
2,2018,6,1,12.46,3.0,8.0,7.87,1.2246467991473532e-16,-1.0,4.0,0
2,2018,7,2,1.29,1.0,3.0,12.46,-0.4999999999999998,-0.8660254037844388,2.0,0
2,2018,11,1,0.87,2.0,1.0,1.29,-0.5000000000000004,0.8660254037844384,1.3333333333333333,0
2,2018,12,8,4.275,1.0,2.0,0.87,-2.4492935982947064e-16,1.0,3.6666666666666665,0
2,2019,1,12,6.324166666666667,8.0,1.0,4.275,0.4999999999999999,0.8660254037844387,7.0,0
2,2019,2,2,6.07,12.0,8.0,6.324166666666667,0.8660254037844386,0.5000000000000001,7.333333333333333,0
2,2019,3,8,5.9375,2.0,12.0,6.07,1.0,6.123233995736766e-17,7.333333333333333,0
2,2019,4,4,7.1,8.0,2.0,5.9375,0.8660254037844387,-0.4999999999999998,4.666666666666667,0
2,2019,5,1,4.29,4.0,8.0,7.1,0.4999999999999999,-0.8660254037844387,4.333333333333333,0
2,2019,7,2,4.0,1.0,4.0,4.29,-0.4999999999999998,-0.8660254037844388,2.3333333333333335,0
2,2019,9,1,1.73,2.0,1.0,4.0,-1.0,-1.8369701987210294e-16,1.3333333333333333,0
2,2019,11,4,9.5975,1.0,2.0,1.73,-0.5000000000000004,0.8660254037844384,2.3333333333333335,0
2,2019,12,8,5.05875,4.0,1.0,9.5975,-2.4492935982947064e-16,1.0,4.333333333333333,0
2,2020,1,4,3.8325,8.0,4.0,5.05875,0.4999999999999999,0.8660254037844387,5.333333333333333,
2,2020,2,10,3.78,4.0,8.0,3.8325,0.8660254037844386,0.5000000000000001,7.333333333333333,
2,2020,4,8,8.668750000000001,10.0,4.0,3.78,0.8660254037844387,-0.4999999999999998,7.333333333333333,
2,2020,9,4,8.235,8.0,10.0,8.668750000000001,-1.0,-1.8369701987210294e-16,7.333333333333333,
2,2020,10,2,13.765,4.0,8.0,8.235,-0.8660254037844386,0.5000000000000001,4.666666666666667,
3,2015,3,42,8.418809523809523,11.0,5.0,5.506363636363637,1.0,6.123233995736766e-17,19.333333333333332,0
3,2015,4,25,9.7668,42.0,11.0,8.418809523809523,0.8660254037844387,-0.4999999999999998,26.0,0
3,2015,5,12,8.104166666666666,25.0,42.0,9.7668,0.4999999999999999,-0.8660254037844387,26.333333333333332,0
3,2015,6,3,15.706666666666669,12.0,25.0,8.104166666666666,1.2246467991473532e-16,-1.0,13.333333333333334,0
3,2015,7,15,26.100666666666665,3.0,12.0,15.706666666666669,-0.4999999999999998,-0.8660254037844388,10.0,0
3,2015,8,11,6.3536363636363635,15.0,3.0,26.100666666666665,-0.8660254037844384,-0.5000000000000004,9.666666666666666,1
3,2015,9,57,45.47,11.0,15.0,6.3536363636363635,-1.0,-1.8369701987210294e-16,27.666666666666668,1
3,2015,10,48,10.131666666666666,57.0,11.0,45.47,-0.8660254037844386,0.5000000000000001,38.666666666666664,0
3,2015,11,27,8.514444444444443,48.0,57.0,10.131666666666666,-0.5000000000000004,0.8660254037844384,44.0,0
3,2015,12,5,3.8,27.0,48.0,8.514444444444443,-2.4492935982947064e-16,1.0,26.666666666666668,0
3,2016,1,2,1.195,5.0,27.0,3.8,0.4999999999999999,0.8660254037844387,11.333333333333334,0
3,2016,2,18,4.978888888888889,2.0,5.0,1.195,0.8660254037844386,0.5000000000000001,8.333333333333334,0
3,2016,3,8,2.4075,18.0,2.0,4.978888888888889,1.0,6.123233995736766e-17,9.333333333333334,0
3,2016,4,44,6.339772727272727,8.0,18.0,2.4075,0.8660254037844387,-0.4999999999999998,23.333333333333332,0
3,2016,5,8,6.48375,44.0,8.0,6.339772727272727,0.4999999999999999,-0.8660254037844387,20.0,0
3,2016,6,6,8.4,8.0,44.0,6.48375,1.2246467991473532e-16,-1.0,19.333333333333332,0
3,2016,7,24,8.84,6.0,8.0,8.4,-0.4999999999999998,-0.8660254037844388,12.666666666666666,0
3,2016,8,22,9.846363636363636,24.0,6.0,8.84,-0.8660254037844384,-0.5000000000000004,17.333333333333332,1
3,2016,9,52,6.533461538461538,22.0,24.0,9.846363636363636,-1.0,-1.8369701987210294e-16,32.666666666666664,0
3,2016,10,15,4.862666666666667,52.0,22.0,6.533461538461538,-0.8660254037844386,0.5000000000000001,29.666666666666668,0
3,2016,11,23,7.6378260869565215,15.0,52.0,4.862666666666667,-0.5000000000000004,0.8660254037844384,30.0,0
3,2016,12,1,2.07,23.0,15.0,7.6378260869565215,-2.4492935982947064e-16,1.0,13.0,0
3,2017,3,3,0.6733333333333333,1.0,23.0,2.07,1.0,6.123233995736766e-17,9.0,0
3,2017,4,10,7.462000000000001,3.0,1.0,0.6733333333333333,0.8660254037844387,-0.4999999999999998,4.666666666666667,0
3,2017,5,23,11.33304347826087,10.0,3.0,7.462000000000001,0.4999999999999999,-0.8660254037844387,12.0,0
3,2017,6,8,4.75,23.0,10.0,11.33304347826087,1.2246467991473532e-16,-1.0,13.666666666666666,1
3,2017,7,234,7.844358974358974,8.0,23.0,4.75,-0.4999999999999998,-0.8660254037844388,88.33333333333333,1
3,2017,8,217,15.583410138248848,234.0,8.0,7.844358974358974,-0.8660254037844384,-0.5000000000000004,153.0,1
3,2017,9,92,8.199021739130433,217.0,234.0,15.583410138248848,-1.0,-1.8369701987210294e-16,181.0,1
3,2017,10,302,9.122582781456954,92.0,217.0,8.199021739130433,-0.8660254037844386,0.5000000000000001,203.66666666666663,0
3,2017,11,22,4.245909090909091,302.0,92.0,9.122582781456954,-0.5000000000000004,0.8660254037844384,138.66666666666666,0
3,2017,12,8,2.3375,22.0,302.0,4.245909090909091,-2.4492935982947064e-16,1.0,110.66666666666669,0
3,2018,1,8,2.58,8.0,22.0,2.3375,0.4999999999999999,0.8660254037844387,12.666666666666666,0
3,2018,2,42,6.417380952380953,8.0,8.0,2.58,0.8660254037844386,0.5000000000000001,19.333333333333332,0
3,2018,3,6,3.5383333333333336,42.0,8.0,6.417380952380953,1.0,6.123233995736766e-17,18.666666666666668,0
3,2018,4,30,6.4863333333333335,6.0,42.0,3.5383333333333336,0.8660254037844387,-0.4999999999999998,26.0,0
3,2018,5,13,7.1084615384615395,30.0,6.0,6.4863333333333335,0.4999999999999999,-0.8660254037844387,16.333333333333332,0
3,2018,6,26,8.152307692307692,13.0,30.0,7.1084615384615395,1.2246467991473532e-16,-1.0,23.0,0
3,2018,7,11,4.732727272727273,26.0,13.0,8.152307692307692,-0.4999999999999998,-0.8660254037844388,16.666666666666668,0
3,2018,8,8,7.78,11.0,26.0,4.732727272727273,-0.8660254037844384,-0.5000000000000004,15.0,0
3,2018,9,38,8.284210526315789,8.0,11.0,7.78,-1.0,-1.8369701987210294e-16,19.0,1
3,2018,10,105,8.164190476190477,38.0,8.0,8.284210526315789,-0.8660254037844386,0.5000000000000001,50.333333333333336,1
3,2018,11,4660,21.715060085836907,105.0,38.0,8.164190476190477,-0.5000000000000004,0.8660254037844384,1601.0,0
3,2018,12,13,5.105384615384616,4660.0,105.0,21.715060085836907,-2.4492935982947064e-16,1.0,1592.6666666666667,0
3,2019,1,14,4.892142857142857,13.0,4660.0,5.105384615384616,0.4999999999999999,0.8660254037844387,1562.3333333333333,0
3,2019,3,12,4.034166666666667,14.0,13.0,4.892142857142857,1.0,6.123233995736766e-17,13.0,0
3,2019,4,20,5.618,12.0,14.0,4.034166666666667,0.8660254037844387,-0.4999999999999998,15.333333333333334,0
3,2019,5,32,5.50625,20.0,12.0,5.618,0.4999999999999999,-0.8660254037844387,21.333333333333332,1
3,2019,6,59,8.212881355932204,32.0,20.0,5.50625,1.2246467991473532e-16,-1.0,37.0,0
3,2019,7,35,7.863714285714286,59.0,32.0,8.212881355932204,-0.4999999999999998,-0.8660254037844388,42.0,0
3,2019,8,12,5.409166666666667,35.0,59.0,7.863714285714286,-0.8660254037844384,-0.5000000000000004,35.333333333333336,1
3,2019,9,56,5.898392857142857,12.0,35.0,5.409166666666667,-1.0,-1.8369701987210294e-16,34.333333333333336,1
3,2019,10,116,11.182586206896552,56.0,12.0,5.898392857142857,-0.8660254037844386,0.5000000000000001,61.333333333333336,1
3,2019,11,75,7.768933333333333,116.0,56.0,11.182586206896552,-0.5000000000000004,0.8660254037844384,82.33333333333333,0
3,2019,12,30,5.206,75.0,116.0,7.768933333333333,-2.4492935982947064e-16,1.0,73.66666666666667,0
3,2020,1,5,2.962,30.0,75.0,5.206,0.4999999999999999,0.8660254037844387,36.666666666666664,
3,2020,2,53,4.994716981132075,5.0,30.0,2.962,0.8660254037844386,0.5000000000000001,29.333333333333332,
3,2020,3,67,7.110298507462686,53.0,5.0,4.994716981132075,1.0,6.123233995736766e-17,41.666666666666664,
3,2020,4,48,3.56875,67.0,53.0,7.110298507462686,0.8660254037844387,-0.4999999999999998,56.0,
3,2020,5,31,5.836451612903226,48.0,67.0,3.56875,0.4999999999999999,-0.8660254037844387,48.666666666666664,
3,2020,6,16,5.950625,31.0,48.0,5.836451612903226,1.2246467991473532e-16,-1.0,31.666666666666668,
3,2020,7,13,15.553076923076922,16.0,31.0,5.950625,-0.4999999999999998,-0.8660254037844388,20.0,
3,2020,8,160,8.5085625,13.0,16.0,15.553076923076922,-0.8660254037844384,-0.5000000000000004,63.0,
3,2020,9,3993,11.22250438266967,160.0,13.0,8.5085625,-1.0,-1.8369701987210294e-16,1388.6666666666667,
3,2020,10,73,7.643013698630138,3993.0,160.0,11.22250438266967,-0.8660254037844386,0.5000000000000001,1408.6666666666667,
3,2020,11,89,7.15629213483146,73.0,3993.0,7.643013698630138,-0.5000000000000004,0.8660254037844384,1385.0,
4,2015,3,4,11.3725,1.0,1.0,3.2,1.0,6.123233995736766e-17,2.0,0
4,2015,4,2,5.275,4.0,1.0,11.3725,0.8660254037844387,-0.4999999999999998,2.3333333333333335,0
4,2015,6,1,2.08,2.0,4.0,5.275,1.2246467991473532e-16,-1.0,2.3333333333333335,0
4,2015,8,1,1.08,1.0,2.0,2.08,-0.8660254037844384,-0.5000000000000004,1.3333333333333333,1
4,2015,9,2692,25.40375557206538,1.0,1.0,1.08,-1.0,-1.8369701987210294e-16,898.0,0
4,2015,11,2,0.8500000000000001,2692.0,1.0,25.40375557206538,-0.5000000000000004,0.8660254037844384,898.3333333333334,0
4,2015,12,1,1.77,2.0,2692.0,0.8500000000000001,-2.4492935982947064e-16,1.0,898.3333333333334,0
4,2016,1,2,12.845,1.0,2.0,1.77,0.4999999999999999,0.8660254037844387,1.6666666666666667,0
4,2016,2,2,3.61,2.0,1.0,12.845,0.8660254037844386,0.5000000000000001,1.6666666666666667,0
4,2016,3,10,4.213,2.0,2.0,3.61,1.0,6.123233995736766e-17,4.666666666666667,0
4,2016,4,6,2.81,10.0,2.0,4.213,0.8660254037844387,-0.4999999999999998,6.0,0
4,2016,5,5,8.443999999999999,6.0,10.0,2.81,0.4999999999999999,-0.8660254037844387,7.0,0
4,2016,7,29,34.19310344827586,5.0,6.0,8.443999999999999,-0.4999999999999998,-0.8660254037844388,13.333333333333334,0
4,2016,8,18,76.54666666666667,29.0,5.0,34.19310344827586,-0.8660254037844384,-0.5000000000000004,17.333333333333332,0
4,2016,11,24,8.030833333333332,18.0,29.0,76.54666666666667,-0.5000000000000004,0.8660254037844384,23.666666666666668,0
4,2016,12,8,3.15125,24.0,18.0,8.030833333333332,-2.4492935982947064e-16,1.0,16.666666666666668,0
4,2017,1,2,1.605,8.0,24.0,3.15125,0.4999999999999999,0.8660254037844387,11.333333333333334,0
4,2017,2,1,2.99,2.0,8.0,1.605,0.8660254037844386,0.5000000000000001,3.6666666666666665,0
4,2017,3,27,9.367407407407407,1.0,2.0,2.99,1.0,6.123233995736766e-17,10.0,0
4,2017,4,12,8.358333333333333,27.0,1.0,9.367407407407407,0.8660254037844387,-0.4999999999999998,13.333333333333334,0
4,2017,5,10,5.542,12.0,27.0,8.358333333333333,0.4999999999999999,-0.8660254037844387,16.333333333333332,0
4,2017,7,12,23.719166666666663,10.0,12.0,5.542,-0.4999999999999998,-0.8660254037844388,11.333333333333334,0
4,2017,8,1,0.84,12.0,10.0,23.719166666666663,-0.8660254037844384,-0.5000000000000004,7.666666666666667,0
4,2017,10,8,34.792500000000004,1.0,12.0,0.84,-0.8660254037844386,0.5000000000000001,7.0,0
4,2017,11,23,1.912608695652174,8.0,1.0,34.792500000000004,-0.5000000000000004,0.8660254037844384,10.666666666666666,0
4,2018,1,30,4.852333333333333,23.0,8.0,1.912608695652174,0.4999999999999999,0.8660254037844387,20.333333333333332,0
4,2018,2,27,3.4385185185185185,30.0,23.0,4.852333333333333,0.8660254037844386,0.5000000000000001,26.666666666666668,0
4,2018,3,2,3.03,27.0,30.0,3.4385185185185185,1.0,6.123233995736766e-17,19.666666666666668,0
4,2018,4,17,3.7423529411764704,2.0,27.0,3.03,0.8660254037844387,-0.4999999999999998,15.333333333333334,0
4,2018,5,7,3.597142857142857,17.0,2.0,3.7423529411764704,0.4999999999999999,-0.8660254037844387,8.666666666666666,0
4,2018,6,34,2.003823529411765,7.0,17.0,3.597142857142857,1.2246467991473532e-16,-1.0,19.333333333333332,0
4,2018,8,1,4.34,34.0,7.0,2.003823529411765,-0.8660254037844384,-0.5000000000000004,14.0,0
4,2018,10,18,7.723888888888889,1.0,34.0,4.34,-0.8660254037844386,0.5000000000000001,17.666666666666668,0
4,2018,11,1,3.22,18.0,1.0,7.723888888888889,-0.5000000000000004,0.8660254037844384,6.666666666666667,0
4,2018,12,23,3.152608695652174,1.0,18.0,3.22,-2.4492935982947064e-16,1.0,14.0,0
4,2019,1,21,6.874761904761905,23.0,1.0,3.152608695652174,0.4999999999999999,0.8660254037844387,15.0,0
4,2019,3,1,1.89,21.0,23.0,6.874761904761905,1.0,6.123233995736766e-17,15.0,0
4,2019,4,13,3.047692307692308,1.0,21.0,1.89,0.8660254037844387,-0.4999999999999998,11.666666666666666,0
4,2019,5,4,3.94,13.0,1.0,3.047692307692308,0.4999999999999999,-0.8660254037844387,6.0,0
4,2019,6,7,4.442857142857143,4.0,13.0,3.94,1.2246467991473532e-16,-1.0,8.0,0
4,2019,9,2,14.490000000000002,7.0,4.0,4.442857142857143,-1.0,-1.8369701987210294e-16,4.333333333333333,0
4,2019,10,3,3.3866666666666667,2.0,7.0,14.490000000000002,-0.8660254037844386,0.5000000000000001,4.0,0
4,2019,11,21,29.18047619047619,3.0,2.0,3.3866666666666667,-0.5000000000000004,0.8660254037844384,8.666666666666666,0
4,2019,12,11,3.411818181818182,21.0,3.0,29.18047619047619,-2.4492935982947064e-16,1.0,11.666666666666666,0
4,2020,1,14,6.688571428571429,11.0,21.0,3.411818181818182,0.4999999999999999,0.8660254037844387,15.333333333333334,
4,2020,2,29,4.077241379310345,14.0,11.0,6.688571428571429,0.8660254037844386,0.5000000000000001,18.0,
4,2020,3,11,5.0636363636363635,29.0,14.0,4.077241379310345,1.0,6.123233995736766e-17,18.0,
4,2020,4,19,5.977368421052631,11.0,29.0,5.0636363636363635,0.8660254037844387,-0.4999999999999998,19.666666666666668,
4,2020,5,7,4.908571428571428,19.0,11.0,5.977368421052631,0.4999999999999999,-0.8660254037844387,12.333333333333334,
4,2020,6,65,5.525384615384616,7.0,19.0,4.908571428571428,1.2246467991473532e-16,-1.0,30.333333333333332,
4,2020,7,5,9.066,65.0,7.0,5.525384615384616,-0.4999999999999998,-0.8660254037844388,25.666666666666668,
4,2020,8,41,1.5743902439024389,5.0,65.0,9.066,-0.8660254037844384,-0.5000000000000004,37.0,
4,2020,10,2,11.25,41.0,5.0,1.5743902439024389,-0.8660254037844386,0.5000000000000001,16.0,
4,2020,11,5,2.604,2.0,41.0,11.25,-0.5000000000000004,0.8660254037844384,16.0,
5,2015,3,111,8.396396396396396,26.0,21.0,14.55,1.0,6.123233995736766e-17,52.666666666666664,0
5,2015,4,22,4.513636363636364,111.0,26.0,8.396396396396396,0.8660254037844387,-0.4999999999999998,53.0,0
5,2015,5,17,18.57764705882353,22.0,111.0,4.513636363636364,0.4999999999999999,-0.8660254037844387,50.0,0
5,2015,6,10,6.392,17.0,22.0,18.57764705882353,1.2246467991473532e-16,-1.0,16.333333333333332,0
5,2015,7,3,1.9933333333333336,10.0,17.0,6.392,-0.4999999999999998,-0.8660254037844388,10.0,1
5,2015,8,288,8.643194444444445,3.0,10.0,1.9933333333333336,-0.8660254037844384,-0.5000000000000004,100.33333333333331,0
5,2015,9,23,11.216956521739132,288.0,3.0,8.643194444444445,-1.0,-1.8369701987210294e-16,104.66666666666669,1
5,2015,10,190,16.45684210526316,23.0,288.0,11.216956521739132,-0.8660254037844386,0.5000000000000001,167.0,1
5,2015,11,54,14.001481481481482,190.0,23.0,16.45684210526316,-0.5000000000000004,0.8660254037844384,89.0,0
5,2015,12,7,9.047142857142855,54.0,190.0,14.001481481481482,-2.4492935982947064e-16,1.0,83.66666666666667,0
5,2016,1,1,3.91,7.0,54.0,9.047142857142855,0.4999999999999999,0.8660254037844387,20.666666666666668,0
5,2016,2,45,9.450888888888889,1.0,7.0,3.91,0.8660254037844386,0.5000000000000001,17.666666666666668,0
5,2016,3,14,10.057857142857143,45.0,1.0,9.450888888888889,1.0,6.123233995736766e-17,20.0,0
5,2016,4,36,5.780555555555555,14.0,45.0,10.057857142857143,0.8660254037844387,-0.4999999999999998,31.666666666666668,0
5,2016,5,8,8.67375,36.0,14.0,5.780555555555555,0.4999999999999999,-0.8660254037844387,19.333333333333332,0
5,2016,6,11,10.753636363636362,8.0,36.0,8.67375,1.2246467991473532e-16,-1.0,18.333333333333332,1
5,2016,7,49,11.592653061224487,11.0,8.0,10.753636363636362,-0.4999999999999998,-0.8660254037844388,22.666666666666668,0
5,2016,8,24,25.977500000000003,49.0,11.0,11.592653061224487,-0.8660254037844384,-0.5000000000000004,28.0,0
5,2016,9,40,8.722249999999999,24.0,49.0,25.977500000000003,-1.0,-1.8369701987210294e-16,37.666666666666664,1
5,2016,10,86,13.96674418604651,40.0,24.0,8.722249999999999,-0.8660254037844386,0.5000000000000001,50.0,1
5,2016,11,84,8.87202380952381,86.0,40.0,13.96674418604651,-0.5000000000000004,0.8660254037844384,70.0,0
5,2017,1,2,1.985,84.0,86.0,8.87202380952381,0.4999999999999999,0.8660254037844387,57.333333333333336,0
5,2017,2,1,2.75,2.0,84.0,1.985,0.8660254037844386,0.5000000000000001,29.0,0
5,2017,3,20,3.31,1.0,2.0,2.75,1.0,6.123233995736766e-17,7.666666666666667,1
5,2017,4,69,5.9571014492753624,20.0,1.0,3.31,0.8660254037844387,-0.4999999999999998,30.0,0
5,2017,5,30,6.137333333333333,69.0,20.0,5.9571014492753624,0.4999999999999999,-0.8660254037844387,39.666666666666664,0
5,2017,6,42,5.662619047619048,30.0,69.0,6.137333333333333,1.2246467991473532e-16,-1.0,47.0,0
5,2017,7,28,11.112142857142857,42.0,30.0,5.662619047619048,-0.4999999999999998,-0.8660254037844388,33.333333333333336,0
5,2017,8,11,10.875454545454543,28.0,42.0,11.112142857142857,-0.8660254037844384,-0.5000000000000004,27.0,0
5,2017,9,29,5.330689655172414,11.0,28.0,10.875454545454543,-1.0,-1.8369701987210294e-16,22.666666666666668,1
5,2017,10,191,11.472094240837697,29.0,11.0,5.330689655172414,-0.8660254037844386,0.5000000000000001,77.0,1
5,2017,11,48,13.32875,191.0,29.0,11.472094240837697,-0.5000000000000004,0.8660254037844384,89.33333333333333,1
5,2017,12,70,12.971714285714285,48.0,191.0,13.32875,-2.4492935982947064e-16,1.0,103.0,0
5,2018,1,6,3.0583333333333336,70.0,48.0,12.971714285714285,0.4999999999999999,0.8660254037844387,41.333333333333336,1
5,2018,2,88,7.105,6.0,70.0,3.0583333333333336,0.8660254037844386,0.5000000000000001,54.666666666666664,1
5,2018,3,50,5.5162,88.0,6.0,7.105,1.0,6.123233995736766e-17,48.0,0
5,2018,4,25,6.5152,50.0,88.0,5.5162,0.8660254037844387,-0.4999999999999998,54.333333333333336,0
5,2018,5,27,9.322962962962963,25.0,50.0,6.5152,0.4999999999999999,-0.8660254037844387,34.0,0
5,2018,6,20,17.0855,27.0,25.0,9.322962962962963,1.2246467991473532e-16,-1.0,24.0,0
5,2018,7,26,7.388846153846154,20.0,27.0,17.0855,-0.4999999999999998,-0.8660254037844388,24.333333333333332,1
5,2018,8,2566,22.09263834762276,26.0,20.0,7.388846153846154,-0.8660254037844384,-0.5000000000000004,870.6666666666666,0
5,2018,9,29,12.806206896551725,2566.0,26.0,22.09263834762276,-1.0,-1.8369701987210294e-16,873.6666666666666,1
5,2018,10,126,14.77031746031746,29.0,2566.0,12.806206896551725,-0.8660254037844386,0.5000000000000001,907.0,0
5,2018,11,34,5.373235294117647,126.0,29.0,14.77031746031746,-0.5000000000000004,0.8660254037844384,63.0,0
5,2018,12,21,17.583333333333332,34.0,126.0,5.373235294117647,-2.4492935982947064e-16,1.0,60.333333333333336,0
5,2019,1,6,4.048333333333333,21.0,34.0,17.583333333333332,0.4999999999999999,0.8660254037844387,20.333333333333332,0
5,2019,2,11,4.658181818181818,6.0,21.0,4.048333333333333,0.8660254037844386,0.5000000000000001,12.666666666666666,0
5,2019,3,13,5.718461538461539,11.0,6.0,4.658181818181818,1.0,6.123233995736766e-17,10.0,1
5,2019,4,48,8.233958333333334,13.0,11.0,5.718461538461539,0.8660254037844387,-0.4999999999999998,24.0,0
5,2019,5,18,8.315,48.0,13.0,8.233958333333334,0.4999999999999999,-0.8660254037844387,26.333333333333332,0
5,2019,6,26,9.08423076923077,18.0,48.0,8.315,1.2246467991473532e-16,-1.0,30.666666666666668,0
5,2019,7,22,13.503181818181815,26.0,18.0,9.08423076923077,-0.4999999999999998,-0.8660254037844388,22.0,0
5,2019,8,5,4.351999999999999,22.0,26.0,13.503181818181815,-0.8660254037844384,-0.5000000000000004,17.666666666666668,0
5,2019,9,15,17.505999999999997,5.0,22.0,4.351999999999999,-1.0,-1.8369701987210294e-16,14.0,1
5,2019,10,120,12.622416666666668,15.0,5.0,17.505999999999997,-0.8660254037844386,0.5000000000000001,46.666666666666664,1
5,2019,11,151,13.750993377483445,120.0,15.0,12.622416666666668,-0.5000000000000004,0.8660254037844384,95.33333333333331,0
5,2019,12,3,2.2466666666666666,151.0,120.0,13.750993377483445,-2.4492935982947064e-16,1.0,91.33333333333331,0
5,2020,1,15,4.554666666666666,3.0,151.0,2.2466666666666666,0.4999999999999999,0.8660254037844387,56.333333333333336,
5,2020,2,110,11.026545454545456,15.0,3.0,4.554666666666666,0.8660254037844386,0.5000000000000001,42.666666666666664,
5,2020,3,47,6.990851063829787,110.0,15.0,11.026545454545456,1.0,6.123233995736766e-17,57.333333333333336,
5,2020,4,38,6.793157894736842,47.0,110.0,6.990851063829787,0.8660254037844387,-0.4999999999999998,65.0,
5,2020,5,3,5.576666666666667,38.0,47.0,6.793157894736842,0.4999999999999999,-0.8660254037844387,29.333333333333332,
5,2020,6,16,10.009375,3.0,38.0,5.576666666666667,1.2246467991473532e-16,-1.0,19.0,
5,2020,7,21,8.375238095238094,16.0,3.0,10.009375,-0.4999999999999998,-0.8660254037844388,13.333333333333334,
5,2020,8,48,8.893541666666666,21.0,16.0,8.375238095238094,-0.8660254037844384,-0.5000000000000004,28.333333333333332,
5,2020,10,75,8.544266666666667,48.0,21.0,8.893541666666666,-0.8660254037844386,0.5000000000000001,48.0,
5,2020,11,225,11.837155555555556,75.0,48.0,8.544266666666667,-0.5000000000000004,0.8660254037844384,116.0,
6,2015,3,108,1.4321296296296295,73.0,53.0,1.0258904109589042,1.0,6.123233995736766e-17,78.0,1
6,2015,4,135,1.1663703703703705,108.0,73.0,1.4321296296296295,0.8660254037844387,-0.4999999999999998,105.33333333333331,1
6,2015,5,89,1.0168539325842696,135.0,108.0,1.1663703703703705,0.4999999999999999,-0.8660254037844387,110.66666666666669,1
6,2015,6,100,1.1309,89.0,135.0,1.0168539325842696,1.2246467991473532e-16,-1.0,108.0,1
6,2015,7,100,1.5151,100.0,89.0,1.1309,-0.4999999999999998,-0.8660254037844388,96.33333333333331,1
6,2015,8,66,1.1922727272727272,100.0,100.0,1.5151,-0.8660254037844384,-0.5000000000000004,88.66666666666667,1
6,2015,9,70,1.744,66.0,100.0,1.1922727272727272,-1.0,-1.8369701987210294e-16,78.66666666666667,1
6,2015,10,91,1.298131868131868,70.0,66.0,1.744,-0.8660254037844386,0.5000000000000001,75.66666666666667,1
6,2015,11,97,1.2740206185567011,91.0,70.0,1.298131868131868,-0.5000000000000004,0.8660254037844384,86.0,1
6,2015,12,48,1.0135416666666666,97.0,91.0,1.2740206185567011,-2.4492935982947064e-16,1.0,78.66666666666667,0
6,2016,1,7,1.14,48.0,97.0,1.0135416666666666,0.4999999999999999,0.8660254037844387,50.666666666666664,1
6,2016,2,80,1.205125,7.0,48.0,1.14,0.8660254037844386,0.5000000000000001,45.0,1
6,2016,3,75,1.0822666666666667,80.0,7.0,1.205125,1.0,6.123233995736766e-17,54.0,1
6,2016,4,103,1.036893203883495,75.0,80.0,1.0822666666666667,0.8660254037844387,-0.4999999999999998,86.0,1
6,2016,5,85,1.1188235294117646,103.0,75.0,1.036893203883495,0.4999999999999999,-0.8660254037844387,87.66666666666667,1
6,2016,6,114,1.461842105263158,85.0,103.0,1.1188235294117646,1.2246467991473532e-16,-1.0,100.66666666666669,1
6,2016,7,105,1.0864761904761904,114.0,85.0,1.461842105263158,-0.4999999999999998,-0.8660254037844388,101.33333333333331,1
6,2016,8,86,0.9967441860465116,105.0,114.0,1.0864761904761904,-0.8660254037844384,-0.5000000000000004,101.66666666666669,1
6,2016,9,146,1.1915753424657534,86.0,105.0,0.9967441860465116,-1.0,-1.8369701987210294e-16,112.33333333333331,1
6,2016,10,114,1.0428070175438595,146.0,86.0,1.1915753424657534,-0.8660254037844386,0.5000000000000001,115.33333333333331,1
6,2016,11,83,0.9433734939759036,114.0,146.0,1.0428070175438595,-0.5000000000000004,0.8660254037844384,114.33333333333331,0
6,2016,12,42,1.000952380952381,83.0,114.0,0.9433734939759036,-2.4492935982947064e-16,1.0,79.66666666666667,0
6,2017,1,27,1.0096296296296297,42.0,83.0,1.000952380952381,0.4999999999999999,0.8660254037844387,50.666666666666664,0
6,2017,2,39,0.913846153846154,27.0,42.0,1.0096296296296297,0.8660254037844386,0.5000000000000001,36.0,1
6,2017,3,98,1.0366326530612244,39.0,27.0,0.913846153846154,1.0,6.123233995736766e-17,54.666666666666664,1
6,2017,4,91,1.04989010989011,98.0,39.0,1.0366326530612244,0.8660254037844387,-0.4999999999999998,76.0,1
6,2017,5,90,0.9975555555555556,91.0,98.0,1.04989010989011,0.4999999999999999,-0.8660254037844387,93.0,1
6,2017,6,113,1.3236283185840707,90.0,91.0,0.9975555555555556,1.2246467991473532e-16,-1.0,98.0,1
6,2017,7,114,1.7309649122807018,113.0,90.0,1.3236283185840707,-0.4999999999999998,-0.8660254037844388,105.66666666666669,1
6,2017,8,96,2.1236458333333332,114.0,113.0,1.7309649122807018,-0.8660254037844384,-0.5000000000000004,107.66666666666669,1
6,2017,9,111,1.162162162162162,96.0,114.0,2.1236458333333332,-1.0,-1.8369701987210294e-16,107.0,1
6,2017,10,154,1.4964285714285714,111.0,96.0,1.162162162162162,-0.8660254037844386,0.5000000000000001,120.33333333333331,1
6,2017,11,52,1.1238461538461535,154.0,111.0,1.4964285714285714,-0.5000000000000004,0.8660254037844384,105.66666666666669,1
6,2017,12,91,1.160879120879121,52.0,154.0,1.1238461538461535,-2.4492935982947064e-16,1.0,99.0,0
6,2018,1,40,1.139,91.0,52.0,1.160879120879121,0.4999999999999999,0.8660254037844387,61.0,1
6,2018,2,123,1.4064227642276423,40.0,91.0,1.139,0.8660254037844386,0.5000000000000001,84.66666666666667,1
6,2018,3,73,0.9628767123287671,123.0,40.0,1.4064227642276423,1.0,6.123233995736766e-17,78.66666666666667,1
6,2018,4,99,1.0413131313131314,73.0,123.0,0.9628767123287671,0.8660254037844387,-0.4999999999999998,98.33333333333331,1
6,2018,5,90,2.3225555555555557,99.0,73.0,1.0413131313131314,0.4999999999999999,-0.8660254037844387,87.33333333333333,1
6,2018,6,103,1.4846601941747577,90.0,99.0,2.3225555555555557,1.2246467991473532e-16,-1.0,97.33333333333331,1
6,2018,7,141,2.5568085106382976,103.0,90.0,1.4846601941747577,-0.4999999999999998,-0.8660254037844388,111.33333333333331,1
6,2018,8,123,2.3540650406504064,141.0,103.0,2.5568085106382976,-0.8660254037844384,-0.5000000000000004,122.33333333333331,1
6,2018,9,106,1.319056603773585,123.0,141.0,2.3540650406504064,-1.0,-1.8369701987210294e-16,123.33333333333331,1
6,2018,10,103,0.9820388349514564,106.0,123.0,1.319056603773585,-0.8660254037844386,0.5000000000000001,110.66666666666669,1
6,2018,11,104,1.007596153846154,103.0,106.0,0.9820388349514564,-0.5000000000000004,0.8660254037844384,104.33333333333331,1
6,2018,12,47,1.1795744680851064,104.0,103.0,1.007596153846154,-2.4492935982947064e-16,1.0,84.66666666666667,0
6,2019,1,38,1.170263157894737,47.0,104.0,1.1795744680851064,0.4999999999999999,0.8660254037844387,63.0,0
6,2019,2,17,0.8311764705882352,38.0,47.0,1.170263157894737,0.8660254037844386,0.5000000000000001,34.0,1
6,2019,3,76,1.075657894736842,17.0,38.0,0.8311764705882352,1.0,6.123233995736766e-17,43.666666666666664,1
6,2019,4,88,1.0721590909090908,76.0,17.0,1.075657894736842,0.8660254037844387,-0.4999999999999998,60.333333333333336,1
6,2019,5,59,1.0535593220338983,88.0,76.0,1.0721590909090908,0.4999999999999999,-0.8660254037844387,74.33333333333333,1
6,2019,6,78,3.55525641025641,59.0,88.0,1.0535593220338983,1.2246467991473532e-16,-1.0,75.0,1
6,2019,7,95,0.9802105263157896,78.0,59.0,3.55525641025641,-0.4999999999999998,-0.8660254037844388,77.33333333333333,1
6,2019,8,82,1.737560975609756,95.0,78.0,0.9802105263157896,-0.8660254037844384,-0.5000000000000004,85.0,1
6,2019,9,113,1.7038938053097343,82.0,95.0,1.737560975609756,-1.0,-1.8369701987210294e-16,96.66666666666669,1
6,2019,10,193,2.3537305699481865,113.0,82.0,1.7038938053097343,-0.8660254037844386,0.5000000000000001,129.33333333333334,1
6,2019,11,124,1.5763709677419355,193.0,113.0,2.3537305699481865,-0.5000000000000004,0.8660254037844384,143.33333333333334,0
6,2019,12,30,1.0533333333333337,124.0,193.0,1.5763709677419355,-2.4492935982947064e-16,1.0,115.66666666666669,0
6,2020,1,44,1.0884090909090909,30.0,124.0,1.0533333333333337,0.4999999999999999,0.8660254037844387,66.0,
6,2020,2,86,1.2987209302325582,44.0,30.0,1.0884090909090909,0.8660254037844386,0.5000000000000001,53.333333333333336,
6,2020,3,98,1.1820408163265306,86.0,44.0,1.2987209302325582,1.0,6.123233995736766e-17,76.0,
6,2020,4,106,1.11,98.0,86.0,1.1820408163265306,0.8660254037844387,-0.4999999999999998,96.66666666666669,
6,2020,5,84,1.0083333333333333,106.0,98.0,1.11,0.4999999999999999,-0.8660254037844387,96.0,
6,2020,6,98,1.105408163265306,84.0,106.0,1.0083333333333333,1.2246467991473532e-16,-1.0,96.0,
6,2020,7,97,10.90556701030928,98.0,84.0,1.105408163265306,-0.4999999999999998,-0.8660254037844388,93.0,
6,2020,8,196,9.284132653061224,97.0,98.0,10.90556701030928,-0.8660254037844384,-0.5000000000000004,130.33333333333334,
6,2020,9,81,1.689506172839506,196.0,97.0,9.284132653061224,-1.0,-1.8369701987210294e-16,124.66666666666669,
6,2020,10,86,0.9501162790697674,81.0,196.0,1.689506172839506,-0.8660254037844386,0.5000000000000001,121.0,
6,2020,11,60,1.2568333333333332,86.0,81.0,0.9501162790697674,-0.5000000000000004,0.8660254037844384,75.66666666666667,
7,2015,6,3,5.78,1.0,2.0,3.72,1.2246467991473532e-16,-1.0,2.0,1
7,2015,8,2366,7.271817413355874,3.0,1.0,5.78,-0.8660254037844384,-0.5000000000000004,790.0,1
7,2015,9,100,6.430599999999999,2366.0,3.0,7.271817413355874,-1.0,-1.8369701987210294e-16,823.0,0
7,2015,10,20,1.7285,100.0,2366.0,6.430599999999999,-0.8660254037844386,0.5000000000000001,828.6666666666666,0
7,2015,11,7,7.002857142857143,20.0,100.0,1.7285,-0.5000000000000004,0.8660254037844384,42.333333333333336,0
7,2015,12,1,1.89,7.0,20.0,7.002857142857143,-2.4492935982947064e-16,1.0,9.333333333333334,0
7,2016,9,4,6.085,1.0,7.0,1.89,-1.0,-1.8369701987210294e-16,4.0,0
7,2016,11,2,1.05,4.0,1.0,6.085,-0.5000000000000004,0.8660254037844384,2.3333333333333335,0
7,2017,7,7,2.3242857142857143,2.0,4.0,1.05,-0.4999999999999998,-0.8660254037844388,4.333333333333333,1
7,2017,8,649,7.970554699537751,7.0,2.0,2.3242857142857143,-0.8660254037844384,-0.5000000000000004,219.33333333333337,1
7,2017,9,879,9.646450511945392,649.0,7.0,7.970554699537751,-1.0,-1.8369701987210294e-16,511.6666666666667,0
7,2017,10,28,2.626785714285714,879.0,649.0,9.646450511945392,-0.8660254037844386,0.5000000000000001,518.6666666666666,0
7,2017,12,1,0.59,28.0,879.0,2.626785714285714,-2.4492935982947064e-16,1.0,302.6666666666667,1
7,2018,7,352,4.944375,1.0,28.0,0.59,-0.4999999999999998,-0.8660254037844388,127.0,1
7,2018,8,86,4.151046511627907,352.0,1.0,4.944375,-0.8660254037844384,-0.5000000000000004,146.33333333333334,0
7,2018,9,22,8.956363636363637,86.0,352.0,4.151046511627907,-1.0,-1.8369701987210294e-16,153.33333333333334,0
7,2018,10,2,5.8149999999999995,22.0,86.0,8.956363636363637,-0.8660254037844386,0.5000000000000001,36.666666666666664,0
7,2018,11,3,4.43,2.0,22.0,5.8149999999999995,-0.5000000000000004,0.8660254037844384,9.0,0
7,2019,10,1,4.12,3.0,2.0,4.43,-0.8660254037844386,0.5000000000000001,2.0,1
7,2020,9,1696,14.224451650943395,1.0,3.0,4.12,-1.0,-1.8369701987210294e-16,566.6666666666666,
7,2020,10,36,6.46,1696.0,1.0,14.224451650943395,-0.8660254037844386,0.5000000000000001,577.6666666666666,
8,2015,3,38,5.55,49.0,12.0,13.532448979591836,1.0,6.123233995736766e-17,33.0,0
8,2015,4,10,7.922,38.0,49.0,5.55,0.8660254037844387,-0.4999999999999998,32.333333333333336,0
8,2015,6,1,6.85,10.0,38.0,7.922,1.2246467991473532e-16,-1.0,16.333333333333332,0
8,2015,7,9,14.986666666666666,1.0,10.0,6.85,-0.4999999999999998,-0.8660254037844388,6.666666666666667,0
8,2015,8,2,7.96,9.0,1.0,14.986666666666666,-0.8660254037844384,-0.5000000000000004,4.0,1
8,2015,10,61,10.358196721311476,2.0,9.0,7.96,-0.8660254037844386,0.5000000000000001,24.0,1
8,2015,11,276,13.081847826086957,61.0,2.0,10.358196721311476,-0.5000000000000004,0.8660254037844384,113.0,1
8,2015,12,54,7.919629629629629,276.0,61.0,13.081847826086957,-2.4492935982947064e-16,1.0,130.33333333333334,0
8,2016,1,2,3.62,54.0,276.0,7.919629629629629,0.4999999999999999,0.8660254037844387,110.66666666666669,0
8,2016,2,12,10.880833333333332,2.0,54.0,3.62,0.8660254037844386,0.5000000000000001,22.666666666666668,0
8,2016,3,3,5.223333333333334,12.0,2.0,10.880833333333332,1.0,6.123233995736766e-17,5.666666666666667,0
8,2016,4,39,12.300769230769232,3.0,12.0,5.223333333333334,0.8660254037844387,-0.4999999999999998,18.0,0
8,2016,5,3,1.1666666666666667,39.0,3.0,12.300769230769232,0.4999999999999999,-0.8660254037844387,15.0,1
8,2016,6,66,21.795151515151517,3.0,39.0,1.1666666666666667,1.2246467991473532e-16,-1.0,36.0,1
8,2016,7,245,26.057061224489793,66.0,3.0,21.795151515151517,-0.4999999999999998,-0.8660254037844388,104.66666666666669,0
8,2016,8,3,1.2466666666666668,245.0,66.0,26.057061224489793,-0.8660254037844384,-0.5000000000000004,104.66666666666669,0
8,2016,9,4,3.9475,3.0,245.0,1.2466666666666668,-1.0,-1.8369701987210294e-16,84.0,1
8,2016,10,136,14.607426470588235,4.0,3.0,3.9475,-0.8660254037844386,0.5000000000000001,47.666666666666664,1
8,2016,11,48,13.1975,136.0,4.0,14.607426470588235,-0.5000000000000004,0.8660254037844384,62.666666666666664,0
8,2016,12,29,6.873448275862068,48.0,136.0,13.1975,-2.4492935982947064e-16,1.0,71.0,0
8,2017,3,3,4.010000000000001,29.0,48.0,6.873448275862068,1.0,6.123233995736766e-17,26.666666666666668,0
8,2017,4,2,1.305,3.0,29.0,4.010000000000001,0.8660254037844387,-0.4999999999999998,11.333333333333334,0
8,2017,5,37,18.702972972972972,2.0,3.0,1.305,0.4999999999999999,-0.8660254037844387,14.0,0
8,2017,6,7,7.7,37.0,2.0,18.702972972972972,1.2246467991473532e-16,-1.0,15.333333333333334,0
8,2017,7,6,39.51833333333333,7.0,37.0,7.7,-0.4999999999999998,-0.8660254037844388,16.666666666666668,0
8,2017,8,5,4.724,6.0,7.0,39.51833333333333,-0.8660254037844384,-0.5000000000000004,6.0,1
8,2017,10,80,15.872625,5.0,6.0,4.724,-0.8660254037844386,0.5000000000000001,30.333333333333332,1
8,2017,11,113,7.352212389380532,80.0,5.0,15.872625,-0.5000000000000004,0.8660254037844384,66.0,1
8,2017,12,109,13.477981651376146,113.0,80.0,7.352212389380532,-2.4492935982947064e-16,1.0,100.66666666666669,0
8,2018,1,36,4.585833333333333,109.0,113.0,13.477981651376146,0.4999999999999999,0.8660254037844387,86.0,0
8,2018,2,40,9.60675,36.0,109.0,4.585833333333333,0.8660254037844386,0.5000000000000001,61.666666666666664,0
8,2018,3,5,1.862,40.0,36.0,9.60675,1.0,6.123233995736766e-17,27.0,0
8,2018,4,8,6.9,5.0,40.0,1.862,0.8660254037844387,-0.4999999999999998,17.666666666666668,0
8,2018,5,4,3.24,8.0,5.0,6.9,0.4999999999999999,-0.8660254037844387,5.666666666666667,0
8,2018,6,24,5.184583333333333,4.0,8.0,3.24,1.2246467991473532e-16,-1.0,12.0,0
8,2018,7,2,3.84,24.0,4.0,5.184583333333333,-0.4999999999999998,-0.8660254037844388,10.0,0
8,2018,9,12,8.578333333333333,2.0,24.0,3.84,-1.0,-1.8369701987210294e-16,12.666666666666666,0
8,2018,10,21,6.979047619047619,12.0,2.0,8.578333333333333,-0.8660254037844386,0.5000000000000001,11.666666666666666,0
8,2018,11,13,19.799999999999997,21.0,12.0,6.979047619047619,-0.5000000000000004,0.8660254037844384,15.333333333333334,1
8,2018,12,107,3.2695327102803735,13.0,21.0,19.799999999999997,-2.4492935982947064e-16,1.0,47.0,0
8,2019,1,38,5.897368421052631,107.0,13.0,3.2695327102803735,0.4999999999999999,0.8660254037844387,52.666666666666664,0
8,2019,2,1,1.29,38.0,107.0,5.897368421052631,0.8660254037844386,0.5000000000000001,48.666666666666664,0
8,2019,3,15,3.3333333333333335,1.0,38.0,1.29,1.0,6.123233995736766e-17,18.0,0
8,2019,4,16,5.880625,15.0,1.0,3.3333333333333335,0.8660254037844387,-0.4999999999999998,10.666666666666666,0
8,2019,5,11,7.807272727272727,16.0,15.0,5.880625,0.4999999999999999,-0.8660254037844387,14.0,0
8,2019,6,6,13.635,11.0,16.0,7.807272727272727,1.2246467991473532e-16,-1.0,11.0,0
8,2019,7,8,4.44125,6.0,11.0,13.635,-0.4999999999999998,-0.8660254037844388,8.333333333333334,0
8,2019,8,3,10.546666666666669,8.0,6.0,4.44125,-0.8660254037844384,-0.5000000000000004,5.666666666666667,0
8,2019,9,13,24.694615384615386,3.0,8.0,10.546666666666669,-1.0,-1.8369701987210294e-16,8.0,1
8,2019,10,425,12.3744,13.0,3.0,24.694615384615386,-0.8660254037844386,0.5000000000000001,147.0,0
8,2019,11,1,2.9,425.0,13.0,12.3744,-0.5000000000000004,0.8660254037844384,146.33333333333334,1
8,2019,12,59,4.671525423728814,1.0,425.0,2.9,-2.4492935982947064e-16,1.0,161.66666666666666,0
8,2020,1,30,10.198666666666666,59.0,1.0,4.671525423728814,0.4999999999999999,0.8660254037844387,30.0,
8,2020,2,89,13.17550561797753,30.0,59.0,10.198666666666666,0.8660254037844386,0.5000000000000001,59.333333333333336,
8,2020,3,44,13.158636363636363,89.0,30.0,13.17550561797753,1.0,6.123233995736766e-17,54.333333333333336,
8,2020,4,1,2.24,44.0,89.0,13.158636363636363,0.8660254037844387,-0.4999999999999998,44.666666666666664,
8,2020,5,3,3.773333333333333,1.0,44.0,2.24,0.4999999999999999,-0.8660254037844387,16.0,
8,2020,6,1,6.43,3.0,1.0,3.773333333333333,1.2246467991473532e-16,-1.0,1.6666666666666667,
8,2020,7,6,8.21,1.0,3.0,6.43,-0.4999999999999998,-0.8660254037844388,3.3333333333333335,
8,2020,8,4,1.99,6.0,1.0,8.21,-0.8660254037844384,-0.5000000000000004,3.6666666666666665,
8,2020,9,159,16.71805031446541,4.0,6.0,1.99,-1.0,-1.8369701987210294e-16,56.333333333333336,
8,2020,10,8,1.9675,159.0,4.0,16.71805031446541,-0.8660254037844386,0.5000000000000001,57.0,
8,2020,11,6,3.5866666666666664,8.0,159.0,1.9675,-0.5000000000000004,0.8660254037844384,57.666666666666664,
9,2015,3,71,11.46338028169014,87.0,8.0,7.652298850574713,1.0,6.123233995736766e-17,55.333333333333336,1
9,2015,4,81,8.637777777777778,71.0,87.0,11.46338028169014,0.8660254037844387,-0.4999999999999998,79.66666666666667,1
9,2015,5,50,5.1876,81.0,71.0,8.637777777777778,0.4999999999999999,-0.8660254037844387,67.33333333333333,0
9,2015,6,23,4.320434782608696,50.0,81.0,5.1876,1.2246467991473532e-16,-1.0,51.333333333333336,0
9,2015,7,34,6.341764705882353,23.0,50.0,4.320434782608696,-0.4999999999999998,-0.8660254037844388,35.666666666666664,1
9,2015,8,5732,20.021959176552684,34.0,23.0,6.341764705882353,-0.8660254037844384,-0.5000000000000004,1929.6666666666667,1
9,2015,9,4997,13.192971783069842,5732.0,34.0,20.021959176552684,-1.0,-1.8369701987210294e-16,3587.6666666666665,1
9,2015,10,211,5.450521327014218,4997.0,5732.0,13.192971783069842,-0.8660254037844386,0.5000000000000001,3646.6666666666665,1
9,2015,11,101,6.427920792079208,211.0,4997.0,5.450521327014218,-0.5000000000000004,0.8660254037844384,1769.6666666666667,1
9,2015,12,118,5.990084745762712,101.0,211.0,6.427920792079208,-2.4492935982947064e-16,1.0,143.33333333333334,0
9,2016,1,20,7.3595,118.0,101.0,5.990084745762712,0.4999999999999999,0.8660254037844387,79.66666666666667,1
9,2016,2,107,5.723271028037383,20.0,118.0,7.3595,0.8660254037844386,0.5000000000000001,81.66666666666667,1
9,2016,3,133,6.59984962406015,107.0,20.0,5.723271028037383,1.0,6.123233995736766e-17,86.66666666666667,1
9,2016,4,78,5.301153846153846,133.0,107.0,6.59984962406015,0.8660254037844387,-0.4999999999999998,106.0,1
9,2016,5,49,4.430204081632653,78.0,133.0,5.301153846153846,0.4999999999999999,-0.8660254037844387,86.66666666666667,0
9,2016,6,35,7.330857142857142,49.0,78.0,4.430204081632653,1.2246467991473532e-16,-1.0,54.0,1
9,2016,7,118,8.532542372881355,35.0,49.0,7.330857142857142,-0.4999999999999998,-0.8660254037844388,67.33333333333333,1
9,2016,8,140,14.958142857142857,118.0,35.0,8.532542372881355,-0.8660254037844384,-0.5000000000000004,97.66666666666669,1
9,2016,9,197,12.074467005076142,140.0,118.0,14.958142857142857,-1.0,-1.8369701987210294e-16,151.66666666666666,1
9,2016,10,265,13.27954716981132,197.0,140.0,12.074467005076142,-0.8660254037844386,0.5000000000000001,200.66666666666663,1
9,2016,11,229,10.389737991266376,265.0,197.0,13.27954716981132,-0.5000000000000004,0.8660254037844384,230.33333333333337,1
9,2016,12,59,13.446779661016947,229.0,265.0,10.389737991266376,-2.4492935982947064e-16,1.0,184.33333333333337,0
9,2017,1,39,14.58076923076923,59.0,229.0,13.446779661016947,0.4999999999999999,0.8660254037844387,109.0,0
9,2017,2,45,9.246222222222222,39.0,59.0,14.58076923076923,0.8660254037844386,0.5000000000000001,47.666666666666664,1
9,2017,3,156,5.210448717948718,45.0,39.0,9.246222222222222,1.0,6.123233995736766e-17,80.0,1
9,2017,4,125,16.13632,156.0,45.0,5.210448717948718,0.8660254037844387,-0.4999999999999998,108.66666666666669,1
9,2017,5,118,12.04271186440678,125.0,156.0,16.13632,0.4999999999999999,-0.8660254037844387,133.0,1
9,2017,6,87,6.690919540229885,118.0,125.0,12.04271186440678,1.2246467991473532e-16,-1.0,110.0,1
9,2017,7,827,23.220822249093107,87.0,118.0,6.690919540229885,-0.4999999999999998,-0.8660254037844388,344.0,1
9,2017,8,48,12.15125,827.0,87.0,23.220822249093107,-0.8660254037844384,-0.5000000000000004,320.6666666666667,1
9,2017,9,150,8.853866666666667,48.0,827.0,12.15125,-1.0,-1.8369701987210294e-16,341.6666666666667,1
9,2017,10,278,10.367913669064748,150.0,48.0,8.853866666666667,-0.8660254037844386,0.5000000000000001,158.66666666666666,1
9,2017,11,266,10.0606015037594,278.0,150.0,10.367913669064748,-0.5000000000000004,0.8660254037844384,231.33333333333337,1
9,2017,12,184,8.985815217391304,266.0,278.0,10.0606015037594,-2.4492935982947064e-16,1.0,242.66666666666663,1
9,2018,1,192,9.16859375,184.0,266.0,8.985815217391304,0.4999999999999999,0.8660254037844387,214.0,1
9,2018,2,211,10.661469194312795,192.0,184.0,9.16859375,0.8660254037844386,0.5000000000000001,195.66666666666663,1
9,2018,3,76,6.899078947368421,211.0,192.0,10.661469194312795,1.0,6.123233995736766e-17,159.66666666666666,1
9,2018,4,62,9.244516129032258,76.0,211.0,6.899078947368421,0.8660254037844387,-0.4999999999999998,116.33333333333331,0
9,2018,5,43,5.4906976744186045,62.0,76.0,9.244516129032258,0.4999999999999999,-0.8660254037844387,60.333333333333336,0
9,2018,6,40,9.8295,43.0,62.0,5.4906976744186045,1.2246467991473532e-16,-1.0,48.333333333333336,0
9,2018,7,13,6.395384615384615,40.0,43.0,9.8295,-0.4999999999999998,-0.8660254037844388,32.0,1
9,2018,8,98,8.618571428571428,13.0,40.0,6.395384615384615,-0.8660254037844384,-0.5000000000000004,50.333333333333336,1
9,2018,9,85,7.637529411764705,98.0,13.0,8.618571428571428,-1.0,-1.8369701987210294e-16,65.33333333333333,1
9,2018,10,196,7.255,85.0,98.0,7.637529411764705,-0.8660254037844386,0.5000000000000001,126.33333333333331,1
9,2018,11,127,6.866771653543307,196.0,85.0,7.255,-0.5000000000000004,0.8660254037844384,136.0,0
9,2018,12,41,4.438780487804879,127.0,196.0,6.866771653543307,-2.4492935982947064e-16,1.0,121.33333333333331,1
9,2019,1,79,7.875696202531645,41.0,127.0,4.438780487804879,0.4999999999999999,0.8660254037844387,82.33333333333333,0
9,2019,2,41,6.66170731707317,79.0,41.0,7.875696202531645,0.8660254037844386,0.5000000000000001,53.666666666666664,1
9,2019,3,59,5.121016949152542,41.0,79.0,6.66170731707317,1.0,6.123233995736766e-17,59.666666666666664,1
9,2019,4,58,5.468275862068966,59.0,41.0,5.121016949152542,0.8660254037844387,-0.4999999999999998,52.666666666666664,1
9,2019,5,56,6.283214285714286,58.0,59.0,5.468275862068966,0.4999999999999999,-0.8660254037844387,57.666666666666664,1
9,2019,6,74,7.399054054054053,56.0,58.0,6.283214285714286,1.2246467991473532e-16,-1.0,62.666666666666664,0
9,2019,7,41,6.460243902439024,74.0,56.0,7.399054054054053,-0.4999999999999998,-0.8660254037844388,57.0,0
9,2019,8,41,8.255365853658537,41.0,74.0,6.460243902439024,-0.8660254037844384,-0.5000000000000004,52.0,1
9,2019,9,79,5.062658227848101,41.0,41.0,8.255365853658537,-1.0,-1.8369701987210294e-16,53.666666666666664,1
9,2019,10,81,6.674444444444444,79.0,41.0,5.062658227848101,-0.8660254037844386,0.5000000000000001,67.0,1
9,2019,11,60,3.779333333333333,81.0,79.0,6.674444444444444,-0.5000000000000004,0.8660254037844384,73.33333333333333,1
9,2019,12,58,5.574310344827587,60.0,81.0,3.779333333333333,-2.4492935982947064e-16,1.0,66.33333333333333,1
9,2020,1,73,9.271506849315069,58.0,60.0,5.574310344827587,0.4999999999999999,0.8660254037844387,63.666666666666664,
9,2020,2,345,11.950028985507249,73.0,58.0,9.271506849315069,0.8660254037844386,0.5000000000000001,158.66666666666666,
9,2020,3,250,7.69056,345.0,73.0,11.950028985507249,1.0,6.123233995736766e-17,222.66666666666663,
9,2020,4,91,6.008791208791208,250.0,345.0,7.69056,0.8660254037844387,-0.4999999999999998,228.66666666666663,
9,2020,5,71,6.206901408450705,91.0,250.0,6.008791208791208,0.4999999999999999,-0.8660254037844387,137.33333333333334,
9,2020,6,58,4.552241379310344,71.0,91.0,6.206901408450705,1.2246467991473532e-16,-1.0,73.33333333333333,
9,2020,7,600,21.874116666666666,58.0,71.0,4.552241379310344,-0.4999999999999998,-0.8660254037844388,243.0,
9,2020,8,99,14.410909090909092,600.0,58.0,21.874116666666666,-0.8660254037844384,-0.5000000000000004,252.33333333333337,
9,2020,9,14505,18.73233505687694,99.0,600.0,14.410909090909092,-1.0,-1.8369701987210294e-16,5068.0,
9,2020,10,6631,14.632797466445483,14505.0,99.0,18.73233505687694,-0.8660254037844386,0.5000000000000001,7078.333333333333,
9,2020,11,307,3.809934853420195,6631.0,14505.0,14.632797466445483,-0.5000000000000004,0.8660254037844384,7147.666666666667,
10,2015,3,78,7.4107692307692306,14.0,20.0,6.987142857142857,1.0,6.123233995736766e-17,37.333333333333336,0
10,2015,4,23,6.203913043478261,78.0,14.0,7.4107692307692306,0.8660254037844387,-0.4999999999999998,38.333333333333336,0
10,2015,5,12,1.9433333333333336,23.0,78.0,6.203913043478261,0.4999999999999999,-0.8660254037844387,37.666666666666664,0
10,2015,6,5,6.372,12.0,23.0,1.9433333333333336,1.2246467991473532e-16,-1.0,13.333333333333334,0
10,2015,7,3,13.153333333333334,5.0,12.0,6.372,-0.4999999999999998,-0.8660254037844388,6.666666666666667,0
10,2015,8,2,0.6799999999999999,3.0,5.0,13.153333333333334,-0.8660254037844384,-0.5000000000000004,3.3333333333333335,0
10,2015,9,17,22.4,2.0,3.0,0.6799999999999999,-1.0,-1.8369701987210294e-16,7.333333333333333,1
10,2015,10,105,20.446,17.0,2.0,22.4,-0.8660254037844386,0.5000000000000001,41.333333333333336,1
10,2015,11,62,10.848225806451614,105.0,17.0,20.446,-0.5000000000000004,0.8660254037844384,61.333333333333336,0
10,2015,12,6,2.986666666666667,62.0,105.0,10.848225806451614,-2.4492935982947064e-16,1.0,57.666666666666664,0
10,2016,2,16,12.09875,6.0,62.0,2.986666666666667,0.8660254037844386,0.5000000000000001,28.0,0
10,2016,3,24,7.076666666666667,16.0,6.0,12.09875,1.0,6.123233995736766e-17,15.333333333333334,0
10,2016,4,23,5.915217391304348,24.0,16.0,7.076666666666667,0.8660254037844387,-0.4999999999999998,21.0,0
10,2016,5,23,5.219130434782609,23.0,24.0,5.915217391304348,0.4999999999999999,-0.8660254037844387,23.333333333333332,0
10,2016,6,22,18.865909090909092,23.0,23.0,5.219130434782609,1.2246467991473532e-16,-1.0,22.666666666666668,0
10,2016,7,26,8.878846153846153,22.0,23.0,18.865909090909092,-0.4999999999999998,-0.8660254037844388,23.666666666666668,0
10,2016,8,10,6.5920000000000005,26.0,22.0,8.878846153846153,-0.8660254037844384,-0.5000000000000004,19.333333333333332,0
10,2016,9,22,16.48818181818182,10.0,26.0,6.5920000000000005,-1.0,-1.8369701987210294e-16,19.333333333333332,0
10,2016,10,41,6.720975609756097,22.0,10.0,16.48818181818182,-0.8660254037844386,0.5000000000000001,24.333333333333332,0
10,2016,11,24,10.408333333333331,41.0,22.0,6.720975609756097,-0.5000000000000004,0.8660254037844384,29.0,0
10,2016,12,3,4.943333333333333,24.0,41.0,10.408333333333331,-2.4492935982947064e-16,1.0,22.666666666666668,0
10,2017,2,4,3.085,3.0,24.0,4.943333333333333,0.8660254037844386,0.5000000000000001,10.333333333333334,0
10,2017,3,23,11.508695652173913,4.0,3.0,3.085,1.0,6.123233995736766e-17,10.0,1
10,2017,4,70,7.238857142857142,23.0,4.0,11.508695652173913,0.8660254037844387,-0.4999999999999998,32.333333333333336,0
10,2017,5,41,7.41439024390244,70.0,23.0,7.238857142857142,0.4999999999999999,-0.8660254037844387,44.666666666666664,0
10,2017,6,8,7.32125,41.0,70.0,7.41439024390244,1.2246467991473532e-16,-1.0,39.666666666666664,0
10,2017,7,4,4.1425,8.0,41.0,7.32125,-0.4999999999999998,-0.8660254037844388,17.666666666666668,0
10,2017,8,12,30.36583333333333,4.0,8.0,4.1425,-0.8660254037844384,-0.5000000000000004,8.0,0
10,2017,9,21,7.7995238095238095,12.0,4.0,30.36583333333333,-1.0,-1.8369701987210294e-16,12.333333333333334,1
10,2017,10,57,8.176140350877194,21.0,12.0,7.7995238095238095,-0.8660254037844386,0.5000000000000001,30.0,0
10,2017,11,36,8.217222222222222,57.0,21.0,8.176140350877194,-0.5000000000000004,0.8660254037844384,38.0,0
10,2017,12,42,8.968809523809524,36.0,57.0,8.217222222222222,-2.4492935982947064e-16,1.0,45.0,0
10,2018,1,3,2.64,42.0,36.0,8.968809523809524,0.4999999999999999,0.8660254037844387,27.0,1
10,2018,2,83,6.702409638554216,3.0,42.0,2.64,0.8660254037844386,0.5000000000000001,42.666666666666664,0
10,2018,3,36,6.462222222222222,83.0,3.0,6.702409638554216,1.0,6.123233995736766e-17,40.666666666666664,1
10,2018,4,47,7.862765957446808,36.0,83.0,6.462222222222222,0.8660254037844387,-0.4999999999999998,55.333333333333336,0
10,2018,5,9,2.7211111111111115,47.0,36.0,7.862765957446808,0.4999999999999999,-0.8660254037844387,30.666666666666668,0
10,2018,6,24,13.58375,9.0,47.0,2.7211111111111115,1.2246467991473532e-16,-1.0,26.666666666666668,0
10,2018,7,6,10.261666666666668,24.0,9.0,13.58375,-0.4999999999999998,-0.8660254037844388,13.0,1
10,2018,8,2156,12.75025974025974,6.0,24.0,10.261666666666668,-0.8660254037844384,-0.5000000000000004,728.6666666666666,1
10,2018,9,263,6.873726235741445,2156.0,6.0,12.75025974025974,-1.0,-1.8369701987210294e-16,808.3333333333334,1
10,2018,10,53,12.807169811320756,263.0,2156.0,6.873726235741445,-0.8660254037844386,0.5000000000000001,824.0,0
10,2018,11,44,10.875,53.0,263.0,12.807169811320756,-0.5000000000000004,0.8660254037844384,120.0,1
10,2018,12,46,7.1041304347826095,44.0,53.0,10.875,-2.4492935982947064e-16,1.0,47.666666666666664,0
10,2019,1,12,3.964166666666667,46.0,44.0,7.1041304347826095,0.4999999999999999,0.8660254037844387,34.0,0
10,2019,2,4,3.78,12.0,46.0,3.964166666666667,0.8660254037844386,0.5000000000000001,20.666666666666668,0
10,2019,3,16,4.65625,4.0,12.0,3.78,1.0,6.123233995736766e-17,10.666666666666666,1
10,2019,4,99,7.050909090909091,16.0,4.0,4.65625,0.8660254037844387,-0.4999999999999998,39.666666666666664,1
10,2019,5,134,13.161492537313434,99.0,16.0,7.050909090909091,0.4999999999999999,-0.8660254037844387,83.0,1
10,2019,6,78,14.185641025641026,134.0,99.0,13.161492537313434,1.2246467991473532e-16,-1.0,103.66666666666669,0
10,2019,7,34,9.605882352941178,78.0,134.0,14.185641025641026,-0.4999999999999998,-0.8660254037844388,82.0,0
10,2019,8,14,5.678571428571429,34.0,78.0,9.605882352941178,-0.8660254037844384,-0.5000000000000004,42.0,1
10,2019,9,47,10.856808510638295,14.0,34.0,5.678571428571429,-1.0,-1.8369701987210294e-16,31.666666666666668,1
10,2019,10,67,8.482089552238806,47.0,14.0,10.856808510638295,-0.8660254037844386,0.5000000000000001,42.666666666666664,1
10,2019,11,120,17.90125,67.0,47.0,8.482089552238806,-0.5000000000000004,0.8660254037844384,78.0,0
10,2019,12,11,6.352727272727273,120.0,67.0,17.90125,-2.4492935982947064e-16,1.0,66.0,0
10,2020,1,24,7.095416666666666,11.0,120.0,6.352727272727273,0.4999999999999999,0.8660254037844387,51.666666666666664,
10,2020,2,224,7.846964285714286,24.0,11.0,7.095416666666666,0.8660254037844386,0.5000000000000001,86.33333333333333,
10,2020,3,179,14.58659217877095,224.0,24.0,7.846964285714286,1.0,6.123233995736766e-17,142.33333333333334,
10,2020,4,85,11.010823529411764,179.0,224.0,14.58659217877095,0.8660254037844387,-0.4999999999999998,162.66666666666666,
10,2020,5,19,4.458947368421053,85.0,179.0,11.010823529411764,0.4999999999999999,-0.8660254037844387,94.33333333333331,
10,2020,6,16,6.8374999999999995,19.0,85.0,4.458947368421053,1.2246467991473532e-16,-1.0,40.0,
10,2020,7,13,3.379230769230769,16.0,19.0,6.8374999999999995,-0.4999999999999998,-0.8660254037844388,16.0,
10,2020,8,6523,23.76526291583627,13.0,16.0,3.379230769230769,-0.8660254037844384,-0.5000000000000004,2184.0,
10,2020,9,3205,28.2842496099844,6523.0,13.0,23.76526291583627,-1.0,-1.8369701987210294e-16,3247.0,
10,2020,10,62,11.49016129032258,3205.0,6523.0,28.2842496099844,-0.8660254037844386,0.5000000000000001,3263.3333333333335,
10,2020,11,157,20.18343949044586,62.0,3205.0,11.49016129032258,-0.5000000000000004,0.8660254037844384,1141.3333333333333,
11,2015,3,2,3.85,1.0,20.0,2.22,1.0,6.123233995736766e-17,7.666666666666667,0
11,2015,5,1,0.36,2.0,1.0,3.85,0.4999999999999999,-0.8660254037844387,1.3333333333333333,0
11,2015,6,19,6.428421052631578,1.0,2.0,0.36,1.2246467991473532e-16,-1.0,7.333333333333333,1
11,2015,7,98,22.15051020408163,19.0,1.0,6.428421052631578,-0.4999999999999998,-0.8660254037844388,39.333333333333336,1
11,2015,8,3085,7.097222042139384,98.0,19.0,22.15051020408163,-0.8660254037844384,-0.5000000000000004,1067.3333333333333,1
11,2015,9,63,9.67746031746032,3085.0,98.0,7.097222042139384,-1.0,-1.8369701987210294e-16,1082.0,0
11,2015,10,7,3.165714285714286,63.0,3085.0,9.67746031746032,-0.8660254037844386,0.5000000000000001,1051.6666666666667,0
11,2015,11,18,6.432222222222222,7.0,63.0,3.165714285714286,-0.5000000000000004,0.8660254037844384,29.333333333333332,0
11,2015,12,3,2.67,18.0,7.0,6.432222222222222,-2.4492935982947064e-16,1.0,9.333333333333334,0
11,2016,1,2,0.97,3.0,18.0,2.67,0.4999999999999999,0.8660254037844387,7.666666666666667,0
11,2016,2,3,3.0499999999999994,2.0,3.0,0.97,0.8660254037844386,0.5000000000000001,2.6666666666666665,0
11,2016,3,2,4.655,3.0,2.0,3.0499999999999994,1.0,6.123233995736766e-17,2.3333333333333335,0
11,2016,4,2,2.245,2.0,3.0,4.655,0.8660254037844387,-0.4999999999999998,2.3333333333333335,0
11,2016,6,4,1.2475,2.0,2.0,2.245,1.2246467991473532e-16,-1.0,2.6666666666666665,0
11,2016,7,4,0.8575,4.0,2.0,1.2475,-0.4999999999999998,-0.8660254037844388,3.3333333333333335,0
11,2016,8,20,2.583,4.0,4.0,0.8575,-0.8660254037844384,-0.5000000000000004,9.333333333333334,0
11,2016,9,2,16.28,20.0,4.0,2.583,-1.0,-1.8369701987210294e-16,8.666666666666666,1
11,2016,10,51,11.101764705882356,2.0,20.0,16.28,-0.8660254037844386,0.5000000000000001,24.333333333333332,0
11,2016,11,23,5.7013043478260865,51.0,2.0,11.101764705882356,-0.5000000000000004,0.8660254037844384,25.333333333333332,0
11,2016,12,5,3.558,23.0,51.0,5.7013043478260865,-2.4492935982947064e-16,1.0,26.333333333333332,0
11,2017,3,1,2.61,5.0,23.0,3.558,1.0,6.123233995736766e-17,9.666666666666666,0
11,2017,5,1,1.96,1.0,5.0,2.61,0.4999999999999999,-0.8660254037844387,2.3333333333333335,0
11,2017,6,4,1.945,1.0,1.0,1.96,1.2246467991473532e-16,-1.0,2.0,0
11,2017,8,10,14.464,4.0,1.0,1.945,-0.8660254037844384,-0.5000000000000004,5.0,0
11,2017,9,1,0.6,10.0,4.0,14.464,-1.0,-1.8369701987210294e-16,5.0,0
11,2017,10,23,6.649130434782609,1.0,10.0,0.6,-0.8660254037844386,0.5000000000000001,11.333333333333334,0
11,2017,11,29,5.159655172413793,23.0,1.0,6.649130434782609,-0.5000000000000004,0.8660254037844384,17.666666666666668,0
11,2017,12,2,2.37,29.0,23.0,5.159655172413793,-2.4492935982947064e-16,1.0,18.0,0
11,2018,1,4,2.74,2.0,29.0,2.37,0.4999999999999999,0.8660254037844387,11.666666666666666,0
11,2018,2,16,5.310625,4.0,2.0,2.74,0.8660254037844386,0.5000000000000001,7.333333333333333,0
11,2018,3,1,2.5,16.0,4.0,5.310625,1.0,6.123233995736766e-17,7.0,0
11,2018,4,23,5.01304347826087,1.0,16.0,2.5,0.8660254037844387,-0.4999999999999998,13.333333333333334,0
11,2018,5,1,2.65,23.0,1.0,5.01304347826087,0.4999999999999999,-0.8660254037844387,8.333333333333334,0
11,2018,6,2,5.24,1.0,23.0,2.65,1.2246467991473532e-16,-1.0,8.666666666666666,0
11,2018,7,2,1.5,2.0,1.0,5.24,-0.4999999999999998,-0.8660254037844388,1.6666666666666667,1
11,2018,8,227,5.286872246696035,2.0,2.0,1.5,-0.8660254037844384,-0.5000000000000004,77.0,0
11,2018,9,16,11.808125,227.0,2.0,5.286872246696035,-1.0,-1.8369701987210294e-16,81.66666666666667,1
11,2018,10,48,3.904375,16.0,227.0,11.808125,-0.8660254037844386,0.5000000000000001,97.0,0
11,2018,11,18,6.552222222222222,48.0,16.0,3.904375,-0.5000000000000004,0.8660254037844384,27.333333333333332,0
11,2018,12,14,5.445714285714286,18.0,48.0,6.552222222222222,-2.4492935982947064e-16,1.0,26.666666666666668,0
11,2019,1,9,3.83,14.0,18.0,5.445714285714286,0.4999999999999999,0.8660254037844387,13.666666666666666,0
11,2019,3,3,5.33,9.0,14.0,3.83,1.0,6.123233995736766e-17,8.666666666666666,0
11,2019,4,8,5.4675,3.0,9.0,5.33,0.8660254037844387,-0.4999999999999998,6.666666666666667,0
11,2019,5,2,6.8149999999999995,8.0,3.0,5.4675,0.4999999999999999,-0.8660254037844387,4.333333333333333,0
11,2019,7,2,1.815,2.0,8.0,6.8149999999999995,-0.4999999999999998,-0.8660254037844388,4.0,0
11,2019,8,1,0.29,2.0,2.0,1.815,-0.8660254037844384,-0.5000000000000004,1.6666666666666667,0
11,2019,9,3,1.59,1.0,2.0,0.29,-1.0,-1.8369701987210294e-16,2.0,0
11,2019,10,12,9.538333333333332,3.0,1.0,1.59,-0.8660254037844386,0.5000000000000001,5.333333333333333,0
11,2019,11,7,12.152857142857142,12.0,3.0,9.538333333333332,-0.5000000000000004,0.8660254037844384,7.333333333333333,0
11,2019,12,22,4.917727272727273,7.0,12.0,12.152857142857142,-2.4492935982947064e-16,1.0,13.666666666666666,0
11,2020,1,3,0.6733333333333333,22.0,7.0,4.917727272727273,0.4999999999999999,0.8660254037844387,10.666666666666666,
11,2020,2,8,5.203749999999999,3.0,22.0,0.6733333333333333,0.8660254037844386,0.5000000000000001,11.0,
11,2020,3,9,3.695555555555555,8.0,3.0,5.203749999999999,1.0,6.123233995736766e-17,6.666666666666667,
11,2020,4,2,1.76,9.0,8.0,3.695555555555555,0.8660254037844387,-0.4999999999999998,6.333333333333333,
11,2020,5,7,3.237142857142857,2.0,9.0,1.76,0.4999999999999999,-0.8660254037844387,6.0,
11,2020,7,65,9.764,7.0,2.0,3.237142857142857,-0.4999999999999998,-0.8660254037844388,24.666666666666668,
11,2020,8,1266,9.909770932069511,65.0,7.0,9.764,-0.8660254037844384,-0.5000000000000004,446.0,
11,2020,9,4106,18.2523161227472,1266.0,65.0,9.909770932069511,-1.0,-1.8369701987210294e-16,1812.3333333333333,
11,2020,10,148,4.581824324324325,4106.0,1266.0,18.2523161227472,-0.8660254037844386,0.5000000000000001,1840.0,
11,2020,11,70,5.41,148.0,4106.0,4.581824324324325,-0.5000000000000004,0.8660254037844384,1441.3333333333333,
12,2015,3,9,19.641111111111112,27.0,42.0,19.622592592592596,1.0,6.123233995736766e-17,26.0,0
12,2015,4,4,0.8275,9.0,27.0,19.641111111111112,0.8660254037844387,-0.4999999999999998,13.333333333333334,0
12,2015,5,18,43.48166666666666,4.0,9.0,0.8275,0.4999999999999999,-0.8660254037844387,10.333333333333334,0
12,2015,6,16,13.808125,18.0,4.0,43.48166666666666,1.2246467991473532e-16,-1.0,12.666666666666666,1
12,2015,7,53,26.165283018867925,16.0,18.0,13.808125,-0.4999999999999998,-0.8660254037844388,29.0,0
12,2015,8,26,23.025769230769235,53.0,16.0,26.165283018867925,-0.8660254037844384,-0.5000000000000004,31.666666666666668,0
12,2015,9,14,4.742142857142857,26.0,53.0,23.025769230769235,-1.0,-1.8369701987210294e-16,31.0,0
12,2015,10,27,22.77777777777778,14.0,26.0,4.742142857142857,-0.8660254037844386,0.5000000000000001,22.333333333333332,0
12,2015,11,32,6.7090625,27.0,14.0,22.77777777777778,-0.5000000000000004,0.8660254037844384,24.333333333333332,0
12,2015,12,22,20.81409090909091,32.0,27.0,6.7090625,-2.4492935982947064e-16,1.0,27.0,0
12,2016,1,22,8.790454545454546,22.0,32.0,20.81409090909091,0.4999999999999999,0.8660254037844387,25.333333333333332,0
12,2016,2,32,8.436875,22.0,22.0,8.790454545454546,0.8660254037844386,0.5000000000000001,25.333333333333332,0
12,2016,3,24,7.190833333333334,32.0,22.0,8.436875,1.0,6.123233995736766e-17,26.0,0
12,2016,4,9,7.458888888888889,24.0,32.0,7.190833333333334,0.8660254037844387,-0.4999999999999998,21.666666666666668,0
12,2016,5,5,47.662,9.0,24.0,7.458888888888889,0.4999999999999999,-0.8660254037844387,12.666666666666666,1
12,2016,6,68,26.258529411764705,5.0,9.0,47.662,1.2246467991473532e-16,-1.0,27.333333333333332,1
12,2016,7,53,23.388490566037735,68.0,5.0,26.258529411764705,-0.4999999999999998,-0.8660254037844388,42.0,0
12,2016,8,23,19.11782608695652,53.0,68.0,23.388490566037735,-0.8660254037844384,-0.5000000000000004,48.0,0
12,2016,9,13,23.463846153846156,23.0,53.0,19.11782608695652,-1.0,-1.8369701987210294e-16,29.666666666666668,0
12,2016,10,11,5.766363636363637,13.0,23.0,23.463846153846156,-0.8660254037844386,0.5000000000000001,15.666666666666666,0
12,2016,11,9,14.687777777777775,11.0,13.0,5.766363636363637,-0.5000000000000004,0.8660254037844384,11.0,0
12,2016,12,1,6.76,9.0,11.0,14.687777777777775,-2.4492935982947064e-16,1.0,7.0,0
12,2017,1,12,9.764166666666666,1.0,9.0,6.76,0.4999999999999999,0.8660254037844387,7.333333333333333,0
12,2017,2,34,14.803235294117648,12.0,1.0,9.764166666666666,0.8660254037844386,0.5000000000000001,15.666666666666666,0
12,2017,3,26,15.961923076923076,34.0,12.0,14.803235294117648,1.0,6.123233995736766e-17,24.0,0
12,2017,4,11,13.373636363636365,26.0,34.0,15.961923076923076,0.8660254037844387,-0.4999999999999998,23.666666666666668,0
12,2017,5,13,22.463846153846152,11.0,26.0,13.373636363636365,0.4999999999999999,-0.8660254037844387,16.666666666666668,1
12,2017,6,47,34.723404255319146,13.0,11.0,22.463846153846152,1.2246467991473532e-16,-1.0,23.666666666666668,0
12,2017,7,18,13.71,47.0,13.0,34.723404255319146,-0.4999999999999998,-0.8660254037844388,26.0,0
12,2017,8,21,10.49047619047619,18.0,47.0,13.71,-0.8660254037844384,-0.5000000000000004,28.666666666666668,1
12,2017,9,81,36.00851851851852,21.0,18.0,10.49047619047619,-1.0,-1.8369701987210294e-16,40.0,0
12,2017,10,11,7.947272727272727,81.0,21.0,36.00851851851852,-0.8660254037844386,0.5000000000000001,37.666666666666664,0
12,2017,11,4,9.0875,11.0,81.0,7.947272727272727,-0.5000000000000004,0.8660254037844384,32.0,0
12,2017,12,3,2.1199999999999997,4.0,11.0,9.0875,-2.4492935982947064e-16,1.0,6.0,1
12,2018,1,54,19.034074074074073,3.0,4.0,2.1199999999999997,0.4999999999999999,0.8660254037844387,20.333333333333332,0
12,2018,2,16,4.031875,54.0,3.0,19.034074074074073,0.8660254037844386,0.5000000000000001,24.333333333333332,0
12,2018,3,12,8.5825,16.0,54.0,4.031875,1.0,6.123233995736766e-17,27.333333333333332,0
12,2018,5,15,25.38266666666667,12.0,16.0,8.5825,0.4999999999999999,-0.8660254037844387,14.333333333333334,0
12,2018,6,10,10.318,15.0,12.0,25.38266666666667,1.2246467991473532e-16,-1.0,12.333333333333334,0
12,2018,7,9,9.696666666666667,10.0,15.0,10.318,-0.4999999999999998,-0.8660254037844388,11.333333333333334,0
12,2018,8,28,15.49392857142857,9.0,10.0,9.696666666666667,-0.8660254037844384,-0.5000000000000004,15.666666666666666,0
12,2018,9,37,8.808108108108108,28.0,9.0,15.49392857142857,-1.0,-1.8369701987210294e-16,24.666666666666668,0
12,2018,10,11,4.024545454545454,37.0,28.0,8.808108108108108,-0.8660254037844386,0.5000000000000001,25.333333333333332,0
12,2018,11,2,5.1850000000000005,11.0,37.0,4.024545454545454,-0.5000000000000004,0.8660254037844384,16.666666666666668,0
12,2018,12,3,5.896666666666666,2.0,11.0,5.1850000000000005,-2.4492935982947064e-16,1.0,5.333333333333333,1
12,2019,1,64,27.7984375,3.0,2.0,5.896666666666666,0.4999999999999999,0.8660254037844387,23.0,0
12,2019,2,27,17.860370370370372,64.0,3.0,27.7984375,0.8660254037844386,0.5000000000000001,31.333333333333332,0
12,2019,3,11,28.317272727272726,27.0,64.0,17.860370370370372,1.0,6.123233995736766e-17,34.0,0
12,2019,4,6,3.5033333333333334,11.0,27.0,28.317272727272726,0.8660254037844387,-0.4999999999999998,14.666666666666666,0
12,2019,5,27,7.278888888888889,6.0,11.0,3.5033333333333334,0.4999999999999999,-0.8660254037844387,14.666666666666666,1
12,2019,6,47,7.933404255319149,27.0,6.0,7.278888888888889,1.2246467991473532e-16,-1.0,26.666666666666668,0
12,2019,7,38,12.176842105263155,47.0,27.0,7.933404255319149,-0.4999999999999998,-0.8660254037844388,37.333333333333336,0
12,2019,8,30,12.631666666666666,38.0,47.0,12.176842105263155,-0.8660254037844384,-0.5000000000000004,38.333333333333336,0
12,2019,9,10,5.1739999999999995,30.0,38.0,12.631666666666666,-1.0,-1.8369701987210294e-16,26.0,0
12,2019,10,23,11.675217391304349,10.0,30.0,5.1739999999999995,-0.8660254037844386,0.5000000000000001,21.0,0
12,2019,11,15,12.591333333333331,23.0,10.0,11.675217391304349,-0.5000000000000004,0.8660254037844384,16.0,0
12,2019,12,2,0.6,15.0,23.0,12.591333333333331,-2.4492935982947064e-16,1.0,13.333333333333334,1
12,2020,1,47,11.18872340425532,2.0,15.0,0.6,0.4999999999999999,0.8660254037844387,21.333333333333332,
12,2020,2,13,8.680769230769231,47.0,2.0,11.18872340425532,0.8660254037844386,0.5000000000000001,20.666666666666668,
12,2020,3,6,3.5700000000000003,13.0,47.0,8.680769230769231,1.0,6.123233995736766e-17,22.0,
12,2020,4,33,10.97060606060606,6.0,13.0,3.5700000000000003,0.8660254037844387,-0.4999999999999998,17.333333333333332,
12,2020,5,16,6.86125,33.0,6.0,10.97060606060606,0.4999999999999999,-0.8660254037844387,18.333333333333332,
12,2020,6,32,18.976875,16.0,33.0,6.86125,1.2246467991473532e-16,-1.0,27.0,
12,2020,7,28,13.633571428571427,32.0,16.0,18.976875,-0.4999999999999998,-0.8660254037844388,25.333333333333332,
12,2020,8,10,9.577000000000002,28.0,32.0,13.633571428571427,-0.8660254037844384,-0.5000000000000004,23.333333333333332,
12,2020,9,30,12.238,10.0,28.0,9.577000000000002,-1.0,-1.8369701987210294e-16,22.666666666666668,
12,2020,10,50,17.1674,30.0,10.0,12.238,-0.8660254037844386,0.5000000000000001,30.0,
12,2020,11,43,19.474883720930233,50.0,30.0,17.1674,-0.5000000000000004,0.8660254037844384,41.0,
13,2015,12,1,0.11,9.0,4.0,2.04,-2.4492935982947064e-16,1.0,4.666666666666667,0
13,2016,2,5,35.75,1.0,9.0,0.11,0.8660254037844386,0.5000000000000001,5.0,0
13,2016,3,2,7.92,5.0,1.0,35.75,1.0,6.123233995736766e-17,2.6666666666666665,0
13,2016,4,1,3.32,2.0,5.0,7.92,0.8660254037844387,-0.4999999999999998,2.6666666666666665,0
13,2016,6,24,6.7250000000000005,1.0,2.0,3.32,1.2246467991473532e-16,-1.0,9.0,0
13,2016,8,45,5.863555555555556,24.0,1.0,6.7250000000000005,-0.8660254037844384,-0.5000000000000004,23.333333333333332,0
13,2017,6,23,6.528695652173913,45.0,24.0,5.863555555555556,1.2246467991473532e-16,-1.0,30.666666666666668,0
13,2017,8,1,3.24,23.0,45.0,6.528695652173913,-0.8660254037844384,-0.5000000000000004,23.0,0
13,2017,10,1,1.1,1.0,23.0,3.24,-0.8660254037844386,0.5000000000000001,8.333333333333334,0
13,2018,2,19,3.956315789473684,1.0,1.0,1.1,0.8660254037844386,0.5000000000000001,7.0,0
13,2018,3,1,0.17,19.0,1.0,3.956315789473684,1.0,6.123233995736766e-17,7.0,0
13,2018,4,19,20.69315789473684,1.0,19.0,0.17,0.8660254037844387,-0.4999999999999998,13.0,1
13,2018,7,49,4.130408163265306,19.0,1.0,20.69315789473684,-0.4999999999999998,-0.8660254037844388,23.0,0
13,2019,1,2,3.1799999999999997,49.0,19.0,4.130408163265306,0.4999999999999999,0.8660254037844387,23.333333333333332,0
13,2019,2,7,73.83142857142857,2.0,49.0,3.1799999999999997,0.8660254037844386,0.5000000000000001,19.333333333333332,0
13,2019,7,2,2.57,7.0,2.0,73.83142857142857,-0.4999999999999998,-0.8660254037844388,3.6666666666666665,1
13,2019,9,418,35.63571770334928,2.0,7.0,2.57,-1.0,-1.8369701987210294e-16,142.33333333333334,0
13,2019,10,27,8.176296296296297,418.0,2.0,35.63571770334928,-0.8660254037844386,0.5000000000000001,149.0,0
13,2019,12,3,6.109999999999999,27.0,418.0,8.176296296296297,-2.4492935982947064e-16,1.0,149.33333333333334,0
13,2020,2,3,9.02,3.0,27.0,6.109999999999999,0.8660254037844386,0.5000000000000001,11.0,
13,2020,6,2,1.88,3.0,3.0,9.02,1.2246467991473532e-16,-1.0,2.6666666666666665,
13,2020,7,93,15.763333333333334,2.0,3.0,1.88,-0.4999999999999998,-0.8660254037844388,32.666666666666664,
14,2015,3,48,4.40375,108.0,4.0,5.951851851851852,1.0,6.123233995736766e-17,53.333333333333336,0
14,2015,4,36,7.845555555555555,48.0,108.0,4.40375,0.8660254037844387,-0.4999999999999998,64.0,1
14,2015,5,55,7.003636363636363,36.0,48.0,7.845555555555555,0.4999999999999999,-0.8660254037844387,46.333333333333336,0
14,2015,6,44,5.29,55.0,36.0,7.003636363636363,1.2246467991473532e-16,-1.0,45.0,1
14,2015,7,54,7.160185185185185,44.0,55.0,5.29,-0.4999999999999998,-0.8660254037844388,51.0,0
14,2015,8,30,2.621,54.0,44.0,7.160185185185185,-0.8660254037844384,-0.5000000000000004,42.666666666666664,0
14,2015,9,24,3.5954166666666665,30.0,54.0,2.621,-1.0,-1.8369701987210294e-16,36.0,1
14,2015,10,77,4.731818181818182,24.0,30.0,3.5954166666666665,-0.8660254037844386,0.5000000000000001,43.666666666666664,0
14,2015,11,31,4.707096774193549,77.0,24.0,4.731818181818182,-0.5000000000000004,0.8660254037844384,44.0,0
14,2015,12,23,9.45217391304348,31.0,77.0,4.707096774193549,-2.4492935982947064e-16,1.0,43.666666666666664,0
14,2016,1,8,4.02,23.0,31.0,9.45217391304348,0.4999999999999999,0.8660254037844387,20.666666666666668,0
14,2016,2,34,6.177352941176471,8.0,23.0,4.02,0.8660254037844386,0.5000000000000001,21.666666666666668,0
14,2016,3,22,5.167272727272728,34.0,8.0,6.177352941176471,1.0,6.123233995736766e-17,21.333333333333332,1
14,2016,4,46,8.75804347826087,22.0,34.0,5.167272727272728,0.8660254037844387,-0.4999999999999998,34.0,1
14,2016,5,79,8.237594936708861,46.0,22.0,8.75804347826087,0.4999999999999999,-0.8660254037844387,49.0,1
14,2016,6,1249,23.18444355484387,79.0,46.0,8.237594936708861,1.2246467991473532e-16,-1.0,458.0,1
14,2016,7,88,5.872272727272727,1249.0,79.0,23.18444355484387,-0.4999999999999998,-0.8660254037844388,472.0,1
14,2016,8,1261,33.485400475812845,88.0,1249.0,5.872272727272727,-0.8660254037844384,-0.5000000000000004,866.0,0
14,2016,9,40,8.4905,1261.0,88.0,33.485400475812845,-1.0,-1.8369701987210294e-16,463.0,0
14,2016,10,29,5.104827586206897,40.0,1261.0,8.4905,-0.8660254037844386,0.5000000000000001,443.3333333333333,1
14,2016,11,95,15.407263157894738,29.0,40.0,5.104827586206897,-0.5000000000000004,0.8660254037844384,54.666666666666664,0
14,2016,12,11,2.399090909090909,95.0,29.0,15.407263157894738,-2.4492935982947064e-16,1.0,45.0,0
14,2017,1,8,10.11375,11.0,95.0,2.399090909090909,0.4999999999999999,0.8660254037844387,38.0,1
14,2017,2,47,9.313617021276595,8.0,11.0,10.11375,0.8660254037844386,0.5000000000000001,22.0,1
14,2017,3,88,6.320795454545455,47.0,8.0,9.313617021276595,1.0,6.123233995736766e-17,47.666666666666664,1
14,2017,4,99,5.643939393939394,88.0,47.0,6.320795454545455,0.8660254037844387,-0.4999999999999998,78.0,1
14,2017,5,72,10.223888888888888,99.0,88.0,5.643939393939394,0.4999999999999999,-0.8660254037844387,86.33333333333333,1
14,2017,6,154,16.646558441558444,72.0,99.0,10.223888888888888,1.2246467991473532e-16,-1.0,108.33333333333331,1
14,2017,7,88,11.195454545454544,154.0,72.0,16.646558441558444,-0.4999999999999998,-0.8660254037844388,104.66666666666669,0
14,2017,8,43,11.86186046511628,88.0,154.0,11.195454545454544,-0.8660254037844384,-0.5000000000000004,95.0,1
14,2017,9,110,7.277,43.0,88.0,11.86186046511628,-1.0,-1.8369701987210294e-16,80.33333333333333,1
14,2017,10,93,10.197956989247311,110.0,43.0,7.277,-0.8660254037844386,0.5000000000000001,82.0,1
14,2017,11,86,7.652790697674418,93.0,110.0,10.197956989247311,-0.5000000000000004,0.8660254037844384,96.33333333333331,1
14,2017,12,91,19.166813186813187,86.0,93.0,7.652790697674418,-2.4492935982947064e-16,1.0,90.0,1
14,2018,1,128,15.43578125,91.0,86.0,19.166813186813187,0.4999999999999999,0.8660254037844387,101.66666666666669,1
14,2018,2,90,6.789,128.0,91.0,15.43578125,0.8660254037844386,0.5000000000000001,103.0,1
14,2018,3,64,17.27875,90.0,128.0,6.789,1.0,6.123233995736766e-17,94.0,0
14,2018,4,41,4.781219512195122,64.0,90.0,17.27875,0.8660254037844387,-0.4999999999999998,65.0,1
14,2018,5,74,8.257567567567566,41.0,64.0,4.781219512195122,0.4999999999999999,-0.8660254037844387,59.666666666666664,0
14,2018,6,13,4.18,74.0,41.0,8.257567567567566,1.2246467991473532e-16,-1.0,42.666666666666664,0
14,2018,7,20,4.2825,13.0,74.0,4.18,-0.4999999999999998,-0.8660254037844388,35.666666666666664,1
14,2018,8,51,3.071764705882353,20.0,13.0,4.2825,-0.8660254037844384,-0.5000000000000004,28.0,0
14,2018,9,16,3.67,51.0,20.0,3.071764705882353,-1.0,-1.8369701987210294e-16,29.0,1
14,2018,10,48,8.262291666666666,16.0,51.0,3.67,-0.8660254037844386,0.5000000000000001,38.333333333333336,0
14,2018,11,21,8.949047619047619,48.0,16.0,8.262291666666666,-0.5000000000000004,0.8660254037844384,28.333333333333332,1
14,2018,12,53,11.843018867924528,21.0,48.0,8.949047619047619,-2.4492935982947064e-16,1.0,40.666666666666664,1
14,2019,1,47,6.132127659574468,53.0,21.0,11.843018867924528,0.4999999999999999,0.8660254037844387,40.333333333333336,0
14,2019,2,40,5.42975,47.0,53.0,6.132127659574468,0.8660254037844386,0.5000000000000001,46.666666666666664,1
14,2019,3,69,5.316521739130434,40.0,47.0,5.42975,1.0,6.123233995736766e-17,52.0,0
14,2019,4,43,5.743488372093023,69.0,40.0,5.316521739130434,0.8660254037844387,-0.4999999999999998,50.666666666666664,0
14,2019,5,37,5.925675675675675,43.0,69.0,5.743488372093023,0.4999999999999999,-0.8660254037844387,49.666666666666664,1
14,2019,6,53,5.891320754716982,37.0,43.0,5.925675675675675,1.2246467991473532e-16,-1.0,44.333333333333336,1
14,2019,7,55,7.186,53.0,37.0,5.891320754716982,-0.4999999999999998,-0.8660254037844388,48.333333333333336,1
14,2019,8,54,7.925925925925926,55.0,53.0,7.186,-0.8660254037844384,-0.5000000000000004,54.0,0
14,2019,9,24,6.946666666666666,54.0,55.0,7.925925925925926,-1.0,-1.8369701987210294e-16,44.333333333333336,0
14,2019,10,42,4.6033333333333335,24.0,54.0,6.946666666666666,-0.8660254037844386,0.5000000000000001,40.0,0
14,2019,11,41,4.591463414634147,42.0,24.0,4.6033333333333335,-0.5000000000000004,0.8660254037844384,35.666666666666664,0
14,2019,12,23,12.79,41.0,42.0,4.591463414634147,-2.4492935982947064e-16,1.0,35.333333333333336,0
14,2020,1,8,1.7425,23.0,41.0,12.79,0.4999999999999999,0.8660254037844387,24.0,
14,2020,2,55,6.274545454545455,8.0,23.0,1.7425,0.8660254037844386,0.5000000000000001,28.666666666666668,
14,2020,3,220,9.28640909090909,55.0,8.0,6.274545454545455,1.0,6.123233995736766e-17,94.33333333333331,
14,2020,4,78,6.215641025641026,220.0,55.0,9.28640909090909,0.8660254037844387,-0.4999999999999998,117.66666666666669,
14,2020,5,52,5.391538461538461,78.0,220.0,6.215641025641026,0.4999999999999999,-0.8660254037844387,116.66666666666669,
14,2020,6,48,9.021875,52.0,78.0,5.391538461538461,1.2246467991473532e-16,-1.0,59.333333333333336,
14,2020,7,35,4.467142857142857,48.0,52.0,9.021875,-0.4999999999999998,-0.8660254037844388,45.0,
14,2020,8,331,16.08915407854985,35.0,48.0,4.467142857142857,-0.8660254037844384,-0.5000000000000004,138.0,
14,2020,9,15,0.7473333333333333,331.0,35.0,16.08915407854985,-1.0,-1.8369701987210294e-16,127.0,
14,2020,10,25,2.1252,15.0,331.0,0.7473333333333333,-0.8660254037844386,0.5000000000000001,123.66666666666669,
14,2020,11,8,1.45125,25.0,15.0,2.1252,-0.5000000000000004,0.8660254037844384,16.0,
15,2015,3,9,5.361111111111111,9.0,3.0,4.323333333333334,1.0,6.123233995736766e-17,7.0,0
15,2015,4,15,10.608,9.0,9.0,5.361111111111111,0.8660254037844387,-0.4999999999999998,11.0,0
15,2015,5,6,2.9916666666666667,15.0,9.0,10.608,0.4999999999999999,-0.8660254037844387,10.0,0
15,2015,6,3,6.136666666666667,6.0,15.0,2.9916666666666667,1.2246467991473532e-16,-1.0,8.0,0
15,2015,8,3,10.71,3.0,6.0,6.136666666666667,-0.8660254037844384,-0.5000000000000004,4.0,0
15,2015,9,3,1.6266666666666667,3.0,3.0,10.71,-1.0,-1.8369701987210294e-16,3.0,0
15,2015,10,2,13.97,3.0,3.0,1.6266666666666667,-0.8660254037844386,0.5000000000000001,2.6666666666666665,0
15,2015,11,4,2.81,2.0,3.0,13.97,-0.5000000000000004,0.8660254037844384,3.0,0
15,2015,12,5,4.074,4.0,2.0,2.81,-2.4492935982947064e-16,1.0,3.6666666666666665,0
15,2016,1,5,3.272,5.0,4.0,4.074,0.4999999999999999,0.8660254037844387,4.666666666666667,0
15,2016,2,4,1.7475,5.0,5.0,3.272,0.8660254037844386,0.5000000000000001,4.666666666666667,0
15,2016,3,16,5.27,4.0,5.0,1.7475,1.0,6.123233995736766e-17,8.333333333333334,0
15,2016,4,5,5.178,16.0,4.0,5.27,0.8660254037844387,-0.4999999999999998,8.333333333333334,0
15,2016,5,22,13.408181818181818,5.0,16.0,5.178,0.4999999999999999,-0.8660254037844387,14.333333333333334,0
15,2016,6,11,11.252727272727272,22.0,5.0,13.408181818181818,1.2246467991473532e-16,-1.0,12.666666666666666,0
15,2016,7,5,3.01,11.0,22.0,11.252727272727272,-0.4999999999999998,-0.8660254037844388,12.666666666666666,0
15,2016,8,3,1.1366666666666667,5.0,11.0,3.01,-0.8660254037844384,-0.5000000000000004,6.333333333333333,0
15,2016,9,11,10.363636363636363,3.0,5.0,1.1366666666666667,-1.0,-1.8369701987210294e-16,6.333333333333333,0
15,2016,10,14,8.645,11.0,3.0,10.363636363636363,-0.8660254037844386,0.5000000000000001,9.333333333333334,1
15,2016,11,135,12.254592592592592,14.0,11.0,8.645,-0.5000000000000004,0.8660254037844384,53.333333333333336,0
15,2016,12,10,4.599,135.0,14.0,12.254592592592592,-2.4492935982947064e-16,1.0,53.0,0
15,2017,1,1,2.89,10.0,135.0,4.599,0.4999999999999999,0.8660254037844387,48.666666666666664,0
15,2017,2,40,14.95075,1.0,10.0,2.89,0.8660254037844386,0.5000000000000001,17.0,0
15,2017,3,38,3.2963157894736845,40.0,1.0,14.95075,1.0,6.123233995736766e-17,26.333333333333332,0
15,2017,4,32,23.015625,38.0,40.0,3.2963157894736845,0.8660254037844387,-0.4999999999999998,36.666666666666664,0
15,2017,5,4,5.637499999999999,32.0,38.0,23.015625,0.4999999999999999,-0.8660254037844387,24.666666666666668,0
15,2017,6,21,8.23047619047619,4.0,32.0,5.637499999999999,1.2246467991473532e-16,-1.0,19.0,1
15,2017,7,210,22.408190476190477,21.0,4.0,8.23047619047619,-0.4999999999999998,-0.8660254037844388,78.33333333333333,0
15,2017,8,5,3.56,210.0,21.0,22.408190476190477,-0.8660254037844384,-0.5000000000000004,78.66666666666667,0
15,2017,9,12,9.251666666666669,5.0,210.0,3.56,-1.0,-1.8369701987210294e-16,75.66666666666667,0
15,2017,10,11,8.176363636363636,12.0,5.0,9.251666666666669,-0.8660254037844386,0.5000000000000001,9.333333333333334,0
15,2017,11,26,8.750384615384615,11.0,12.0,8.176363636363636,-0.5000000000000004,0.8660254037844384,16.333333333333332,0
15,2017,12,7,8.114285714285714,26.0,11.0,8.750384615384615,-2.4492935982947064e-16,1.0,14.666666666666666,0
15,2018,1,8,4.1475,7.0,26.0,8.114285714285714,0.4999999999999999,0.8660254037844387,13.666666666666666,0
15,2018,2,9,4.225555555555555,8.0,7.0,4.1475,0.8660254037844386,0.5000000000000001,8.0,0
15,2018,3,3,10.43,9.0,8.0,4.225555555555555,1.0,6.123233995736766e-17,6.666666666666667,0
15,2018,5,2,5.415,3.0,9.0,10.43,0.4999999999999999,-0.8660254037844387,4.666666666666667,0
15,2018,6,1,4.16,2.0,3.0,5.415,1.2246467991473532e-16,-1.0,2.0,0
15,2018,7,1,0.76,1.0,2.0,4.16,-0.4999999999999998,-0.8660254037844388,1.3333333333333333,0
15,2018,8,8,5.0375,1.0,1.0,0.76,-0.8660254037844384,-0.5000000000000004,3.3333333333333335,0
15,2018,9,4,2.575,8.0,1.0,5.0375,-1.0,-1.8369701987210294e-16,4.333333333333333,0
15,2018,10,5,2.662,4.0,8.0,2.575,-0.8660254037844386,0.5000000000000001,5.666666666666667,0
15,2018,11,3,3.0399999999999996,5.0,4.0,2.662,-0.5000000000000004,0.8660254037844384,4.0,0
15,2018,12,3,3.1966666666666668,3.0,5.0,3.0399999999999996,-2.4492935982947064e-16,1.0,3.6666666666666665,0
15,2019,1,4,5.0625,3.0,3.0,3.1966666666666668,0.4999999999999999,0.8660254037844387,3.3333333333333335,0
15,2019,2,3,1.0266666666666666,4.0,3.0,5.0625,0.8660254037844386,0.5000000000000001,3.3333333333333335,0
15,2019,3,6,2.7733333333333334,3.0,4.0,1.0266666666666666,1.0,6.123233995736766e-17,4.333333333333333,0
15,2019,4,2,7.42,6.0,3.0,2.7733333333333334,0.8660254037844387,-0.4999999999999998,3.6666666666666665,0
15,2019,5,9,16.124444444444446,2.0,6.0,7.42,0.4999999999999999,-0.8660254037844387,5.666666666666667,0
15,2019,6,11,14.46,9.0,2.0,16.124444444444446,1.2246467991473532e-16,-1.0,7.333333333333333,0
15,2019,7,3,0.52,11.0,9.0,14.46,-0.4999999999999998,-0.8660254037844388,7.666666666666667,0
15,2019,8,7,6.8428571428571425,3.0,11.0,0.52,-0.8660254037844384,-0.5000000000000004,7.0,0
15,2019,9,16,4.1975,7.0,3.0,6.8428571428571425,-1.0,-1.8369701987210294e-16,8.666666666666666,0
15,2019,10,13,7.761538461538462,16.0,7.0,4.1975,-0.8660254037844386,0.5000000000000001,12.0,0
15,2019,11,20,7.637,13.0,16.0,7.761538461538462,-0.5000000000000004,0.8660254037844384,16.333333333333332,0
15,2019,12,4,3.955,20.0,13.0,7.637,-2.4492935982947064e-16,1.0,12.333333333333334,0
15,2020,1,7,2.185714285714286,4.0,20.0,3.955,0.4999999999999999,0.8660254037844387,10.333333333333334,
15,2020,2,3,2.903333333333333,7.0,4.0,2.185714285714286,0.8660254037844386,0.5000000000000001,4.666666666666667,
15,2020,3,28,7.479285714285714,3.0,7.0,2.903333333333333,1.0,6.123233995736766e-17,12.666666666666666,
15,2020,4,2,1.81,28.0,3.0,7.479285714285714,0.8660254037844387,-0.4999999999999998,11.0,
15,2020,5,11,2.887272727272727,2.0,28.0,1.81,0.4999999999999999,-0.8660254037844387,13.666666666666666,
15,2020,6,3,0.79,11.0,2.0,2.887272727272727,1.2246467991473532e-16,-1.0,5.333333333333333,
15,2020,7,8,2.8875,3.0,11.0,0.79,-0.4999999999999998,-0.8660254037844388,7.333333333333333,
15,2020,8,6,4.691666666666666,8.0,3.0,2.8875,-0.8660254037844384,-0.5000000000000004,5.666666666666667,
15,2020,9,3,0.36,6.0,8.0,4.691666666666666,-1.0,-1.8369701987210294e-16,5.666666666666667,
15,2020,10,4,0.9875,3.0,6.0,0.36,-0.8660254037844386,0.5000000000000001,4.333333333333333,
15,2020,11,1,0.58,4.0,3.0,0.9875,-0.5000000000000004,0.8660254037844384,2.6666666666666665,
16,2015,3,11,5.739090909090909,17.0,25.0,10.403529411764705,1.0,6.123233995736766e-17,17.666666666666668,0
16,2015,4,20,5.5405,11.0,17.0,5.739090909090909,0.8660254037844387,-0.4999999999999998,16.0,0
16,2015,5,9,7.148888888888889,20.0,11.0,5.5405,0.4999999999999999,-0.8660254037844387,13.333333333333334,0
16,2015,6,2,15.92,9.0,20.0,7.148888888888889,1.2246467991473532e-16,-1.0,10.333333333333334,1
16,2015,7,905,32.118541436464085,2.0,9.0,15.92,-0.4999999999999998,-0.8660254037844388,305.3333333333333,1
16,2015,8,537,31.660223463687153,905.0,2.0,32.118541436464085,-0.8660254037844384,-0.5000000000000004,481.3333333333333,1
16,2015,9,122,5.588196721311475,537.0,905.0,31.660223463687153,-1.0,-1.8369701987210294e-16,521.3333333333334,0
16,2015,11,2,3.69,122.0,537.0,5.588196721311475,-0.5000000000000004,0.8660254037844384,220.33333333333337,0
16,2015,12,3,4.213333333333334,2.0,122.0,3.69,-2.4492935982947064e-16,1.0,42.333333333333336,0
16,2016,2,5,1.876,3.0,2.0,4.213333333333334,0.8660254037844386,0.5000000000000001,3.3333333333333335,0
16,2016,3,2,2.8949999999999996,5.0,3.0,1.876,1.0,6.123233995736766e-17,3.3333333333333335,1
16,2016,4,59,9.169661016949153,2.0,5.0,2.8949999999999996,0.8660254037844387,-0.4999999999999998,22.0,0
16,2016,5,3,2.14,59.0,2.0,9.169661016949153,0.4999999999999999,-0.8660254037844387,21.333333333333332,0
16,2016,6,7,3.7528571428571422,3.0,59.0,2.14,1.2246467991473532e-16,-1.0,23.0,0
16,2016,7,2,4.23,7.0,3.0,3.7528571428571422,-0.4999999999999998,-0.8660254037844388,4.0,1
16,2016,8,83,10.68289156626506,2.0,7.0,4.23,-0.8660254037844384,-0.5000000000000004,30.666666666666668,0
16,2016,10,11,4.9399999999999995,83.0,2.0,10.68289156626506,-0.8660254037844386,0.5000000000000001,32.0,1
16,2016,11,65,12.801692307692308,11.0,83.0,4.9399999999999995,-0.5000000000000004,0.8660254037844384,53.0,0
16,2016,12,43,6.1723255813953495,65.0,11.0,12.801692307692308,-2.4492935982947064e-16,1.0,39.666666666666664,0
16,2017,1,9,8.146666666666668,43.0,65.0,6.1723255813953495,0.4999999999999999,0.8660254037844387,39.0,0
16,2017,2,15,2.7753333333333337,9.0,43.0,8.146666666666668,0.8660254037844386,0.5000000000000001,22.333333333333332,0
16,2017,3,21,5.020476190476191,15.0,9.0,2.7753333333333337,1.0,6.123233995736766e-17,15.0,0
16,2017,4,21,4.488571428571428,21.0,15.0,5.020476190476191,0.8660254037844387,-0.4999999999999998,19.0,0
16,2017,5,9,5.698888888888889,21.0,21.0,4.488571428571428,0.4999999999999999,-0.8660254037844387,17.0,0
16,2017,9,16,24.034375,9.0,21.0,5.698888888888889,-1.0,-1.8369701987210294e-16,15.333333333333334,1
16,2017,10,83,30.71060240963855,16.0,9.0,24.034375,-0.8660254037844386,0.5000000000000001,36.0,0
16,2017,11,4,2.81,83.0,16.0,30.71060240963855,-0.5000000000000004,0.8660254037844384,34.333333333333336,0
16,2017,12,1,2.0,4.0,83.0,2.81,-2.4492935982947064e-16,1.0,29.333333333333332,0
16,2018,1,18,3.390555555555556,1.0,4.0,2.0,0.4999999999999999,0.8660254037844387,7.666666666666667,0
16,2018,2,23,6.087391304347825,18.0,1.0,3.390555555555556,0.8660254037844386,0.5000000000000001,14.0,0
16,2018,3,9,4.128888888888889,23.0,18.0,6.087391304347825,1.0,6.123233995736766e-17,16.666666666666668,0
16,2018,4,13,3.5453846153846156,9.0,23.0,4.128888888888889,0.8660254037844387,-0.4999999999999998,15.0,0
16,2018,5,2,3.815,13.0,9.0,3.5453846153846156,0.4999999999999999,-0.8660254037844387,8.0,1
16,2018,6,294,57.07741496598639,2.0,13.0,3.815,1.2246467991473532e-16,-1.0,103.0,1
16,2018,7,1300,37.68153076923077,294.0,2.0,57.07741496598639,-0.4999999999999998,-0.8660254037844388,532.0,1
16,2018,8,9178,21.941266071039443,1300.0,294.0,37.68153076923077,-0.8660254037844384,-0.5000000000000004,3590.6666666666665,1
16,2018,9,231,8.69077922077922,9178.0,1300.0,21.941266071039443,-1.0,-1.8369701987210294e-16,3569.6666666666665,0
16,2018,11,1,3.4,231.0,9178.0,8.69077922077922,-0.5000000000000004,0.8660254037844384,3136.6666666666665,0
16,2018,12,27,3.9140740740740743,1.0,231.0,3.4,-2.4492935982947064e-16,1.0,86.33333333333333,0
16,2019,1,9,4.866666666666666,27.0,1.0,3.9140740740740743,0.4999999999999999,0.8660254037844387,12.333333333333334,0
16,2019,3,4,2.49,9.0,27.0,4.866666666666666,1.0,6.123233995736766e-17,13.333333333333334,0
16,2019,4,24,4.67375,4.0,9.0,2.49,0.8660254037844387,-0.4999999999999998,12.333333333333334,0
16,2019,5,2,3.3099999999999996,24.0,4.0,4.67375,0.4999999999999999,-0.8660254037844387,10.0,0
16,2019,6,1,1.68,2.0,24.0,3.3099999999999996,1.2246467991473532e-16,-1.0,9.0,0
16,2019,7,2,2.385,1.0,2.0,1.68,-0.4999999999999998,-0.8660254037844388,1.6666666666666667,0
16,2019,8,1,0.67,2.0,1.0,2.385,-0.8660254037844384,-0.5000000000000004,1.3333333333333333,0
16,2019,9,3,138.23,1.0,2.0,0.67,-1.0,-1.8369701987210294e-16,2.0,1
16,2019,10,47,7.52,3.0,1.0,138.23,-0.8660254037844386,0.5000000000000001,17.0,0
16,2019,11,4,9.3975,47.0,3.0,7.52,-0.5000000000000004,0.8660254037844384,18.0,0
16,2019,12,5,4.864,4.0,47.0,9.3975,-2.4492935982947064e-16,1.0,18.666666666666668,0
16,2020,1,12,3.986666666666667,5.0,4.0,4.864,0.4999999999999999,0.8660254037844387,7.0,
16,2020,2,47,9.42,12.0,5.0,3.986666666666667,0.8660254037844386,0.5000000000000001,21.333333333333332,
16,2020,3,47,9.95531914893617,47.0,12.0,9.42,1.0,6.123233995736766e-17,35.333333333333336,
16,2020,4,40,10.228,47.0,47.0,9.95531914893617,0.8660254037844387,-0.4999999999999998,44.666666666666664,
16,2020,5,14,5.530714285714287,40.0,47.0,10.228,0.4999999999999999,-0.8660254037844387,33.666666666666664,
16,2020,6,2,5.455,14.0,40.0,5.530714285714287,1.2246467991473532e-16,-1.0,18.666666666666668,
16,2020,7,2,12.83,2.0,14.0,5.455,-0.4999999999999998,-0.8660254037844388,6.0,
16,2020,8,2629,15.150464054773678,2.0,2.0,12.83,-0.8660254037844384,-0.5000000000000004,877.6666666666666,
16,2020,9,1317,16.01721336370539,2629.0,2.0,15.150464054773678,-1.0,-1.8369701987210294e-16,1316.0,
16,2020,10,22,6.635,1317.0,2629.0,16.01721336370539,-0.8660254037844386,0.5000000000000001,1322.6666666666667,
17,2015,4,2,0.755,1.0,4.0,2.66,0.8660254037844387,-0.4999999999999998,2.3333333333333335,0
17,2015,6,1,1.54,2.0,1.0,0.755,1.2246467991473532e-16,-1.0,1.3333333333333333,1
17,2015,8,215,31.23539534883721,1.0,2.0,1.54,-0.8660254037844384,-0.5000000000000004,72.66666666666667,1
17,2015,10,120,14.011833333333334,215.0,1.0,31.23539534883721,-0.8660254037844386,0.5000000000000001,112.0,0
17,2015,11,9,10.71111111111111,120.0,215.0,14.011833333333334,-0.5000000000000004,0.8660254037844384,114.66666666666669,0
17,2015,12,13,4.619230769230769,9.0,120.0,10.71111111111111,-2.4492935982947064e-16,1.0,47.333333333333336,0
17,2016,4,3,4.316666666666666,13.0,9.0,4.619230769230769,0.8660254037844387,-0.4999999999999998,8.333333333333334,0
17,2016,5,4,7.1,3.0,13.0,4.316666666666666,0.4999999999999999,-0.8660254037844387,6.666666666666667,0
17,2016,6,1,0.59,4.0,3.0,7.1,1.2246467991473532e-16,-1.0,2.6666666666666665,0
17,2016,8,1,6.65,1.0,4.0,0.59,-0.8660254037844384,-0.5000000000000004,2.0,1
17,2016,9,121,24.254545454545458,1.0,1.0,6.65,-1.0,-1.8369701987210294e-16,41.0,0
17,2016,10,30,36.09166666666667,121.0,1.0,24.254545454545458,-0.8660254037844386,0.5000000000000001,50.666666666666664,1
17,2016,11,61,6.674426229508197,30.0,121.0,36.09166666666667,-0.5000000000000004,0.8660254037844384,70.66666666666667,0
17,2016,12,16,9.318125,61.0,30.0,6.674426229508197,-2.4492935982947064e-16,1.0,35.666666666666664,0
17,2017,3,1,2.71,16.0,61.0,9.318125,1.0,6.123233995736766e-17,26.0,0
17,2017,4,3,4.373333333333334,1.0,16.0,2.71,0.8660254037844387,-0.4999999999999998,6.666666666666667,0
17,2017,5,3,3.62,3.0,1.0,4.373333333333334,0.4999999999999999,-0.8660254037844387,2.3333333333333335,1
17,2017,7,168,13.983690476190478,3.0,3.0,3.62,-0.4999999999999998,-0.8660254037844388,58.0,0
17,2017,8,18,10.653333333333332,168.0,3.0,13.983690476190478,-0.8660254037844384,-0.5000000000000004,63.0,0
17,2017,9,18,36.690000000000005,18.0,168.0,10.653333333333332,-1.0,-1.8369701987210294e-16,68.0,0
17,2017,10,24,16.258333333333333,18.0,18.0,36.690000000000005,-0.8660254037844386,0.5000000000000001,20.0,0
17,2017,11,15,13.972,24.0,18.0,16.258333333333333,-0.5000000000000004,0.8660254037844384,19.0,0
17,2017,12,4,2.185,15.0,24.0,13.972,-2.4492935982947064e-16,1.0,14.333333333333334,0
17,2018,1,5,2.754,4.0,15.0,2.185,0.4999999999999999,0.8660254037844387,8.0,0
17,2018,2,2,6.619999999999999,5.0,4.0,2.754,0.8660254037844386,0.5000000000000001,3.6666666666666665,0
17,2018,3,1,2.25,2.0,5.0,6.619999999999999,1.0,6.123233995736766e-17,2.6666666666666665,0
17,2018,4,1,3.93,1.0,2.0,2.25,0.8660254037844387,-0.4999999999999998,1.3333333333333333,0
17,2018,6,1,4.38,1.0,1.0,3.93,1.2246467991473532e-16,-1.0,1.0,1
17,2018,7,802,24.410087281795512,1.0,1.0,4.38,-0.4999999999999998,-0.8660254037844388,268.0,1
17,2018,8,111,11.905045045045046,802.0,1.0,24.410087281795512,-0.8660254037844384,-0.5000000000000004,304.6666666666667,0
17,2018,9,6,4.3999999999999995,111.0,802.0,11.905045045045046,-1.0,-1.8369701987210294e-16,306.3333333333333,0
17,2018,10,28,20.23892857142857,6.0,111.0,4.3999999999999995,-0.8660254037844386,0.5000000000000001,48.333333333333336,0
17,2018,11,6,25.893333333333334,28.0,6.0,20.23892857142857,-0.5000000000000004,0.8660254037844384,13.333333333333334,0
17,2018,12,9,5.302222222222222,6.0,28.0,25.893333333333334,-2.4492935982947064e-16,1.0,14.333333333333334,0
17,2019,5,10,26.775,9.0,6.0,5.302222222222222,0.4999999999999999,-0.8660254037844387,8.333333333333334,0
17,2019,6,5,5.322000000000001,10.0,9.0,26.775,1.2246467991473532e-16,-1.0,8.0,0
17,2019,7,12,79.25666666666666,5.0,10.0,5.322000000000001,-0.4999999999999998,-0.8660254037844388,9.0,0
17,2019,8,32,57.9665625,12.0,5.0,79.25666666666666,-0.8660254037844384,-0.5000000000000004,16.333333333333332,0
17,2019,9,18,27.270555555555557,32.0,12.0,57.9665625,-1.0,-1.8369701987210294e-16,20.666666666666668,0
17,2019,10,40,18.43875,18.0,32.0,27.270555555555557,-0.8660254037844386,0.5000000000000001,30.0,0
17,2019,11,16,12.7275,40.0,18.0,18.43875,-0.5000000000000004,0.8660254037844384,24.666666666666668,0
17,2019,12,3,3.5399999999999996,16.0,40.0,12.7275,-2.4492935982947064e-16,1.0,19.666666666666668,0
17,2020,1,3,5.816666666666666,3.0,16.0,3.5399999999999996,0.4999999999999999,0.8660254037844387,7.333333333333333,
17,2020,2,10,7.455,3.0,3.0,5.816666666666666,0.8660254037844386,0.5000000000000001,5.333333333333333,
17,2020,3,4,5.6175,10.0,3.0,7.455,1.0,6.123233995736766e-17,5.666666666666667,
17,2020,4,7,15.704285714285716,4.0,10.0,5.6175,0.8660254037844387,-0.4999999999999998,7.0,
17,2020,6,7,7.807142857142857,7.0,4.0,15.704285714285716,1.2246467991473532e-16,-1.0,6.0,
17,2020,7,1116,16.277598566308242,7.0,7.0,7.807142857142857,-0.4999999999999998,-0.8660254037844388,376.6666666666667,
17,2020,8,2995,33.496597662771286,1116.0,7.0,16.277598566308242,-0.8660254037844384,-0.5000000000000004,1372.6666666666667,
17,2020,9,89,17.011685393258425,2995.0,1116.0,33.496597662771286,-1.0,-1.8369701987210294e-16,1400.0,
17,2020,10,2,1.495,89.0,2995.0,17.011685393258425,-0.8660254037844386,0.5000000000000001,1028.6666666666667,
17,2020,11,7,41.64,2.0,89.0,1.495,-0.5000000000000004,0.8660254037844384,32.666666666666664,
18,2015,3,123,0.9570731707317072,136.0,140.0,0.8813970588235295,1.0,6.123233995736766e-17,133.0,1
18,2015,4,173,1.664450867052023,123.0,136.0,0.9570731707317072,0.8660254037844387,-0.4999999999999998,144.0,1
18,2015,5,104,0.9823076923076924,173.0,123.0,1.664450867052023,0.4999999999999999,-0.8660254037844387,133.33333333333334,1
18,2015,6,107,18.661682242990658,104.0,173.0,0.9823076923076924,1.2246467991473532e-16,-1.0,128.0,1
18,2015,7,130,2.2183076923076923,107.0,104.0,18.661682242990658,-0.4999999999999998,-0.8660254037844388,113.66666666666669,1
18,2015,8,135,10.269185185185185,130.0,107.0,2.2183076923076923,-0.8660254037844384,-0.5000000000000004,124.0,1
18,2015,9,143,1.179020979020979,135.0,130.0,10.269185185185185,-1.0,-1.8369701987210294e-16,136.0,1
18,2015,10,165,0.9683030303030304,143.0,135.0,1.179020979020979,-0.8660254037844386,0.5000000000000001,147.66666666666666,1
18,2015,11,229,6.988558951965066,165.0,143.0,0.9683030303030304,-0.5000000000000004,0.8660254037844384,179.0,1
18,2015,12,115,0.7106086956521739,229.0,165.0,6.988558951965066,-2.4492935982947064e-16,1.0,169.66666666666666,1
18,2016,1,85,0.8445882352941178,115.0,229.0,0.7106086956521739,0.4999999999999999,0.8660254037844387,143.0,1
18,2016,2,213,1.119295774647887,85.0,115.0,0.8445882352941178,0.8660254037844386,0.5000000000000001,137.66666666666666,1
18,2016,3,144,0.7735416666666667,213.0,85.0,1.119295774647887,1.0,6.123233995736766e-17,147.33333333333334,1
18,2016,4,201,1.698905472636816,144.0,213.0,0.7735416666666667,0.8660254037844387,-0.4999999999999998,186.0,1
18,2016,5,120,0.7593333333333334,201.0,144.0,1.698905472636816,0.4999999999999999,-0.8660254037844387,155.0,1
18,2016,6,329,14.103100303951368,120.0,201.0,0.7593333333333334,1.2246467991473532e-16,-1.0,216.66666666666663,1
18,2016,7,1496,28.808061497326204,329.0,120.0,14.103100303951368,-0.4999999999999998,-0.8660254037844388,648.3333333333334,1
18,2016,8,144,1.026875,1496.0,329.0,28.808061497326204,-0.8660254037844384,-0.5000000000000004,656.3333333333334,1
18,2016,9,163,1.5046625766871164,144.0,1496.0,1.026875,-1.0,-1.8369701987210294e-16,601.0,1
18,2016,10,226,2.144336283185841,163.0,144.0,1.5046625766871164,-0.8660254037844386,0.5000000000000001,177.66666666666666,1
18,2016,11,256,11.037421875,226.0,163.0,2.144336283185841,-0.5000000000000004,0.8660254037844384,215.0,1
18,2016,12,105,1.0004761904761903,256.0,226.0,11.037421875,-2.4492935982947064e-16,1.0,195.66666666666663,1
18,2017,1,85,0.8747058823529411,105.0,256.0,1.0004761904761903,0.4999999999999999,0.8660254037844387,148.66666666666666,1
18,2017,2,78,0.7878205128205129,85.0,105.0,0.8747058823529411,0.8660254037844386,0.5000000000000001,89.33333333333333,1
18,2017,3,182,1.0513186813186814,78.0,85.0,0.7878205128205129,1.0,6.123233995736766e-17,115.0,1
18,2017,4,195,0.9653846153846154,182.0,78.0,1.0513186813186814,0.8660254037844387,-0.4999999999999998,151.66666666666666,1
18,2017,5,154,4.0685714285714285,195.0,182.0,0.9653846153846154,0.4999999999999999,-0.8660254037844387,177.0,1
18,2017,6,197,11.4546192893401,154.0,195.0,4.0685714285714285,1.2246467991473532e-16,-1.0,182.0,1
18,2017,7,178,0.937247191011236,197.0,154.0,11.4546192893401,-0.4999999999999998,-0.8660254037844388,176.33333333333334,1
18,2017,8,133,1.2290225563909776,178.0,197.0,0.937247191011236,-0.8660254037844384,-0.5000000000000004,169.33333333333334,1
18,2017,9,567,17.12442680776014,133.0,178.0,1.2290225563909776,-1.0,-1.8369701987210294e-16,292.6666666666667,1
18,2017,10,260,1.965730769230769,567.0,133.0,17.12442680776014,-0.8660254037844386,0.5000000000000001,320.0,1
18,2017,11,196,17.897091836734692,260.0,567.0,1.965730769230769,-0.5000000000000004,0.8660254037844384,341.0,1
18,2017,12,527,18.366812144212524,196.0,260.0,17.897091836734692,-2.4492935982947064e-16,1.0,327.6666666666667,1
18,2018,1,155,0.8384516129032259,527.0,196.0,18.366812144212524,0.4999999999999999,0.8660254037844387,292.6666666666667,1
18,2018,2,153,1.0058823529411764,155.0,527.0,0.8384516129032259,0.8660254037844386,0.5000000000000001,278.3333333333333,1
18,2018,3,115,1.202347826086957,153.0,155.0,1.0058823529411764,1.0,6.123233995736766e-17,141.0,1
18,2018,4,229,1.3475982532751092,115.0,153.0,1.202347826086957,0.8660254037844387,-0.4999999999999998,165.66666666666666,1
18,2018,5,148,1.0817567567567568,229.0,115.0,1.3475982532751092,0.4999999999999999,-0.8660254037844387,164.0,1
18,2018,6,201,8.090099502487561,148.0,229.0,1.0817567567567568,1.2246467991473532e-16,-1.0,192.66666666666663,1
18,2018,7,201,2.3762686567164177,201.0,148.0,8.090099502487561,-0.4999999999999998,-0.8660254037844388,183.33333333333337,1
18,2018,8,235,1.2902127659574467,201.0,201.0,2.3762686567164177,-0.8660254037844384,-0.5000000000000004,212.33333333333337,1
18,2018,9,224,3.778839285714286,235.0,201.0,1.2902127659574467,-1.0,-1.8369701987210294e-16,220.0,1
18,2018,10,252,0.917936507936508,224.0,235.0,3.778839285714286,-0.8660254037844386,0.5000000000000001,237.0,1
18,2018,11,1270,27.77944881889764,252.0,224.0,0.917936507936508,-0.5000000000000004,0.8660254037844384,582.0,1
18,2018,12,210,1.0122380952380952,1270.0,252.0,27.77944881889764,-2.4492935982947064e-16,1.0,577.3333333333334,1
18,2019,1,163,0.9755828220858896,210.0,1270.0,1.0122380952380952,0.4999999999999999,0.8660254037844387,547.6666666666666,1
18,2019,2,118,1.0958474576271189,163.0,210.0,0.9755828220858896,0.8660254037844386,0.5000000000000001,163.66666666666666,1
18,2019,3,195,1.2850256410256409,118.0,163.0,1.0958474576271189,1.0,6.123233995736766e-17,158.66666666666666,1
18,2019,4,177,1.1248587570621469,195.0,118.0,1.2850256410256409,0.8660254037844387,-0.4999999999999998,163.33333333333334,1
18,2019,5,163,1.22,177.0,195.0,1.1248587570621469,0.4999999999999999,-0.8660254037844387,178.33333333333334,1
18,2019,6,120,1.6658333333333333,163.0,177.0,1.22,1.2246467991473532e-16,-1.0,153.33333333333334,1
18,2019,7,182,1.116428571428571,120.0,163.0,1.6658333333333333,-0.4999999999999998,-0.8660254037844388,155.0,1
18,2019,8,234,1.7857264957264958,182.0,120.0,1.116428571428571,-0.8660254037844384,-0.5000000000000004,178.66666666666666,1
18,2019,9,233,1.5487124463519315,234.0,182.0,1.7857264957264958,-1.0,-1.8369701987210294e-16,216.33333333333337,1
18,2019,10,674,14.238842729970326,233.0,234.0,1.5487124463519315,-0.8660254037844386,0.5000000000000001,380.3333333333333,1
18,2019,11,261,16.872413793103448,674.0,233.0,14.238842729970326,-0.5000000000000004,0.8660254037844384,389.3333333333333,1
18,2019,12,139,1.1207913669064749,261.0,674.0,16.872413793103448,-2.4492935982947064e-16,1.0,358.0,1
18,2020,1,257,1.079610894941634,139.0,261.0,1.1207913669064749,0.4999999999999999,0.8660254037844387,219.0,
18,2020,2,207,1.1108695652173914,257.0,139.0,1.079610894941634,0.8660254037844386,0.5000000000000001,201.0,
18,2020,3,140,1.0984285714285715,207.0,257.0,1.1108695652173914,1.0,6.123233995736766e-17,201.33333333333337,
18,2020,4,126,1.0458730158730158,140.0,207.0,1.0984285714285715,0.8660254037844387,-0.4999999999999998,157.66666666666666,
18,2020,5,241,0.9856846473029046,126.0,140.0,1.0458730158730158,0.4999999999999999,-0.8660254037844387,169.0,
18,2020,6,188,2.0589361702127658,241.0,126.0,0.9856846473029046,1.2246467991473532e-16,-1.0,185.0,
18,2020,7,259,6.006911196911196,188.0,241.0,2.0589361702127658,-0.4999999999999998,-0.8660254037844388,229.33333333333337,
18,2020,8,1208,31.478096026490068,259.0,188.0,6.006911196911196,-0.8660254037844384,-0.5000000000000004,551.6666666666666,
18,2020,9,6426,24.118793962029255,1208.0,259.0,31.478096026490068,-1.0,-1.8369701987210294e-16,2631.0,
18,2020,10,323,6.508452012383901,6426.0,1208.0,24.118793962029255,-0.8660254037844386,0.5000000000000001,2652.3333333333335,
18,2020,11,267,3.9052808988764047,323.0,6426.0,6.508452012383901,-0.5000000000000004,0.8660254037844384,2338.6666666666665,
19,2015,3,27,5.9255555555555555,60.0,12.0,4.393166666666667,1.0,6.123233995736766e-17,33.0,0
19,2015,4,33,4.766969696969697,27.0,60.0,5.9255555555555555,0.8660254037844387,-0.4999999999999998,40.0,0
19,2015,5,12,3.1333333333333333,33.0,27.0,4.766969696969697,0.4999999999999999,-0.8660254037844387,24.0,1
19,2015,6,101,12.543762376237623,12.0,33.0,3.1333333333333333,1.2246467991473532e-16,-1.0,48.666666666666664,1
19,2015,7,347,17.621383285302592,101.0,12.0,12.543762376237623,-0.4999999999999998,-0.8660254037844388,153.33333333333334,1
19,2015,8,100,53.43899999999999,347.0,101.0,17.621383285302592,-0.8660254037844384,-0.5000000000000004,182.66666666666663,0
19,2015,9,12,2.8175000000000003,100.0,347.0,53.43899999999999,-1.0,-1.8369701987210294e-16,153.0,0
19,2015,10,39,7.494615384615385,12.0,100.0,2.8175000000000003,-0.8660254037844386,0.5000000000000001,50.333333333333336,1
19,2015,11,77,7.328181818181818,39.0,12.0,7.494615384615385,-0.5000000000000004,0.8660254037844384,42.666666666666664,0
19,2015,12,41,4.708780487804878,77.0,39.0,7.328181818181818,-2.4492935982947064e-16,1.0,52.333333333333336,0
19,2016,1,4,6.4825,41.0,77.0,4.708780487804878,0.4999999999999999,0.8660254037844387,40.666666666666664,0
19,2016,2,40,6.56725,4.0,41.0,6.4825,0.8660254037844386,0.5000000000000001,28.333333333333332,1
19,2016,3,46,5.61695652173913,40.0,4.0,6.56725,1.0,6.123233995736766e-17,30.0,0
19,2016,4,41,5.4782926829268295,46.0,40.0,5.61695652173913,0.8660254037844387,-0.4999999999999998,42.333333333333336,0
19,2016,5,34,7.12,41.0,46.0,5.4782926829268295,0.4999999999999999,-0.8660254037844387,40.333333333333336,0
19,2016,6,19,5.0815789473684205,34.0,41.0,7.12,1.2246467991473532e-16,-1.0,31.333333333333332,0
19,2016,7,34,9.434705882352942,19.0,34.0,5.0815789473684205,-0.4999999999999998,-0.8660254037844388,29.0,0
19,2016,8,5,3.316,34.0,19.0,9.434705882352942,-0.8660254037844384,-0.5000000000000004,19.333333333333332,0
19,2016,9,13,12.82846153846154,5.0,34.0,3.316,-1.0,-1.8369701987210294e-16,17.333333333333332,1
19,2016,10,49,12.439795918367349,13.0,5.0,12.82846153846154,-0.8660254037844386,0.5000000000000001,22.333333333333332,1
19,2016,11,158,11.629303797468356,49.0,13.0,12.439795918367349,-0.5000000000000004,0.8660254037844384,73.33333333333333,0
19,2016,12,32,4.648125,158.0,49.0,11.629303797468356,-2.4492935982947064e-16,1.0,79.66666666666667,0
19,2017,1,28,5.345357142857142,32.0,158.0,4.648125,0.4999999999999999,0.8660254037844387,72.66666666666667,0
19,2017,2,17,4.25764705882353,28.0,32.0,5.345357142857142,0.8660254037844386,0.5000000000000001,25.666666666666668,1
19,2017,3,50,7.596,17.0,28.0,4.25764705882353,1.0,6.123233995736766e-17,31.666666666666668,0
19,2017,4,41,4.193414634146341,50.0,17.0,7.596,0.8660254037844387,-0.4999999999999998,36.0,0
19,2017,5,29,12.730344827586206,41.0,50.0,4.193414634146341,0.4999999999999999,-0.8660254037844387,40.0,0
19,2017,6,42,9.507380952380952,29.0,41.0,12.730344827586206,1.2246467991473532e-16,-1.0,37.333333333333336,0
19,2017,7,17,5.6000000000000005,42.0,29.0,9.507380952380952,-0.4999999999999998,-0.8660254037844388,29.333333333333332,1
19,2017,8,611,11.385171849427168,17.0,42.0,5.6000000000000005,-0.8660254037844384,-0.5000000000000004,223.33333333333337,1
19,2017,9,975,12.78454358974359,611.0,17.0,11.385171849427168,-1.0,-1.8369701987210294e-16,534.3333333333334,0
19,2017,10,42,5.461190476190477,975.0,611.0,12.78454358974359,-0.8660254037844386,0.5000000000000001,542.6666666666666,1
19,2017,11,94,10.015212765957449,42.0,975.0,5.461190476190477,-0.5000000000000004,0.8660254037844384,370.3333333333333,1
19,2017,12,126,9.832777777777778,94.0,42.0,10.015212765957449,-2.4492935982947064e-16,1.0,87.33333333333333,1
19,2018,1,108,7.547037037037037,126.0,94.0,9.832777777777778,0.4999999999999999,0.8660254037844387,109.33333333333331,1
19,2018,2,66,15.08848484848485,108.0,126.0,7.547037037037037,0.8660254037844386,0.5000000000000001,100.0,0
19,2018,3,15,7.768666666666666,66.0,108.0,15.08848484848485,1.0,6.123233995736766e-17,63.0,0
19,2018,4,22,3.997727272727273,15.0,66.0,7.768666666666666,0.8660254037844387,-0.4999999999999998,34.333333333333336,0
19,2018,5,40,6.91175,22.0,15.0,3.997727272727273,0.4999999999999999,-0.8660254037844387,25.666666666666668,1
19,2018,6,633,16.47563981042654,40.0,22.0,6.91175,1.2246467991473532e-16,-1.0,231.66666666666663,1
19,2018,7,373,14.572949061662198,633.0,40.0,16.47563981042654,-0.4999999999999998,-0.8660254037844388,348.6666666666667,1
19,2018,8,1490,9.970805369127516,373.0,633.0,14.572949061662198,-0.8660254037844384,-0.5000000000000004,832.0,1
19,2018,9,122,2.4195081967213117,1490.0,373.0,9.970805369127516,-1.0,-1.8369701987210294e-16,661.6666666666666,1
19,2018,10,67,13.447164179104478,122.0,1490.0,2.4195081967213117,-0.8660254037844386,0.5000000000000001,559.6666666666666,0
19,2018,11,32,4.1603125,67.0,122.0,13.447164179104478,-0.5000000000000004,0.8660254037844384,73.66666666666667,1
19,2018,12,61,8.57344262295082,32.0,67.0,4.1603125,-2.4492935982947064e-16,1.0,53.333333333333336,0
19,2019,1,17,4.711764705882352,61.0,32.0,8.57344262295082,0.4999999999999999,0.8660254037844387,36.666666666666664,0
19,2019,2,26,4.440384615384615,17.0,61.0,4.711764705882352,0.8660254037844386,0.5000000000000001,34.666666666666664,0
19,2019,3,41,4.360487804878049,26.0,17.0,4.440384615384615,1.0,6.123233995736766e-17,28.0,0
19,2019,4,32,6.1421874999999995,41.0,26.0,4.360487804878049,0.8660254037844387,-0.4999999999999998,33.0,0
19,2019,5,13,7.5976923076923075,32.0,41.0,6.1421874999999995,0.4999999999999999,-0.8660254037844387,28.666666666666668,0
19,2019,6,25,3.7612,13.0,32.0,7.5976923076923075,1.2246467991473532e-16,-1.0,23.333333333333332,0
19,2019,7,35,4.816,25.0,13.0,3.7612,-0.4999999999999998,-0.8660254037844388,24.333333333333332,0
19,2019,8,24,4.814166666666666,35.0,25.0,4.816,-0.8660254037844384,-0.5000000000000004,28.0,0
19,2019,9,13,4.147692307692308,24.0,35.0,4.814166666666666,-1.0,-1.8369701987210294e-16,24.0,0
19,2019,10,26,11.615384615384617,13.0,24.0,4.147692307692308,-0.8660254037844386,0.5000000000000001,21.0,1
19,2019,11,65,14.036461538461538,26.0,13.0,11.615384615384617,-0.5000000000000004,0.8660254037844384,34.666666666666664,0
19,2019,12,31,4.812258064516129,65.0,26.0,14.036461538461538,-2.4492935982947064e-16,1.0,40.666666666666664,0
19,2020,1,38,13.409736842105264,31.0,65.0,4.812258064516129,0.4999999999999999,0.8660254037844387,44.666666666666664,
19,2020,2,57,8.321754385964912,38.0,31.0,13.409736842105264,0.8660254037844386,0.5000000000000001,42.0,
19,2020,3,110,9.655636363636363,57.0,38.0,8.321754385964912,1.0,6.123233995736766e-17,68.33333333333333,
19,2020,4,42,6.479047619047619,110.0,57.0,9.655636363636363,0.8660254037844387,-0.4999999999999998,69.66666666666667,
19,2020,5,24,3.995833333333333,42.0,110.0,6.479047619047619,0.4999999999999999,-0.8660254037844387,58.666666666666664,
19,2020,6,38,6.149736842105263,24.0,42.0,3.995833333333333,1.2246467991473532e-16,-1.0,34.666666666666664,
19,2020,7,16,4.488125,38.0,24.0,6.149736842105263,-0.4999999999999998,-0.8660254037844388,26.0,
19,2020,8,10,1.362,16.0,38.0,4.488125,-0.8660254037844384,-0.5000000000000004,21.333333333333332,
19,2020,9,13418,16.962782829035625,10.0,16.0,1.362,-1.0,-1.8369701987210294e-16,4481.333333333333,
19,2020,10,4669,15.032690083529666,13418.0,10.0,16.962782829035625,-0.8660254037844386,0.5000000000000001,6032.333333333333,
19,2020,11,246,8.251869918699187,4669.0,13418.0,15.032690083529666,-0.5000000000000004,0.8660254037844384,6111.0,
20,2015,3,5,1.164,1.0,2.0,0.35,1.0,6.123233995736766e-17,2.6666666666666665,0
20,2015,4,9,0.7055555555555555,5.0,1.0,1.164,0.8660254037844387,-0.4999999999999998,5.0,0
20,2015,5,3,0.5733333333333334,9.0,5.0,0.7055555555555555,0.4999999999999999,-0.8660254037844387,5.666666666666667,0
20,2015,6,9,0.4988888888888889,3.0,9.0,0.5733333333333334,1.2246467991473532e-16,-1.0,7.0,0
20,2015,7,10,0.534,9.0,3.0,0.4988888888888889,-0.4999999999999998,-0.8660254037844388,7.333333333333333,0
20,2015,8,9,0.5444444444444445,10.0,9.0,0.534,-0.8660254037844384,-0.5000000000000004,9.333333333333334,0
20,2015,9,10,0.488,9.0,10.0,0.5444444444444445,-1.0,-1.8369701987210294e-16,9.666666666666666,0
20,2015,10,8,3.07,10.0,9.0,0.488,-0.8660254037844386,0.5000000000000001,9.0,0
20,2015,11,5,0.4059999999999999,8.0,10.0,3.07,-0.5000000000000004,0.8660254037844384,7.666666666666667,0
20,2015,12,3,0.5266666666666667,5.0,8.0,0.4059999999999999,-2.4492935982947064e-16,1.0,5.333333333333333,0
20,2016,2,5,0.494,3.0,5.0,0.5266666666666667,0.8660254037844386,0.5000000000000001,4.333333333333333,0
20,2016,3,8,0.54125,5.0,3.0,0.494,1.0,6.123233995736766e-17,5.333333333333333,0
20,2016,4,2,0.67,8.0,5.0,0.54125,0.8660254037844387,-0.4999999999999998,5.0,0
20,2016,5,11,0.5445454545454546,2.0,8.0,0.67,0.4999999999999999,-0.8660254037844387,7.0,0
20,2016,6,9,0.5644444444444444,11.0,2.0,0.5445454545454546,1.2246467991473532e-16,-1.0,7.333333333333333,0
20,2016,7,12,0.5683333333333334,9.0,11.0,0.5644444444444444,-0.4999999999999998,-0.8660254037844388,10.666666666666666,0
20,2016,8,5,0.618,12.0,9.0,0.5683333333333334,-0.8660254037844384,-0.5000000000000004,8.666666666666666,0
20,2016,9,9,0.5244444444444444,5.0,12.0,0.618,-1.0,-1.8369701987210294e-16,8.666666666666666,0
20,2016,10,3,0.4033333333333333,9.0,5.0,0.5244444444444444,-0.8660254037844386,0.5000000000000001,5.666666666666667,0
20,2016,11,5,0.43,3.0,9.0,0.4033333333333333,-0.5000000000000004,0.8660254037844384,5.666666666666667,0
20,2016,12,1,0.53,5.0,3.0,0.43,-2.4492935982947064e-16,1.0,3.0,0
20,2017,1,3,0.59,1.0,5.0,0.53,0.4999999999999999,0.8660254037844387,3.0,0
20,2017,2,3,0.6133333333333334,3.0,1.0,0.59,0.8660254037844386,0.5000000000000001,2.3333333333333335,0
20,2017,3,3,0.6466666666666666,3.0,3.0,0.6133333333333334,1.0,6.123233995736766e-17,3.0,0
20,2017,4,4,1.485,3.0,3.0,0.6466666666666666,0.8660254037844387,-0.4999999999999998,3.3333333333333335,0
20,2017,5,2,0.4,4.0,3.0,1.485,0.4999999999999999,-0.8660254037844387,3.0,0
20,2017,6,5,0.492,2.0,4.0,0.4,1.2246467991473532e-16,-1.0,3.6666666666666665,0
20,2017,7,6,0.5066666666666667,5.0,2.0,0.492,-0.4999999999999998,-0.8660254037844388,4.333333333333333,0
20,2017,8,4,0.57,6.0,5.0,0.5066666666666667,-0.8660254037844384,-0.5000000000000004,5.0,0
20,2017,9,5,0.412,4.0,6.0,0.57,-1.0,-1.8369701987210294e-16,5.0,0
20,2017,10,2,0.37,5.0,4.0,0.412,-0.8660254037844386,0.5000000000000001,3.6666666666666665,0
20,2017,11,2,0.45,2.0,5.0,0.37,-0.5000000000000004,0.8660254037844384,3.0,0
20,2018,1,1,0.39,2.0,2.0,0.45,0.4999999999999999,0.8660254037844387,1.6666666666666667,0
20,2018,2,2,0.7050000000000001,1.0,2.0,0.39,0.8660254037844386,0.5000000000000001,1.6666666666666667,0
20,2018,3,3,0.4466666666666667,2.0,1.0,0.7050000000000001,1.0,6.123233995736766e-17,2.0,0
20,2018,4,5,0.288,3.0,2.0,0.4466666666666667,0.8660254037844387,-0.4999999999999998,3.3333333333333335,0
20,2018,5,5,0.376,5.0,3.0,0.288,0.4999999999999999,-0.8660254037844387,4.333333333333333,0
20,2018,6,12,3.6133333333333337,5.0,5.0,0.376,1.2246467991473532e-16,-1.0,7.333333333333333,0
20,2018,7,6,0.5499999999999999,12.0,5.0,3.6133333333333337,-0.4999999999999998,-0.8660254037844388,7.666666666666667,0
20,2018,8,7,1.4985714285714289,6.0,12.0,0.5499999999999999,-0.8660254037844384,-0.5000000000000004,8.333333333333334,0
20,2018,9,13,1.353076923076923,7.0,6.0,1.4985714285714289,-1.0,-1.8369701987210294e-16,8.666666666666666,0
20,2018,10,5,0.4800000000000001,13.0,7.0,1.353076923076923,-0.8660254037844386,0.5000000000000001,8.333333333333334,0
20,2018,11,1,0.2,5.0,13.0,0.4800000000000001,-0.5000000000000004,0.8660254037844384,6.333333333333333,0
20,2019,2,1,0.49,1.0,5.0,0.2,0.8660254037844386,0.5000000000000001,2.3333333333333335,0
20,2019,3,1,0.39,1.0,1.0,0.49,1.0,6.123233995736766e-17,1.0,0
20,2019,4,3,0.5,1.0,1.0,0.39,0.8660254037844387,-0.4999999999999998,1.6666666666666667,0
20,2019,5,1,0.53,3.0,1.0,0.5,0.4999999999999999,-0.8660254037844387,1.6666666666666667,0
20,2019,6,6,0.8783333333333333,1.0,3.0,0.53,1.2246467991473532e-16,-1.0,3.3333333333333335,0
20,2019,7,7,0.4571428571428571,6.0,1.0,0.8783333333333333,-0.4999999999999998,-0.8660254037844388,4.666666666666667,0
20,2019,8,7,0.5185714285714286,7.0,6.0,0.4571428571428571,-0.8660254037844384,-0.5000000000000004,6.666666666666667,0
20,2019,9,11,2.2736363636363635,7.0,7.0,0.5185714285714286,-1.0,-1.8369701987210294e-16,8.333333333333334,0
20,2019,10,1,3.93,11.0,7.0,2.2736363636363635,-0.8660254037844386,0.5000000000000001,6.333333333333333,0
20,2019,11,1,0.43,1.0,11.0,3.93,-0.5000000000000004,0.8660254037844384,4.333333333333333,0
20,2020,4,1,0.38,1.0,1.0,0.43,0.8660254037844387,-0.4999999999999998,1.0,
20,2020,5,1,0.4,1.0,1.0,0.38,0.4999999999999999,-0.8660254037844387,1.0,
20,2020,6,2,0.455,1.0,1.0,0.4,1.2246467991473532e-16,-1.0,1.3333333333333333,
20,2020,7,3,2.37,2.0,1.0,0.455,-0.4999999999999998,-0.8660254037844388,2.0,
20,2020,8,183,10.395300546448087,3.0,2.0,2.37,-0.8660254037844384,-0.5000000000000004,62.666666666666664,
20,2020,9,20,4.9295,183.0,3.0,10.395300546448087,-1.0,-1.8369701987210294e-16,68.66666666666667,
21,2015,5,2,7.135,6.0,5.0,2.93,0.4999999999999999,-0.8660254037844387,4.333333333333333,0
21,2015,6,4,8.3675,2.0,6.0,7.135,1.2246467991473532e-16,-1.0,4.0,0
21,2015,7,1,0.31,4.0,2.0,8.3675,-0.4999999999999998,-0.8660254037844388,2.3333333333333335,0
21,2015,8,29,3.866896551724138,1.0,4.0,0.31,-0.8660254037844384,-0.5000000000000004,11.333333333333334,1
21,2015,9,83,35.663012048192776,29.0,1.0,3.866896551724138,-1.0,-1.8369701987210294e-16,37.666666666666664,0
21,2015,10,10,4.138,83.0,29.0,35.663012048192776,-0.8660254037844386,0.5000000000000001,40.666666666666664,0
21,2015,11,1,4.23,10.0,83.0,4.138,-0.5000000000000004,0.8660254037844384,31.333333333333332,0
21,2015,12,2,0.905,1.0,10.0,4.23,-2.4492935982947064e-16,1.0,4.333333333333333,0
21,2016,1,5,6.784000000000001,2.0,1.0,0.905,0.4999999999999999,0.8660254037844387,2.6666666666666665,0
21,2016,2,5,3.3259999999999996,5.0,2.0,6.784000000000001,0.8660254037844386,0.5000000000000001,4.0,0
21,2016,3,1,3.1,5.0,5.0,3.3259999999999996,1.0,6.123233995736766e-17,3.6666666666666665,0
21,2016,4,3,2.6533333333333333,1.0,5.0,3.1,0.8660254037844387,-0.4999999999999998,3.0,0
21,2016,5,1,1.38,3.0,1.0,2.6533333333333333,0.4999999999999999,-0.8660254037844387,1.6666666666666667,0
21,2016,6,2,100.53,1.0,3.0,1.38,1.2246467991473532e-16,-1.0,2.0,0
21,2016,7,13,2.6815384615384614,2.0,1.0,100.53,-0.4999999999999998,-0.8660254037844388,5.333333333333333,1
21,2016,8,65,3.6087692307692305,13.0,2.0,2.6815384615384614,-0.8660254037844384,-0.5000000000000004,26.666666666666668,1
21,2016,9,161,9.782360248447205,65.0,13.0,3.6087692307692305,-1.0,-1.8369701987210294e-16,79.66666666666667,0
21,2016,10,37,4.214864864864865,161.0,65.0,9.782360248447205,-0.8660254037844386,0.5000000000000001,87.66666666666667,0
21,2016,11,5,5.232,37.0,161.0,4.214864864864865,-0.5000000000000004,0.8660254037844384,67.66666666666667,0
21,2016,12,3,4.13,5.0,37.0,5.232,-2.4492935982947064e-16,1.0,15.0,0
21,2017,1,2,1.26,3.0,5.0,4.13,0.4999999999999999,0.8660254037844387,3.3333333333333335,0
21,2017,3,1,4.14,2.0,3.0,1.26,1.0,6.123233995736766e-17,2.0,0
21,2017,4,5,3.486,1.0,2.0,4.14,0.8660254037844387,-0.4999999999999998,2.6666666666666665,0
21,2017,5,2,3.17,5.0,1.0,3.486,0.4999999999999999,-0.8660254037844387,2.6666666666666665,0
21,2017,6,20,2.141,2.0,5.0,3.17,1.2246467991473532e-16,-1.0,9.0,1
21,2017,7,1615,30.030272445820433,20.0,2.0,2.141,-0.4999999999999998,-0.8660254037844388,545.6666666666666,1
21,2017,8,1507,10.16317186463172,1615.0,20.0,30.030272445820433,-0.8660254037844384,-0.5000000000000004,1047.3333333333333,1
21,2017,9,736,5.696236413043478,1507.0,1615.0,10.16317186463172,-1.0,-1.8369701987210294e-16,1286.0,1
21,2017,10,498,13.602168674698795,736.0,1507.0,5.696236413043478,-0.8660254037844386,0.5000000000000001,913.6666666666666,0
21,2017,11,20,5.0695,498.0,736.0,13.602168674698795,-0.5000000000000004,0.8660254037844384,418.0,0
21,2017,12,4,5.2925,20.0,498.0,5.0695,-2.4492935982947064e-16,1.0,174.0,0
21,2018,1,23,3.137391304347826,4.0,20.0,5.2925,0.4999999999999999,0.8660254037844387,15.666666666666666,0
21,2018,2,18,5.71,23.0,4.0,3.137391304347826,0.8660254037844386,0.5000000000000001,15.0,0
21,2018,3,17,6.238235294117647,18.0,23.0,5.71,1.0,6.123233995736766e-17,19.333333333333332,0
21,2018,4,9,7.022222222222222,17.0,18.0,6.238235294117647,0.8660254037844387,-0.4999999999999998,14.666666666666666,0
21,2018,6,19,7.964210526315789,9.0,17.0,7.022222222222222,1.2246467991473532e-16,-1.0,15.0,1
21,2018,7,3959,14.564976004041425,19.0,9.0,7.964210526315789,-0.4999999999999998,-0.8660254037844388,1329.0,1
21,2018,8,2997,18.86076076076076,3959.0,19.0,14.564976004041425,-0.8660254037844384,-0.5000000000000004,2325.0,1
21,2018,9,86,5.878372093023256,2997.0,3959.0,18.86076076076076,-1.0,-1.8369701987210294e-16,2347.3333333333335,0
21,2018,10,17,5.867647058823529,86.0,2997.0,5.878372093023256,-0.8660254037844386,0.5000000000000001,1033.3333333333333,1
21,2018,11,62,3.649193548387097,17.0,86.0,5.867647058823529,-0.5000000000000004,0.8660254037844384,55.0,0
21,2018,12,9,3.701111111111111,62.0,17.0,3.649193548387097,-2.4492935982947064e-16,1.0,29.333333333333332,0
21,2019,2,1,0.51,9.0,62.0,3.701111111111111,0.8660254037844386,0.5000000000000001,24.0,0
21,2019,3,9,8.262222222222222,1.0,9.0,0.51,1.0,6.123233995736766e-17,6.333333333333333,0
21,2019,4,15,3.205333333333334,9.0,1.0,8.262222222222222,0.8660254037844387,-0.4999999999999998,8.333333333333334,0
21,2019,5,2,4.09,15.0,9.0,3.205333333333334,0.4999999999999999,-0.8660254037844387,8.666666666666666,0
21,2019,6,5,4.748,2.0,15.0,4.09,1.2246467991473532e-16,-1.0,7.333333333333333,0
21,2019,7,16,14.013125,5.0,2.0,4.748,-0.4999999999999998,-0.8660254037844388,7.666666666666667,0
21,2019,8,10,58.597,16.0,5.0,14.013125,-0.8660254037844384,-0.5000000000000004,10.333333333333334,0
21,2019,9,1,3.36,10.0,16.0,58.597,-1.0,-1.8369701987210294e-16,9.0,1
21,2019,10,422,37.13663507109005,1.0,10.0,3.36,-0.8660254037844386,0.5000000000000001,144.33333333333334,0
21,2019,12,9,6.7988888888888885,422.0,1.0,37.13663507109005,-2.4492935982947064e-16,1.0,144.0,0
21,2020,1,13,2.8153846153846156,9.0,422.0,6.7988888888888885,0.4999999999999999,0.8660254037844387,148.0,
21,2020,2,47,6.0238297872340425,13.0,9.0,2.8153846153846156,0.8660254037844386,0.5000000000000001,23.0,
21,2020,3,14,3.337142857142857,47.0,13.0,6.0238297872340425,1.0,6.123233995736766e-17,24.666666666666668,
21,2020,4,9,5.050000000000001,14.0,47.0,3.337142857142857,0.8660254037844387,-0.4999999999999998,23.333333333333332,
21,2020,5,1,3.65,9.0,14.0,5.050000000000001,0.4999999999999999,-0.8660254037844387,8.0,
21,2020,6,10,3.4810000000000003,1.0,9.0,3.65,1.2246467991473532e-16,-1.0,6.666666666666667,
21,2020,7,5,2.062,10.0,1.0,3.4810000000000003,-0.4999999999999998,-0.8660254037844388,5.333333333333333,
21,2020,8,88,3.3625,5.0,10.0,2.062,-0.8660254037844384,-0.5000000000000004,34.333333333333336,
21,2020,9,965,11.672290155440416,88.0,5.0,3.3625,-1.0,-1.8369701987210294e-16,352.6666666666667,
21,2020,10,283,7.399010600706714,965.0,88.0,11.672290155440416,-0.8660254037844386,0.5000000000000001,445.3333333333333,
21,2020,11,16,1.528125,283.0,965.0,7.399010600706714,-0.5000000000000004,0.8660254037844384,421.3333333333333,
22,2015,3,5,8.181999999999999,6.0,18.0,3.7083333333333335,1.0,6.123233995736766e-17,9.666666666666666,0
22,2015,4,24,8.21375,5.0,6.0,8.181999999999999,0.8660254037844387,-0.4999999999999998,11.666666666666666,0
22,2015,5,4,4.9725,24.0,5.0,8.21375,0.4999999999999999,-0.8660254037844387,11.0,0
22,2015,6,5,17.174,4.0,24.0,4.9725,1.2246467991473532e-16,-1.0,11.0,0
22,2015,7,2,3.59,5.0,4.0,17.174,-0.4999999999999998,-0.8660254037844388,3.6666666666666665,0
22,2015,8,2,1.235,2.0,5.0,3.59,-0.8660254037844384,-0.5000000000000004,3.0,0
22,2015,9,3,3.1799999999999997,2.0,2.0,1.235,-1.0,-1.8369701987210294e-16,2.3333333333333335,0
22,2015,10,2,0.43,3.0,2.0,3.1799999999999997,-0.8660254037844386,0.5000000000000001,2.3333333333333335,0
22,2015,11,10,3.665,2.0,3.0,0.43,-0.5000000000000004,0.8660254037844384,5.0,0
22,2015,12,2,3.415,10.0,2.0,3.665,-2.4492935982947064e-16,1.0,4.666666666666667,0
22,2016,2,1,3.1,2.0,10.0,3.415,0.8660254037844386,0.5000000000000001,4.333333333333333,0
22,2016,3,4,5.0575,1.0,2.0,3.1,1.0,6.123233995736766e-17,2.3333333333333335,0
22,2016,4,10,5.209,4.0,1.0,5.0575,0.8660254037844387,-0.4999999999999998,5.0,0
22,2016,5,1,1.49,10.0,4.0,5.209,0.4999999999999999,-0.8660254037844387,5.0,0
22,2016,6,2,8.68,1.0,10.0,1.49,1.2246467991473532e-16,-1.0,4.333333333333333,0
22,2016,8,4,12.3625,2.0,1.0,8.68,-0.8660254037844384,-0.5000000000000004,2.3333333333333335,0
22,2016,9,3,2.78,4.0,2.0,12.3625,-1.0,-1.8369701987210294e-16,3.0,0
22,2016,10,4,1.06,3.0,4.0,2.78,-0.8660254037844386,0.5000000000000001,3.6666666666666665,0
22,2016,11,1,0.8,4.0,3.0,1.06,-0.5000000000000004,0.8660254037844384,2.6666666666666665,0
22,2016,12,6,2.46,1.0,4.0,0.8,-2.4492935982947064e-16,1.0,3.6666666666666665,0
22,2017,3,2,3.02,6.0,1.0,2.46,1.0,6.123233995736766e-17,3.0,0
22,2017,4,14,9.64,2.0,6.0,3.02,0.8660254037844387,-0.4999999999999998,7.333333333333333,0
22,2017,5,1,3.66,14.0,2.0,9.64,0.4999999999999999,-0.8660254037844387,5.666666666666667,0
22,2017,6,1,9.5,1.0,14.0,3.66,1.2246467991473532e-16,-1.0,5.333333333333333,0
22,2017,7,10,10.859,1.0,1.0,9.5,-0.4999999999999998,-0.8660254037844388,4.0,0
22,2017,8,3,5.886666666666667,10.0,1.0,10.859,-0.8660254037844384,-0.5000000000000004,4.666666666666667,0
22,2017,9,5,14.323999999999998,3.0,10.0,5.886666666666667,-1.0,-1.8369701987210294e-16,6.0,1
22,2017,10,1263,27.43512272367379,5.0,3.0,14.323999999999998,-0.8660254037844386,0.5000000000000001,423.6666666666667,0
22,2017,11,4,3.98,1263.0,5.0,27.43512272367379,-0.5000000000000004,0.8660254037844384,424.0,0
22,2017,12,3,4.153333333333333,4.0,1263.0,3.98,-2.4492935982947064e-16,1.0,423.3333333333333,0
22,2018,1,1,3.81,3.0,4.0,4.153333333333333,0.4999999999999999,0.8660254037844387,2.6666666666666665,0
22,2018,2,20,5.218500000000001,1.0,3.0,3.81,0.8660254037844386,0.5000000000000001,8.0,0
22,2018,3,2,3.4450000000000003,20.0,1.0,5.218500000000001,1.0,6.123233995736766e-17,7.666666666666667,0
22,2018,4,8,10.3725,2.0,20.0,3.4450000000000003,0.8660254037844387,-0.4999999999999998,10.0,0
22,2018,5,20,7.1450000000000005,8.0,2.0,10.3725,0.4999999999999999,-0.8660254037844387,10.0,0
22,2018,6,3,4.303333333333334,20.0,8.0,7.1450000000000005,1.2246467991473532e-16,-1.0,10.333333333333334,1
22,2018,7,463,34.70840172786177,3.0,20.0,4.303333333333334,-0.4999999999999998,-0.8660254037844388,162.0,1
22,2018,8,211,19.3057345971564,463.0,3.0,34.70840172786177,-0.8660254037844384,-0.5000000000000004,225.66666666666663,0
22,2018,10,14,5.211428571428572,211.0,463.0,19.3057345971564,-0.8660254037844386,0.5000000000000001,229.33333333333337,0
22,2018,11,3,4.51,14.0,211.0,5.211428571428572,-0.5000000000000004,0.8660254037844384,76.0,0
22,2018,12,15,5.401333333333333,3.0,14.0,4.51,-2.4492935982947064e-16,1.0,10.666666666666666,0
22,2019,1,9,3.8655555555555554,15.0,3.0,5.401333333333333,0.4999999999999999,0.8660254037844387,9.0,0
22,2019,2,2,2.24,9.0,15.0,3.8655555555555554,0.8660254037844386,0.5000000000000001,8.666666666666666,0
22,2019,3,8,4.14875,2.0,9.0,2.24,1.0,6.123233995736766e-17,6.333333333333333,1
22,2019,4,48,11.008333333333333,8.0,2.0,4.14875,0.8660254037844387,-0.4999999999999998,19.333333333333332,0
22,2019,5,30,17.043333333333333,48.0,8.0,11.008333333333333,0.4999999999999999,-0.8660254037844387,28.666666666666668,0
22,2019,7,14,3.0014285714285713,30.0,48.0,17.043333333333333,-0.4999999999999998,-0.8660254037844388,30.666666666666668,0
22,2019,8,6,1.2133333333333334,14.0,30.0,3.0014285714285713,-0.8660254037844384,-0.5000000000000004,16.666666666666668,0
22,2019,10,11,12.780909090909091,6.0,14.0,1.2133333333333334,-0.8660254037844386,0.5000000000000001,10.333333333333334,0
22,2019,11,1,2.95,11.0,6.0,12.780909090909091,-0.5000000000000004,0.8660254037844384,6.0,0
22,2019,12,1,11.3,1.0,11.0,2.95,-2.4492935982947064e-16,1.0,4.333333333333333,0
22,2020,1,2,1.7000000000000002,1.0,1.0,11.3,0.4999999999999999,0.8660254037844387,1.3333333333333333,
22,2020,2,64,8.6990625,2.0,1.0,1.7000000000000002,0.8660254037844386,0.5000000000000001,22.333333333333332,
22,2020,3,72,15.188472222222222,64.0,2.0,8.6990625,1.0,6.123233995736766e-17,46.0,
22,2020,4,42,7.672380952380952,72.0,64.0,15.188472222222222,0.8660254037844387,-0.4999999999999998,59.333333333333336,
22,2020,5,10,9.638,42.0,72.0,7.672380952380952,0.4999999999999999,-0.8660254037844387,41.333333333333336,
22,2020,6,8,17.42625,10.0,42.0,9.638,1.2246467991473532e-16,-1.0,20.0,
22,2020,8,525,15.833542857142858,8.0,10.0,17.42625,-0.8660254037844384,-0.5000000000000004,181.0,
22,2020,9,9750,18.62293435897436,525.0,8.0,15.833542857142858,-1.0,-1.8369701987210294e-16,3427.6666666666665,
22,2020,10,1115,19.43077130044843,9750.0,525.0,18.62293435897436,-0.8660254037844386,0.5000000000000001,3796.6666666666665,
22,2020,11,8,4.9712499999999995,1115.0,9750.0,19.43077130044843,-0.5000000000000004,0.8660254037844384,3624.3333333333335,
23,2015,3,25,5.7648,21.0,1.0,4.344285714285714,1.0,6.123233995736766e-17,15.666666666666666,0
23,2015,4,16,3.2075,25.0,21.0,5.7648,0.8660254037844387,-0.4999999999999998,20.666666666666668,0
23,2015,5,17,2.5341176470588236,16.0,25.0,3.2075,0.4999999999999999,-0.8660254037844387,19.333333333333332,0
23,2015,6,12,14.7375,17.0,16.0,2.5341176470588236,1.2246467991473532e-16,-1.0,15.0,1
23,2015,7,54,4.954814814814815,12.0,17.0,14.7375,-0.4999999999999998,-0.8660254037844388,27.666666666666668,0
23,2015,8,14,1.5807142857142855,54.0,12.0,4.954814814814815,-0.8660254037844384,-0.5000000000000004,26.666666666666668,0
23,2015,9,16,5.44125,14.0,54.0,1.5807142857142855,-1.0,-1.8369701987210294e-16,28.0,0
23,2015,10,23,3.143913043478261,16.0,14.0,5.44125,-0.8660254037844386,0.5000000000000001,17.666666666666668,0
23,2015,11,21,5.082380952380952,23.0,16.0,3.143913043478261,-0.5000000000000004,0.8660254037844384,20.0,0
23,2015,12,4,1.655,21.0,23.0,5.082380952380952,-2.4492935982947064e-16,1.0,16.0,0
23,2016,1,8,5.595000000000001,4.0,21.0,1.655,0.4999999999999999,0.8660254037844387,11.0,0
23,2016,2,25,5.146800000000001,8.0,4.0,5.595000000000001,0.8660254037844386,0.5000000000000001,12.333333333333334,0
23,2016,3,26,7.985384615384616,25.0,8.0,5.146800000000001,1.0,6.123233995736766e-17,19.666666666666668,0
23,2016,4,10,2.895,26.0,25.0,7.985384615384616,0.8660254037844387,-0.4999999999999998,20.333333333333332,0
23,2016,5,16,4.136875,10.0,26.0,2.895,0.4999999999999999,-0.8660254037844387,17.333333333333332,1
23,2016,6,47,6.281489361702128,16.0,10.0,4.136875,1.2246467991473532e-16,-1.0,24.333333333333332,0
23,2016,7,19,12.363684210526316,47.0,16.0,6.281489361702128,-0.4999999999999998,-0.8660254037844388,27.333333333333332,0
23,2016,8,13,3.534615384615385,19.0,47.0,12.363684210526316,-0.8660254037844384,-0.5000000000000004,26.333333333333332,0
23,2016,9,16,3.45875,13.0,19.0,3.534615384615385,-1.0,-1.8369701987210294e-16,16.0,0
23,2016,10,19,4.330526315789474,16.0,13.0,3.45875,-0.8660254037844386,0.5000000000000001,16.0,0
23,2016,11,33,6.03090909090909,19.0,16.0,4.330526315789474,-0.5000000000000004,0.8660254037844384,22.666666666666668,0
23,2016,12,14,3.8428571428571425,33.0,19.0,6.03090909090909,-2.4492935982947064e-16,1.0,22.0,0
23,2017,1,3,0.9066666666666668,14.0,33.0,3.8428571428571425,0.4999999999999999,0.8660254037844387,16.666666666666668,0
23,2017,2,14,4.200714285714286,3.0,14.0,0.9066666666666668,0.8660254037844386,0.5000000000000001,10.333333333333334,0
23,2017,3,37,5.098378378378379,14.0,3.0,4.200714285714286,1.0,6.123233995736766e-17,18.0,0
23,2017,4,41,14.154634146341465,37.0,14.0,5.098378378378379,0.8660254037844387,-0.4999999999999998,30.666666666666668,0
23,2017,5,28,23.5125,41.0,37.0,14.154634146341465,0.4999999999999999,-0.8660254037844387,35.333333333333336,0
23,2017,6,6,9.523333333333332,28.0,41.0,23.5125,1.2246467991473532e-16,-1.0,25.0,0
23,2017,7,19,3.604736842105263,6.0,28.0,9.523333333333332,-0.4999999999999998,-0.8660254037844388,17.666666666666668,0
23,2017,8,16,7.450625,19.0,6.0,3.604736842105263,-0.8660254037844384,-0.5000000000000004,13.666666666666666,0
23,2017,9,18,8.96888888888889,16.0,19.0,7.450625,-1.0,-1.8369701987210294e-16,17.666666666666668,0
23,2017,10,29,4.957931034482758,18.0,16.0,8.96888888888889,-0.8660254037844386,0.5000000000000001,21.0,0
23,2017,11,44,6.121363636363637,29.0,18.0,4.957931034482758,-0.5000000000000004,0.8660254037844384,30.333333333333332,1
23,2017,12,77,7.827792207792208,44.0,29.0,6.121363636363637,-2.4492935982947064e-16,1.0,50.0,0
23,2018,1,18,7.28388888888889,77.0,44.0,7.827792207792208,0.4999999999999999,0.8660254037844387,46.333333333333336,1
23,2018,2,59,6.106779661016949,18.0,77.0,7.28388888888889,0.8660254037844386,0.5000000000000001,51.333333333333336,0
23,2018,3,19,3.343157894736842,59.0,18.0,6.106779661016949,1.0,6.123233995736766e-17,32.0,0
23,2018,4,18,6.636666666666667,19.0,59.0,3.343157894736842,0.8660254037844387,-0.4999999999999998,32.0,0
23,2018,5,19,4.6821052631578945,18.0,19.0,6.636666666666667,0.4999999999999999,-0.8660254037844387,18.666666666666668,0
23,2018,6,12,3.734166666666667,19.0,18.0,4.6821052631578945,1.2246467991473532e-16,-1.0,16.333333333333332,0
23,2018,7,8,2.4,12.0,19.0,3.734166666666667,-0.4999999999999998,-0.8660254037844388,13.0,0
23,2018,8,11,3.555454545454545,8.0,12.0,2.4,-0.8660254037844384,-0.5000000000000004,10.333333333333334,0
23,2018,9,14,3.652857142857143,11.0,8.0,3.555454545454545,-1.0,-1.8369701987210294e-16,11.0,0
23,2018,10,32,5.2428125,14.0,11.0,3.652857142857143,-0.8660254037844386,0.5000000000000001,19.0,0
23,2018,11,14,5.409999999999999,32.0,14.0,5.2428125,-0.5000000000000004,0.8660254037844384,20.0,0
23,2018,12,21,5.298095238095239,14.0,32.0,5.409999999999999,-2.4492935982947064e-16,1.0,22.333333333333332,0
23,2019,1,11,3.316363636363636,21.0,14.0,5.298095238095239,0.4999999999999999,0.8660254037844387,15.333333333333334,0
23,2019,2,8,5.39625,11.0,21.0,3.316363636363636,0.8660254037844386,0.5000000000000001,13.333333333333334,0
23,2019,3,33,3.453030303030303,8.0,11.0,5.39625,1.0,6.123233995736766e-17,17.333333333333332,0
23,2019,4,22,4.330909090909091,33.0,8.0,3.453030303030303,0.8660254037844387,-0.4999999999999998,21.0,0
23,2019,5,23,10.10608695652174,22.0,33.0,4.330909090909091,0.4999999999999999,-0.8660254037844387,26.0,0
23,2019,6,31,25.716451612903228,23.0,22.0,10.10608695652174,1.2246467991473532e-16,-1.0,25.333333333333332,0
23,2019,7,20,4.872,31.0,23.0,25.716451612903228,-0.4999999999999998,-0.8660254037844388,24.666666666666668,0
23,2019,8,10,2.143,20.0,31.0,4.872,-0.8660254037844384,-0.5000000000000004,20.333333333333332,0
23,2019,9,14,3.837142857142857,10.0,20.0,2.143,-1.0,-1.8369701987210294e-16,14.666666666666666,0
23,2019,10,35,9.713142857142856,14.0,10.0,3.837142857142857,-0.8660254037844386,0.5000000000000001,19.666666666666668,1
23,2019,11,62,4.761774193548387,35.0,14.0,9.713142857142856,-0.5000000000000004,0.8660254037844384,37.0,0
23,2019,12,13,5.443076923076924,62.0,35.0,4.761774193548387,-2.4492935982947064e-16,1.0,36.666666666666664,0
23,2020,1,24,17.021666666666665,13.0,62.0,5.443076923076924,0.4999999999999999,0.8660254037844387,33.0,
23,2020,2,70,5.251428571428572,24.0,13.0,17.021666666666665,0.8660254037844386,0.5000000000000001,35.666666666666664,
23,2020,3,33,6.716060606060606,70.0,24.0,5.251428571428572,1.0,6.123233995736766e-17,42.333333333333336,
23,2020,4,20,2.7515,33.0,70.0,6.716060606060606,0.8660254037844387,-0.4999999999999998,41.0,
23,2020,5,37,7.367837837837838,20.0,33.0,2.7515,0.4999999999999999,-0.8660254037844387,30.0,
23,2020,6,64,11.83375,37.0,20.0,7.367837837837838,1.2246467991473532e-16,-1.0,40.333333333333336,
23,2020,7,21,3.2138095238095237,64.0,37.0,11.83375,-0.4999999999999998,-0.8660254037844388,40.666666666666664,
23,2020,8,99,13.054040404040403,21.0,64.0,3.2138095238095237,-0.8660254037844384,-0.5000000000000004,61.333333333333336,
23,2020,9,12,2.8441666666666667,99.0,21.0,13.054040404040403,-1.0,-1.8369701987210294e-16,44.0,
23,2020,10,6,0.615,12.0,99.0,2.8441666666666667,-0.8660254037844386,0.5000000000000001,39.0,
23,2020,11,18,2.9705555555555554,6.0,12.0,0.615,-0.5000000000000004,0.8660254037844384,12.0,
24,2015,3,8,5.00875,37.0,22.0,1.7424324324324325,1.0,6.123233995736766e-17,22.333333333333332,0
24,2015,4,37,19.09864864864865,8.0,37.0,5.00875,0.8660254037844387,-0.4999999999999998,27.333333333333332,0
24,2015,5,2,3.88,37.0,8.0,19.09864864864865,0.4999999999999999,-0.8660254037844387,15.666666666666666,1
24,2015,7,53,22.345471698113208,2.0,37.0,3.88,-0.4999999999999998,-0.8660254037844388,30.666666666666668,1
24,2015,8,107,11.540467289719626,53.0,2.0,22.345471698113208,-0.8660254037844384,-0.5000000000000004,54.0,0
24,2015,9,2,2.9,107.0,53.0,11.540467289719626,-1.0,-1.8369701987210294e-16,54.0,0
24,2015,10,41,14.956341463414637,2.0,107.0,2.9,-0.8660254037844386,0.5000000000000001,50.0,1
24,2015,11,239,13.582426778242676,41.0,2.0,14.956341463414637,-0.5000000000000004,0.8660254037844384,94.0,1
24,2015,12,50,21.143600000000003,239.0,41.0,13.582426778242676,-2.4492935982947064e-16,1.0,110.0,0
24,2016,2,5,2.644,50.0,239.0,21.143600000000003,0.8660254037844386,0.5000000000000001,98.0,0
24,2016,3,5,3.47,5.0,50.0,2.644,1.0,6.123233995736766e-17,20.0,0
24,2016,4,20,5.1045,5.0,5.0,3.47,0.8660254037844387,-0.4999999999999998,10.0,0
24,2016,5,26,12.06423076923077,20.0,5.0,5.1045,0.4999999999999999,-0.8660254037844387,17.0,0
24,2016,6,2,9.955,26.0,20.0,12.06423076923077,1.2246467991473532e-16,-1.0,16.0,0
24,2016,8,6,43.88333333333333,2.0,26.0,9.955,-0.8660254037844384,-0.5000000000000004,11.333333333333334,1
24,2016,9,232,7.646163793103448,6.0,2.0,43.88333333333333,-1.0,-1.8369701987210294e-16,80.0,0
24,2016,10,28,13.421071428571429,232.0,6.0,7.646163793103448,-0.8660254037844386,0.5000000000000001,88.66666666666667,0
24,2016,11,26,6.599615384615385,28.0,232.0,13.421071428571429,-0.5000000000000004,0.8660254037844384,95.33333333333331,1
24,2016,12,57,2.3882456140350876,26.0,28.0,6.599615384615385,-2.4492935982947064e-16,1.0,37.0,0
24,2017,2,2,20.24,57.0,26.0,2.3882456140350876,0.8660254037844386,0.5000000000000001,28.333333333333332,0
24,2017,3,8,29.57875,2.0,57.0,20.24,1.0,6.123233995736766e-17,22.333333333333332,0
24,2017,4,19,11.043684210526315,8.0,2.0,29.57875,0.8660254037844387,-0.4999999999999998,9.666666666666666,1
24,2017,5,55,21.637636363636364,19.0,8.0,11.043684210526315,0.4999999999999999,-0.8660254037844387,27.333333333333332,0
24,2017,6,17,24.61176470588235,55.0,19.0,21.637636363636364,1.2246467991473532e-16,-1.0,30.333333333333332,1
24,2017,7,1557,15.266525369299936,17.0,55.0,24.61176470588235,-0.4999999999999998,-0.8660254037844388,543.0,1
24,2017,8,1374,9.65725618631732,1557.0,17.0,15.266525369299936,-0.8660254037844384,-0.5000000000000004,982.6666666666666,0
24,2017,9,4,22.0375,1374.0,1557.0,9.65725618631732,-1.0,-1.8369701987210294e-16,978.3333333333334,1
24,2017,10,52,10.535769230769231,4.0,1374.0,22.0375,-0.8660254037844386,0.5000000000000001,476.6666666666667,0
24,2017,11,14,3.167857142857143,52.0,4.0,10.535769230769231,-0.5000000000000004,0.8660254037844384,23.333333333333332,0
24,2017,12,36,7.265833333333333,14.0,52.0,3.167857142857143,-2.4492935982947064e-16,1.0,34.0,0
24,2018,1,9,11.457777777777778,36.0,14.0,7.265833333333333,0.4999999999999999,0.8660254037844387,19.666666666666668,1
24,2018,2,51,16.030196078431374,9.0,36.0,11.457777777777778,0.8660254037844386,0.5000000000000001,32.0,0
24,2018,3,20,10.333,51.0,9.0,16.030196078431374,1.0,6.123233995736766e-17,26.666666666666668,1
24,2018,4,48,15.52625,20.0,51.0,10.333,0.8660254037844387,-0.4999999999999998,39.666666666666664,0
24,2018,5,5,27.826,48.0,20.0,15.52625,0.4999999999999999,-0.8660254037844387,24.333333333333332,0
24,2018,7,14,48.55,5.0,48.0,27.826,-0.4999999999999998,-0.8660254037844388,22.333333333333332,1
24,2018,8,2461,16.660906135717187,14.0,5.0,48.55,-0.8660254037844384,-0.5000000000000004,826.6666666666666,0
24,2018,9,3,9.293333333333331,2461.0,14.0,16.660906135717187,-1.0,-1.8369701987210294e-16,826.0,0
24,2018,10,6,13.511666666666663,3.0,2461.0,9.293333333333331,-0.8660254037844386,0.5000000000000001,823.3333333333334,0
24,2018,11,19,8.480526315789474,6.0,3.0,13.511666666666663,-0.5000000000000004,0.8660254037844384,9.333333333333334,0
24,2018,12,11,26.296363636363637,19.0,6.0,8.480526315789474,-2.4492935982947064e-16,1.0,12.0,0
24,2019,1,5,6.1579999999999995,11.0,19.0,26.296363636363637,0.4999999999999999,0.8660254037844387,11.666666666666666,0
24,2019,3,8,11.32125,5.0,11.0,6.1579999999999995,1.0,6.123233995736766e-17,8.0,0
24,2019,4,28,21.970714285714287,8.0,5.0,11.32125,0.8660254037844387,-0.4999999999999998,13.666666666666666,0
24,2019,5,19,7.843157894736841,28.0,8.0,21.970714285714287,0.4999999999999999,-0.8660254037844387,18.333333333333332,0
24,2019,6,2,5.935,19.0,28.0,7.843157894736841,1.2246467991473532e-16,-1.0,16.333333333333332,1
24,2019,7,158,20.299810126582276,2.0,19.0,5.935,-0.4999999999999998,-0.8660254037844388,59.666666666666664,0
24,2019,8,1,34.87,158.0,2.0,20.299810126582276,-0.8660254037844384,-0.5000000000000004,53.666666666666664,1
24,2019,9,78,5.513333333333334,1.0,158.0,34.87,-1.0,-1.8369701987210294e-16,79.0,0
24,2019,10,2,2.6399999999999997,78.0,1.0,5.513333333333334,-0.8660254037844386,0.5000000000000001,27.0,0
24,2019,11,4,4.8225,2.0,78.0,2.6399999999999997,-0.5000000000000004,0.8660254037844384,28.0,0
24,2019,12,7,6.718571428571429,4.0,2.0,4.8225,-2.4492935982947064e-16,1.0,4.333333333333333,0
24,2020,2,43,14.451627906976745,7.0,4.0,6.718571428571429,0.8660254037844386,0.5000000000000001,18.0,
24,2020,3,19,7.362105263157894,43.0,7.0,14.451627906976745,1.0,6.123233995736766e-17,23.0,
24,2020,4,33,45.14,19.0,43.0,7.362105263157894,0.8660254037844387,-0.4999999999999998,31.666666666666668,
24,2020,6,1,9.34,33.0,19.0,45.14,1.2246467991473532e-16,-1.0,17.666666666666668,
24,2020,7,463,20.087537796976243,1.0,33.0,9.34,-0.4999999999999998,-0.8660254037844388,165.66666666666666,
24,2020,8,117,7.956495726495726,463.0,1.0,20.087537796976243,-0.8660254037844384,-0.5000000000000004,193.66666666666663,
24,2020,9,4,5.785,117.0,463.0,7.956495726495726,-1.0,-1.8369701987210294e-16,194.66666666666663,
24,2020,10,3,11.633333333333333,4.0,117.0,5.785,-0.8660254037844386,0.5000000000000001,41.333333333333336,
24,2020,11,2,6.105,3.0,4.0,11.633333333333333,-0.5000000000000004,0.8660254037844384,3.0,
25,2015,8,151,18.112251655629137,2.0,7.0,8.105,-0.8660254037844384,-0.5000000000000004,53.333333333333336,0
25,2015,10,1,4.13,151.0,2.0,18.112251655629137,-0.8660254037844386,0.5000000000000001,51.333333333333336,0
25,2015,11,9,9.77111111111111,1.0,151.0,4.13,-0.5000000000000004,0.8660254037844384,53.666666666666664,0
25,2016,1,2,11.355,9.0,1.0,9.77111111111111,0.4999999999999999,0.8660254037844387,4.0,0
25,2016,2,3,10.19,2.0,9.0,11.355,0.8660254037844386,0.5000000000000001,4.666666666666667,0
25,2016,3,5,8.404,3.0,2.0,10.19,1.0,6.123233995736766e-17,3.3333333333333335,0
25,2016,6,32,13.6309375,5.0,3.0,8.404,1.2246467991473532e-16,-1.0,13.333333333333334,1
25,2016,8,204,16.405196078431374,32.0,5.0,13.6309375,-0.8660254037844384,-0.5000000000000004,80.33333333333333,1
25,2016,9,153,21.54235294117647,204.0,32.0,16.405196078431374,-1.0,-1.8369701987210294e-16,129.66666666666666,0
25,2017,1,3,7.563333333333333,153.0,204.0,21.54235294117647,0.4999999999999999,0.8660254037844387,120.0,0
25,2017,5,18,24.06888888888889,3.0,153.0,7.563333333333333,0.4999999999999999,-0.8660254037844387,58.0,1
25,2017,8,165,15.043030303030305,18.0,3.0,24.06888888888889,-0.8660254037844384,-0.5000000000000004,62.0,1
25,2017,9,105,33.04561904761905,165.0,18.0,15.043030303030305,-1.0,-1.8369701987210294e-16,96.0,0
25,2017,10,13,11.472307692307693,105.0,165.0,33.04561904761905,-0.8660254037844386,0.5000000000000001,94.33333333333331,0
25,2017,11,32,13.6053125,13.0,105.0,11.472307692307693,-0.5000000000000004,0.8660254037844384,50.0,0
25,2018,1,9,7.621111111111111,32.0,13.0,13.6053125,0.4999999999999999,0.8660254037844387,18.0,0
25,2018,3,3,8.853333333333333,9.0,32.0,7.621111111111111,1.0,6.123233995736766e-17,14.666666666666666,0
25,2018,4,17,22.37294117647059,3.0,9.0,8.853333333333333,0.8660254037844387,-0.4999999999999998,9.666666666666666,0
25,2018,6,10,6.4990000000000006,17.0,3.0,22.37294117647059,1.2246467991473532e-16,-1.0,10.0,0
25,2018,8,2,6.99,10.0,17.0,6.4990000000000006,-0.8660254037844384,-0.5000000000000004,9.666666666666666,1
25,2018,9,98,15.756020408163264,2.0,10.0,6.99,-1.0,-1.8369701987210294e-16,36.666666666666664,0
25,2018,10,4,8.102500000000001,98.0,2.0,15.756020408163264,-0.8660254037844386,0.5000000000000001,34.666666666666664,0
25,2018,11,6,8.331666666666667,4.0,98.0,8.102500000000001,-0.5000000000000004,0.8660254037844384,36.0,0
25,2018,12,6,5.265,6.0,4.0,8.331666666666667,-2.4492935982947064e-16,1.0,5.333333333333333,0
25,2019,5,34,16.45,6.0,6.0,5.265,0.4999999999999999,-0.8660254037844387,15.333333333333334,0
25,2019,6,14,10.625,34.0,6.0,16.45,1.2246467991473532e-16,-1.0,18.0,1
25,2019,8,479,10.519540709812109,14.0,34.0,10.625,-0.8660254037844384,-0.5000000000000004,175.66666666666666,1
25,2019,9,49,13.948571428571428,479.0,14.0,10.519540709812109,-1.0,-1.8369701987210294e-16,180.66666666666663,0
25,2020,1,2,5.96,49.0,479.0,13.948571428571428,0.4999999999999999,0.8660254037844387,176.66666666666666,
25,2020,2,13,19.89076923076923,2.0,49.0,5.96,0.8660254037844386,0.5000000000000001,21.333333333333332,
25,2020,3,1,4.47,13.0,2.0,19.89076923076923,1.0,6.123233995736766e-17,5.333333333333333,
25,2020,5,2,10.739999999999998,1.0,13.0,4.47,0.4999999999999999,-0.8660254037844387,5.333333333333333,
25,2020,6,23,36.00739130434783,2.0,1.0,10.739999999999998,1.2246467991473532e-16,-1.0,8.666666666666666,
25,2020,7,3,18.546666666666667,23.0,2.0,36.00739130434783,-0.4999999999999998,-0.8660254037844388,9.333333333333334,
25,2020,8,221,29.616199095022623,3.0,23.0,18.546666666666667,-0.8660254037844384,-0.5000000000000004,82.33333333333333,
25,2020,9,391,18.43959079283887,221.0,3.0,29.616199095022623,-1.0,-1.8369701987210294e-16,205.0,
26,2015,3,14,2.1392857142857142,9.0,28.0,2.451111111111111,1.0,6.123233995736766e-17,17.0,0
26,2015,4,4,5.8725000000000005,14.0,9.0,2.1392857142857142,0.8660254037844387,-0.4999999999999998,9.0,0
26,2015,5,14,12.865,4.0,14.0,5.8725000000000005,0.4999999999999999,-0.8660254037844387,10.666666666666666,1
26,2015,6,96,10.772291666666668,14.0,4.0,12.865,1.2246467991473532e-16,-1.0,38.0,0
26,2015,7,6,6.449999999999999,96.0,14.0,10.772291666666668,-0.4999999999999998,-0.8660254037844388,38.666666666666664,0
26,2015,8,3,2.5033333333333334,6.0,96.0,6.449999999999999,-0.8660254037844384,-0.5000000000000004,35.0,0
26,2015,9,26,5.298461538461538,3.0,6.0,2.5033333333333334,-1.0,-1.8369701987210294e-16,11.666666666666666,0
26,2015,10,3,0.88,26.0,3.0,5.298461538461538,-0.8660254037844386,0.5000000000000001,10.666666666666666,0
26,2015,11,19,3.643157894736842,3.0,26.0,0.88,-0.5000000000000004,0.8660254037844384,16.0,0
26,2015,12,5,3.701999999999999,19.0,3.0,3.643157894736842,-2.4492935982947064e-16,1.0,9.0,0
26,2016,1,5,2.618,5.0,19.0,3.701999999999999,0.4999999999999999,0.8660254037844387,9.666666666666666,0
26,2016,2,10,2.397,5.0,5.0,2.618,0.8660254037844386,0.5000000000000001,6.666666666666667,0
26,2016,3,16,1.8825,10.0,5.0,2.397,1.0,6.123233995736766e-17,10.333333333333334,0
26,2016,4,1,2.28,16.0,10.0,1.8825,0.8660254037844387,-0.4999999999999998,9.0,0
26,2016,5,23,9.84086956521739,1.0,16.0,2.28,0.4999999999999999,-0.8660254037844387,13.333333333333334,1
26,2016,6,103,22.811165048543693,23.0,1.0,9.84086956521739,1.2246467991473532e-16,-1.0,42.333333333333336,1
26,2016,7,2047,20.769003419638494,103.0,23.0,22.811165048543693,-0.4999999999999998,-0.8660254037844388,724.3333333333334,1
26,2016,8,4109,16.48533219761499,2047.0,103.0,20.769003419638494,-0.8660254037844384,-0.5000000000000004,2086.3333333333335,1
26,2016,9,2010,27.139114427860697,4109.0,2047.0,16.48533219761499,-1.0,-1.8369701987210294e-16,2722.0,0
26,2016,10,6,1.3966666666666665,2010.0,4109.0,27.139114427860697,-0.8660254037844386,0.5000000000000001,2041.6666666666667,0
26,2016,11,28,8.034285714285714,6.0,2010.0,1.3966666666666665,-0.5000000000000004,0.8660254037844384,681.3333333333334,0
26,2016,12,13,3.2684615384615388,28.0,6.0,8.034285714285714,-2.4492935982947064e-16,1.0,15.666666666666666,0
26,2017,1,1,2.81,13.0,28.0,3.2684615384615388,0.4999999999999999,0.8660254037844387,14.0,0
26,2017,2,5,3.998,1.0,13.0,2.81,0.8660254037844386,0.5000000000000001,6.333333333333333,0
26,2017,3,21,2.590952380952381,5.0,1.0,3.998,1.0,6.123233995736766e-17,9.0,0
26,2017,4,9,1.6288888888888888,21.0,5.0,2.590952380952381,0.8660254037844387,-0.4999999999999998,11.666666666666666,0
26,2017,5,14,3.3057142857142856,9.0,21.0,1.6288888888888888,0.4999999999999999,-0.8660254037844387,14.666666666666666,0
26,2017,6,40,7.169499999999999,14.0,9.0,3.3057142857142856,1.2246467991473532e-16,-1.0,21.0,1
26,2017,7,100,36.2144,40.0,14.0,7.169499999999999,-0.4999999999999998,-0.8660254037844388,51.333333333333336,0
26,2017,8,2,0.895,100.0,40.0,36.2144,-0.8660254037844384,-0.5000000000000004,47.333333333333336,0
26,2017,9,2,0.42,2.0,100.0,0.895,-1.0,-1.8369701987210294e-16,34.666666666666664,0
26,2017,10,34,27.359117647058824,2.0,2.0,0.42,-0.8660254037844386,0.5000000000000001,12.666666666666666,0
26,2017,11,15,9.798666666666666,34.0,2.0,27.359117647058824,-0.5000000000000004,0.8660254037844384,17.0,0
26,2018,1,15,4.472666666666667,15.0,34.0,9.798666666666666,0.4999999999999999,0.8660254037844387,21.333333333333332,0
26,2018,2,25,2.3756,15.0,15.0,4.472666666666667,0.8660254037844386,0.5000000000000001,18.333333333333332,0
26,2018,3,14,3.6721428571428567,25.0,15.0,2.3756,1.0,6.123233995736766e-17,18.0,0
26,2018,4,15,5.605333333333333,14.0,25.0,3.6721428571428567,0.8660254037844387,-0.4999999999999998,18.0,0
26,2018,5,33,6.00939393939394,15.0,14.0,5.605333333333333,0.4999999999999999,-0.8660254037844387,20.666666666666668,1
26,2018,6,52,10.71096153846154,33.0,15.0,6.00939393939394,1.2246467991473532e-16,-1.0,33.333333333333336,0
26,2018,7,2,6.08,52.0,33.0,10.71096153846154,-0.4999999999999998,-0.8660254037844388,29.0,0
26,2018,8,35,33.889714285714284,2.0,52.0,6.08,-0.8660254037844384,-0.5000000000000004,29.666666666666668,0
26,2018,9,4,0.6575,35.0,2.0,33.889714285714284,-1.0,-1.8369701987210294e-16,13.666666666666666,0
26,2018,10,26,9.647307692307692,4.0,35.0,0.6575,-0.8660254037844386,0.5000000000000001,21.666666666666668,0
26,2018,12,9,5.282222222222222,26.0,4.0,9.647307692307692,-2.4492935982947064e-16,1.0,13.0,0
26,2019,1,8,2.36875,9.0,26.0,5.282222222222222,0.4999999999999999,0.8660254037844387,14.333333333333334,0
26,2019,2,3,8.07,8.0,9.0,2.36875,0.8660254037844386,0.5000000000000001,6.666666666666667,0
26,2019,3,21,5.5252380952380955,3.0,8.0,8.07,1.0,6.123233995736766e-17,10.666666666666666,0
26,2019,4,8,4.6225000000000005,21.0,3.0,5.5252380952380955,0.8660254037844387,-0.4999999999999998,10.666666666666666,0
26,2019,5,28,12.580714285714285,8.0,21.0,4.6225000000000005,0.4999999999999999,-0.8660254037844387,19.0,0
26,2019,6,24,7.93125,28.0,8.0,12.580714285714285,1.2246467991473532e-16,-1.0,20.0,0
26,2019,7,45,10.53111111111111,24.0,28.0,7.93125,-0.4999999999999998,-0.8660254037844388,32.333333333333336,0
26,2019,8,12,14.005,45.0,24.0,10.53111111111111,-0.8660254037844384,-0.5000000000000004,27.0,0
26,2019,9,9,10.073333333333332,12.0,45.0,14.005,-1.0,-1.8369701987210294e-16,22.0,0
26,2019,10,3,1.09,9.0,12.0,10.073333333333332,-0.8660254037844386,0.5000000000000001,8.0,0
26,2019,11,2,4.63,3.0,9.0,1.09,-0.5000000000000004,0.8660254037844384,4.666666666666667,0
26,2019,12,10,6.935,2.0,3.0,4.63,-2.4492935982947064e-16,1.0,5.0,0
26,2020,1,16,3.580625,10.0,2.0,6.935,0.4999999999999999,0.8660254037844387,9.333333333333334,
26,2020,2,22,8.943636363636363,16.0,10.0,3.580625,0.8660254037844386,0.5000000000000001,16.0,
26,2020,3,17,7.284705882352942,22.0,16.0,8.943636363636363,1.0,6.123233995736766e-17,18.333333333333332,
26,2020,4,22,5.522272727272727,17.0,22.0,7.284705882352942,0.8660254037844387,-0.4999999999999998,20.333333333333332,
26,2020,5,10,7.018000000000001,22.0,17.0,5.522272727272727,0.4999999999999999,-0.8660254037844387,16.333333333333332,
26,2020,6,99,29.06858585858586,10.0,22.0,7.018000000000001,1.2246467991473532e-16,-1.0,43.666666666666664,
26,2020,7,101,26.024851485148517,99.0,10.0,29.06858585858586,-0.4999999999999998,-0.8660254037844388,70.0,
26,2020,8,3475,19.463398561151077,101.0,99.0,26.024851485148517,-0.8660254037844384,-0.5000000000000004,1225.0,
26,2020,9,3511,20.456243235545426,3475.0,101.0,19.463398561151077,-1.0,-1.8369701987210294e-16,2362.3333333333335,
26,2020,10,35,31.416285714285713,3511.0,3475.0,20.456243235545426,-0.8660254037844386,0.5000000000000001,2340.3333333333335,
26,2020,11,2,3.755,35.0,3511.0,31.416285714285713,-0.5000000000000004,0.8660254037844384,1182.6666666666667,
27,2015,3,19,10.491052631578947,4.0,23.0,3.1975,1.0,6.123233995736766e-17,15.333333333333334,0
27,2015,4,1,15.92,19.0,4.0,10.491052631578947,0.8660254037844387,-0.4999999999999998,8.0,0
27,2015,6,3,8.603333333333333,1.0,19.0,15.92,1.2246467991473532e-16,-1.0,7.666666666666667,0
27,2015,8,37,53.12567567567567,3.0,1.0,8.603333333333333,-0.8660254037844384,-0.5000000000000004,13.666666666666666,1
27,2015,9,47,2.1002127659574468,37.0,3.0,53.12567567567567,-1.0,-1.8369701987210294e-16,29.0,0
27,2015,11,10,3.489,47.0,37.0,2.1002127659574468,-0.5000000000000004,0.8660254037844384,31.333333333333332,0
27,2015,12,6,4.0616666666666665,10.0,47.0,3.489,-2.4492935982947064e-16,1.0,21.0,0
27,2016,2,4,3.725,6.0,10.0,4.0616666666666665,0.8660254037844386,0.5000000000000001,6.666666666666667,0
27,2016,3,1,2.31,4.0,6.0,3.725,1.0,6.123233995736766e-17,3.6666666666666665,0
27,2016,7,4,5.1625,1.0,4.0,2.31,-0.4999999999999998,-0.8660254037844388,3.0,0
27,2016,8,5,16.014000000000003,4.0,1.0,5.1625,-0.8660254037844384,-0.5000000000000004,3.3333333333333335,0
27,2016,9,1,2.75,5.0,4.0,16.014000000000003,-1.0,-1.8369701987210294e-16,3.3333333333333335,0
27,2016,10,3,2.6199999999999997,1.0,5.0,2.75,-0.8660254037844386,0.5000000000000001,3.0,0
27,2016,11,5,3.474,3.0,1.0,2.6199999999999997,-0.5000000000000004,0.8660254037844384,3.0,0
27,2017,1,1,2.65,5.0,3.0,3.474,0.4999999999999999,0.8660254037844387,3.0,0
27,2017,3,2,1.53,1.0,5.0,2.65,1.0,6.123233995736766e-17,2.6666666666666665,0
27,2017,4,7,3.4085714285714284,2.0,1.0,1.53,0.8660254037844387,-0.4999999999999998,3.3333333333333335,0
27,2017,6,11,8.72090909090909,7.0,2.0,3.4085714285714284,1.2246467991473532e-16,-1.0,6.666666666666667,0
27,2017,8,7,19.987142857142857,11.0,7.0,8.72090909090909,-0.8660254037844384,-0.5000000000000004,8.333333333333334,0
27,2017,9,4,34.355000000000004,7.0,11.0,19.987142857142857,-1.0,-1.8369701987210294e-16,7.333333333333333,1
27,2017,10,2285,12.236061269146608,4.0,7.0,34.355000000000004,-0.8660254037844386,0.5000000000000001,765.3333333333334,0
27,2017,11,1,2.54,2285.0,4.0,12.236061269146608,-0.5000000000000004,0.8660254037844384,763.3333333333334,0
27,2017,12,11,4.9354545454545455,1.0,2285.0,2.54,-2.4492935982947064e-16,1.0,765.6666666666666,0
27,2018,1,3,6.8,11.0,1.0,4.9354545454545455,0.4999999999999999,0.8660254037844387,5.0,0
27,2018,2,28,4.415,3.0,11.0,6.8,0.8660254037844386,0.5000000000000001,14.0,0
27,2018,3,16,4.22625,28.0,3.0,4.415,1.0,6.123233995736766e-17,15.666666666666666,0
27,2018,4,10,4.077,16.0,28.0,4.22625,0.8660254037844387,-0.4999999999999998,18.0,0
27,2018,5,1,33.27,10.0,16.0,4.077,0.4999999999999999,-0.8660254037844387,9.0,1
27,2018,7,876,16.379132420091324,1.0,10.0,33.27,-0.4999999999999998,-0.8660254037844388,295.6666666666667,0
27,2018,8,3,16.55666666666667,876.0,1.0,16.379132420091324,-0.8660254037844384,-0.5000000000000004,293.3333333333333,1
27,2018,9,76,8.58421052631579,3.0,876.0,16.55666666666667,-1.0,-1.8369701987210294e-16,318.3333333333333,0
27,2018,12,6,2.885,76.0,3.0,8.58421052631579,-2.4492935982947064e-16,1.0,28.333333333333332,0
27,2019,1,7,3.661428571428572,6.0,76.0,2.885,0.4999999999999999,0.8660254037844387,29.666666666666668,0
27,2019,2,1,6.27,7.0,6.0,3.661428571428572,0.8660254037844386,0.5000000000000001,4.666666666666667,0
27,2019,3,17,5.0729411764705885,1.0,7.0,6.27,1.0,6.123233995736766e-17,8.333333333333334,0
27,2019,4,22,3.380454545454546,17.0,1.0,5.0729411764705885,0.8660254037844387,-0.4999999999999998,13.333333333333334,0
27,2019,6,2,19.63,22.0,17.0,3.380454545454546,1.2246467991473532e-16,-1.0,13.666666666666666,0
27,2019,7,2,128.845,2.0,22.0,19.63,-0.4999999999999998,-0.8660254037844388,8.666666666666666,0
27,2020,1,5,3.082,2.0,2.0,128.845,0.4999999999999999,0.8660254037844387,3.0,
27,2020,2,31,4.089354838709677,5.0,2.0,3.082,0.8660254037844386,0.5000000000000001,12.666666666666666,
27,2020,3,8,5.4225,31.0,5.0,4.089354838709677,1.0,6.123233995736766e-17,14.666666666666666,
27,2020,4,9,4.963333333333334,8.0,31.0,5.4225,0.8660254037844387,-0.4999999999999998,16.0,
27,2020,5,2,2.395,9.0,8.0,4.963333333333334,0.4999999999999999,-0.8660254037844387,6.333333333333333,
27,2020,8,4111,32.75016540987594,2.0,9.0,2.395,-0.8660254037844384,-0.5000000000000004,1374.0,
27,2020,9,1236,21.326715210355985,4111.0,2.0,32.75016540987594,-1.0,-1.8369701987210294e-16,1783.0,
27,2020,10,474,11.341666666666669,1236.0,4111.0,21.326715210355985,-0.8660254037844386,0.5000000000000001,1940.3333333333333,
27,2020,11,1,8.03,474.0,1236.0,11.341666666666669,-0.5000000000000004,0.8660254037844384,570.3333333333334,
28,2015,3,1,2.41,2.0,12.0,1.745,1.0,6.123233995736766e-17,5.0,0
28,2015,5,1,6.36,1.0,2.0,2.41,0.4999999999999999,-0.8660254037844387,1.3333333333333333,0
28,2015,6,1,0.53,1.0,1.0,6.36,1.2246467991473532e-16,-1.0,1.0,1
28,2015,7,107,20.78747663551402,1.0,1.0,0.53,-0.4999999999999998,-0.8660254037844388,36.333333333333336,0
28,2015,8,4,4.2975,107.0,1.0,20.78747663551402,-0.8660254037844384,-0.5000000000000004,37.333333333333336,0
28,2015,10,1,7.04,4.0,107.0,4.2975,-0.8660254037844386,0.5000000000000001,37.333333333333336,0
28,2015,11,23,2.3060869565217392,1.0,4.0,7.04,-0.5000000000000004,0.8660254037844384,9.333333333333334,0
28,2015,12,8,9.15125,23.0,1.0,2.3060869565217392,-2.4492935982947064e-16,1.0,10.666666666666666,0
28,2016,2,2,3.4499999999999997,8.0,23.0,9.15125,0.8660254037844386,0.5000000000000001,11.0,0
28,2016,3,3,2.723333333333333,2.0,8.0,3.4499999999999997,1.0,6.123233995736766e-17,4.333333333333333,0
28,2016,6,5,4.232,3.0,2.0,2.723333333333333,1.2246467991473532e-16,-1.0,3.3333333333333335,0
28,2016,7,1,7.07,5.0,3.0,4.232,-0.4999999999999998,-0.8660254037844388,3.0,0
28,2016,8,2,8.335,1.0,5.0,7.07,-0.8660254037844384,-0.5000000000000004,2.6666666666666665,0
28,2016,9,4,13.0725,2.0,1.0,8.335,-1.0,-1.8369701987210294e-16,2.3333333333333335,0
28,2016,11,3,4.3,4.0,2.0,13.0725,-0.5000000000000004,0.8660254037844384,3.0,0
28,2016,12,12,1.7816666666666665,3.0,4.0,4.3,-2.4492935982947064e-16,1.0,6.333333333333333,0
28,2017,1,2,1.085,12.0,3.0,1.7816666666666665,0.4999999999999999,0.8660254037844387,5.666666666666667,0
28,2017,3,7,3.762857142857143,2.0,12.0,1.085,1.0,6.123233995736766e-17,7.0,0
28,2017,4,4,3.615,7.0,2.0,3.762857142857143,0.8660254037844387,-0.4999999999999998,4.333333333333333,0
28,2017,5,5,5.21,4.0,7.0,3.615,0.4999999999999999,-0.8660254037844387,5.333333333333333,0
28,2017,6,1,2.21,5.0,4.0,5.21,1.2246467991473532e-16,-1.0,3.3333333333333335,0
28,2017,7,10,12.507,1.0,5.0,2.21,-0.4999999999999998,-0.8660254037844388,5.333333333333333,0
28,2017,8,2,1.39,10.0,1.0,12.507,-0.8660254037844384,-0.5000000000000004,4.333333333333333,0
28,2017,10,40,18.79275,2.0,10.0,1.39,-0.8660254037844386,0.5000000000000001,17.333333333333332,0
28,2017,11,5,6.19,40.0,2.0,18.79275,-0.5000000000000004,0.8660254037844384,15.666666666666666,0
28,2018,2,3,2.8000000000000003,5.0,40.0,6.19,0.8660254037844386,0.5000000000000001,16.0,0
28,2018,3,1,5.53,3.0,5.0,2.8000000000000003,1.0,6.123233995736766e-17,3.0,0
28,2018,4,1,2.64,1.0,3.0,5.53,0.8660254037844387,-0.4999999999999998,1.6666666666666667,0
28,2018,5,1,1.72,1.0,1.0,2.64,0.4999999999999999,-0.8660254037844387,1.0,0
28,2018,7,2,8.425,1.0,1.0,1.72,-0.4999999999999998,-0.8660254037844388,1.3333333333333333,0
28,2018,8,2,1.0,2.0,1.0,8.425,-0.8660254037844384,-0.5000000000000004,1.6666666666666667,0
28,2018,9,2,0.33,2.0,2.0,1.0,-1.0,-1.8369701987210294e-16,2.0,0
28,2018,10,11,10.876363636363635,2.0,2.0,0.33,-0.8660254037844386,0.5000000000000001,5.0,0
28,2018,11,6,20.153333333333332,11.0,2.0,10.876363636363635,-0.5000000000000004,0.8660254037844384,6.333333333333333,0
28,2018,12,15,5.787333333333334,6.0,11.0,20.153333333333332,-2.4492935982947064e-16,1.0,10.666666666666666,0
28,2019,2,2,2.075,15.0,6.0,5.787333333333334,0.8660254037844386,0.5000000000000001,7.666666666666667,0
28,2019,3,3,2.6166666666666667,2.0,15.0,2.075,1.0,6.123233995736766e-17,6.666666666666667,0
28,2019,5,4,4.9675,3.0,2.0,2.6166666666666667,0.4999999999999999,-0.8660254037844387,3.0,0
28,2019,6,2,3.21,4.0,3.0,4.9675,1.2246467991473532e-16,-1.0,3.0,0
28,2019,8,2,7.470000000000001,2.0,4.0,3.21,-0.8660254037844384,-0.5000000000000004,2.6666666666666665,0
28,2019,9,9,13.77111111111111,2.0,2.0,7.470000000000001,-1.0,-1.8369701987210294e-16,4.333333333333333,0
28,2019,10,14,10.240714285714288,9.0,2.0,13.77111111111111,-0.8660254037844386,0.5000000000000001,8.333333333333334,0
28,2019,12,11,4.100909090909091,14.0,9.0,10.240714285714288,-2.4492935982947064e-16,1.0,11.333333333333334,0
28,2020,1,12,3.5050000000000003,11.0,14.0,4.100909090909091,0.4999999999999999,0.8660254037844387,12.333333333333334,
28,2020,2,4,2.41,12.0,11.0,3.5050000000000003,0.8660254037844386,0.5000000000000001,9.0,
28,2020,3,2,2.285,4.0,12.0,2.41,1.0,6.123233995736766e-17,6.0,
28,2020,7,1,0.44,2.0,4.0,2.285,-0.4999999999999998,-0.8660254037844388,2.3333333333333335,
28,2020,8,30,7.0953333333333335,1.0,2.0,0.44,-0.8660254037844384,-0.5000000000000004,11.0,
28,2020,9,1,4.31,30.0,1.0,7.0953333333333335,-1.0,-1.8369701987210294e-16,10.666666666666666,
28,2020,10,2,0.8099999999999999,1.0,30.0,4.31,-0.8660254037844386,0.5000000000000001,11.0,
28,2020,11,1,9.48,2.0,1.0,0.8099999999999999,-0.5000000000000004,0.8660254037844384,1.3333333333333333,
29,2015,3,32,2.160625,32.0,45.0,0.7828125,1.0,6.123233995736766e-17,36.333333333333336,0
29,2015,4,30,0.8426666666666667,32.0,32.0,2.160625,0.8660254037844387,-0.4999999999999998,31.333333333333332,0
29,2015,5,12,0.7983333333333333,30.0,32.0,0.8426666666666667,0.4999999999999999,-0.8660254037844387,24.666666666666668,0
29,2015,6,18,1.0016666666666667,12.0,30.0,0.7983333333333333,1.2246467991473532e-16,-1.0,20.0,0
29,2015,7,21,4.352380952380953,18.0,12.0,1.0016666666666667,-0.4999999999999998,-0.8660254037844388,17.0,0
29,2015,8,24,0.9108333333333332,21.0,18.0,4.352380952380953,-0.8660254037844384,-0.5000000000000004,21.0,0
29,2015,9,26,1.1503846153846151,24.0,21.0,0.9108333333333332,-1.0,-1.8369701987210294e-16,23.666666666666668,0
29,2015,10,20,0.8505,26.0,24.0,1.1503846153846151,-0.8660254037844386,0.5000000000000001,23.333333333333332,0
29,2015,11,32,1.0690625,20.0,26.0,0.8505,-0.5000000000000004,0.8660254037844384,26.0,0
29,2015,12,31,1.0003225806451614,32.0,20.0,1.0690625,-2.4492935982947064e-16,1.0,27.666666666666668,0
29,2016,1,26,0.9803846153846154,31.0,32.0,1.0003225806451614,0.4999999999999999,0.8660254037844387,29.666666666666668,0
29,2016,2,42,0.6621428571428571,26.0,31.0,0.9803846153846154,0.8660254037844386,0.5000000000000001,33.0,0
29,2016,3,26,0.643076923076923,42.0,26.0,0.6621428571428571,1.0,6.123233995736766e-17,31.333333333333332,0
29,2016,4,36,0.6422222222222222,26.0,42.0,0.643076923076923,0.8660254037844387,-0.4999999999999998,34.666666666666664,0
29,2016,5,18,0.61,36.0,26.0,0.6422222222222222,0.4999999999999999,-0.8660254037844387,26.666666666666668,0
29,2016,6,24,4.520416666666667,18.0,36.0,0.61,1.2246467991473532e-16,-1.0,26.0,0
29,2016,7,17,0.62,24.0,18.0,4.520416666666667,-0.4999999999999998,-0.8660254037844388,19.666666666666668,0
29,2016,8,25,1.1928,17.0,24.0,0.62,-0.8660254037844384,-0.5000000000000004,22.0,0
29,2016,9,24,0.6537499999999999,25.0,17.0,1.1928,-1.0,-1.8369701987210294e-16,22.0,0
29,2016,10,28,0.6282142857142857,24.0,25.0,0.6537499999999999,-0.8660254037844386,0.5000000000000001,25.666666666666668,0
29,2016,11,41,0.888048780487805,28.0,24.0,0.6282142857142857,-0.5000000000000004,0.8660254037844384,31.0,0
29,2016,12,26,0.6369230769230769,41.0,28.0,0.888048780487805,-2.4492935982947064e-16,1.0,31.666666666666668,0
29,2017,1,15,0.7453333333333333,26.0,41.0,0.6369230769230769,0.4999999999999999,0.8660254037844387,27.333333333333332,0
29,2017,2,10,0.529,15.0,26.0,0.7453333333333333,0.8660254037844386,0.5000000000000001,17.0,0
29,2017,3,20,0.589,10.0,15.0,0.529,1.0,6.123233995736766e-17,15.0,0
29,2017,4,33,0.5709090909090909,20.0,10.0,0.589,0.8660254037844387,-0.4999999999999998,21.0,0
29,2017,5,22,0.5977272727272728,33.0,20.0,0.5709090909090909,0.4999999999999999,-0.8660254037844387,25.0,0
29,2017,6,24,1.3170833333333334,22.0,33.0,0.5977272727272728,1.2246467991473532e-16,-1.0,26.333333333333332,0
29,2017,7,23,0.6069565217391305,24.0,22.0,1.3170833333333334,-0.4999999999999998,-0.8660254037844388,23.0,0
29,2017,8,14,0.6214285714285713,23.0,24.0,0.6069565217391305,-0.8660254037844384,-0.5000000000000004,20.333333333333332,0
29,2017,9,24,22.228333333333335,14.0,23.0,0.6214285714285713,-1.0,-1.8369701987210294e-16,20.333333333333332,1
29,2017,10,356,43.572162921348315,24.0,14.0,22.228333333333335,-0.8660254037844386,0.5000000000000001,131.33333333333334,0
29,2017,11,25,0.7116,356.0,24.0,43.572162921348315,-0.5000000000000004,0.8660254037844384,135.0,0
29,2017,12,45,0.7235555555555556,25.0,356.0,0.7116,-2.4492935982947064e-16,1.0,142.0,0
29,2018,1,34,0.6626470588235295,45.0,25.0,0.7235555555555556,0.4999999999999999,0.8660254037844387,34.666666666666664,0
29,2018,2,28,0.624642857142857,34.0,45.0,0.6626470588235295,0.8660254037844386,0.5000000000000001,35.666666666666664,0
29,2018,3,24,0.8108333333333334,28.0,34.0,0.624642857142857,1.0,6.123233995736766e-17,28.666666666666668,0
29,2018,4,42,1.0764285714285715,24.0,28.0,0.8108333333333334,0.8660254037844387,-0.4999999999999998,31.333333333333332,0
29,2018,5,21,0.690952380952381,42.0,24.0,1.0764285714285715,0.4999999999999999,-0.8660254037844387,29.0,0
29,2018,6,22,16.786363636363635,21.0,42.0,0.690952380952381,1.2246467991473532e-16,-1.0,28.333333333333332,0
29,2018,7,32,0.8375,22.0,21.0,16.786363636363635,-0.4999999999999998,-0.8660254037844388,25.0,1
29,2018,8,285,27.068912280701753,32.0,22.0,0.8375,-0.8660254037844384,-0.5000000000000004,113.0,0
29,2018,9,39,0.6825641025641026,285.0,32.0,27.068912280701753,-1.0,-1.8369701987210294e-16,118.66666666666669,0
29,2018,10,34,0.7679411764705882,39.0,285.0,0.6825641025641026,-0.8660254037844386,0.5000000000000001,119.33333333333331,0
29,2018,11,44,0.7220454545454545,34.0,39.0,0.7679411764705882,-0.5000000000000004,0.8660254037844384,39.0,0
29,2018,12,34,0.7323529411764705,44.0,34.0,0.7220454545454545,-2.4492935982947064e-16,1.0,37.333333333333336,0
29,2019,1,32,0.735625,34.0,44.0,0.7323529411764705,0.4999999999999999,0.8660254037844387,36.666666666666664,0
29,2019,2,17,0.6688235294117648,32.0,34.0,0.735625,0.8660254037844386,0.5000000000000001,27.666666666666668,0
29,2019,3,23,0.802608695652174,17.0,32.0,0.6688235294117648,1.0,6.123233995736766e-17,24.0,0
29,2019,4,26,0.7684615384615385,23.0,17.0,0.802608695652174,0.8660254037844387,-0.4999999999999998,22.0,0
29,2019,5,10,0.709,26.0,23.0,0.7684615384615385,0.4999999999999999,-0.8660254037844387,19.666666666666668,0
29,2019,6,10,0.7050000000000001,10.0,26.0,0.709,1.2246467991473532e-16,-1.0,15.333333333333334,0
29,2019,7,20,1.894,10.0,10.0,0.7050000000000001,-0.4999999999999998,-0.8660254037844388,13.333333333333334,0
29,2019,8,33,0.7151515151515152,20.0,10.0,1.894,-0.8660254037844384,-0.5000000000000004,21.0,0
29,2019,9,41,0.7660975609756098,33.0,20.0,0.7151515151515152,-1.0,-1.8369701987210294e-16,31.333333333333332,1
29,2019,10,54,0.702037037037037,41.0,33.0,0.7660975609756098,-0.8660254037844386,0.5000000000000001,42.666666666666664,0
29,2019,11,39,1.3433333333333333,54.0,41.0,0.702037037037037,-0.5000000000000004,0.8660254037844384,44.666666666666664,0
29,2019,12,12,0.6608333333333334,39.0,54.0,1.3433333333333333,-2.4492935982947064e-16,1.0,35.0,0
29,2020,1,34,0.68,12.0,39.0,0.6608333333333334,0.4999999999999999,0.8660254037844387,28.333333333333332,
29,2020,2,39,0.6576923076923077,34.0,12.0,0.68,0.8660254037844386,0.5000000000000001,28.333333333333332,
29,2020,3,21,0.6457142857142857,39.0,34.0,0.6576923076923077,1.0,6.123233995736766e-17,31.333333333333332,
29,2020,4,31,0.8432258064516129,21.0,39.0,0.6457142857142857,0.8660254037844387,-0.4999999999999998,30.333333333333332,
29,2020,5,53,0.7807547169811321,31.0,21.0,0.8432258064516129,0.4999999999999999,-0.8660254037844387,35.0,
29,2020,6,21,0.7561904761904762,53.0,31.0,0.7807547169811321,1.2246467991473532e-16,-1.0,35.0,
29,2020,7,41,0.6446341463414634,21.0,53.0,0.7561904761904762,-0.4999999999999998,-0.8660254037844388,38.333333333333336,
29,2020,8,53,1.07,41.0,21.0,0.6446341463414634,-0.8660254037844384,-0.5000000000000004,38.333333333333336,
29,2020,9,51,0.855686274509804,53.0,41.0,1.07,-1.0,-1.8369701987210294e-16,48.333333333333336,
29,2020,10,301,17.453023255813953,51.0,53.0,0.855686274509804,-0.8660254037844386,0.5000000000000001,135.0,
29,2020,11,31,0.7558064516129032,301.0,51.0,17.453023255813953,-0.5000000000000004,0.8660254037844384,127.66666666666669,
30,2015,3,10,2.053,15.0,48.0,4.9446666666666665,1.0,6.123233995736766e-17,24.333333333333332,0
30,2015,4,1,0.8,10.0,15.0,2.053,0.8660254037844387,-0.4999999999999998,8.666666666666666,0
30,2015,5,1,5.88,1.0,10.0,0.8,0.4999999999999999,-0.8660254037844387,4.0,0
30,2015,7,9,12.35888888888889,1.0,1.0,5.88,-0.4999999999999998,-0.8660254037844388,3.6666666666666665,0
30,2015,8,1,0.24,9.0,1.0,12.35888888888889,-0.8660254037844384,-0.5000000000000004,3.6666666666666665,0
30,2015,9,6,1.9916666666666665,1.0,9.0,0.24,-1.0,-1.8369701987210294e-16,5.333333333333333,0
30,2015,10,4,2.2175,6.0,1.0,1.9916666666666665,-0.8660254037844386,0.5000000000000001,3.6666666666666665,0
30,2015,11,20,4.336,4.0,6.0,2.2175,-0.5000000000000004,0.8660254037844384,10.0,0
30,2015,12,6,2.318333333333334,20.0,4.0,4.336,-2.4492935982947064e-16,1.0,10.0,0
30,2016,1,2,3.885,6.0,20.0,2.318333333333334,0.4999999999999999,0.8660254037844387,9.333333333333334,0
30,2016,2,5,1.7739999999999998,2.0,6.0,3.885,0.8660254037844386,0.5000000000000001,4.333333333333333,0
30,2016,3,2,1.755,5.0,2.0,1.7739999999999998,1.0,6.123233995736766e-17,3.0,0
30,2016,4,5,6.33,2.0,5.0,1.755,0.8660254037844387,-0.4999999999999998,4.0,0
30,2016,5,8,6.1875,5.0,2.0,6.33,0.4999999999999999,-0.8660254037844387,5.0,0
30,2016,6,16,6.258125,8.0,5.0,6.1875,1.2246467991473532e-16,-1.0,9.666666666666666,0
30,2016,7,2,2.13,16.0,8.0,6.258125,-0.4999999999999998,-0.8660254037844388,8.666666666666666,0
30,2016,8,3,1.8066666666666664,2.0,16.0,2.13,-0.8660254037844384,-0.5000000000000004,7.0,0
30,2016,9,2,1.98,3.0,2.0,1.8066666666666664,-1.0,-1.8369701987210294e-16,2.3333333333333335,1
30,2016,10,81,10.880864197530864,2.0,3.0,1.98,-0.8660254037844386,0.5000000000000001,28.666666666666668,0
30,2016,11,5,2.8579999999999997,81.0,2.0,10.880864197530864,-0.5000000000000004,0.8660254037844384,29.333333333333332,0
30,2016,12,10,10.657,5.0,81.0,2.8579999999999997,-2.4492935982947064e-16,1.0,32.0,0
30,2017,3,1,3.76,10.0,5.0,10.657,1.0,6.123233995736766e-17,5.333333333333333,0
30,2017,4,1,1.06,1.0,10.0,3.76,0.8660254037844387,-0.4999999999999998,4.0,0
30,2017,5,16,4.116875,1.0,1.0,1.06,0.4999999999999999,-0.8660254037844387,6.0,0
30,2017,6,8,13.88625,16.0,1.0,4.116875,1.2246467991473532e-16,-1.0,8.333333333333334,0
30,2017,7,3,25.313333333333333,8.0,16.0,13.88625,-0.4999999999999998,-0.8660254037844388,9.0,0
30,2017,8,1,0.75,3.0,8.0,25.313333333333333,-0.8660254037844384,-0.5000000000000004,4.0,0
30,2017,9,2,1.72,1.0,3.0,0.75,-1.0,-1.8369701987210294e-16,2.0,0
30,2017,10,5,6.05,2.0,1.0,1.72,-0.8660254037844386,0.5000000000000001,2.6666666666666665,0
30,2017,11,18,16.60222222222222,5.0,2.0,6.05,-0.5000000000000004,0.8660254037844384,8.333333333333334,0
30,2017,12,2,5.44,18.0,5.0,16.60222222222222,-2.4492935982947064e-16,1.0,8.333333333333334,0
30,2018,2,5,6.144,2.0,18.0,5.44,0.8660254037844386,0.5000000000000001,8.333333333333334,0
30,2018,5,4,6.9775,5.0,2.0,6.144,0.4999999999999999,-0.8660254037844387,3.6666666666666665,0
30,2018,6,2,38.504999999999995,4.0,5.0,6.9775,1.2246467991473532e-16,-1.0,3.6666666666666665,0
30,2018,7,1,0.41,2.0,4.0,38.504999999999995,-0.4999999999999998,-0.8660254037844388,2.3333333333333335,0
30,2018,8,1,21.59,1.0,2.0,0.41,-0.8660254037844384,-0.5000000000000004,1.3333333333333333,1
30,2018,9,144,28.827708333333337,1.0,1.0,21.59,-1.0,-1.8369701987210294e-16,48.666666666666664,0
30,2018,10,5,5.534000000000001,144.0,1.0,28.827708333333337,-0.8660254037844386,0.5000000000000001,50.0,0
30,2018,11,8,14.2175,5.0,144.0,5.534000000000001,-0.5000000000000004,0.8660254037844384,52.333333333333336,0
30,2018,12,18,5.145,8.0,5.0,14.2175,-2.4492935982947064e-16,1.0,10.333333333333334,0
30,2019,1,4,1.905,18.0,8.0,5.145,0.4999999999999999,0.8660254037844387,10.0,0
30,2019,5,19,10.428421052631576,4.0,18.0,1.905,0.4999999999999999,-0.8660254037844387,13.666666666666666,0
30,2019,6,7,9.93142857142857,19.0,4.0,10.428421052631576,1.2246467991473532e-16,-1.0,10.0,0
30,2019,7,1,3.72,7.0,19.0,9.93142857142857,-0.4999999999999998,-0.8660254037844388,9.0,0
30,2019,8,1,1.8,1.0,7.0,3.72,-0.8660254037844384,-0.5000000000000004,3.0,0
30,2019,9,11,8.114545454545455,1.0,1.0,1.8,-1.0,-1.8369701987210294e-16,4.333333333333333,0
30,2019,10,19,6.527894736842105,11.0,1.0,8.114545454545455,-0.8660254037844386,0.5000000000000001,10.333333333333334,0
30,2019,11,2,2.535,19.0,11.0,6.527894736842105,-0.5000000000000004,0.8660254037844384,10.666666666666666,0
30,2019,12,3,5.126666666666667,2.0,19.0,2.535,-2.4492935982947064e-16,1.0,8.0,0
30,2020,2,37,8.819459459459459,3.0,2.0,5.126666666666667,0.8660254037844386,0.5000000000000001,14.0,
30,2020,3,24,7.8495833333333325,37.0,3.0,8.819459459459459,1.0,6.123233995736766e-17,21.333333333333332,
30,2020,4,24,8.036666666666667,24.0,37.0,7.8495833333333325,0.8660254037844387,-0.4999999999999998,28.333333333333332,
30,2020,5,1,0.45,24.0,24.0,8.036666666666667,0.4999999999999999,-0.8660254037844387,16.333333333333332,
30,2020,6,2,22.865,1.0,24.0,0.45,1.2246467991473532e-16,-1.0,9.0,
30,2020,7,1,3.66,2.0,1.0,22.865,-0.4999999999999998,-0.8660254037844388,1.3333333333333333,
30,2020,8,2,2.71,1.0,2.0,3.66,-0.8660254037844384,-0.5000000000000004,1.6666666666666667,
30,2020,9,1,10.37,2.0,1.0,2.71,-1.0,-1.8369701987210294e-16,1.3333333333333333,
30,2020,10,46,18.078260869565216,1.0,2.0,10.37,-0.8660254037844386,0.5000000000000001,16.333333333333332,
30,2020,11,3,1.7033333333333331,46.0,1.0,18.078260869565216,-0.5000000000000004,0.8660254037844384,16.666666666666668,
31,2015,3,5,11.96,6.0,23.0,9.385,1.0,6.123233995736766e-17,11.333333333333334,0
31,2015,4,7,6.654285714285714,5.0,6.0,11.96,0.8660254037844387,-0.4999999999999998,6.0,0
31,2015,6,5,38.386,7.0,5.0,6.654285714285714,1.2246467991473532e-16,-1.0,5.666666666666667,0
31,2015,9,1,14.29,5.0,7.0,38.386,-1.0,-1.8369701987210294e-16,4.333333333333333,0
31,2015,10,38,5.779999999999999,1.0,5.0,14.29,-0.8660254037844386,0.5000000000000001,14.666666666666666,1
31,2015,11,57,10.70017543859649,38.0,1.0,5.779999999999999,-0.5000000000000004,0.8660254037844384,32.0,1
31,2015,12,50,4.3906,57.0,38.0,10.70017543859649,-2.4492935982947064e-16,1.0,48.333333333333336,0
31,2016,1,3,4.19,50.0,57.0,4.3906,0.4999999999999999,0.8660254037844387,36.666666666666664,0
31,2016,2,2,2.745,3.0,50.0,4.19,0.8660254037844386,0.5000000000000001,18.333333333333332,0
31,2016,4,7,19.81571428571429,2.0,3.0,2.745,0.8660254037844387,-0.4999999999999998,4.0,0
31,2016,5,8,21.58375,7.0,2.0,19.81571428571429,0.4999999999999999,-0.8660254037844387,5.666666666666667,0
31,2016,6,13,9.273076923076925,8.0,7.0,21.58375,1.2246467991473532e-16,-1.0,9.333333333333334,0
31,2016,8,1,0.79,13.0,8.0,9.273076923076925,-0.8660254037844384,-0.5000000000000004,7.333333333333333,0
31,2016,9,29,33.73103448275862,1.0,13.0,0.79,-1.0,-1.8369701987210294e-16,14.333333333333334,0
31,2016,10,19,14.998947368421051,29.0,1.0,33.73103448275862,-0.8660254037844386,0.5000000000000001,16.333333333333332,0
31,2016,11,39,4.788461538461538,19.0,29.0,14.998947368421051,-0.5000000000000004,0.8660254037844384,29.0,0
31,2016,12,8,5.38875,39.0,19.0,4.788461538461538,-2.4492935982947064e-16,1.0,22.0,0
31,2017,4,1,2.69,8.0,39.0,5.38875,0.8660254037844387,-0.4999999999999998,16.0,0
31,2017,5,14,16.623571428571427,1.0,8.0,2.69,0.4999999999999999,-0.8660254037844387,7.666666666666667,0
31,2017,6,17,9.15470588235294,14.0,1.0,16.623571428571427,1.2246467991473532e-16,-1.0,10.666666666666666,1
31,2017,7,122,6.601393442622951,17.0,14.0,9.15470588235294,-0.4999999999999998,-0.8660254037844388,51.0,1
31,2017,8,368,4.98296195652174,122.0,17.0,6.601393442622951,-0.8660254037844384,-0.5000000000000004,169.0,0
31,2017,9,35,7.38,368.0,122.0,4.98296195652174,-1.0,-1.8369701987210294e-16,175.0,1
31,2017,10,85,8.084705882352942,35.0,368.0,7.38,-0.8660254037844386,0.5000000000000001,162.66666666666666,1
31,2017,11,88,8.134431818181818,85.0,35.0,8.084705882352942,-0.5000000000000004,0.8660254037844384,69.33333333333333,0
31,2017,12,4,2.45,88.0,85.0,8.134431818181818,-2.4492935982947064e-16,1.0,59.0,0
31,2018,1,1,2.72,4.0,88.0,2.45,0.4999999999999999,0.8660254037844387,31.0,0
31,2018,2,12,16.779999999999998,1.0,4.0,2.72,0.8660254037844386,0.5000000000000001,5.666666666666667,0
31,2018,3,3,4.276666666666666,12.0,1.0,16.779999999999998,1.0,6.123233995736766e-17,5.333333333333333,0
31,2018,4,11,13.92090909090909,3.0,12.0,4.276666666666666,0.8660254037844387,-0.4999999999999998,8.666666666666666,0
31,2018,5,9,14.244444444444444,11.0,3.0,13.92090909090909,0.4999999999999999,-0.8660254037844387,7.666666666666667,0
31,2018,6,5,8.122,9.0,11.0,14.244444444444444,1.2246467991473532e-16,-1.0,8.333333333333334,0
31,2018,7,16,19.333125,5.0,9.0,8.122,-0.4999999999999998,-0.8660254037844388,10.0,0
31,2018,8,13,5.166153846153846,16.0,5.0,19.333125,-0.8660254037844384,-0.5000000000000004,11.333333333333334,0
31,2018,9,15,2.1026666666666665,13.0,16.0,5.166153846153846,-1.0,-1.8369701987210294e-16,14.666666666666666,1
31,2018,10,65,13.52353846153846,15.0,13.0,2.1026666666666665,-0.8660254037844386,0.5000000000000001,31.0,1
31,2018,11,60,9.698333333333332,65.0,15.0,13.52353846153846,-0.5000000000000004,0.8660254037844384,46.666666666666664,0
31,2018,12,8,5.2275,60.0,65.0,9.698333333333332,-2.4492935982947064e-16,1.0,44.333333333333336,0
31,2019,1,7,8.754285714285714,8.0,60.0,5.2275,0.4999999999999999,0.8660254037844387,25.0,0
31,2019,3,5,4.244,7.0,8.0,8.754285714285714,1.0,6.123233995736766e-17,6.666666666666667,0
31,2019,4,25,24.3996,5.0,7.0,4.244,0.8660254037844387,-0.4999999999999998,12.333333333333334,0
31,2019,5,3,5.14,25.0,5.0,24.3996,0.4999999999999999,-0.8660254037844387,11.0,0
31,2019,6,8,4.9425,3.0,25.0,5.14,1.2246467991473532e-16,-1.0,12.0,0
31,2019,7,1,33.27,8.0,3.0,4.9425,-0.4999999999999998,-0.8660254037844388,4.0,1
31,2019,9,3244,24.907638717632555,1.0,8.0,33.27,-1.0,-1.8369701987210294e-16,1084.3333333333333,0
31,2019,10,27,4.440740740740741,3244.0,1.0,24.907638717632555,-0.8660254037844386,0.5000000000000001,1090.6666666666667,0
31,2019,11,15,5.685333333333333,27.0,3244.0,4.440740740740741,-0.5000000000000004,0.8660254037844384,1095.3333333333333,0
31,2019,12,2,15.75,15.0,27.0,5.685333333333333,-2.4492935982947064e-16,1.0,14.666666666666666,0
31,2020,1,8,5.505,2.0,15.0,15.75,0.4999999999999999,0.8660254037844387,8.333333333333334,
31,2020,2,8,12.63,8.0,2.0,5.505,0.8660254037844386,0.5000000000000001,6.0,
31,2020,3,1,37.24,8.0,8.0,12.63,1.0,6.123233995736766e-17,5.666666666666667,
31,2020,6,2,2.29,1.0,8.0,37.24,1.2246467991473532e-16,-1.0,3.6666666666666665,
31,2020,8,3064,18.069830287206265,2.0,1.0,2.29,-0.8660254037844384,-0.5000000000000004,1022.3333333333334,
31,2020,9,9774,20.326381215469613,3064.0,2.0,18.069830287206265,-1.0,-1.8369701987210294e-16,4280.0,
31,2020,10,497,8.282334004024145,9774.0,3064.0,20.326381215469613,-0.8660254037844386,0.5000000000000001,4445.0,
31,2020,11,5,4.38,497.0,9774.0,8.282334004024145,-0.5000000000000004,0.8660254037844384,3425.3333333333335,
32,2015,3,14,3.23,45.0,12.0,9.714,1.0,6.123233995736766e-17,23.666666666666668,0
32,2015,4,34,2.313823529411765,14.0,45.0,3.23,0.8660254037844387,-0.4999999999999998,31.0,0
32,2015,5,10,3.245,34.0,14.0,2.313823529411765,0.4999999999999999,-0.8660254037844387,19.333333333333332,0
32,2015,6,22,22.468636363636364,10.0,34.0,3.245,1.2246467991473532e-16,-1.0,22.0,0
32,2015,7,18,6.823333333333333,22.0,10.0,22.468636363636364,-0.4999999999999998,-0.8660254037844388,16.666666666666668,0
32,2015,8,25,66.6328,18.0,22.0,6.823333333333333,-0.8660254037844384,-0.5000000000000004,21.666666666666668,0
32,2015,9,16,2.09625,25.0,18.0,66.6328,-1.0,-1.8369701987210294e-16,19.666666666666668,0
32,2015,10,16,1.744375,16.0,25.0,2.09625,-0.8660254037844386,0.5000000000000001,19.0,0
32,2015,11,25,26.1476,16.0,16.0,1.744375,-0.5000000000000004,0.8660254037844384,19.0,0
32,2015,12,15,4.648666666666667,25.0,16.0,26.1476,-2.4492935982947064e-16,1.0,18.666666666666668,0
32,2016,1,8,4.6925,15.0,25.0,4.648666666666667,0.4999999999999999,0.8660254037844387,16.0,0
32,2016,2,14,2.084285714285714,8.0,15.0,4.6925,0.8660254037844386,0.5000000000000001,12.333333333333334,0
32,2016,3,16,5.47125,14.0,8.0,2.084285714285714,1.0,6.123233995736766e-17,12.666666666666666,0
32,2016,4,21,0.9842857142857144,16.0,14.0,5.47125,0.8660254037844387,-0.4999999999999998,17.0,0
32,2016,5,25,4.9608,21.0,16.0,0.9842857142857144,0.4999999999999999,-0.8660254037844387,20.666666666666668,0
32,2016,6,17,20.931764705882355,25.0,21.0,4.9608,1.2246467991473532e-16,-1.0,21.0,0
32,2016,7,22,3.424090909090909,17.0,25.0,20.931764705882355,-0.4999999999999998,-0.8660254037844388,21.333333333333332,1
32,2016,8,55,54.20690909090909,22.0,17.0,3.424090909090909,-0.8660254037844384,-0.5000000000000004,31.333333333333332,0
32,2016,9,25,2.064,55.0,22.0,54.20690909090909,-1.0,-1.8369701987210294e-16,34.0,1
32,2016,10,70,5.486,25.0,55.0,2.064,-0.8660254037844386,0.5000000000000001,50.0,0
32,2016,11,23,4.711739130434783,70.0,25.0,5.486,-0.5000000000000004,0.8660254037844384,39.333333333333336,0
32,2016,12,19,1.7957894736842104,23.0,70.0,4.711739130434783,-2.4492935982947064e-16,1.0,37.333333333333336,0
32,2017,1,16,3.123125,19.0,23.0,1.7957894736842104,0.4999999999999999,0.8660254037844387,19.333333333333332,0
32,2017,2,8,2.88375,16.0,19.0,3.123125,0.8660254037844386,0.5000000000000001,14.333333333333334,0
32,2017,3,19,1.5757894736842104,8.0,16.0,2.88375,1.0,6.123233995736766e-17,14.333333333333334,0
32,2017,4,23,8.697826086956523,19.0,8.0,1.5757894736842104,0.8660254037844387,-0.4999999999999998,16.666666666666668,0
32,2017,5,23,11.684347826086958,23.0,19.0,8.697826086956523,0.4999999999999999,-0.8660254037844387,21.666666666666668,1
32,2017,6,46,2.7728260869565218,23.0,23.0,11.684347826086958,1.2246467991473532e-16,-1.0,30.666666666666668,0
32,2017,7,27,13.042222222222222,46.0,23.0,2.7728260869565218,-0.4999999999999998,-0.8660254037844388,32.0,0
32,2017,8,28,6.861785714285714,27.0,46.0,13.042222222222222,-0.8660254037844384,-0.5000000000000004,33.666666666666664,1
32,2017,9,46,38.18152173913043,28.0,27.0,6.861785714285714,-1.0,-1.8369701987210294e-16,33.666666666666664,1
32,2017,10,119,23.178571428571427,46.0,28.0,38.18152173913043,-0.8660254037844386,0.5000000000000001,64.33333333333333,0
32,2017,11,26,6.860769230769231,119.0,46.0,23.178571428571427,-0.5000000000000004,0.8660254037844384,63.666666666666664,0
32,2017,12,28,15.422857142857142,26.0,119.0,6.860769230769231,-2.4492935982947064e-16,1.0,57.666666666666664,0
32,2018,1,22,6.172727272727273,28.0,26.0,15.422857142857142,0.4999999999999999,0.8660254037844387,25.333333333333332,0
32,2018,2,24,2.61375,22.0,28.0,6.172727272727273,0.8660254037844386,0.5000000000000001,24.666666666666668,0
32,2018,3,8,2.24625,24.0,22.0,2.61375,1.0,6.123233995736766e-17,18.0,1
32,2018,4,46,6.208260869565217,8.0,24.0,2.24625,0.8660254037844387,-0.4999999999999998,26.0,0
32,2018,5,14,7.36,46.0,8.0,6.208260869565217,0.4999999999999999,-0.8660254037844387,22.666666666666668,0
32,2018,6,37,8.107027027027026,14.0,46.0,7.36,1.2246467991473532e-16,-1.0,32.333333333333336,1
32,2018,7,446,43.807264573991034,37.0,14.0,8.107027027027026,-0.4999999999999998,-0.8660254037844388,165.66666666666666,1
32,2018,8,542,24.49760147601476,446.0,37.0,43.807264573991034,-0.8660254037844384,-0.5000000000000004,341.6666666666667,0
32,2018,9,29,4.387241379310345,542.0,446.0,24.49760147601476,-1.0,-1.8369701987210294e-16,339.0,1
32,2018,10,63,2.358253968253968,29.0,542.0,4.387241379310345,-0.8660254037844386,0.5000000000000001,211.33333333333337,0
32,2018,11,28,4.027857142857143,63.0,29.0,2.358253968253968,-0.5000000000000004,0.8660254037844384,40.0,0
32,2018,12,41,2.406829268292683,28.0,63.0,4.027857142857143,-2.4492935982947064e-16,1.0,44.0,0
32,2019,1,12,2.8575,41.0,28.0,2.406829268292683,0.4999999999999999,0.8660254037844387,27.0,0
32,2019,2,19,2.556842105263158,12.0,41.0,2.8575,0.8660254037844386,0.5000000000000001,24.0,1
32,2019,3,46,22.306304347826085,19.0,12.0,2.556842105263158,1.0,6.123233995736766e-17,25.666666666666668,0
32,2019,4,10,0.697,46.0,19.0,22.306304347826085,0.8660254037844387,-0.4999999999999998,25.0,0
32,2019,5,35,11.800571428571429,10.0,46.0,0.697,0.4999999999999999,-0.8660254037844387,30.333333333333332,0
32,2019,6,37,15.859459459459458,35.0,10.0,11.800571428571429,1.2246467991473532e-16,-1.0,27.333333333333332,1
32,2019,7,47,8.755531914893616,37.0,35.0,15.859459459459458,-0.4999999999999998,-0.8660254037844388,39.666666666666664,0
32,2019,8,18,3.187777777777778,47.0,37.0,8.755531914893616,-0.8660254037844384,-0.5000000000000004,34.0,1
32,2019,9,55,37.77763636363636,18.0,47.0,3.187777777777778,-1.0,-1.8369701987210294e-16,40.0,1
32,2019,10,95,19.49978947368421,55.0,18.0,37.77763636363636,-0.8660254037844386,0.5000000000000001,56.0,1
32,2019,11,89,2.4487640449438204,95.0,55.0,19.49978947368421,-0.5000000000000004,0.8660254037844384,79.66666666666667,0
32,2019,12,22,3.0109090909090908,89.0,95.0,2.4487640449438204,-2.4492935982947064e-16,1.0,68.66666666666667,0
32,2020,1,25,4.7576,22.0,89.0,3.0109090909090908,0.4999999999999999,0.8660254037844387,45.333333333333336,
32,2020,2,32,10.4465625,25.0,22.0,4.7576,0.8660254037844386,0.5000000000000001,26.333333333333332,
32,2020,3,20,33.560500000000005,32.0,25.0,10.4465625,1.0,6.123233995736766e-17,25.666666666666668,
32,2020,4,10,1.399,20.0,32.0,33.560500000000005,0.8660254037844387,-0.4999999999999998,20.666666666666668,
32,2020,5,41,3.908780487804878,10.0,20.0,1.399,0.4999999999999999,-0.8660254037844387,23.666666666666668,
32,2020,6,67,5.0244776119402985,41.0,10.0,3.908780487804878,1.2246467991473532e-16,-1.0,39.333333333333336,
32,2020,7,82,11.477926829268291,67.0,41.0,5.0244776119402985,-0.4999999999999998,-0.8660254037844388,63.333333333333336,
32,2020,8,433,32.350715935334875,82.0,67.0,11.477926829268291,-0.8660254037844384,-0.5000000000000004,194.0,
32,2020,9,100,19.3686,433.0,82.0,32.350715935334875,-1.0,-1.8369701987210294e-16,205.0,
32,2020,10,33,8.355454545454545,100.0,433.0,19.3686,-0.8660254037844386,0.5000000000000001,188.66666666666663,
32,2020,11,69,5.311159420289855,33.0,100.0,8.355454545454545,-0.5000000000000004,0.8660254037844384,67.33333333333333,
33,2015,3,32,7.6290625,4.0,7.0,4.33,1.0,6.123233995736766e-17,14.333333333333334,0
33,2015,4,23,1.2895652173913044,32.0,4.0,7.6290625,0.8660254037844387,-0.4999999999999998,19.666666666666668,0
33,2015,5,11,5.966363636363636,23.0,32.0,1.2895652173913044,0.4999999999999999,-0.8660254037844387,22.0,0
33,2015,6,15,2.3266666666666667,11.0,23.0,5.966363636363636,1.2246467991473532e-16,-1.0,16.333333333333332,0
33,2015,7,21,10.768571428571429,15.0,11.0,2.3266666666666667,-0.4999999999999998,-0.8660254037844388,15.666666666666666,0
33,2015,8,5,0.998,21.0,15.0,10.768571428571429,-0.8660254037844384,-0.5000000000000004,13.666666666666666,0
33,2015,9,10,3.307,5.0,21.0,0.998,-1.0,-1.8369701987210294e-16,12.0,0
33,2015,10,20,5.1935,10.0,5.0,3.307,-0.8660254037844386,0.5000000000000001,11.666666666666666,0
33,2015,11,24,10.231666666666667,20.0,10.0,5.1935,-0.5000000000000004,0.8660254037844384,18.0,0
33,2015,12,10,1.8,24.0,20.0,10.231666666666667,-2.4492935982947064e-16,1.0,18.0,0
33,2016,2,13,6.356923076923077,10.0,24.0,1.8,0.8660254037844386,0.5000000000000001,15.666666666666666,0
33,2016,3,18,2.9605555555555556,13.0,10.0,6.356923076923077,1.0,6.123233995736766e-17,13.666666666666666,0
33,2016,4,17,4.490588235294118,18.0,13.0,2.9605555555555556,0.8660254037844387,-0.4999999999999998,16.0,0
33,2016,5,14,8.55857142857143,17.0,18.0,4.490588235294118,0.4999999999999999,-0.8660254037844387,16.333333333333332,0
33,2016,6,15,5.85,14.0,17.0,8.55857142857143,1.2246467991473532e-16,-1.0,15.333333333333334,0
33,2016,7,12,1.1,15.0,14.0,5.85,-0.4999999999999998,-0.8660254037844388,13.666666666666666,0
33,2016,8,11,2.6436363636363636,12.0,15.0,1.1,-0.8660254037844384,-0.5000000000000004,12.666666666666666,0
33,2016,9,27,9.376666666666669,11.0,12.0,2.6436363636363636,-1.0,-1.8369701987210294e-16,16.666666666666668,0
33,2016,10,14,3.4250000000000003,27.0,11.0,9.376666666666669,-0.8660254037844386,0.5000000000000001,17.333333333333332,0
33,2016,11,12,6.305,14.0,27.0,3.4250000000000003,-0.5000000000000004,0.8660254037844384,17.666666666666668,0
33,2017,2,2,0.39,12.0,14.0,6.305,0.8660254037844386,0.5000000000000001,9.333333333333334,0
33,2017,3,10,3.381,2.0,12.0,0.39,1.0,6.123233995736766e-17,8.0,0
33,2017,4,15,3.558666666666667,10.0,2.0,3.381,0.8660254037844387,-0.4999999999999998,9.0,0
33,2017,5,19,1.2842105263157897,15.0,10.0,3.558666666666667,0.4999999999999999,-0.8660254037844387,14.666666666666666,0
33,2017,6,14,2.6021428571428573,19.0,15.0,1.2842105263157897,1.2246467991473532e-16,-1.0,16.0,0
33,2017,7,26,14.876153846153848,14.0,19.0,2.6021428571428573,-0.4999999999999998,-0.8660254037844388,19.666666666666668,0
33,2017,8,13,5.837692307692308,26.0,14.0,14.876153846153848,-0.8660254037844384,-0.5000000000000004,17.666666666666668,0
33,2017,9,17,16.78058823529412,13.0,26.0,5.837692307692308,-1.0,-1.8369701987210294e-16,18.666666666666668,0
33,2017,10,8,1.985,17.0,13.0,16.78058823529412,-0.8660254037844386,0.5000000000000001,12.666666666666666,0
33,2017,11,12,4.414166666666667,8.0,17.0,1.985,-0.5000000000000004,0.8660254037844384,12.333333333333334,0
33,2017,12,6,7.641666666666666,12.0,8.0,4.414166666666667,-2.4492935982947064e-16,1.0,8.666666666666666,0
33,2018,1,2,2.25,6.0,12.0,7.641666666666666,0.4999999999999999,0.8660254037844387,6.666666666666667,0
33,2018,2,27,5.419259259259259,2.0,6.0,2.25,0.8660254037844386,0.5000000000000001,11.666666666666666,0
33,2018,3,13,2.6107692307692307,27.0,2.0,5.419259259259259,1.0,6.123233995736766e-17,14.0,0
33,2018,4,27,5.224814814814814,13.0,27.0,2.6107692307692307,0.8660254037844387,-0.4999999999999998,22.333333333333332,0
33,2018,5,25,8.8308,27.0,13.0,5.224814814814814,0.4999999999999999,-0.8660254037844387,21.666666666666668,0
33,2018,6,22,10.69181818181818,25.0,27.0,8.8308,1.2246467991473532e-16,-1.0,24.666666666666668,0
33,2018,7,10,9.633,22.0,25.0,10.69181818181818,-0.4999999999999998,-0.8660254037844388,19.0,0
33,2018,8,3,1.54,10.0,22.0,9.633,-0.8660254037844384,-0.5000000000000004,11.666666666666666,0
33,2018,9,12,16.925833333333333,3.0,10.0,1.54,-1.0,-1.8369701987210294e-16,8.333333333333334,0
33,2018,10,12,4.883333333333333,12.0,3.0,16.925833333333333,-0.8660254037844386,0.5000000000000001,9.0,0
33,2018,11,10,3.177,12.0,12.0,4.883333333333333,-0.5000000000000004,0.8660254037844384,11.333333333333334,0
33,2018,12,2,5.51,10.0,12.0,3.177,-2.4492935982947064e-16,1.0,8.0,0
33,2019,1,2,2.415,2.0,10.0,5.51,0.4999999999999999,0.8660254037844387,4.666666666666667,0
33,2019,3,7,4.147142857142858,2.0,2.0,2.415,1.0,6.123233995736766e-17,3.6666666666666665,0
33,2019,4,14,7.177142857142857,7.0,2.0,4.147142857142858,0.8660254037844387,-0.4999999999999998,7.666666666666667,0
33,2019,5,8,6.705,14.0,7.0,7.177142857142857,0.4999999999999999,-0.8660254037844387,9.666666666666666,0
33,2019,6,17,9.744117647058824,8.0,14.0,6.705,1.2246467991473532e-16,-1.0,13.0,0
33,2019,7,17,17.44235294117647,17.0,8.0,9.744117647058824,-0.4999999999999998,-0.8660254037844388,14.0,0
33,2019,8,6,8.071666666666667,17.0,17.0,17.44235294117647,-0.8660254037844384,-0.5000000000000004,13.333333333333334,0
33,2019,9,16,1.505,6.0,17.0,8.071666666666667,-1.0,-1.8369701987210294e-16,13.0,0
33,2019,10,34,4.836176470588235,16.0,6.0,1.505,-0.8660254037844386,0.5000000000000001,18.666666666666668,0
33,2019,11,18,4.004444444444444,34.0,16.0,4.836176470588235,-0.5000000000000004,0.8660254037844384,22.666666666666668,0
33,2019,12,1,3.84,18.0,34.0,4.004444444444444,-2.4492935982947064e-16,1.0,17.666666666666668,0
33,2020,1,3,2.8033333333333332,1.0,18.0,3.84,0.4999999999999999,0.8660254037844387,7.333333333333333,
33,2020,2,32,8.388125,3.0,1.0,2.8033333333333332,0.8660254037844386,0.5000000000000001,12.0,
33,2020,3,8,3.4212499999999997,32.0,3.0,8.388125,1.0,6.123233995736766e-17,14.333333333333334,
33,2020,4,6,4.715,8.0,32.0,3.4212499999999997,0.8660254037844387,-0.4999999999999998,15.333333333333334,
33,2020,5,19,7.01421052631579,6.0,8.0,4.715,0.4999999999999999,-0.8660254037844387,11.0,
33,2020,6,47,33.058297872340425,19.0,6.0,7.01421052631579,1.2246467991473532e-16,-1.0,24.0,
33,2020,7,5,6.497999999999999,47.0,19.0,33.058297872340425,-0.4999999999999998,-0.8660254037844388,23.666666666666668,
33,2020,8,12,2.39,5.0,47.0,6.497999999999999,-0.8660254037844384,-0.5000000000000004,21.333333333333332,
33,2020,9,27,15.082962962962965,12.0,5.0,2.39,-1.0,-1.8369701987210294e-16,14.666666666666666,
33,2020,10,9,4.751111111111111,27.0,12.0,15.082962962962965,-0.8660254037844386,0.5000000000000001,16.0,
33,2020,11,26,7.038461538461538,9.0,27.0,4.751111111111111,-0.5000000000000004,0.8660254037844384,20.666666666666668,
34,2015,3,6,9.126666666666669,1.0,4.0,7.44,1.0,6.123233995736766e-17,3.6666666666666665,0
34,2015,7,2,15.27,6.0,1.0,9.126666666666669,-0.4999999999999998,-0.8660254037844388,3.0,0
34,2015,10,26,14.989615384615384,2.0,6.0,15.27,-0.8660254037844386,0.5000000000000001,11.333333333333334,0
34,2015,11,10,4.311999999999999,26.0,2.0,14.989615384615384,-0.5000000000000004,0.8660254037844384,12.666666666666666,0
34,2015,12,6,3.171666666666667,10.0,26.0,4.311999999999999,-2.4492935982947064e-16,1.0,14.0,0
34,2016,6,3,10.906666666666666,6.0,10.0,3.171666666666667,1.2246467991473532e-16,-1.0,6.333333333333333,0
34,2016,7,2,9.9,3.0,6.0,10.906666666666666,-0.4999999999999998,-0.8660254037844388,3.6666666666666665,0
34,2016,11,3,5.226666666666667,2.0,3.0,9.9,-0.5000000000000004,0.8660254037844384,2.6666666666666665,0
34,2016,12,2,6.880000000000001,3.0,2.0,5.226666666666667,-2.4492935982947064e-16,1.0,2.3333333333333335,0
34,2017,3,1,2.93,2.0,3.0,6.880000000000001,1.0,6.123233995736766e-17,2.0,0
34,2017,5,1,0.92,1.0,2.0,2.93,0.4999999999999999,-0.8660254037844387,1.3333333333333333,0
34,2017,10,1,1.87,1.0,1.0,0.92,-0.8660254037844386,0.5000000000000001,1.0,0
34,2018,1,7,7.178571428571429,1.0,1.0,1.87,0.4999999999999999,0.8660254037844387,3.0,0
34,2018,2,4,5.495,7.0,1.0,7.178571428571429,0.8660254037844386,0.5000000000000001,4.0,0
34,2018,3,1,3.47,4.0,7.0,5.495,1.0,6.123233995736766e-17,4.0,0
34,2018,4,5,1.876,1.0,4.0,3.47,0.8660254037844387,-0.4999999999999998,3.3333333333333335,1
34,2018,6,86,26.34860465116279,5.0,1.0,1.876,1.2246467991473532e-16,-1.0,30.666666666666668,0
34,2018,7,9,10.525555555555556,86.0,5.0,26.34860465116279,-0.4999999999999998,-0.8660254037844388,33.333333333333336,1
34,2018,10,89,16.748651685393256,9.0,86.0,10.525555555555556,-0.8660254037844386,0.5000000000000001,61.333333333333336,0
34,2018,12,11,4.594545454545455,89.0,9.0,16.748651685393256,-2.4492935982947064e-16,1.0,36.333333333333336,0
34,2019,3,6,3.3800000000000003,11.0,89.0,4.594545454545455,1.0,6.123233995736766e-17,35.333333333333336,0
34,2019,7,6,18.42,6.0,11.0,3.3800000000000003,-0.4999999999999998,-0.8660254037844388,7.666666666666667,0
34,2019,8,2,24.36,6.0,6.0,18.42,-0.8660254037844384,-0.5000000000000004,4.666666666666667,0
34,2019,9,7,28.03857142857143,2.0,6.0,24.36,-1.0,-1.8369701987210294e-16,5.0,1
34,2019,11,89,6.660898876404495,7.0,2.0,28.03857142857143,-0.5000000000000004,0.8660254037844384,32.666666666666664,0
34,2019,12,1,3.58,89.0,7.0,6.660898876404495,-2.4492935982947064e-16,1.0,32.333333333333336,0
34,2020,2,7,4.2542857142857144,1.0,89.0,3.58,0.8660254037844386,0.5000000000000001,32.333333333333336,
34,2020,3,2,3.49,7.0,1.0,4.2542857142857144,1.0,6.123233995736766e-17,3.3333333333333335,
34,2020,4,3,8.74,2.0,7.0,3.49,0.8660254037844387,-0.4999999999999998,4.0,
34,2020,5,1,4.98,3.0,2.0,8.74,0.4999999999999999,-0.8660254037844387,2.0,
34,2020,6,17,85.01058823529412,1.0,3.0,4.98,1.2246467991473532e-16,-1.0,7.0,
34,2020,7,6,23.713333333333335,17.0,1.0,85.01058823529412,-0.4999999999999998,-0.8660254037844388,8.0,
34,2020,10,1,2.5,6.0,17.0,23.713333333333335,-0.8660254037844386,0.5000000000000001,8.0,
34,2020,11,11,45.21,1.0,6.0,2.5,-0.5000000000000004,0.8660254037844384,6.0,
35,2015,3,120,4.398750000000001,124.0,113.0,2.327338709677419,1.0,6.123233995736766e-17,119.0,1
35,2015,4,134,1.5582089552238807,120.0,124.0,4.398750000000001,0.8660254037844387,-0.4999999999999998,126.0,1
35,2015,5,96,3.381145833333333,134.0,120.0,1.5582089552238807,0.4999999999999999,-0.8660254037844387,116.66666666666669,1
35,2015,6,3136,36.301144770408165,96.0,134.0,3.381145833333333,1.2246467991473532e-16,-1.0,1122.0,1
35,2015,7,152,2.499605263157895,3136.0,96.0,36.301144770408165,-0.4999999999999998,-0.8660254037844388,1128.0,1
35,2015,8,152,3.939473684210526,152.0,3136.0,2.499605263157895,-0.8660254037844384,-0.5000000000000004,1146.6666666666667,1
35,2015,9,149,1.743758389261745,152.0,152.0,3.939473684210526,-1.0,-1.8369701987210294e-16,151.0,1
35,2015,10,127,1.9108661417322832,149.0,152.0,1.743758389261745,-0.8660254037844386,0.5000000000000001,142.66666666666666,1
35,2015,11,154,2.0031818181818184,127.0,149.0,1.9108661417322832,-0.5000000000000004,0.8660254037844384,143.33333333333334,1
35,2015,12,128,2.2678125,154.0,127.0,2.0031818181818184,-2.4492935982947064e-16,1.0,136.33333333333334,1
35,2016,1,92,2.9086956521739133,128.0,154.0,2.2678125,0.4999999999999999,0.8660254037844387,124.66666666666669,1
35,2016,2,128,2.62515625,92.0,128.0,2.9086956521739133,0.8660254037844386,0.5000000000000001,116.0,1
35,2016,3,113,1.5338053097345132,128.0,92.0,2.62515625,1.0,6.123233995736766e-17,111.0,1
35,2016,4,112,1.785625,113.0,128.0,1.5338053097345132,0.8660254037844387,-0.4999999999999998,117.66666666666669,1
35,2016,5,154,1.5498051948051947,112.0,113.0,1.785625,0.4999999999999999,-0.8660254037844387,126.33333333333331,1
35,2016,6,133,2.213308270676692,154.0,112.0,1.5498051948051947,1.2246467991473532e-16,-1.0,133.0,1
35,2016,7,152,2.393421052631579,133.0,154.0,2.213308270676692,-0.4999999999999998,-0.8660254037844388,146.33333333333334,1
35,2016,8,955,33.76220942408377,152.0,133.0,2.393421052631579,-0.8660254037844384,-0.5000000000000004,413.3333333333333,1
35,2016,9,150,3.675933333333333,955.0,152.0,33.76220942408377,-1.0,-1.8369701987210294e-16,419.0,1
35,2016,10,167,1.574670658682635,150.0,955.0,3.675933333333333,-0.8660254037844386,0.5000000000000001,424.0,1
35,2016,11,217,1.9737327188940093,167.0,150.0,1.574670658682635,-0.5000000000000004,0.8660254037844384,178.0,1
35,2016,12,46,3.5565217391304347,217.0,167.0,1.9737327188940093,-2.4492935982947064e-16,1.0,143.33333333333334,1
35,2017,1,86,2.5282558139534883,46.0,217.0,3.5565217391304347,0.4999999999999999,0.8660254037844387,116.33333333333331,1
35,2017,2,74,2.153243243243243,86.0,46.0,2.5282558139534883,0.8660254037844386,0.5000000000000001,68.66666666666667,1
35,2017,3,155,1.4931612903225806,74.0,86.0,2.153243243243243,1.0,6.123233995736766e-17,105.0,1
35,2017,4,135,1.4742222222222223,155.0,74.0,1.4931612903225806,0.8660254037844387,-0.4999999999999998,121.33333333333331,1
35,2017,5,167,1.7192814371257483,135.0,155.0,1.4742222222222223,0.4999999999999999,-0.8660254037844387,152.33333333333334,1
35,2017,6,239,7.576234309623431,167.0,135.0,1.7192814371257483,1.2246467991473532e-16,-1.0,180.33333333333337,1
35,2017,7,166,2.9417469879518072,239.0,167.0,7.576234309623431,-0.4999999999999998,-0.8660254037844388,190.66666666666663,1
35,2017,8,170,2.310235294117647,166.0,239.0,2.9417469879518072,-0.8660254037844384,-0.5000000000000004,191.66666666666663,1
35,2017,9,160,1.7258125,170.0,166.0,2.310235294117647,-1.0,-1.8369701987210294e-16,165.33333333333334,1
35,2017,10,213,1.73093896713615,160.0,170.0,1.7258125,-0.8660254037844386,0.5000000000000001,181.0,1
35,2017,11,105,1.7930476190476192,213.0,160.0,1.73093896713615,-0.5000000000000004,0.8660254037844384,159.33333333333334,1
35,2017,12,144,2.5520833333333335,105.0,213.0,1.7930476190476192,-2.4492935982947064e-16,1.0,154.0,1
35,2018,1,137,1.7210948905109489,144.0,105.0,2.5520833333333335,0.4999999999999999,0.8660254037844387,128.66666666666666,1
35,2018,2,147,2.298843537414966,137.0,144.0,1.7210948905109489,0.8660254037844386,0.5000000000000001,142.66666666666666,1
35,2018,3,95,2.2610526315789476,147.0,137.0,2.298843537414966,1.0,6.123233995736766e-17,126.33333333333331,1
35,2018,4,123,1.455853658536585,95.0,147.0,2.2610526315789476,0.8660254037844387,-0.4999999999999998,121.66666666666669,1
35,2018,5,136,1.468014705882353,123.0,95.0,1.455853658536585,0.4999999999999999,-0.8660254037844387,118.0,1
35,2018,6,206,2.8451456310679615,136.0,123.0,1.468014705882353,1.2246467991473532e-16,-1.0,155.0,1
35,2018,7,258,5.480658914728682,206.0,136.0,2.8451456310679615,-0.4999999999999998,-0.8660254037844388,200.0,1
35,2018,8,187,1.9177540106951871,258.0,206.0,5.480658914728682,-0.8660254037844384,-0.5000000000000004,217.0,1
35,2018,9,176,2.272556818181818,187.0,258.0,1.9177540106951871,-1.0,-1.8369701987210294e-16,207.0,1
35,2018,10,208,2.4592788461538464,176.0,187.0,2.272556818181818,-0.8660254037844386,0.5000000000000001,190.33333333333337,1
35,2018,11,156,1.7958333333333332,208.0,176.0,2.4592788461538464,-0.5000000000000004,0.8660254037844384,180.0,1
35,2018,12,107,1.8957943925233645,156.0,208.0,1.7958333333333332,-2.4492935982947064e-16,1.0,157.0,1
35,2019,1,102,2.0777450980392156,107.0,156.0,1.8957943925233645,0.4999999999999999,0.8660254037844387,121.66666666666669,1
35,2019,2,82,2.113048780487805,102.0,107.0,2.0777450980392156,0.8660254037844386,0.5000000000000001,97.0,1
35,2019,3,87,1.832183908045977,82.0,102.0,2.113048780487805,1.0,6.123233995736766e-17,90.33333333333331,1
35,2019,4,139,1.5942446043165468,87.0,82.0,1.832183908045977,0.8660254037844387,-0.4999999999999998,102.66666666666669,1
35,2019,5,114,1.4809649122807018,139.0,87.0,1.5942446043165468,0.4999999999999999,-0.8660254037844387,113.33333333333331,1
35,2019,6,157,1.7698089171974525,114.0,139.0,1.4809649122807018,1.2246467991473532e-16,-1.0,136.66666666666666,1
35,2019,7,148,3.2698648648648647,157.0,114.0,1.7698089171974525,-0.4999999999999998,-0.8660254037844388,139.66666666666666,1
35,2019,8,167,2.182754491017964,148.0,157.0,3.2698648648648647,-0.8660254037844384,-0.5000000000000004,157.33333333333334,1
35,2019,9,152,1.5233552631578948,167.0,148.0,2.182754491017964,-1.0,-1.8369701987210294e-16,155.66666666666666,1
35,2019,10,199,4.796984924623116,152.0,167.0,1.5233552631578948,-0.8660254037844386,0.5000000000000001,172.66666666666666,1
35,2019,11,112,1.760982142857143,199.0,152.0,4.796984924623116,-0.5000000000000004,0.8660254037844384,154.33333333333334,0
35,2019,12,42,1.7111904761904764,112.0,199.0,1.760982142857143,-2.4492935982947064e-16,1.0,117.66666666666669,1
35,2020,1,89,1.5898876404494382,42.0,112.0,1.7111904761904764,0.4999999999999999,0.8660254037844387,81.0,
35,2020,2,85,1.8011764705882352,89.0,42.0,1.5898876404494382,0.8660254037844386,0.5000000000000001,72.0,
35,2020,3,78,2.0911538461538464,85.0,89.0,1.8011764705882352,1.0,6.123233995736766e-17,84.0,
35,2020,4,89,1.3917977528089889,78.0,85.0,2.0911538461538464,0.8660254037844387,-0.4999999999999998,84.0,
35,2020,5,162,3.431666666666666,89.0,78.0,1.3917977528089889,0.4999999999999999,-0.8660254037844387,109.66666666666669,
35,2020,6,104,2.788557692307692,162.0,89.0,3.431666666666666,1.2246467991473532e-16,-1.0,118.33333333333331,
35,2020,7,163,7.334049079754601,104.0,162.0,2.788557692307692,-0.4999999999999998,-0.8660254037844388,143.0,
35,2020,8,912,18.707620614035086,163.0,104.0,7.334049079754601,-0.8660254037844384,-0.5000000000000004,393.0,
35,2020,9,1629,28.890705954573356,912.0,163.0,18.707620614035086,-1.0,-1.8369701987210294e-16,901.3333333333334,
35,2020,10,325,10.912184615384616,1629.0,912.0,28.890705954573356,-0.8660254037844386,0.5000000000000001,955.3333333333334,
35,2020,11,153,2.071764705882353,325.0,1629.0,10.912184615384616,-0.5000000000000004,0.8660254037844384,702.3333333333334,
36,2015,3,14,2.2,61.0,10.0,17.41344262295082,1.0,6.123233995736766e-17,28.333333333333332,1
36,2015,4,66,10.436060606060606,14.0,61.0,2.2,0.8660254037844387,-0.4999999999999998,47.0,0
36,2015,5,9,3.2244444444444444,66.0,14.0,10.436060606060606,0.4999999999999999,-0.8660254037844387,29.666666666666668,0
36,2015,6,30,7.432666666666666,9.0,66.0,3.2244444444444444,1.2246467991473532e-16,-1.0,35.0,0
36,2015,7,18,8.702222222222224,30.0,9.0,7.432666666666666,-0.4999999999999998,-0.8660254037844388,19.0,0
36,2015,8,42,17.351666666666667,18.0,30.0,8.702222222222224,-0.8660254037844384,-0.5000000000000004,30.0,0
36,2015,9,10,4.282,42.0,18.0,17.351666666666667,-1.0,-1.8369701987210294e-16,23.333333333333332,0
36,2015,10,7,0.5814285714285715,10.0,42.0,4.282,-0.8660254037844386,0.5000000000000001,19.666666666666668,0
36,2015,11,9,1.237777777777778,7.0,10.0,0.5814285714285715,-0.5000000000000004,0.8660254037844384,8.666666666666666,0
36,2015,12,10,1.295,9.0,7.0,1.237777777777778,-2.4492935982947064e-16,1.0,8.666666666666666,0
36,2016,1,10,2.263,10.0,9.0,1.295,0.4999999999999999,0.8660254037844387,9.666666666666666,0
36,2016,2,42,7.73952380952381,10.0,10.0,2.263,0.8660254037844386,0.5000000000000001,20.666666666666668,1
36,2016,3,47,11.376382978723406,42.0,10.0,7.73952380952381,1.0,6.123233995736766e-17,33.0,0
36,2016,4,17,18.70823529411765,47.0,42.0,11.376382978723406,0.8660254037844387,-0.4999999999999998,35.333333333333336,0
36,2016,5,8,11.11125,17.0,47.0,18.70823529411765,0.4999999999999999,-0.8660254037844387,24.0,1
36,2016,6,163,35.704478527607364,8.0,17.0,11.11125,1.2246467991473532e-16,-1.0,62.666666666666664,0
36,2016,7,11,9.981818181818182,163.0,8.0,35.704478527607364,-0.4999999999999998,-0.8660254037844388,60.666666666666664,0
36,2016,8,3,1.4333333333333331,11.0,163.0,9.981818181818182,-0.8660254037844384,-0.5000000000000004,59.0,0
36,2016,9,5,2.17,3.0,11.0,1.4333333333333331,-1.0,-1.8369701987210294e-16,6.333333333333333,0
36,2016,10,10,0.517,5.0,3.0,2.17,-0.8660254037844386,0.5000000000000001,6.0,0
36,2016,11,12,3.4333333333333336,10.0,5.0,0.517,-0.5000000000000004,0.8660254037844384,9.0,0
36,2016,12,27,36.07111111111111,12.0,10.0,3.4333333333333336,-2.4492935982947064e-16,1.0,16.333333333333332,0
36,2017,1,10,1.118,27.0,12.0,36.07111111111111,0.4999999999999999,0.8660254037844387,16.333333333333332,0
36,2017,2,14,3.7707142857142855,10.0,27.0,1.118,0.8660254037844386,0.5000000000000001,17.0,1
36,2017,3,57,19.44333333333333,14.0,10.0,3.7707142857142855,1.0,6.123233995736766e-17,27.0,0
36,2017,4,31,5.599354838709678,57.0,14.0,19.44333333333333,0.8660254037844387,-0.4999999999999998,34.0,1
36,2017,5,81,8.708148148148148,31.0,57.0,5.599354838709678,0.4999999999999999,-0.8660254037844387,56.333333333333336,1
36,2017,6,73,8.742739726027398,81.0,31.0,8.708148148148148,1.2246467991473532e-16,-1.0,61.666666666666664,0
36,2017,7,22,29.614545454545453,73.0,81.0,8.742739726027398,-0.4999999999999998,-0.8660254037844388,58.666666666666664,0
36,2017,8,39,25.87025641025641,22.0,73.0,29.614545454545453,-0.8660254037844384,-0.5000000000000004,44.666666666666664,0
36,2017,9,23,1.6282608695652174,39.0,22.0,25.87025641025641,-1.0,-1.8369701987210294e-16,28.0,1
36,2017,10,72,7.309444444444444,23.0,39.0,1.6282608695652174,-0.8660254037844386,0.5000000000000001,44.666666666666664,0
36,2017,11,13,0.7246153846153847,72.0,23.0,7.309444444444444,-0.5000000000000004,0.8660254037844384,36.0,1
36,2017,12,89,39.71887640449438,13.0,72.0,0.7246153846153847,-2.4492935982947064e-16,1.0,58.0,0
36,2018,1,25,8.2468,89.0,13.0,39.71887640449438,0.4999999999999999,0.8660254037844387,42.333333333333336,0
36,2018,2,36,3.8952777777777783,25.0,89.0,8.2468,0.8660254037844386,0.5000000000000001,50.0,0
36,2018,3,27,6.887037037037037,36.0,25.0,3.8952777777777783,1.0,6.123233995736766e-17,29.333333333333332,0
36,2018,4,12,4.229166666666667,27.0,36.0,6.887037037037037,0.8660254037844387,-0.4999999999999998,25.0,0
36,2018,5,28,9.82464285714286,12.0,27.0,4.229166666666667,0.4999999999999999,-0.8660254037844387,22.333333333333332,0
36,2018,6,40,13.93075,28.0,12.0,9.82464285714286,1.2246467991473532e-16,-1.0,26.666666666666668,1
36,2018,7,68,10.853235294117647,40.0,28.0,13.93075,-0.4999999999999998,-0.8660254037844388,45.333333333333336,0
36,2018,8,16,10.32625,68.0,40.0,10.853235294117647,-0.8660254037844384,-0.5000000000000004,41.333333333333336,0
36,2018,9,17,6.16235294117647,16.0,68.0,10.32625,-1.0,-1.8369701987210294e-16,33.666666666666664,0
36,2018,10,8,0.60375,17.0,16.0,6.16235294117647,-0.8660254037844386,0.5000000000000001,13.666666666666666,0
36,2018,11,16,2.951875,8.0,17.0,0.60375,-0.5000000000000004,0.8660254037844384,13.666666666666666,0
36,2018,12,19,4.298421052631579,16.0,8.0,2.951875,-2.4492935982947064e-16,1.0,14.333333333333334,0
36,2019,1,17,8.025882352941176,19.0,16.0,4.298421052631579,0.4999999999999999,0.8660254037844387,17.333333333333332,0
36,2019,2,13,3.5453846153846156,17.0,19.0,8.025882352941176,0.8660254037844386,0.5000000000000001,16.333333333333332,0
36,2019,3,13,3.983076923076923,13.0,17.0,3.5453846153846156,1.0,6.123233995736766e-17,14.333333333333334,0
36,2019,4,11,6.7763636363636355,13.0,13.0,3.983076923076923,0.8660254037844387,-0.4999999999999998,12.333333333333334,0
36,2019,5,13,4.552307692307692,11.0,13.0,6.7763636363636355,0.4999999999999999,-0.8660254037844387,12.333333333333334,0
36,2019,6,27,6.782592592592592,13.0,11.0,4.552307692307692,1.2246467991473532e-16,-1.0,17.0,0
36,2019,7,30,4.949333333333333,27.0,13.0,6.782592592592592,-0.4999999999999998,-0.8660254037844388,23.333333333333332,0
36,2019,8,43,11.073488372093022,30.0,27.0,4.949333333333333,-0.8660254037844384,-0.5000000000000004,33.333333333333336,0
36,2019,9,17,2.3458823529411768,43.0,30.0,11.073488372093022,-1.0,-1.8369701987210294e-16,30.0,0
36,2019,10,42,5.916428571428572,17.0,43.0,2.3458823529411768,-0.8660254037844386,0.5000000000000001,34.0,0
36,2019,11,12,0.7391666666666666,42.0,17.0,5.916428571428572,-0.5000000000000004,0.8660254037844384,23.666666666666668,0
36,2019,12,13,2.3861538461538463,12.0,42.0,0.7391666666666666,-2.4492935982947064e-16,1.0,22.333333333333332,0
36,2020,1,21,4.387142857142857,13.0,12.0,2.3861538461538463,0.4999999999999999,0.8660254037844387,15.333333333333334,
36,2020,2,36,6.049444444444444,21.0,13.0,4.387142857142857,0.8660254037844386,0.5000000000000001,23.333333333333332,
36,2020,3,20,7.848999999999999,36.0,21.0,6.049444444444444,1.0,6.123233995736766e-17,25.666666666666668,
36,2020,4,13,0.3346153846153846,20.0,36.0,7.848999999999999,0.8660254037844387,-0.4999999999999998,23.0,
36,2020,5,35,13.853714285714286,13.0,20.0,0.3346153846153846,0.4999999999999999,-0.8660254037844387,22.666666666666668,
36,2020,6,174,10.765459770114942,35.0,13.0,13.853714285714286,1.2246467991473532e-16,-1.0,74.0,
36,2020,7,24,2.36875,174.0,35.0,10.765459770114942,-0.4999999999999998,-0.8660254037844388,77.66666666666667,
36,2020,8,22,8.756818181818183,24.0,174.0,2.36875,-0.8660254037844384,-0.5000000000000004,73.33333333333333,
36,2020,9,204,16.697598039215688,22.0,24.0,8.756818181818183,-1.0,-1.8369701987210294e-16,83.33333333333333,
36,2020,10,17,0.8094117647058824,204.0,22.0,16.697598039215688,-0.8660254037844386,0.5000000000000001,81.0,
36,2020,11,13,0.4499999999999999,17.0,204.0,0.8094117647058824,-0.5000000000000004,0.8660254037844384,78.0,
37,2015,3,24,3.0775,22.0,4.0,3.5745454545454547,1.0,6.123233995736766e-17,16.666666666666668,1
37,2015,4,55,5.642545454545454,24.0,22.0,3.0775,0.8660254037844387,-0.4999999999999998,33.666666666666664,1
37,2015,5,47,10.171702127659575,55.0,24.0,5.642545454545454,0.4999999999999999,-0.8660254037844387,42.0,0
37,2015,6,32,4.839375,47.0,55.0,10.171702127659575,1.2246467991473532e-16,-1.0,44.666666666666664,0
37,2015,7,23,6.560434782608695,32.0,47.0,4.839375,-0.4999999999999998,-0.8660254037844388,34.0,0
37,2015,8,13,1.8576923076923075,23.0,32.0,6.560434782608695,-0.8660254037844384,-0.5000000000000004,22.666666666666668,0
37,2015,9,11,0.8281818181818181,13.0,23.0,1.8576923076923075,-1.0,-1.8369701987210294e-16,15.666666666666666,0
37,2015,10,20,3.375,11.0,13.0,0.8281818181818181,-0.8660254037844386,0.5000000000000001,14.666666666666666,0
37,2015,11,26,3.5953846153846154,20.0,11.0,3.375,-0.5000000000000004,0.8660254037844384,19.0,0
37,2015,12,9,5.257777777777778,26.0,20.0,3.5953846153846154,-2.4492935982947064e-16,1.0,18.333333333333332,0
37,2016,1,4,1.8325,9.0,26.0,5.257777777777778,0.4999999999999999,0.8660254037844387,13.0,0
37,2016,2,9,1.6711111111111112,4.0,9.0,1.8325,0.8660254037844386,0.5000000000000001,7.333333333333333,0
37,2016,3,19,2.2699999999999996,9.0,4.0,1.6711111111111112,1.0,6.123233995736766e-17,10.666666666666666,0
37,2016,4,18,2.6544444444444446,19.0,9.0,2.2699999999999996,0.8660254037844387,-0.4999999999999998,15.333333333333334,0
37,2016,5,20,6.326,18.0,19.0,2.6544444444444446,0.4999999999999999,-0.8660254037844387,19.0,0
37,2016,6,26,5.041153846153846,20.0,18.0,6.326,1.2246467991473532e-16,-1.0,21.333333333333332,0
37,2016,7,23,3.659130434782608,26.0,20.0,5.041153846153846,-0.4999999999999998,-0.8660254037844388,23.0,0
37,2016,8,16,1.845,23.0,26.0,3.659130434782608,-0.8660254037844384,-0.5000000000000004,21.666666666666668,0
37,2016,9,10,1.234,16.0,23.0,1.845,-1.0,-1.8369701987210294e-16,16.333333333333332,0
37,2016,10,35,3.1565714285714286,10.0,16.0,1.234,-0.8660254037844386,0.5000000000000001,20.333333333333332,0
37,2016,11,38,4.682894736842106,35.0,10.0,3.1565714285714286,-0.5000000000000004,0.8660254037844384,27.666666666666668,0
37,2016,12,12,4.503333333333333,38.0,35.0,4.682894736842106,-2.4492935982947064e-16,1.0,28.333333333333332,0
37,2017,2,6,1.6716666666666669,12.0,38.0,4.503333333333333,0.8660254037844386,0.5000000000000001,18.666666666666668,0
37,2017,3,26,4.5661538461538465,6.0,12.0,1.6716666666666669,1.0,6.123233995736766e-17,14.666666666666666,0
37,2017,4,42,2.904047619047619,26.0,6.0,4.5661538461538465,0.8660254037844387,-0.4999999999999998,24.666666666666668,0
37,2017,5,39,3.54051282051282,42.0,26.0,2.904047619047619,0.4999999999999999,-0.8660254037844387,35.666666666666664,0
37,2017,6,32,4.5096875,39.0,42.0,3.54051282051282,1.2246467991473532e-16,-1.0,37.666666666666664,0
37,2017,7,39,1.7835897435897436,32.0,39.0,4.5096875,-0.4999999999999998,-0.8660254037844388,36.666666666666664,0
37,2017,8,39,2.516923076923077,39.0,32.0,1.7835897435897436,-0.8660254037844384,-0.5000000000000004,36.666666666666664,1
37,2017,9,53,11.195094339622642,39.0,39.0,2.516923076923077,-1.0,-1.8369701987210294e-16,43.666666666666664,0
37,2017,10,39,2.382820512820513,53.0,39.0,11.195094339622642,-0.8660254037844386,0.5000000000000001,43.666666666666664,1
37,2017,11,53,4.57811320754717,39.0,53.0,2.382820512820513,-0.5000000000000004,0.8660254037844384,48.333333333333336,0
37,2017,12,41,4.281219512195122,53.0,39.0,4.57811320754717,-2.4492935982947064e-16,1.0,44.333333333333336,0
37,2018,1,11,3.988181818181818,41.0,53.0,4.281219512195122,0.4999999999999999,0.8660254037844387,35.0,1
37,2018,2,58,4.158620689655173,11.0,41.0,3.988181818181818,0.8660254037844386,0.5000000000000001,36.666666666666664,0
37,2018,3,26,4.497307692307692,58.0,11.0,4.158620689655173,1.0,6.123233995736766e-17,31.666666666666668,0
37,2018,4,34,2.8241176470588236,26.0,58.0,4.497307692307692,0.8660254037844387,-0.4999999999999998,39.333333333333336,0
37,2018,5,34,2.151764705882353,34.0,26.0,2.8241176470588236,0.4999999999999999,-0.8660254037844387,31.333333333333332,0
37,2018,6,37,5.3108108108108105,34.0,34.0,2.151764705882353,1.2246467991473532e-16,-1.0,35.0,0
37,2018,7,17,2.472352941176471,37.0,34.0,5.3108108108108105,-0.4999999999999998,-0.8660254037844388,29.333333333333332,0
37,2018,8,30,4.183333333333334,17.0,37.0,2.472352941176471,-0.8660254037844384,-0.5000000000000004,28.0,0
37,2018,9,27,1.9585185185185183,30.0,17.0,4.183333333333334,-1.0,-1.8369701987210294e-16,24.666666666666668,1
37,2018,10,52,3.2688461538461535,27.0,30.0,1.9585185185185183,-0.8660254037844386,0.5000000000000001,36.333333333333336,0
37,2018,11,16,2.97875,52.0,27.0,3.2688461538461535,-0.5000000000000004,0.8660254037844384,31.666666666666668,0
37,2018,12,23,2.2778260869565217,16.0,52.0,2.97875,-2.4492935982947064e-16,1.0,30.333333333333332,0
37,2019,1,16,3.2993750000000004,23.0,16.0,2.2778260869565217,0.4999999999999999,0.8660254037844387,18.333333333333332,0
37,2019,2,13,5.1184615384615375,16.0,23.0,3.2993750000000004,0.8660254037844386,0.5000000000000001,17.333333333333332,0
37,2019,3,40,2.7947499999999996,13.0,16.0,5.1184615384615375,1.0,6.123233995736766e-17,23.0,0
37,2019,4,33,3.0336363636363637,40.0,13.0,2.7947499999999996,0.8660254037844387,-0.4999999999999998,28.666666666666668,0
37,2019,5,34,2.333235294117647,33.0,40.0,3.0336363636363637,0.4999999999999999,-0.8660254037844387,35.666666666666664,0
37,2019,6,40,3.65925,34.0,33.0,2.333235294117647,1.2246467991473532e-16,-1.0,35.666666666666664,0
37,2019,7,43,4.703720930232558,40.0,34.0,3.65925,-0.4999999999999998,-0.8660254037844388,39.0,1
37,2019,8,59,7.922033898305085,43.0,40.0,4.703720930232558,-0.8660254037844384,-0.5000000000000004,47.333333333333336,0
37,2019,9,35,6.658,59.0,43.0,7.922033898305085,-1.0,-1.8369701987210294e-16,45.666666666666664,1
37,2019,10,54,3.2081481481481484,35.0,59.0,6.658,-0.8660254037844386,0.5000000000000001,49.333333333333336,1
37,2019,11,81,4.467407407407408,54.0,35.0,3.2081481481481484,-0.5000000000000004,0.8660254037844384,56.666666666666664,0
37,2019,12,15,2.9299999999999997,81.0,54.0,4.467407407407408,-2.4492935982947064e-16,1.0,50.0,0
37,2020,1,7,1.9385714285714288,15.0,81.0,2.9299999999999997,0.4999999999999999,0.8660254037844387,34.333333333333336,
37,2020,2,71,3.244225352112676,7.0,15.0,1.9385714285714288,0.8660254037844386,0.5000000000000001,31.0,
37,2020,3,67,4.520746268656716,71.0,7.0,3.244225352112676,1.0,6.123233995736766e-17,48.333333333333336,
37,2020,4,54,3.7,67.0,71.0,4.520746268656716,0.8660254037844387,-0.4999999999999998,64.0,
37,2020,5,26,2.590384615384615,54.0,67.0,3.7,0.4999999999999999,-0.8660254037844387,49.0,
37,2020,6,37,2.6524324324324327,26.0,54.0,2.590384615384615,1.2246467991473532e-16,-1.0,39.0,
37,2020,7,33,2.7515151515151515,37.0,26.0,2.6524324324324327,-0.4999999999999998,-0.8660254037844388,32.0,
37,2020,8,778,21.5260411311054,33.0,37.0,2.7515151515151515,-0.8660254037844384,-0.5000000000000004,282.6666666666667,
37,2020,9,22,1.4745454545454544,778.0,33.0,21.5260411311054,-1.0,-1.8369701987210294e-16,277.6666666666667,
37,2020,10,31,0.9532258064516128,22.0,778.0,1.4745454545454544,-0.8660254037844386,0.5000000000000001,277.0,
37,2020,11,77,2.647142857142857,31.0,22.0,0.9532258064516128,-0.5000000000000004,0.8660254037844384,43.333333333333336,
38,2015,3,6,2.89,12.0,10.0,8.784166666666666,1.0,6.123233995736766e-17,9.333333333333334,0
38,2015,4,4,3.565,6.0,12.0,2.89,0.8660254037844387,-0.4999999999999998,7.333333333333333,0
38,2015,5,5,4.7219999999999995,4.0,6.0,3.565,0.4999999999999999,-0.8660254037844387,5.0,0
38,2015,6,10,1.092,5.0,4.0,4.7219999999999995,1.2246467991473532e-16,-1.0,6.333333333333333,0
38,2015,7,9,12.88888888888889,10.0,5.0,1.092,-0.4999999999999998,-0.8660254037844388,8.0,1
38,2015,8,106,9.588867924528302,9.0,10.0,12.88888888888889,-0.8660254037844384,-0.5000000000000004,41.666666666666664,0
38,2015,9,2,5.73,106.0,9.0,9.588867924528302,-1.0,-1.8369701987210294e-16,39.0,0
38,2015,11,15,70.48266666666667,2.0,106.0,5.73,-0.5000000000000004,0.8660254037844384,41.0,0
38,2015,12,9,4.581111111111111,15.0,2.0,70.48266666666667,-2.4492935982947064e-16,1.0,8.666666666666666,0
38,2016,1,2,0.795,9.0,15.0,4.581111111111111,0.4999999999999999,0.8660254037844387,8.666666666666666,0
38,2016,2,13,4.8730769230769235,2.0,9.0,0.795,0.8660254037844386,0.5000000000000001,8.0,0
38,2016,3,7,12.05714285714286,13.0,2.0,4.8730769230769235,1.0,6.123233995736766e-17,7.333333333333333,0
38,2016,4,8,10.16625,7.0,13.0,12.05714285714286,0.8660254037844387,-0.4999999999999998,9.333333333333334,0
38,2016,5,24,2.53875,8.0,7.0,10.16625,0.4999999999999999,-0.8660254037844387,13.0,0
38,2016,7,2,1.285,24.0,8.0,2.53875,-0.4999999999999998,-0.8660254037844388,11.333333333333334,1
38,2016,8,1514,31.390838837516515,2.0,24.0,1.285,-0.8660254037844384,-0.5000000000000004,513.3333333333334,0
38,2016,9,1,1.89,1514.0,2.0,31.390838837516515,-1.0,-1.8369701987210294e-16,505.6666666666667,0
38,2016,10,4,10.655,1.0,1514.0,1.89,-0.8660254037844386,0.5000000000000001,506.3333333333333,0
38,2016,11,7,5.748571428571429,4.0,1.0,10.655,-0.5000000000000004,0.8660254037844384,4.0,0
38,2016,12,2,5.3100000000000005,7.0,4.0,5.748571428571429,-2.4492935982947064e-16,1.0,4.333333333333333,0
38,2017,1,1,0.89,2.0,7.0,5.3100000000000005,0.4999999999999999,0.8660254037844387,3.3333333333333335,0
38,2017,2,5,4.412,1.0,2.0,0.89,0.8660254037844386,0.5000000000000001,2.6666666666666665,0
38,2017,3,17,3.673529411764706,5.0,1.0,4.412,1.0,6.123233995736766e-17,7.666666666666667,0
38,2017,4,3,3.6833333333333336,17.0,5.0,3.673529411764706,0.8660254037844387,-0.4999999999999998,8.333333333333334,0
38,2017,5,17,22.308823529411764,3.0,17.0,3.6833333333333336,0.4999999999999999,-0.8660254037844387,12.333333333333334,0
38,2017,6,25,1.3952,17.0,3.0,22.308823529411764,1.2246467991473532e-16,-1.0,15.0,1
38,2017,7,151,26.69165562913907,25.0,17.0,1.3952,-0.4999999999999998,-0.8660254037844388,64.33333333333333,0
38,2017,8,2,0.805,151.0,25.0,26.69165562913907,-0.8660254037844384,-0.5000000000000004,59.333333333333336,0
38,2017,9,7,55.95714285714286,2.0,151.0,0.805,-1.0,-1.8369701987210294e-16,53.333333333333336,0
38,2017,10,11,14.694545454545455,7.0,2.0,55.95714285714286,-0.8660254037844386,0.5000000000000001,6.666666666666667,1
38,2017,11,90,32.465444444444444,11.0,7.0,14.694545454545455,-0.5000000000000004,0.8660254037844384,36.0,0
38,2017,12,6,0.84,90.0,11.0,32.465444444444444,-2.4492935982947064e-16,1.0,35.666666666666664,0
38,2018,1,11,7.72,6.0,90.0,0.84,0.4999999999999999,0.8660254037844387,35.666666666666664,0
38,2018,2,25,6.893199999999999,11.0,6.0,7.72,0.8660254037844386,0.5000000000000001,14.0,0
38,2018,3,6,4.631666666666667,25.0,11.0,6.893199999999999,1.0,6.123233995736766e-17,14.0,0
38,2018,4,11,3.88,6.0,25.0,4.631666666666667,0.8660254037844387,-0.4999999999999998,14.0,0
38,2018,5,5,2.602,11.0,6.0,3.88,0.4999999999999999,-0.8660254037844387,7.333333333333333,0
38,2018,6,14,6.1899999999999995,5.0,11.0,2.602,1.2246467991473532e-16,-1.0,10.0,0
38,2018,8,9,63.77666666666667,14.0,5.0,6.1899999999999995,-0.8660254037844384,-0.5000000000000004,9.333333333333334,0
38,2018,9,2,5.415,9.0,14.0,63.77666666666667,-1.0,-1.8369701987210294e-16,8.333333333333334,0
38,2018,10,6,53.06,2.0,9.0,5.415,-0.8660254037844386,0.5000000000000001,5.666666666666667,1
38,2018,11,91,25.38879120879121,6.0,2.0,53.06,-0.5000000000000004,0.8660254037844384,33.0,0
38,2018,12,3,6.136666666666667,91.0,6.0,25.38879120879121,-2.4492935982947064e-16,1.0,33.333333333333336,0
38,2019,1,7,5.799999999999999,3.0,91.0,6.136666666666667,0.4999999999999999,0.8660254037844387,33.666666666666664,0
38,2019,3,3,1.9733333333333336,7.0,3.0,5.799999999999999,1.0,6.123233995736766e-17,4.333333333333333,0
38,2019,4,16,6.20125,3.0,7.0,1.9733333333333336,0.8660254037844387,-0.4999999999999998,8.666666666666666,0
38,2019,5,2,3.545,16.0,3.0,6.20125,0.4999999999999999,-0.8660254037844387,7.0,0
38,2019,6,20,54.705499999999994,2.0,16.0,3.545,1.2246467991473532e-16,-1.0,12.666666666666666,0
38,2019,7,1,1.86,20.0,2.0,54.705499999999994,-0.4999999999999998,-0.8660254037844388,7.666666666666667,0
38,2019,8,2,6.1899999999999995,1.0,20.0,1.86,-0.8660254037844384,-0.5000000000000004,7.666666666666667,0
38,2019,9,3,0.6433333333333334,2.0,1.0,6.1899999999999995,-1.0,-1.8369701987210294e-16,2.0,0
38,2019,10,7,1.804285714285714,3.0,2.0,0.6433333333333334,-0.8660254037844386,0.5000000000000001,4.0,1
38,2019,11,51,11.256078431372549,7.0,3.0,1.804285714285714,-0.5000000000000004,0.8660254037844384,20.333333333333332,0
38,2019,12,14,5.239285714285714,51.0,7.0,11.256078431372549,-2.4492935982947064e-16,1.0,24.0,0
38,2020,1,44,5.357954545454546,14.0,51.0,5.239285714285714,0.4999999999999999,0.8660254037844387,36.333333333333336,
38,2020,2,21,6.483333333333333,44.0,14.0,5.357954545454546,0.8660254037844386,0.5000000000000001,26.333333333333332,
38,2020,3,24,9.71625,21.0,44.0,6.483333333333333,1.0,6.123233995736766e-17,29.666666666666668,
38,2020,4,12,2.9891666666666663,24.0,21.0,9.71625,0.8660254037844387,-0.4999999999999998,19.0,
38,2020,5,5,3.258,12.0,24.0,2.9891666666666663,0.4999999999999999,-0.8660254037844387,13.666666666666666,
38,2020,6,58,22.97396551724138,5.0,12.0,3.258,1.2246467991473532e-16,-1.0,25.0,
38,2020,7,21,25.789047619047626,58.0,5.0,22.97396551724138,-0.4999999999999998,-0.8660254037844388,28.0,
38,2020,8,55,3.831636363636364,21.0,58.0,25.789047619047626,-0.8660254037844384,-0.5000000000000004,44.666666666666664,
38,2020,9,2,12.5,55.0,21.0,3.831636363636364,-1.0,-1.8369701987210294e-16,26.0,
38,2020,11,72,158.92347222222222,2.0,55.0,12.5,-0.5000000000000004,0.8660254037844384,43.0,
39,2015,11,2,4.475,1.0,2.0,3.8,-0.5000000000000004,0.8660254037844384,1.6666666666666667,0
39,2017,3,3,0.6266666666666666,2.0,1.0,4.475,1.0,6.123233995736766e-17,2.0,0
39,2017,4,2,0.375,3.0,2.0,0.6266666666666666,0.8660254037844387,-0.4999999999999998,2.3333333333333335,0
39,2017,9,4,0.985,2.0,3.0,0.375,-1.0,-1.8369701987210294e-16,3.0,0
39,2017,10,2,0.325,4.0,2.0,0.985,-0.8660254037844386,0.5000000000000001,2.6666666666666665,0
39,2017,11,7,4.142857142857143,2.0,4.0,0.325,-0.5000000000000004,0.8660254037844384,4.333333333333333,0
39,2017,12,3,0.28,7.0,2.0,4.142857142857143,-2.4492935982947064e-16,1.0,4.0,0
39,2018,2,1,0.59,3.0,7.0,0.28,0.8660254037844386,0.5000000000000001,3.6666666666666665,0
39,2018,3,2,1.215,1.0,3.0,0.59,1.0,6.123233995736766e-17,2.0,0
39,2018,4,1,0.5,2.0,1.0,1.215,0.8660254037844387,-0.4999999999999998,1.3333333333333333,0
39,2018,5,4,3.65,1.0,2.0,0.5,0.4999999999999999,-0.8660254037844387,2.3333333333333335,0
39,2018,6,2,3.84,4.0,1.0,3.65,1.2246467991473532e-16,-1.0,2.3333333333333335,0
39,2018,8,2,1.13,2.0,4.0,3.84,-0.8660254037844384,-0.5000000000000004,2.6666666666666665,0
39,2018,9,5,1.604,2.0,2.0,1.13,-1.0,-1.8369701987210294e-16,3.0,0
39,2018,10,3,0.3466666666666667,5.0,2.0,1.604,-0.8660254037844386,0.5000000000000001,3.3333333333333335,0
39,2018,11,2,0.3,3.0,5.0,0.3466666666666667,-0.5000000000000004,0.8660254037844384,3.3333333333333335,0
39,2019,9,2,1.825,2.0,3.0,0.3,-1.0,-1.8369701987210294e-16,2.3333333333333335,0
39,2019,10,1,0.55,2.0,2.0,1.825,-0.8660254037844386,0.5000000000000001,1.6666666666666667,0
39,2020,2,1,0.49,1.0,2.0,0.55,0.8660254037844386,0.5000000000000001,1.3333333333333333,
39,2020,8,827,13.211753325272069,1.0,1.0,0.49,-0.8660254037844384,-0.5000000000000004,276.3333333333333,
39,2020,9,3,2.5933333333333333,827.0,1.0,13.211753325272069,-1.0,-1.8369701987210294e-16,277.0,
39,2020,10,3,2.9933333333333336,3.0,827.0,2.5933333333333333,-0.8660254037844386,0.5000000000000001,277.6666666666667,
40,2015,3,4,0.6174999999999999,12.0,1.0,2.075833333333333,1.0,6.123233995736766e-17,5.666666666666667,0
40,2015,4,3,0.4166666666666667,4.0,12.0,0.6174999999999999,0.8660254037844387,-0.4999999999999998,6.333333333333333,0
40,2015,5,3,0.4666666666666666,3.0,4.0,0.4166666666666667,0.4999999999999999,-0.8660254037844387,3.3333333333333335,0
40,2015,6,33,64.8769696969697,3.0,3.0,0.4666666666666666,1.2246467991473532e-16,-1.0,13.0,0
40,2015,7,9,31.98222222222222,33.0,3.0,64.8769696969697,-0.4999999999999998,-0.8660254037844388,15.0,0
40,2015,8,6,13.221666666666666,9.0,33.0,31.98222222222222,-0.8660254037844384,-0.5000000000000004,16.0,0
40,2015,9,2,5.29,6.0,9.0,13.221666666666666,-1.0,-1.8369701987210294e-16,5.666666666666667,0
40,2015,10,1,3.51,2.0,6.0,5.29,-0.8660254037844386,0.5000000000000001,3.0,0
40,2015,11,3,10.473333333333334,1.0,2.0,3.51,-0.5000000000000004,0.8660254037844384,2.0,0
40,2016,1,3,2.9233333333333333,3.0,1.0,10.473333333333334,0.4999999999999999,0.8660254037844387,2.3333333333333335,0
40,2016,2,2,1.3,3.0,3.0,2.9233333333333333,0.8660254037844386,0.5000000000000001,2.6666666666666665,0
40,2016,3,1,2.27,2.0,3.0,1.3,1.0,6.123233995736766e-17,2.0,0
40,2016,4,3,9.896666666666668,1.0,2.0,2.27,0.8660254037844387,-0.4999999999999998,2.0,0
40,2016,5,3,12.433333333333332,3.0,1.0,9.896666666666668,0.4999999999999999,-0.8660254037844387,2.3333333333333335,1
40,2016,6,283,19.020176678445228,3.0,3.0,12.433333333333332,1.2246467991473532e-16,-1.0,96.33333333333331,0
40,2016,7,12,38.745,283.0,3.0,19.020176678445228,-0.4999999999999998,-0.8660254037844388,99.33333333333331,1
40,2016,8,714,43.31204481792717,12.0,283.0,38.745,-0.8660254037844384,-0.5000000000000004,336.3333333333333,1
40,2016,9,438,33.980593607305934,714.0,12.0,43.31204481792717,-1.0,-1.8369701987210294e-16,388.0,0
40,2016,11,4,7.17,438.0,714.0,33.980593607305934,-0.5000000000000004,0.8660254037844384,385.3333333333333,0
40,2017,1,2,3.61,4.0,438.0,7.17,0.4999999999999999,0.8660254037844387,148.0,0
40,2017,2,1,3.92,2.0,4.0,3.61,0.8660254037844386,0.5000000000000001,2.3333333333333335,0
40,2017,3,4,2.415,1.0,2.0,3.92,1.0,6.123233995736766e-17,2.3333333333333335,0
40,2017,4,3,20.226666666666667,4.0,1.0,2.415,0.8660254037844387,-0.4999999999999998,2.6666666666666665,0
40,2017,5,10,20.761,3.0,4.0,20.226666666666667,0.4999999999999999,-0.8660254037844387,5.666666666666667,0
40,2017,6,10,33.25,10.0,3.0,20.761,1.2246467991473532e-16,-1.0,7.666666666666667,1
40,2017,7,1893,33.66659799260433,10.0,10.0,33.25,-0.4999999999999998,-0.8660254037844388,637.6666666666666,0
40,2017,8,4,7.725,1893.0,10.0,33.66659799260433,-0.8660254037844384,-0.5000000000000004,635.6666666666666,0
40,2017,9,8,41.01875,4.0,1893.0,7.725,-1.0,-1.8369701987210294e-16,635.0,0
40,2017,10,4,12.0575,8.0,4.0,41.01875,-0.8660254037844386,0.5000000000000001,5.333333333333333,0
40,2017,11,9,9.957777777777778,4.0,8.0,12.0575,-0.5000000000000004,0.8660254037844384,7.0,1
40,2017,12,1778,38.36821147356581,9.0,4.0,9.957777777777778,-2.4492935982947064e-16,1.0,597.0,0
40,2018,1,1,2.47,1778.0,9.0,38.36821147356581,0.4999999999999999,0.8660254037844387,596.0,0
40,2018,2,2,4.425,1.0,1778.0,2.47,0.8660254037844386,0.5000000000000001,593.6666666666666,0
40,2018,3,27,10.158888888888889,2.0,1.0,4.425,1.0,6.123233995736766e-17,10.0,0
40,2018,5,2,7.345,27.0,2.0,10.158888888888889,0.4999999999999999,-0.8660254037844387,10.333333333333334,0
40,2018,6,9,14.685555555555558,2.0,27.0,7.345,1.2246467991473532e-16,-1.0,12.666666666666666,0
40,2018,7,15,10.059333333333331,9.0,2.0,14.685555555555558,-0.4999999999999998,-0.8660254037844388,8.666666666666666,0
40,2018,8,4,34.5875,15.0,9.0,10.059333333333331,-0.8660254037844384,-0.5000000000000004,9.333333333333334,0
40,2018,9,2,3.3,4.0,15.0,34.5875,-1.0,-1.8369701987210294e-16,7.0,0
40,2018,10,2,0.5800000000000001,2.0,4.0,3.3,-0.8660254037844386,0.5000000000000001,2.6666666666666665,0
40,2018,11,14,53.04928571428571,2.0,2.0,0.5800000000000001,-0.5000000000000004,0.8660254037844384,6.0,0
40,2018,12,4,5.4825,14.0,2.0,53.04928571428571,-2.4492935982947064e-16,1.0,6.666666666666667,0
40,2019,1,6,2.885,4.0,14.0,5.4825,0.4999999999999999,0.8660254037844387,8.0,0
40,2019,2,3,2.6833333333333336,6.0,4.0,2.885,0.8660254037844386,0.5000000000000001,4.333333333333333,0
40,2019,4,2,2.94,3.0,6.0,2.6833333333333336,0.8660254037844387,-0.4999999999999998,3.6666666666666665,0
40,2019,6,10,15.339,2.0,3.0,2.94,1.2246467991473532e-16,-1.0,5.0,0
40,2019,7,19,12.687894736842106,10.0,2.0,15.339,-0.4999999999999998,-0.8660254037844388,10.333333333333334,0
40,2019,9,4,2.5125,19.0,10.0,12.687894736842106,-1.0,-1.8369701987210294e-16,11.0,0
40,2019,10,1,0.6,4.0,19.0,2.5125,-0.8660254037844386,0.5000000000000001,8.0,1
40,2019,11,130,22.265384615384615,1.0,4.0,0.6,-0.5000000000000004,0.8660254037844384,45.0,0
40,2019,12,2,4.51,130.0,1.0,22.265384615384615,-2.4492935982947064e-16,1.0,44.333333333333336,0
40,2020,1,11,3.2018181818181817,2.0,130.0,4.51,0.4999999999999999,0.8660254037844387,47.666666666666664,
40,2020,2,8,4.26625,11.0,2.0,3.2018181818181817,0.8660254037844386,0.5000000000000001,7.0,
40,2020,3,2,1.845,8.0,11.0,4.26625,1.0,6.123233995736766e-17,7.0,
40,2020,4,1,3.08,2.0,8.0,1.845,0.8660254037844387,-0.4999999999999998,3.6666666666666665,
40,2020,5,6,11.886666666666663,1.0,2.0,3.08,0.4999999999999999,-0.8660254037844387,3.0,
40,2020,6,21,35.98095238095238,6.0,1.0,11.886666666666663,1.2246467991473532e-16,-1.0,9.333333333333334,
40,2020,7,12,20.8175,21.0,6.0,35.98095238095238,-0.4999999999999998,-0.8660254037844388,13.0,
40,2020,8,6,7.315,12.0,21.0,20.8175,-0.8660254037844384,-0.5000000000000004,13.0,
40,2020,9,3,17.49,6.0,12.0,7.315,-1.0,-1.8369701987210294e-16,7.0,
40,2020,10,3,13.073333333333332,3.0,6.0,17.49,-0.8660254037844386,0.5000000000000001,4.0,
41,2015,3,28,0.6285714285714287,22.0,26.0,0.6131818181818182,1.0,6.123233995736766e-17,25.333333333333332,0
41,2015,4,27,0.6340740740740741,28.0,22.0,0.6285714285714287,0.8660254037844387,-0.4999999999999998,25.666666666666668,0
41,2015,5,12,1.0141666666666669,27.0,28.0,0.6340740740740741,0.4999999999999999,-0.8660254037844387,22.333333333333332,1
41,2015,6,48,2.136041666666667,12.0,27.0,1.0141666666666669,1.2246467991473532e-16,-1.0,29.0,0
41,2015,7,38,0.8676315789473684,48.0,12.0,2.136041666666667,-0.4999999999999998,-0.8660254037844388,32.666666666666664,0
41,2015,8,38,2.091842105263158,38.0,48.0,0.8676315789473684,-0.8660254037844384,-0.5000000000000004,41.333333333333336,0
41,2015,9,31,0.6654838709677419,38.0,38.0,2.091842105263158,-1.0,-1.8369701987210294e-16,35.666666666666664,0
41,2015,10,35,0.8331428571428572,31.0,38.0,0.6654838709677419,-0.8660254037844386,0.5000000000000001,34.666666666666664,1
41,2015,11,48,1.0297916666666669,35.0,31.0,0.8331428571428572,-0.5000000000000004,0.8660254037844384,38.0,0
41,2015,12,16,0.601875,48.0,35.0,1.0297916666666669,-2.4492935982947064e-16,1.0,33.0,0
41,2016,1,6,0.8816666666666667,16.0,48.0,0.601875,0.4999999999999999,0.8660254037844387,23.333333333333332,0
41,2016,2,26,0.6738461538461539,6.0,16.0,0.8816666666666667,0.8660254037844386,0.5000000000000001,16.0,0
41,2016,3,20,0.776,26.0,6.0,0.6738461538461539,1.0,6.123233995736766e-17,17.333333333333332,0
41,2016,4,30,0.7633333333333333,20.0,26.0,0.776,0.8660254037844387,-0.4999999999999998,25.333333333333332,0
41,2016,5,29,0.7606896551724137,30.0,20.0,0.7633333333333333,0.4999999999999999,-0.8660254037844387,26.333333333333332,1
41,2016,6,65,1.401846153846154,29.0,30.0,0.7606896551724137,1.2246467991473532e-16,-1.0,41.333333333333336,1
41,2016,7,58,0.7351724137931035,65.0,29.0,1.401846153846154,-0.4999999999999998,-0.8660254037844388,50.666666666666664,0
41,2016,8,38,0.751578947368421,58.0,65.0,0.7351724137931035,-0.8660254037844384,-0.5000000000000004,53.666666666666664,1
41,2016,9,255,18.972392156862742,38.0,58.0,0.751578947368421,-1.0,-1.8369701987210294e-16,117.0,0
41,2016,10,30,0.661,255.0,38.0,18.972392156862742,-0.8660254037844386,0.5000000000000001,107.66666666666669,0
41,2016,11,36,0.7394444444444445,30.0,255.0,0.661,-0.5000000000000004,0.8660254037844384,107.0,0
41,2016,12,17,0.9588235294117649,36.0,30.0,0.7394444444444445,-2.4492935982947064e-16,1.0,27.666666666666668,0
41,2017,1,14,0.6071428571428571,17.0,36.0,0.9588235294117649,0.4999999999999999,0.8660254037844387,22.333333333333332,0
41,2017,2,9,0.6622222222222223,14.0,17.0,0.6071428571428571,0.8660254037844386,0.5000000000000001,13.333333333333334,0
41,2017,3,16,0.635,9.0,14.0,0.6622222222222223,1.0,6.123233995736766e-17,13.0,0
41,2017,4,23,1.2478260869565216,16.0,9.0,0.635,0.8660254037844387,-0.4999999999999998,16.0,1
41,2017,5,55,0.9590909090909092,23.0,16.0,1.2478260869565216,0.4999999999999999,-0.8660254037844387,31.333333333333332,1
41,2017,6,48,1.5016666666666667,55.0,23.0,0.9590909090909092,1.2246467991473532e-16,-1.0,42.0,1
41,2017,7,57,0.7275438596491228,48.0,55.0,1.5016666666666667,-0.4999999999999998,-0.8660254037844388,53.333333333333336,0
41,2017,8,45,0.8657777777777778,57.0,48.0,0.7275438596491228,-0.8660254037844384,-0.5000000000000004,50.0,0
41,2017,9,45,0.8833333333333333,45.0,57.0,0.8657777777777778,-1.0,-1.8369701987210294e-16,49.0,1
41,2017,10,48,0.5695833333333333,45.0,45.0,0.8833333333333333,-0.8660254037844386,0.5000000000000001,46.0,0
41,2017,11,21,1.316190476190476,48.0,45.0,0.5695833333333333,-0.5000000000000004,0.8660254037844384,38.0,0
41,2017,12,25,0.792,21.0,48.0,1.316190476190476,-2.4492935982947064e-16,1.0,31.333333333333332,0
41,2018,1,11,0.6409090909090909,25.0,21.0,0.792,0.4999999999999999,0.8660254037844387,19.0,0
41,2018,2,39,0.7861538461538462,11.0,25.0,0.6409090909090909,0.8660254037844386,0.5000000000000001,25.0,0
41,2018,3,27,0.617037037037037,39.0,11.0,0.7861538461538462,1.0,6.123233995736766e-17,25.666666666666668,0
41,2018,4,31,1.3816129032258064,27.0,39.0,0.617037037037037,0.8660254037844387,-0.4999999999999998,32.333333333333336,0
41,2018,5,30,0.8556666666666667,31.0,27.0,1.3816129032258064,0.4999999999999999,-0.8660254037844387,29.333333333333332,1
41,2018,6,60,3.126833333333334,30.0,31.0,0.8556666666666667,1.2246467991473532e-16,-1.0,40.333333333333336,1
41,2018,7,59,5.480338983050848,60.0,30.0,3.126833333333334,-0.4999999999999998,-0.8660254037844388,49.666666666666664,0
41,2018,8,32,0.630625,59.0,60.0,5.480338983050848,-0.8660254037844384,-0.5000000000000004,50.333333333333336,1
41,2018,9,53,0.5911320754716981,32.0,59.0,0.630625,-1.0,-1.8369701987210294e-16,48.0,1
41,2018,10,50,1.2772,53.0,32.0,0.5911320754716981,-0.8660254037844386,0.5000000000000001,45.0,0
41,2018,11,31,0.844516129032258,50.0,53.0,1.2772,-0.5000000000000004,0.8660254037844384,44.666666666666664,0
41,2018,12,16,0.899375,31.0,50.0,0.844516129032258,-2.4492935982947064e-16,1.0,32.333333333333336,0
41,2019,1,11,1.3318181818181818,16.0,31.0,0.899375,0.4999999999999999,0.8660254037844387,19.333333333333332,0
41,2019,2,6,0.5916666666666667,11.0,16.0,1.3318181818181818,0.8660254037844386,0.5000000000000001,11.0,0
41,2019,3,23,0.8873913043478261,6.0,11.0,0.5916666666666667,1.0,6.123233995736766e-17,13.333333333333334,0
41,2019,4,24,0.5691666666666667,23.0,6.0,0.8873913043478261,0.8660254037844387,-0.4999999999999998,17.666666666666668,0
41,2019,5,20,0.7855000000000001,24.0,23.0,0.5691666666666667,0.4999999999999999,-0.8660254037844387,22.333333333333332,0
41,2019,6,37,0.7664864864864864,20.0,24.0,0.7855000000000001,1.2246467991473532e-16,-1.0,27.0,1
41,2019,7,67,1.3782089552238803,37.0,20.0,0.7664864864864864,-0.4999999999999998,-0.8660254037844388,41.333333333333336,1
41,2019,8,55,0.836,67.0,37.0,1.3782089552238803,-0.8660254037844384,-0.5000000000000004,53.0,1
41,2019,9,55,0.8674545454545455,55.0,67.0,0.836,-1.0,-1.8369701987210294e-16,59.0,1
41,2019,10,50,0.6372,55.0,55.0,0.8674545454545455,-0.8660254037844386,0.5000000000000001,53.333333333333336,0
41,2019,11,31,0.6648387096774193,50.0,55.0,0.6372,-0.5000000000000004,0.8660254037844384,45.333333333333336,0
41,2019,12,6,0.725,31.0,50.0,0.6648387096774193,-2.4492935982947064e-16,1.0,29.0,0
41,2020,1,12,0.7016666666666667,6.0,31.0,0.725,0.4999999999999999,0.8660254037844387,16.333333333333332,
41,2020,2,30,0.7186666666666667,12.0,6.0,0.7016666666666667,0.8660254037844386,0.5000000000000001,16.0,
41,2020,3,24,0.7179166666666666,30.0,12.0,0.7186666666666667,1.0,6.123233995736766e-17,22.0,
41,2020,4,33,0.6318181818181818,24.0,30.0,0.7179166666666666,0.8660254037844387,-0.4999999999999998,29.0,
41,2020,5,37,1.0497297297297297,33.0,24.0,0.6318181818181818,0.4999999999999999,-0.8660254037844387,31.333333333333332,
41,2020,6,38,0.7963157894736842,37.0,33.0,1.0497297297297297,1.2246467991473532e-16,-1.0,36.0,
41,2020,7,180,3.899277777777778,38.0,37.0,0.7963157894736842,-0.4999999999999998,-0.8660254037844388,85.0,
41,2020,8,4810,25.19150311850312,180.0,38.0,3.899277777777778,-0.8660254037844384,-0.5000000000000004,1676.0,
41,2020,9,57,2.773684210526316,4810.0,180.0,25.19150311850312,-1.0,-1.8369701987210294e-16,1682.3333333333333,
41,2020,10,33,0.5812121212121212,57.0,4810.0,2.773684210526316,-0.8660254037844386,0.5000000000000001,1633.3333333333333,
41,2020,11,31,0.7051612903225807,33.0,57.0,0.5812121212121212,-0.5000000000000004,0.8660254037844384,40.333333333333336,
42,2015,6,1,3.03,1.0,2.0,2.42,1.2246467991473532e-16,-1.0,1.3333333333333333,0
42,2015,7,1,6.08,1.0,1.0,3.03,-0.4999999999999998,-0.8660254037844388,1.0,0
42,2015,9,1,1.22,1.0,1.0,6.08,-1.0,-1.8369701987210294e-16,1.0,0
42,2015,10,1,5.06,1.0,1.0,1.22,-0.8660254037844386,0.5000000000000001,1.0,0
42,2016,3,1,3.15,1.0,1.0,5.06,1.0,6.123233995736766e-17,1.0,0
42,2016,5,2,4.41,1.0,1.0,3.15,0.4999999999999999,-0.8660254037844387,1.3333333333333333,0
42,2016,7,1,3.69,2.0,1.0,4.41,-0.4999999999999998,-0.8660254037844388,1.3333333333333333,0
42,2016,9,3,2.4566666666666666,1.0,2.0,3.69,-1.0,-1.8369701987210294e-16,2.0,0
42,2016,10,1,6.4,3.0,1.0,2.4566666666666666,-0.8660254037844386,0.5000000000000001,1.6666666666666667,0
42,2017,3,1,4.19,1.0,3.0,6.4,1.0,6.123233995736766e-17,1.6666666666666667,0
42,2017,5,1,9.23,1.0,1.0,4.19,0.4999999999999999,-0.8660254037844387,1.0,0
42,2017,6,2,4.775,1.0,1.0,9.23,1.2246467991473532e-16,-1.0,1.3333333333333333,0
42,2017,7,3,3.953333333333333,2.0,1.0,4.775,-0.4999999999999998,-0.8660254037844388,2.0,0
42,2017,8,1,40.83,3.0,2.0,3.953333333333333,-0.8660254037844384,-0.5000000000000004,2.0,0
42,2017,10,21,7.273333333333333,1.0,3.0,40.83,-0.8660254037844386,0.5000000000000001,8.333333333333334,0
42,2017,11,1,1.89,21.0,1.0,7.273333333333333,-0.5000000000000004,0.8660254037844384,7.666666666666667,0
42,2018,1,2,1.42,1.0,21.0,1.89,0.4999999999999999,0.8660254037844387,8.0,0
42,2018,2,5,11.532,2.0,1.0,1.42,0.8660254037844386,0.5000000000000001,2.6666666666666665,0
42,2018,5,1,2.38,5.0,2.0,11.532,0.4999999999999999,-0.8660254037844387,2.6666666666666665,0
42,2018,6,5,29.603999999999996,1.0,5.0,2.38,1.2246467991473532e-16,-1.0,3.6666666666666665,0
42,2018,8,1,0.44,5.0,1.0,29.603999999999996,-0.8660254037844384,-0.5000000000000004,2.3333333333333335,0
42,2018,11,5,8.434000000000001,1.0,5.0,0.44,-0.5000000000000004,0.8660254037844384,3.6666666666666665,0
42,2019,5,1,4.38,5.0,1.0,8.434000000000001,0.4999999999999999,-0.8660254037844387,2.3333333333333335,0
42,2019,6,1,1.84,1.0,5.0,4.38,1.2246467991473532e-16,-1.0,2.3333333333333335,0
42,2019,7,7,5.681428571428571,1.0,1.0,1.84,-0.4999999999999998,-0.8660254037844388,3.0,0
42,2019,8,7,11.7,7.0,1.0,5.681428571428571,-0.8660254037844384,-0.5000000000000004,5.0,0
42,2019,10,1,3.47,7.0,7.0,11.7,-0.8660254037844386,0.5000000000000001,5.0,0
42,2020,2,9,26.348888888888887,1.0,7.0,3.47,0.8660254037844386,0.5000000000000001,5.666666666666667,
42,2020,4,3,4.183333333333333,9.0,1.0,26.348888888888887,0.8660254037844387,-0.4999999999999998,4.333333333333333,
42,2020,8,2118,27.87199716713881,3.0,9.0,4.183333333333333,-0.8660254037844384,-0.5000000000000004,710.0,
42,2020,9,4,1.2425,2118.0,3.0,27.87199716713881,-1.0,-1.8369701987210294e-16,708.3333333333334,
42,2020,10,1,3.63,4.0,2118.0,1.2425,-0.8660254037844386,0.5000000000000001,707.6666666666666,
42,2020,11,4,7.5575,1.0,4.0,3.63,-0.5000000000000004,0.8660254037844384,3.0,
43,2015,3,19,4.136842105263159,16.0,17.0,4.015625,1.0,6.123233995736766e-17,17.333333333333332,0
43,2015,4,23,8.108695652173912,19.0,16.0,4.136842105263159,0.8660254037844387,-0.4999999999999998,19.333333333333332,0
43,2015,5,7,1.1557142857142857,23.0,19.0,8.108695652173912,0.4999999999999999,-0.8660254037844387,16.333333333333332,0
43,2015,6,2,0.565,7.0,23.0,1.1557142857142857,1.2246467991473532e-16,-1.0,10.666666666666666,0
43,2015,7,6,2.4,2.0,7.0,0.565,-0.4999999999999998,-0.8660254037844388,5.0,0
43,2015,8,7,6.677142857142857,6.0,2.0,2.4,-0.8660254037844384,-0.5000000000000004,5.0,0
43,2015,9,8,5.694999999999999,7.0,6.0,6.677142857142857,-1.0,-1.8369701987210294e-16,7.0,0
43,2015,10,30,8.887666666666666,8.0,7.0,5.694999999999999,-0.8660254037844386,0.5000000000000001,15.0,1
43,2015,11,59,8.963050847457628,30.0,8.0,8.887666666666666,-0.5000000000000004,0.8660254037844384,32.333333333333336,0
43,2015,12,11,2.4481818181818182,59.0,30.0,8.963050847457628,-2.4492935982947064e-16,1.0,33.333333333333336,0
43,2016,2,2,2.9800000000000004,11.0,59.0,2.4481818181818182,0.8660254037844386,0.5000000000000001,24.0,0
43,2016,3,5,5.578,2.0,11.0,2.9800000000000004,1.0,6.123233995736766e-17,6.0,0
43,2016,4,20,4.5835,5.0,2.0,5.578,0.8660254037844387,-0.4999999999999998,9.0,0
43,2016,5,8,1.87125,20.0,5.0,4.5835,0.4999999999999999,-0.8660254037844387,11.0,0
43,2016,6,2,1.0,8.0,20.0,1.87125,1.2246467991473532e-16,-1.0,10.0,0
43,2016,7,24,8.917083333333332,2.0,8.0,1.0,-0.4999999999999998,-0.8660254037844388,11.333333333333334,0
43,2016,8,3,0.61,24.0,2.0,8.917083333333332,-0.8660254037844384,-0.5000000000000004,9.666666666666666,0
43,2016,9,1,1.34,3.0,24.0,0.61,-1.0,-1.8369701987210294e-16,9.333333333333334,0
43,2016,10,16,7.4975,1.0,3.0,1.34,-0.8660254037844386,0.5000000000000001,6.666666666666667,1
43,2016,11,108,4.371018518518518,16.0,1.0,7.4975,-0.5000000000000004,0.8660254037844384,41.666666666666664,0
43,2016,12,30,2.609,108.0,16.0,4.371018518518518,-2.4492935982947064e-16,1.0,51.333333333333336,0
43,2017,3,7,3.74,30.0,108.0,2.609,1.0,6.123233995736766e-17,48.333333333333336,0
43,2017,4,4,1.43,7.0,30.0,3.74,0.8660254037844387,-0.4999999999999998,13.666666666666666,0
43,2017,5,29,15.60689655172414,4.0,7.0,1.43,0.4999999999999999,-0.8660254037844387,13.333333333333334,0
43,2017,6,3,7.176666666666667,29.0,4.0,15.60689655172414,1.2246467991473532e-16,-1.0,12.0,0
43,2017,7,19,17.056315789473683,3.0,29.0,7.176666666666667,-0.4999999999999998,-0.8660254037844388,17.0,0
43,2017,8,5,10.9,19.0,3.0,17.056315789473683,-0.8660254037844384,-0.5000000000000004,9.0,1
43,2017,9,105,15.87504761904762,5.0,19.0,10.9,-1.0,-1.8369701987210294e-16,43.0,0
43,2017,10,13,7.668461538461538,105.0,5.0,15.87504761904762,-0.8660254037844386,0.5000000000000001,41.0,0
43,2017,11,26,10.313461538461535,13.0,105.0,7.668461538461538,-0.5000000000000004,0.8660254037844384,48.0,0
43,2017,12,24,4.225416666666667,26.0,13.0,10.313461538461535,-2.4492935982947064e-16,1.0,21.0,0
43,2018,1,9,3.2266666666666666,24.0,26.0,4.225416666666667,0.4999999999999999,0.8660254037844387,19.666666666666668,1
43,2018,2,54,6.362592592592592,9.0,24.0,3.2266666666666666,0.8660254037844386,0.5000000000000001,29.0,0
43,2018,3,3,2.5433333333333334,54.0,9.0,6.362592592592592,1.0,6.123233995736766e-17,22.0,0
43,2018,4,28,14.387142857142855,3.0,54.0,2.5433333333333334,0.8660254037844387,-0.4999999999999998,28.333333333333332,1
43,2018,6,84,26.19833333333333,28.0,3.0,14.387142857142855,1.2246467991473532e-16,-1.0,38.333333333333336,1
43,2018,7,4624,20.392409169550177,84.0,28.0,26.19833333333333,-0.4999999999999998,-0.8660254037844388,1578.6666666666667,1
43,2018,8,7988,13.276174261392088,4624.0,84.0,20.392409169550177,-0.8660254037844384,-0.5000000000000004,4232.0,1
43,2018,9,3933,12.90392829900839,7988.0,4624.0,13.276174261392088,-1.0,-1.8369701987210294e-16,5515.0,0
43,2018,10,6,2.193333333333334,3933.0,7988.0,12.90392829900839,-0.8660254037844386,0.5000000000000001,3975.6666666666665,0
43,2018,11,6,4.263333333333333,6.0,3933.0,2.193333333333334,-0.5000000000000004,0.8660254037844384,1315.0,1
43,2018,12,84,3.891190476190476,6.0,6.0,4.263333333333333,-2.4492935982947064e-16,1.0,32.0,0
43,2019,1,16,7.89375,84.0,6.0,3.891190476190476,0.4999999999999999,0.8660254037844387,35.333333333333336,0
43,2019,2,2,2.615,16.0,84.0,7.89375,0.8660254037844386,0.5000000000000001,34.0,0
43,2019,3,11,4.3999999999999995,2.0,16.0,2.615,1.0,6.123233995736766e-17,9.666666666666666,0
43,2019,4,9,8.248888888888889,11.0,2.0,4.3999999999999995,0.8660254037844387,-0.4999999999999998,7.333333333333333,0
43,2019,5,15,8.787333333333333,9.0,11.0,8.248888888888889,0.4999999999999999,-0.8660254037844387,11.666666666666666,0
43,2019,6,2,1.1,15.0,9.0,8.787333333333333,1.2246467991473532e-16,-1.0,8.666666666666666,0
43,2019,7,12,5.305833333333333,2.0,15.0,1.1,-0.4999999999999998,-0.8660254037844388,9.666666666666666,0
43,2019,8,39,11.380512820512822,12.0,2.0,5.305833333333333,-0.8660254037844384,-0.5000000000000004,17.666666666666668,0
43,2019,9,11,1.7763636363636364,39.0,12.0,11.380512820512822,-1.0,-1.8369701987210294e-16,20.666666666666668,0
43,2019,10,8,17.44,11.0,39.0,1.7763636363636364,-0.8660254037844386,0.5000000000000001,19.333333333333332,0
43,2019,11,25,16.9404,8.0,11.0,17.44,-0.5000000000000004,0.8660254037844384,14.666666666666666,0
43,2019,12,40,4.571,25.0,8.0,16.9404,-2.4492935982947064e-16,1.0,24.333333333333332,1
43,2020,1,56,6.449464285714286,40.0,25.0,4.571,0.4999999999999999,0.8660254037844387,40.333333333333336,
43,2020,2,46,7.009347826086957,56.0,40.0,6.449464285714286,0.8660254037844386,0.5000000000000001,47.333333333333336,
43,2020,3,56,6.345178571428571,46.0,56.0,7.009347826086957,1.0,6.123233995736766e-17,52.666666666666664,
43,2020,4,18,14.885,56.0,46.0,6.345178571428571,0.8660254037844387,-0.4999999999999998,40.0,
43,2020,5,5,1.45,18.0,56.0,14.885,0.4999999999999999,-0.8660254037844387,26.333333333333332,
43,2020,6,9,11.237777777777778,5.0,18.0,1.45,1.2246467991473532e-16,-1.0,10.666666666666666,
43,2020,7,18,2.7466666666666666,9.0,5.0,11.237777777777778,-0.4999999999999998,-0.8660254037844388,10.666666666666666,
43,2020,8,10,1.687,18.0,9.0,2.7466666666666666,-0.8660254037844384,-0.5000000000000004,12.333333333333334,
43,2020,9,1399,15.688041458184417,10.0,18.0,1.687,-1.0,-1.8369701987210294e-16,475.6666666666667,
43,2020,10,186,6.132634408602151,1399.0,10.0,15.688041458184417,-0.8660254037844386,0.5000000000000001,531.6666666666666,
43,2020,11,123,9.386422764227644,186.0,1399.0,6.132634408602151,-0.5000000000000004,0.8660254037844384,569.3333333333334,
44,2015,10,3,12.593333333333334,1.0,9.0,1.84,-0.8660254037844386,0.5000000000000001,4.333333333333333,0
44,2015,11,22,7.522727272727272,3.0,1.0,12.593333333333334,-0.5000000000000004,0.8660254037844384,8.666666666666666,0
44,2015,12,1,1.29,22.0,3.0,7.522727272727272,-2.4492935982947064e-16,1.0,8.666666666666666,0
44,2016,3,2,3.395,1.0,22.0,1.29,1.0,6.123233995736766e-17,8.333333333333334,0
44,2016,4,2,5.82,2.0,1.0,3.395,0.8660254037844387,-0.4999999999999998,1.6666666666666667,0
44,2016,10,9,10.835555555555556,2.0,2.0,5.82,-0.8660254037844386,0.5000000000000001,4.333333333333333,0
44,2016,11,18,10.585,9.0,2.0,10.835555555555556,-0.5000000000000004,0.8660254037844384,9.666666666666666,0
44,2016,12,3,15.853333333333332,18.0,9.0,10.585,-2.4492935982947064e-16,1.0,10.0,0
44,2017,4,1,1.07,3.0,18.0,15.853333333333332,0.8660254037844387,-0.4999999999999998,7.333333333333333,0
44,2017,5,4,10.1525,1.0,3.0,1.07,0.4999999999999999,-0.8660254037844387,2.6666666666666665,0
44,2017,6,3,0.62,4.0,1.0,10.1525,1.2246467991473532e-16,-1.0,2.6666666666666665,0
44,2017,7,21,13.768095238095238,3.0,4.0,0.62,-0.4999999999999998,-0.8660254037844388,9.333333333333334,0
44,2017,11,12,3.3275,21.0,3.0,13.768095238095238,-0.5000000000000004,0.8660254037844384,12.0,0
44,2018,1,1,3.09,12.0,21.0,3.3275,0.4999999999999999,0.8660254037844387,11.333333333333334,0
44,2018,2,2,5.04,1.0,12.0,3.09,0.8660254037844386,0.5000000000000001,5.0,0
44,2018,3,3,3.2266666666666666,2.0,1.0,5.04,1.0,6.123233995736766e-17,2.0,0
44,2018,9,1,29.55,3.0,2.0,3.2266666666666666,-1.0,-1.8369701987210294e-16,2.0,0
44,2018,10,28,8.8775,1.0,3.0,29.55,-0.8660254037844386,0.5000000000000001,10.666666666666666,0
44,2018,11,9,5.651111111111111,28.0,1.0,8.8775,-0.5000000000000004,0.8660254037844384,12.666666666666666,0
44,2018,12,6,2.4766666666666666,9.0,28.0,5.651111111111111,-2.4492935982947064e-16,1.0,14.333333333333334,0
44,2019,10,15,9.303333333333336,6.0,9.0,2.4766666666666666,-0.8660254037844386,0.5000000000000001,10.0,0
44,2019,11,12,6.1275,15.0,6.0,9.303333333333336,-0.5000000000000004,0.8660254037844384,11.0,0
44,2019,12,3,1.65,12.0,15.0,6.1275,-2.4492935982947064e-16,1.0,10.0,0
44,2020,1,5,5.2299999999999995,3.0,12.0,1.65,0.4999999999999999,0.8660254037844387,6.666666666666667,
44,2020,2,3,17.529999999999998,5.0,3.0,5.2299999999999995,0.8660254037844386,0.5000000000000001,3.6666666666666665,
44,2020,8,543,60.67681399631676,3.0,5.0,17.529999999999998,-0.8660254037844384,-0.5000000000000004,183.66666666666663,
44,2020,9,9,16.943333333333335,543.0,3.0,60.67681399631676,-1.0,-1.8369701987210294e-16,185.0,
45,2015,3,21,8.507619047619048,31.0,12.0,6.714838709677419,1.0,6.123233995736766e-17,21.333333333333332,0
45,2015,4,35,20.449142857142856,21.0,31.0,8.507619047619048,0.8660254037844387,-0.4999999999999998,29.0,0
45,2015,5,2,13.615,35.0,21.0,20.449142857142856,0.4999999999999999,-0.8660254037844387,19.333333333333332,0
45,2015,6,2,2.67,2.0,35.0,13.615,1.2246467991473532e-16,-1.0,13.0,0
45,2015,7,2,0.435,2.0,2.0,2.67,-0.4999999999999998,-0.8660254037844388,2.0,1
45,2015,8,57,4.948421052631579,2.0,2.0,0.435,-0.8660254037844384,-0.5000000000000004,20.333333333333332,0
45,2015,9,11,2.3354545454545454,57.0,2.0,4.948421052631579,-1.0,-1.8369701987210294e-16,23.333333333333332,0
45,2015,10,40,6.6049999999999995,11.0,57.0,2.3354545454545454,-0.8660254037844386,0.5000000000000001,36.0,1
45,2015,11,405,9.23241975308642,40.0,11.0,6.6049999999999995,-0.5000000000000004,0.8660254037844384,152.0,1
45,2015,12,59,8.257457627118644,405.0,40.0,9.23241975308642,-2.4492935982947064e-16,1.0,168.0,0
45,2016,2,7,2.914285714285714,59.0,405.0,8.257457627118644,0.8660254037844386,0.5000000000000001,157.0,0
45,2016,3,22,16.970000000000002,7.0,59.0,2.914285714285714,1.0,6.123233995736766e-17,29.333333333333332,1
45,2016,4,62,14.863709677419354,22.0,7.0,16.970000000000002,0.8660254037844387,-0.4999999999999998,30.333333333333332,0
45,2016,5,15,6.5553333333333335,62.0,22.0,14.863709677419354,0.4999999999999999,-0.8660254037844387,33.0,1
45,2016,6,318,13.038176100628933,15.0,62.0,6.5553333333333335,1.2246467991473532e-16,-1.0,131.66666666666666,0
45,2016,7,17,4.233529411764706,318.0,15.0,13.038176100628933,-0.4999999999999998,-0.8660254037844388,116.66666666666669,1
45,2016,8,599,13.148230383973289,17.0,318.0,4.233529411764706,-0.8660254037844384,-0.5000000000000004,311.3333333333333,1
45,2016,9,1480,7.251689189189189,599.0,17.0,13.148230383973289,-1.0,-1.8369701987210294e-16,698.6666666666666,1
45,2016,10,121,8.69206611570248,1480.0,599.0,7.251689189189189,-0.8660254037844386,0.5000000000000001,733.3333333333334,1
45,2016,11,179,4.373128491620111,121.0,1480.0,8.69206611570248,-0.5000000000000004,0.8660254037844384,593.3333333333334,0
45,2016,12,29,4.87551724137931,179.0,121.0,4.373128491620111,-2.4492935982947064e-16,1.0,109.66666666666669,0
45,2017,2,1,2.85,29.0,179.0,4.87551724137931,0.8660254037844386,0.5000000000000001,69.66666666666667,0
45,2017,3,5,23.156,1.0,29.0,2.85,1.0,6.123233995736766e-17,11.666666666666666,0
45,2017,4,11,16.62,5.0,1.0,23.156,0.8660254037844387,-0.4999999999999998,5.666666666666667,0
45,2017,5,20,13.797,11.0,5.0,16.62,0.4999999999999999,-0.8660254037844387,12.0,0
45,2017,6,10,3.683,20.0,11.0,13.797,1.2246467991473532e-16,-1.0,13.666666666666666,1
45,2017,7,538,5.555000000000001,10.0,20.0,3.683,-0.4999999999999998,-0.8660254037844388,189.33333333333337,1
45,2017,8,10497,8.675744498428122,538.0,10.0,5.555000000000001,-0.8660254037844384,-0.5000000000000004,3681.6666666666665,1
45,2017,9,7909,13.657684915918574,10497.0,538.0,8.675744498428122,-1.0,-1.8369701987210294e-16,6314.666666666667,1
45,2017,10,373,8.470375335120643,7909.0,10497.0,13.657684915918574,-0.8660254037844386,0.5000000000000001,6259.666666666667,1
45,2017,11,127,3.24244094488189,373.0,7909.0,8.470375335120643,-0.5000000000000004,0.8660254037844384,2803.0,0
45,2017,12,35,4.467142857142857,127.0,373.0,3.24244094488189,-2.4492935982947064e-16,1.0,178.33333333333334,0
45,2018,1,2,2.285,35.0,127.0,4.467142857142857,0.4999999999999999,0.8660254037844387,54.666666666666664,0
45,2018,2,23,5.4830434782608695,2.0,35.0,2.285,0.8660254037844386,0.5000000000000001,20.0,0
45,2018,3,12,5.164166666666667,23.0,2.0,5.4830434782608695,1.0,6.123233995736766e-17,12.333333333333334,0
45,2018,4,37,24.613513513513514,12.0,23.0,5.164166666666667,0.8660254037844387,-0.4999999999999998,24.0,0
45,2018,5,27,20.275185185185183,37.0,12.0,24.613513513513514,0.4999999999999999,-0.8660254037844387,25.333333333333332,0
45,2018,6,14,12.155714285714286,27.0,37.0,20.275185185185183,1.2246467991473532e-16,-1.0,26.0,1
45,2018,7,1025,16.154439024390243,14.0,27.0,12.155714285714286,-0.4999999999999998,-0.8660254037844388,355.3333333333333,1
45,2018,8,2346,5.648759590792839,1025.0,14.0,16.154439024390243,-0.8660254037844384,-0.5000000000000004,1128.3333333333333,1
45,2018,9,1480,9.64706081081081,2346.0,1025.0,5.648759590792839,-1.0,-1.8369701987210294e-16,1617.0,1
45,2018,10,175,17.31982857142857,1480.0,2346.0,9.64706081081081,-0.8660254037844386,0.5000000000000001,1333.6666666666667,1
45,2018,11,77,15.877272727272729,175.0,1480.0,17.31982857142857,-0.5000000000000004,0.8660254037844384,577.3333333333334,1
45,2018,12,52,4.862115384615385,77.0,175.0,15.877272727272729,-2.4492935982947064e-16,1.0,101.33333333333331,0
45,2019,1,12,4.060833333333334,52.0,77.0,4.862115384615385,0.4999999999999999,0.8660254037844387,47.0,0
45,2019,2,2,1.535,12.0,52.0,4.060833333333334,0.8660254037844386,0.5000000000000001,22.0,0
45,2019,3,16,10.731875,2.0,12.0,1.535,1.0,6.123233995736766e-17,10.0,0
45,2019,4,23,13.935652173913043,16.0,2.0,10.731875,0.8660254037844387,-0.4999999999999998,13.666666666666666,0
45,2019,5,37,12.606486486486489,23.0,16.0,13.935652173913043,0.4999999999999999,-0.8660254037844387,25.333333333333332,0
45,2019,6,15,7.709333333333333,37.0,23.0,12.606486486486489,1.2246467991473532e-16,-1.0,25.0,0
45,2019,7,4,5.2875,15.0,37.0,7.709333333333333,-0.4999999999999998,-0.8660254037844388,18.666666666666668,0
45,2019,8,1,2.98,4.0,15.0,5.2875,-0.8660254037844384,-0.5000000000000004,6.666666666666667,1
45,2019,9,223,11.952286995515696,1.0,4.0,2.98,-1.0,-1.8369701987210294e-16,76.0,1
45,2019,10,130,8.881384615384615,223.0,1.0,11.952286995515696,-0.8660254037844386,0.5000000000000001,118.0,1
45,2019,11,63,5.426507936507937,130.0,223.0,8.881384615384615,-0.5000000000000004,0.8660254037844384,138.66666666666666,1
45,2019,12,65,4.3632307692307695,63.0,130.0,5.426507936507937,-2.4492935982947064e-16,1.0,86.0,0
45,2020,1,1,2.93,65.0,63.0,4.3632307692307695,0.4999999999999999,0.8660254037844387,43.0,
45,2020,2,57,14.138070175438596,1.0,65.0,2.93,0.8660254037844386,0.5000000000000001,41.0,
45,2020,3,8,2.90875,57.0,1.0,14.138070175438596,1.0,6.123233995736766e-17,22.0,
45,2020,4,41,15.614878048780488,8.0,57.0,2.90875,0.8660254037844387,-0.4999999999999998,35.333333333333336,
45,2020,5,3,2.5766666666666667,41.0,8.0,15.614878048780488,0.4999999999999999,-0.8660254037844387,17.333333333333332,
45,2020,6,2,4.4399999999999995,3.0,41.0,2.5766666666666667,1.2246467991473532e-16,-1.0,15.333333333333334,
45,2020,7,959,23.30424400417101,2.0,3.0,4.4399999999999995,-0.4999999999999998,-0.8660254037844388,321.3333333333333,
45,2020,8,415,6.771180722891566,959.0,2.0,23.30424400417101,-0.8660254037844384,-0.5000000000000004,458.6666666666667,
45,2020,9,6138,17.960940045617466,415.0,959.0,6.771180722891566,-1.0,-1.8369701987210294e-16,2504.0,
45,2020,10,1247,4.385412991178829,6138.0,415.0,17.960940045617466,-0.8660254037844386,0.5000000000000001,2600.0,
45,2020,11,122,3.460655737704918,1247.0,6138.0,4.385412991178829,-0.5000000000000004,0.8660254037844384,2502.3333333333335,
46,2015,3,36,1.1958333333333333,35.0,26.0,1.439142857142857,1.0,6.123233995736766e-17,32.333333333333336,1
46,2015,4,57,2.363859649122807,36.0,35.0,1.1958333333333333,0.8660254037844387,-0.4999999999999998,42.666666666666664,0
46,2015,5,33,1.5351515151515152,57.0,36.0,2.363859649122807,0.4999999999999999,-0.8660254037844387,42.0,0
46,2015,6,38,1.1986842105263158,33.0,57.0,1.5351515151515152,1.2246467991473532e-16,-1.0,42.666666666666664,1
46,2015,7,144,17.320833333333333,38.0,33.0,1.1986842105263158,-0.4999999999999998,-0.8660254037844388,71.66666666666667,0
46,2015,8,39,0.9115384615384616,144.0,38.0,17.320833333333333,-0.8660254037844384,-0.5000000000000004,73.66666666666667,0
46,2015,9,42,2.084047619047619,39.0,144.0,0.9115384615384616,-1.0,-1.8369701987210294e-16,75.0,0
46,2015,10,44,1.0002272727272727,42.0,39.0,2.084047619047619,-0.8660254037844386,0.5000000000000001,41.666666666666664,1
46,2015,11,51,1.7515686274509803,44.0,42.0,1.0002272727272727,-0.5000000000000004,0.8660254037844384,45.666666666666664,0
46,2015,12,18,1.0872222222222223,51.0,44.0,1.7515686274509803,-2.4492935982947064e-16,1.0,37.666666666666664,0
46,2016,1,7,0.86,18.0,51.0,1.0872222222222223,0.4999999999999999,0.8660254037844387,25.333333333333332,0
46,2016,2,16,1.076875,7.0,18.0,0.86,0.8660254037844386,0.5000000000000001,13.666666666666666,0
46,2016,3,27,1.0985185185185184,16.0,7.0,1.076875,1.0,6.123233995736766e-17,16.666666666666668,0
46,2016,4,40,2.809,27.0,16.0,1.0985185185185184,0.8660254037844387,-0.4999999999999998,27.666666666666668,0
46,2016,5,28,1.799642857142857,40.0,27.0,2.809,0.4999999999999999,-0.8660254037844387,31.666666666666668,0
46,2016,6,24,1.2466666666666668,28.0,40.0,1.799642857142857,1.2246467991473532e-16,-1.0,30.666666666666668,0
46,2016,7,35,2.9697142857142858,24.0,28.0,1.2466666666666668,-0.4999999999999998,-0.8660254037844388,29.0,0
46,2016,8,12,1.5075,35.0,24.0,2.9697142857142858,-0.8660254037844384,-0.5000000000000004,23.666666666666668,0
46,2016,9,34,1.7897058823529413,12.0,35.0,1.5075,-1.0,-1.8369701987210294e-16,27.0,0
46,2016,10,33,1.2469696969696968,34.0,12.0,1.7897058823529413,-0.8660254037844386,0.5000000000000001,26.333333333333332,0
46,2016,11,36,1.8661111111111108,33.0,34.0,1.2469696969696968,-0.5000000000000004,0.8660254037844384,34.333333333333336,0
46,2016,12,12,1.1075000000000002,36.0,33.0,1.8661111111111108,-2.4492935982947064e-16,1.0,27.0,0
46,2017,1,4,0.9425,12.0,36.0,1.1075000000000002,0.4999999999999999,0.8660254037844387,17.333333333333332,0
46,2017,3,16,1.46875,4.0,12.0,0.9425,1.0,6.123233995736766e-17,10.666666666666666,0
46,2017,4,16,1.165,16.0,4.0,1.46875,0.8660254037844387,-0.4999999999999998,12.0,0
46,2017,5,13,1.263076923076923,16.0,16.0,1.165,0.4999999999999999,-0.8660254037844387,15.0,0
46,2017,6,30,2.3056666666666668,13.0,16.0,1.263076923076923,1.2246467991473532e-16,-1.0,19.666666666666668,0
46,2017,7,29,1.4555172413793105,30.0,13.0,2.3056666666666668,-0.4999999999999998,-0.8660254037844388,24.0,0
46,2017,8,19,1.2547368421052632,29.0,30.0,1.4555172413793105,-0.8660254037844384,-0.5000000000000004,26.0,0
46,2017,9,34,1.632941176470588,19.0,29.0,1.2547368421052632,-1.0,-1.8369701987210294e-16,27.333333333333332,1
46,2017,10,206,11.453009708737865,34.0,19.0,1.632941176470588,-0.8660254037844386,0.5000000000000001,86.33333333333333,0
46,2017,11,28,2.5010714285714286,206.0,34.0,11.453009708737865,-0.5000000000000004,0.8660254037844384,89.33333333333333,0
46,2017,12,25,1.3416,28.0,206.0,2.5010714285714286,-2.4492935982947064e-16,1.0,86.33333333333333,0
46,2018,1,9,1.3711111111111112,25.0,28.0,1.3416,0.4999999999999999,0.8660254037844387,20.666666666666668,0
46,2018,2,41,1.997073170731707,9.0,25.0,1.3711111111111112,0.8660254037844386,0.5000000000000001,25.0,0
46,2018,3,19,1.5247368421052632,41.0,9.0,1.997073170731707,1.0,6.123233995736766e-17,23.0,0
46,2018,4,29,1.7089655172413794,19.0,41.0,1.5247368421052632,0.8660254037844387,-0.4999999999999998,29.666666666666668,0
46,2018,5,19,1.3568421052631578,29.0,19.0,1.7089655172413794,0.4999999999999999,-0.8660254037844387,22.333333333333332,0
46,2018,6,26,1.8584615384615384,19.0,29.0,1.3568421052631578,1.2246467991473532e-16,-1.0,24.666666666666668,0
46,2018,7,23,5.0978260869565215,26.0,19.0,1.8584615384615384,-0.4999999999999998,-0.8660254037844388,22.666666666666668,0
46,2018,8,23,2.2717391304347827,23.0,26.0,5.0978260869565215,-0.8660254037844384,-0.5000000000000004,24.0,0
46,2018,9,25,2.5936000000000003,23.0,23.0,2.2717391304347827,-1.0,-1.8369701987210294e-16,23.666666666666668,1
46,2018,10,84,14.243690476190476,25.0,23.0,2.5936000000000003,-0.8660254037844386,0.5000000000000001,44.0,0
46,2018,11,37,6.187837837837837,84.0,25.0,14.243690476190476,-0.5000000000000004,0.8660254037844384,48.666666666666664,0
46,2018,12,30,2.8920000000000003,37.0,84.0,6.187837837837837,-2.4492935982947064e-16,1.0,50.333333333333336,0
46,2019,1,16,2.73,30.0,37.0,2.8920000000000003,0.4999999999999999,0.8660254037844387,27.666666666666668,0
46,2019,2,5,2.086,16.0,30.0,2.73,0.8660254037844386,0.5000000000000001,17.0,0
46,2019,3,16,1.679375,5.0,16.0,2.086,1.0,6.123233995736766e-17,12.333333333333334,0
46,2019,4,5,5.6819999999999995,16.0,5.0,1.679375,0.8660254037844387,-0.4999999999999998,8.666666666666666,0
46,2019,5,9,1.5577777777777777,5.0,16.0,5.6819999999999995,0.4999999999999999,-0.8660254037844387,10.0,0
46,2019,6,21,3.017142857142857,9.0,5.0,1.5577777777777777,1.2246467991473532e-16,-1.0,11.666666666666666,0
46,2019,7,27,1.6933333333333334,21.0,9.0,3.017142857142857,-0.4999999999999998,-0.8660254037844388,19.0,0
46,2019,8,27,1.444074074074074,27.0,21.0,1.6933333333333334,-0.8660254037844384,-0.5000000000000004,25.0,0
46,2019,9,35,2.112285714285714,27.0,27.0,1.444074074074074,-1.0,-1.8369701987210294e-16,29.666666666666668,1
46,2019,10,108,4.332592592592593,35.0,27.0,2.112285714285714,-0.8660254037844386,0.5000000000000001,56.666666666666664,0
46,2019,11,43,1.7216279069767442,108.0,35.0,4.332592592592593,-0.5000000000000004,0.8660254037844384,62.0,0
46,2019,12,11,1.39,43.0,108.0,1.7216279069767442,-2.4492935982947064e-16,1.0,54.0,0
46,2020,1,15,1.5826666666666669,11.0,43.0,1.39,0.4999999999999999,0.8660254037844387,23.0,
46,2020,2,43,2.768372093023256,15.0,11.0,1.5826666666666669,0.8660254037844386,0.5000000000000001,23.0,
46,2020,3,39,3.025897435897436,43.0,15.0,2.768372093023256,1.0,6.123233995736766e-17,32.333333333333336,
46,2020,4,35,2.1714285714285713,39.0,43.0,3.025897435897436,0.8660254037844387,-0.4999999999999998,39.0,
46,2020,5,19,1.315263157894737,35.0,39.0,2.1714285714285713,0.4999999999999999,-0.8660254037844387,31.0,
46,2020,6,70,2.198571428571429,19.0,35.0,1.315263157894737,1.2246467991473532e-16,-1.0,41.333333333333336,
46,2020,7,25,2.696,70.0,19.0,2.198571428571429,-0.4999999999999998,-0.8660254037844388,38.0,
46,2020,8,912,28.92309210526316,25.0,70.0,2.696,-0.8660254037844384,-0.5000000000000004,335.6666666666667,
46,2020,9,19,1.426842105263158,912.0,25.0,28.92309210526316,-1.0,-1.8369701987210294e-16,318.6666666666667,
46,2020,10,46,11.14782608695652,19.0,912.0,1.426842105263158,-0.8660254037844386,0.5000000000000001,325.6666666666667,
46,2020,11,59,2.889661016949153,46.0,19.0,11.14782608695652,-0.5000000000000004,0.8660254037844384,41.333333333333336,
47,2015,3,1,4.33,6.0,2.0,1.8966666666666667,1.0,6.123233995736766e-17,3.0,0
47,2015,4,3,3.466666666666667,1.0,6.0,4.33,0.8660254037844387,-0.4999999999999998,3.3333333333333335,0
47,2015,6,3,2.53,3.0,1.0,3.466666666666667,1.2246467991473532e-16,-1.0,2.3333333333333335,0
47,2015,7,1,3.12,3.0,3.0,2.53,-0.4999999999999998,-0.8660254037844388,2.3333333333333335,0
47,2015,9,2,24.565,1.0,3.0,3.12,-1.0,-1.8369701987210294e-16,2.0,0
47,2015,10,4,6.91,2.0,1.0,24.565,-0.8660254037844386,0.5000000000000001,2.3333333333333335,0
47,2015,11,4,3.4175,4.0,2.0,6.91,-0.5000000000000004,0.8660254037844384,3.3333333333333335,0
47,2015,12,1,2.78,4.0,4.0,3.4175,-2.4492935982947064e-16,1.0,3.0,0
47,2016,2,1,2.99,1.0,4.0,2.78,0.8660254037844386,0.5000000000000001,2.0,0
47,2016,4,1,2.0,1.0,1.0,2.99,0.8660254037844387,-0.4999999999999998,1.0,0
47,2016,5,2,3.03,1.0,1.0,2.0,0.4999999999999999,-0.8660254037844387,1.3333333333333333,1
47,2016,9,58,47.7153448275862,2.0,1.0,3.03,-1.0,-1.8369701987210294e-16,20.333333333333332,0
47,2016,10,5,4.008,58.0,2.0,47.7153448275862,-0.8660254037844386,0.5000000000000001,21.666666666666668,0
47,2016,11,7,3.1442857142857146,5.0,58.0,4.008,-0.5000000000000004,0.8660254037844384,23.333333333333332,0
47,2016,12,3,2.8666666666666667,7.0,5.0,3.1442857142857146,-2.4492935982947064e-16,1.0,5.0,0
47,2017,1,1,0.68,3.0,7.0,2.8666666666666667,0.4999999999999999,0.8660254037844387,3.6666666666666665,0
47,2017,2,3,1.856666666666667,1.0,3.0,0.68,0.8660254037844386,0.5000000000000001,2.3333333333333335,0
47,2017,3,7,6.964285714285714,3.0,1.0,1.856666666666667,1.0,6.123233995736766e-17,3.6666666666666665,0
47,2017,4,6,2.8783333333333334,7.0,3.0,6.964285714285714,0.8660254037844387,-0.4999999999999998,5.333333333333333,0
47,2017,5,1,0.69,6.0,7.0,2.8783333333333334,0.4999999999999999,-0.8660254037844387,4.666666666666667,0
47,2017,6,2,1.6549999999999998,1.0,6.0,0.69,1.2246467991473532e-16,-1.0,3.0,0
47,2017,7,2,3.875,2.0,1.0,1.6549999999999998,-0.4999999999999998,-0.8660254037844388,1.6666666666666667,0
47,2017,8,1,2.66,2.0,2.0,3.875,-0.8660254037844384,-0.5000000000000004,1.6666666666666667,0
47,2017,9,5,1.674,1.0,2.0,2.66,-1.0,-1.8369701987210294e-16,2.6666666666666665,1
47,2017,10,3027,17.097304261645192,5.0,1.0,1.674,-0.8660254037844386,0.5000000000000001,1011.0,0
47,2017,12,9,4.661111111111111,3027.0,5.0,17.097304261645192,-2.4492935982947064e-16,1.0,1013.6666666666666,0
47,2018,1,4,2.445,9.0,3027.0,4.661111111111111,0.4999999999999999,0.8660254037844387,1013.3333333333334,0
47,2018,2,17,4.043529411764705,4.0,9.0,2.445,0.8660254037844386,0.5000000000000001,10.0,0
47,2018,3,4,0.86,17.0,4.0,4.043529411764705,1.0,6.123233995736766e-17,8.333333333333334,0
47,2018,4,4,1.7975,4.0,17.0,0.86,0.8660254037844387,-0.4999999999999998,8.333333333333334,0
47,2018,5,3,3.543333333333333,4.0,4.0,1.7975,0.4999999999999999,-0.8660254037844387,3.6666666666666665,0
47,2018,6,7,22.898571428571422,3.0,4.0,3.543333333333333,1.2246467991473532e-16,-1.0,4.666666666666667,0
47,2018,7,2,1.4,7.0,3.0,22.898571428571422,-0.4999999999999998,-0.8660254037844388,4.0,0
47,2018,8,3,10.636666666666668,2.0,7.0,1.4,-0.8660254037844384,-0.5000000000000004,4.0,0
47,2018,9,3,0.58,3.0,2.0,10.636666666666668,-1.0,-1.8369701987210294e-16,2.6666666666666665,0
47,2018,10,6,4.028333333333333,3.0,3.0,0.58,-0.8660254037844386,0.5000000000000001,4.0,0
47,2018,11,3,3.516666666666667,6.0,3.0,4.028333333333333,-0.5000000000000004,0.8660254037844384,4.0,0
47,2018,12,4,5.215,3.0,6.0,3.516666666666667,-2.4492935982947064e-16,1.0,4.333333333333333,0
47,2019,1,6,8.755,4.0,3.0,5.215,0.4999999999999999,0.8660254037844387,4.333333333333333,0
47,2019,2,5,7.196000000000001,6.0,4.0,8.755,0.8660254037844386,0.5000000000000001,5.0,0
47,2019,3,9,7.635555555555555,5.0,6.0,7.196000000000001,1.0,6.123233995736766e-17,6.666666666666667,0
47,2019,4,9,3.0966666666666667,9.0,5.0,7.635555555555555,0.8660254037844387,-0.4999999999999998,7.666666666666667,0
47,2019,5,4,2.04,9.0,9.0,3.0966666666666667,0.4999999999999999,-0.8660254037844387,7.333333333333333,0
47,2019,6,13,4.506153846153846,4.0,9.0,2.04,1.2246467991473532e-16,-1.0,8.666666666666666,0
47,2019,7,3,0.8733333333333334,13.0,4.0,4.506153846153846,-0.4999999999999998,-0.8660254037844388,6.666666666666667,0
47,2019,8,8,1.3825,3.0,13.0,0.8733333333333334,-0.8660254037844384,-0.5000000000000004,8.0,0
47,2019,9,4,1.95,8.0,3.0,1.3825,-1.0,-1.8369701987210294e-16,5.0,1
47,2019,10,1763,26.27334089619966,4.0,8.0,1.95,-0.8660254037844386,0.5000000000000001,591.6666666666666,0
47,2019,11,2,1.03,1763.0,4.0,26.27334089619966,-0.5000000000000004,0.8660254037844384,589.6666666666666,0
47,2020,1,1,1.75,2.0,1763.0,1.03,0.4999999999999999,0.8660254037844387,588.6666666666666,
47,2020,2,28,4.8289285714285715,1.0,2.0,1.75,0.8660254037844386,0.5000000000000001,10.333333333333334,
47,2020,3,16,6.864999999999999,28.0,1.0,4.8289285714285715,1.0,6.123233995736766e-17,15.0,
47,2020,4,5,4.484,16.0,28.0,6.864999999999999,0.8660254037844387,-0.4999999999999998,16.333333333333332,
47,2020,5,6,3.709999999999999,5.0,16.0,4.484,0.4999999999999999,-0.8660254037844387,9.0,
47,2020,6,2,0.63,6.0,5.0,3.709999999999999,1.2246467991473532e-16,-1.0,4.333333333333333,
47,2020,7,1,3.89,2.0,6.0,0.63,-0.4999999999999998,-0.8660254037844388,3.0,
47,2020,8,1591,11.615160276555626,1.0,2.0,3.89,-0.8660254037844384,-0.5000000000000004,531.3333333333334,
47,2020,9,727,19.413892709766163,1591.0,1.0,11.615160276555626,-1.0,-1.8369701987210294e-16,773.0,
47,2020,10,12,1.2983333333333331,727.0,1591.0,19.413892709766163,-0.8660254037844386,0.5000000000000001,776.6666666666666,
47,2020,11,18,4.684444444444445,12.0,727.0,1.2983333333333331,-0.5000000000000004,0.8660254037844384,252.33333333333337,
48,2015,3,7,6.374285714285714,20.0,6.0,5.169,1.0,6.123233995736766e-17,11.0,0
48,2015,4,17,4.970000000000001,7.0,20.0,6.374285714285714,0.8660254037844387,-0.4999999999999998,14.666666666666666,0
48,2015,5,6,1.2,17.0,7.0,4.970000000000001,0.4999999999999999,-0.8660254037844387,10.0,0
48,2015,6,10,2.8289999999999997,6.0,17.0,1.2,1.2246467991473532e-16,-1.0,11.0,0
48,2015,7,20,3.899,10.0,6.0,2.8289999999999997,-0.4999999999999998,-0.8660254037844388,12.0,0
48,2015,8,16,2.524375,20.0,10.0,3.899,-0.8660254037844384,-0.5000000000000004,15.333333333333334,0
48,2015,9,8,2.2325,16.0,20.0,2.524375,-1.0,-1.8369701987210294e-16,14.666666666666666,0
48,2015,10,14,5.403571428571429,8.0,16.0,2.2325,-0.8660254037844386,0.5000000000000001,12.666666666666666,0
48,2015,11,16,4.6625,14.0,8.0,5.403571428571429,-0.5000000000000004,0.8660254037844384,12.666666666666666,0
48,2015,12,7,4.288571428571429,16.0,14.0,4.6625,-2.4492935982947064e-16,1.0,12.333333333333334,0
48,2016,1,4,2.5349999999999997,7.0,16.0,4.288571428571429,0.4999999999999999,0.8660254037844387,9.0,0
48,2016,2,6,3.27,4.0,7.0,2.5349999999999997,0.8660254037844386,0.5000000000000001,5.666666666666667,0
48,2016,3,11,3.805454545454545,6.0,4.0,3.27,1.0,6.123233995736766e-17,7.0,0
48,2016,4,10,2.175,11.0,6.0,3.805454545454545,0.8660254037844387,-0.4999999999999998,9.0,0
48,2016,5,12,2.5941666666666667,10.0,11.0,2.175,0.4999999999999999,-0.8660254037844387,11.0,0
48,2016,6,25,4.8464,12.0,10.0,2.5941666666666667,1.2246467991473532e-16,-1.0,15.666666666666666,1
48,2016,7,54,9.247777777777776,25.0,12.0,4.8464,-0.4999999999999998,-0.8660254037844388,30.333333333333332,0
48,2016,8,34,9.59529411764706,54.0,25.0,9.247777777777776,-0.8660254037844384,-0.5000000000000004,37.666666666666664,0
48,2016,9,11,4.093636363636364,34.0,54.0,9.59529411764706,-1.0,-1.8369701987210294e-16,33.0,0
48,2016,10,29,5.455172413793103,11.0,34.0,4.093636363636364,-0.8660254037844386,0.5000000000000001,24.666666666666668,0
48,2016,11,41,4.693658536585366,29.0,11.0,5.455172413793103,-0.5000000000000004,0.8660254037844384,27.0,0
48,2016,12,8,3.45,41.0,29.0,4.693658536585366,-2.4492935982947064e-16,1.0,26.0,0
48,2017,1,1,0.68,8.0,41.0,3.45,0.4999999999999999,0.8660254037844387,16.666666666666668,0
48,2017,2,4,1.9575,1.0,8.0,0.68,0.8660254037844386,0.5000000000000001,4.333333333333333,0
48,2017,3,21,3.517142857142857,4.0,1.0,1.9575,1.0,6.123233995736766e-17,8.666666666666666,0
48,2017,4,32,6.0,21.0,4.0,3.517142857142857,0.8660254037844387,-0.4999999999999998,19.0,0
48,2017,5,24,6.151666666666667,32.0,21.0,6.0,0.4999999999999999,-0.8660254037844387,25.666666666666668,0
48,2017,6,28,3.818928571428572,24.0,32.0,6.151666666666667,1.2246467991473532e-16,-1.0,28.0,0
48,2017,7,25,4.6512,28.0,24.0,3.818928571428572,-0.4999999999999998,-0.8660254037844388,25.666666666666668,0
48,2017,8,22,4.423636363636364,25.0,28.0,4.6512,-0.8660254037844384,-0.5000000000000004,25.0,0
48,2017,9,27,10.766666666666666,22.0,25.0,4.423636363636364,-1.0,-1.8369701987210294e-16,24.666666666666668,1
48,2017,10,47,5.646595744680851,27.0,22.0,10.766666666666666,-0.8660254037844386,0.5000000000000001,32.0,1
48,2017,11,54,11.023518518518518,47.0,27.0,5.646595744680851,-0.5000000000000004,0.8660254037844384,42.666666666666664,1
48,2017,12,59,9.944576271186442,54.0,47.0,11.023518518518518,-2.4492935982947064e-16,1.0,53.333333333333336,0
48,2018,1,23,6.753043478260869,59.0,54.0,9.944576271186442,0.4999999999999999,0.8660254037844387,45.333333333333336,1
48,2018,2,64,4.82828125,23.0,59.0,6.753043478260869,0.8660254037844386,0.5000000000000001,48.666666666666664,0
48,2018,3,15,3.256,64.0,23.0,4.82828125,1.0,6.123233995736766e-17,34.0,0
48,2018,4,25,3.3132,15.0,64.0,3.256,0.8660254037844387,-0.4999999999999998,34.666666666666664,0
48,2018,5,31,5.209354838709678,25.0,15.0,3.3132,0.4999999999999999,-0.8660254037844387,23.666666666666668,0
48,2018,6,28,4.152857142857143,31.0,25.0,5.209354838709678,1.2246467991473532e-16,-1.0,28.0,0
48,2018,7,9,2.7555555555555555,28.0,31.0,4.152857142857143,-0.4999999999999998,-0.8660254037844388,22.666666666666668,0
48,2018,8,25,2.7572,9.0,28.0,2.7555555555555555,-0.8660254037844384,-0.5000000000000004,20.666666666666668,0
48,2018,9,26,9.933076923076923,25.0,9.0,2.7572,-1.0,-1.8369701987210294e-16,20.0,0
48,2018,10,25,3.45,26.0,25.0,9.933076923076923,-0.8660254037844386,0.5000000000000001,25.333333333333332,0
48,2018,11,22,5.655454545454545,25.0,26.0,3.45,-0.5000000000000004,0.8660254037844384,24.333333333333332,1
48,2018,12,46,6.47804347826087,22.0,25.0,5.655454545454545,-2.4492935982947064e-16,1.0,31.0,0
48,2019,1,13,3.2515384615384617,46.0,22.0,6.47804347826087,0.4999999999999999,0.8660254037844387,27.0,0
48,2019,2,5,3.656,13.0,46.0,3.2515384615384617,0.8660254037844386,0.5000000000000001,21.333333333333332,0
48,2019,3,28,3.942142857142857,5.0,13.0,3.656,1.0,6.123233995736766e-17,15.333333333333334,0
48,2019,4,22,3.223181818181818,28.0,5.0,3.942142857142857,0.8660254037844387,-0.4999999999999998,18.333333333333332,0
48,2019,5,25,5.756799999999999,22.0,28.0,3.223181818181818,0.4999999999999999,-0.8660254037844387,25.0,1
48,2019,6,59,3.856101694915254,25.0,22.0,5.756799999999999,1.2246467991473532e-16,-1.0,35.333333333333336,0
48,2019,7,32,6.6721875,59.0,25.0,3.856101694915254,-0.4999999999999998,-0.8660254037844388,38.666666666666664,0
48,2019,8,17,2.206470588235294,32.0,59.0,6.6721875,-0.8660254037844384,-0.5000000000000004,36.0,0
48,2019,9,16,3.620625,17.0,32.0,2.206470588235294,-1.0,-1.8369701987210294e-16,21.666666666666668,0
48,2019,10,20,9.001999999999999,16.0,17.0,3.620625,-0.8660254037844386,0.5000000000000001,17.666666666666668,0
48,2019,11,42,5.087142857142857,20.0,16.0,9.001999999999999,-0.5000000000000004,0.8660254037844384,26.0,0
48,2019,12,19,3.5536842105263156,42.0,20.0,5.087142857142857,-2.4492935982947064e-16,1.0,27.0,0
48,2020,1,14,4.0685714285714285,19.0,42.0,3.5536842105263156,0.4999999999999999,0.8660254037844387,25.0,
48,2020,2,49,4.035306122448979,14.0,19.0,4.0685714285714285,0.8660254037844386,0.5000000000000001,27.333333333333332,
48,2020,3,40,9.03425,49.0,14.0,4.035306122448979,1.0,6.123233995736766e-17,34.333333333333336,
48,2020,4,27,6.058518518518518,40.0,49.0,9.03425,0.8660254037844387,-0.4999999999999998,38.666666666666664,
48,2020,5,23,3.316086956521739,27.0,40.0,6.058518518518518,0.4999999999999999,-0.8660254037844387,30.0,
48,2020,6,36,3.4883333333333333,23.0,27.0,3.316086956521739,1.2246467991473532e-16,-1.0,28.666666666666668,
48,2020,7,22,3.0995454545454546,36.0,23.0,3.4883333333333333,-0.4999999999999998,-0.8660254037844388,27.0,
48,2020,8,3036,24.40202239789196,22.0,36.0,3.0995454545454546,-0.8660254037844384,-0.5000000000000004,1031.3333333333333,
48,2020,9,25,2.7512,3036.0,22.0,24.40202239789196,-1.0,-1.8369701987210294e-16,1027.6666666666667,
48,2020,10,10,4.326,25.0,3036.0,2.7512,-0.8660254037844386,0.5000000000000001,1023.6666666666666,
48,2020,11,39,3.148461538461538,10.0,25.0,4.326,-0.5000000000000004,0.8660254037844384,24.666666666666668,
49,2015,3,35,8.120285714285714,16.0,6.0,4.585,1.0,6.123233995736766e-17,19.0,0
49,2015,4,14,3.970714285714286,35.0,16.0,8.120285714285714,0.8660254037844387,-0.4999999999999998,21.666666666666668,0
49,2015,5,6,6.146666666666667,14.0,35.0,3.970714285714286,0.4999999999999999,-0.8660254037844387,18.333333333333332,0
49,2015,6,9,6.666666666666667,6.0,14.0,6.146666666666667,1.2246467991473532e-16,-1.0,9.666666666666666,0
49,2015,7,3,7.606666666666667,9.0,6.0,6.666666666666667,-0.4999999999999998,-0.8660254037844388,6.0,0
49,2015,8,18,9.335,3.0,9.0,7.606666666666667,-0.8660254037844384,-0.5000000000000004,10.0,0
49,2015,9,33,8.926363636363636,18.0,3.0,9.335,-1.0,-1.8369701987210294e-16,18.0,1
49,2015,10,104,12.858942307692306,33.0,18.0,8.926363636363636,-0.8660254037844386,0.5000000000000001,51.666666666666664,0
49,2015,11,33,7.906060606060605,104.0,33.0,12.858942307692306,-0.5000000000000004,0.8660254037844384,56.666666666666664,0
49,2015,12,5,4.514,33.0,104.0,7.906060606060605,-2.4492935982947064e-16,1.0,47.333333333333336,0
49,2016,2,11,4.017272727272727,5.0,33.0,4.514,0.8660254037844386,0.5000000000000001,16.333333333333332,0
49,2016,3,7,4.395714285714286,11.0,5.0,4.017272727272727,1.0,6.123233995736766e-17,7.666666666666667,0
49,2016,4,31,6.40483870967742,7.0,11.0,4.395714285714286,0.8660254037844387,-0.4999999999999998,16.333333333333332,0
49,2016,5,2,0.78,31.0,7.0,6.40483870967742,0.4999999999999999,-0.8660254037844387,13.333333333333334,0
49,2016,6,6,8.531666666666666,2.0,31.0,0.78,1.2246467991473532e-16,-1.0,13.0,0
49,2016,7,12,6.81,6.0,2.0,8.531666666666666,-0.4999999999999998,-0.8660254037844388,6.666666666666667,0
49,2016,8,24,8.513333333333334,12.0,6.0,6.81,-0.8660254037844384,-0.5000000000000004,14.0,1
49,2016,9,86,9.593255813953489,24.0,12.0,8.513333333333334,-1.0,-1.8369701987210294e-16,40.666666666666664,1
49,2016,10,111,9.296396396396398,86.0,24.0,9.593255813953489,-0.8660254037844386,0.5000000000000001,73.66666666666667,1
49,2016,11,65,10.962153846153846,111.0,86.0,9.296396396396398,-0.5000000000000004,0.8660254037844384,87.33333333333333,0
49,2016,12,4,4.5024999999999995,65.0,111.0,10.962153846153846,-2.4492935982947064e-16,1.0,60.0,0
49,2017,2,2,2.325,4.0,65.0,4.5024999999999995,0.8660254037844386,0.5000000000000001,23.666666666666668,0
49,2017,3,3,3.77,2.0,4.0,2.325,1.0,6.123233995736766e-17,3.0,0
49,2017,4,18,4.621666666666666,3.0,2.0,3.77,0.8660254037844387,-0.4999999999999998,7.666666666666667,0
49,2017,5,27,7.34,18.0,3.0,4.621666666666666,0.4999999999999999,-0.8660254037844387,16.0,0
49,2017,6,7,7.140000000000001,27.0,18.0,7.34,1.2246467991473532e-16,-1.0,17.333333333333332,0
49,2017,7,28,8.826071428571428,7.0,27.0,7.140000000000001,-0.4999999999999998,-0.8660254037844388,20.666666666666668,0
49,2017,8,33,9.32,28.0,7.0,8.826071428571428,-0.8660254037844384,-0.5000000000000004,22.666666666666668,1
49,2017,9,67,6.728208955223881,33.0,28.0,9.32,-1.0,-1.8369701987210294e-16,42.666666666666664,1
49,2017,10,65,6.011692307692307,67.0,33.0,6.728208955223881,-0.8660254037844386,0.5000000000000001,55.0,0
49,2017,11,22,8.092727272727272,65.0,67.0,6.011692307692307,-0.5000000000000004,0.8660254037844384,51.333333333333336,0
49,2017,12,20,26.0135,22.0,65.0,8.092727272727272,-2.4492935982947064e-16,1.0,35.666666666666664,0
49,2018,1,2,6.78,20.0,22.0,26.0135,0.4999999999999999,0.8660254037844387,14.666666666666666,1
49,2018,2,75,6.587466666666667,2.0,20.0,6.78,0.8660254037844386,0.5000000000000001,32.333333333333336,0
49,2018,3,14,4.440714285714286,75.0,2.0,6.587466666666667,1.0,6.123233995736766e-17,30.333333333333332,0
49,2018,4,44,5.720909090909091,14.0,75.0,4.440714285714286,0.8660254037844387,-0.4999999999999998,44.333333333333336,0
49,2018,5,30,7.626,44.0,14.0,5.720909090909091,0.4999999999999999,-0.8660254037844387,29.333333333333332,0
49,2018,6,20,7.125,30.0,44.0,7.626,1.2246467991473532e-16,-1.0,31.333333333333332,0
49,2018,7,13,9.524615384615384,20.0,30.0,7.125,-0.4999999999999998,-0.8660254037844388,21.0,0
49,2018,8,32,6.786875,13.0,20.0,9.524615384615384,-0.8660254037844384,-0.5000000000000004,21.666666666666668,1
49,2018,9,84,7.555119047619048,32.0,13.0,6.786875,-1.0,-1.8369701987210294e-16,43.0,1
49,2018,10,100,6.1787,84.0,32.0,7.555119047619048,-0.8660254037844386,0.5000000000000001,72.0,0
49,2018,11,25,8.115599999999999,100.0,84.0,6.1787,-0.5000000000000004,0.8660254037844384,69.66666666666667,0
49,2018,12,21,6.350952380952381,25.0,100.0,8.115599999999999,-2.4492935982947064e-16,1.0,48.666666666666664,0
49,2019,1,3,6.766666666666667,21.0,25.0,6.350952380952381,0.4999999999999999,0.8660254037844387,16.333333333333332,0
49,2019,2,20,7.948,3.0,21.0,6.766666666666667,0.8660254037844386,0.5000000000000001,14.666666666666666,0
49,2019,3,7,5.28,20.0,3.0,7.948,1.0,6.123233995736766e-17,10.0,0
49,2019,4,25,5.1732000000000005,7.0,20.0,5.28,0.8660254037844387,-0.4999999999999998,17.333333333333332,0
49,2019,5,21,3.9785714285714286,25.0,7.0,5.1732000000000005,0.4999999999999999,-0.8660254037844387,17.666666666666668,0
49,2019,6,33,6.9757575757575765,21.0,25.0,3.9785714285714286,1.2246467991473532e-16,-1.0,26.333333333333332,0
49,2019,7,35,8.08657142857143,33.0,21.0,6.9757575757575765,-0.4999999999999998,-0.8660254037844388,29.666666666666668,0
49,2019,8,14,7.352142857142858,35.0,33.0,8.08657142857143,-0.8660254037844384,-0.5000000000000004,27.333333333333332,1
49,2019,9,63,6.648412698412699,14.0,35.0,7.352142857142858,-1.0,-1.8369701987210294e-16,37.333333333333336,1
49,2019,10,112,5.955892857142857,63.0,14.0,6.648412698412699,-0.8660254037844386,0.5000000000000001,63.0,1
49,2019,11,98,8.82204081632653,112.0,63.0,5.955892857142857,-0.5000000000000004,0.8660254037844384,91.0,0
49,2019,12,1,2.23,98.0,112.0,8.82204081632653,-2.4492935982947064e-16,1.0,70.33333333333333,0
49,2020,1,11,3.421818181818182,1.0,98.0,2.23,0.4999999999999999,0.8660254037844387,36.666666666666664,
49,2020,2,128,10.224140625,11.0,1.0,3.421818181818182,0.8660254037844386,0.5000000000000001,46.666666666666664,
49,2020,3,42,6.515238095238095,128.0,11.0,10.224140625,1.0,6.123233995736766e-17,60.333333333333336,
49,2020,4,42,10.771904761904764,42.0,128.0,6.515238095238095,0.8660254037844387,-0.4999999999999998,70.66666666666667,
49,2020,5,13,5.06923076923077,42.0,42.0,10.771904761904764,0.4999999999999999,-0.8660254037844387,32.333333333333336,
49,2020,6,41,8.057560975609757,13.0,42.0,5.06923076923077,1.2246467991473532e-16,-1.0,32.0,
49,2020,7,31,8.410645161290324,41.0,13.0,8.057560975609757,-0.4999999999999998,-0.8660254037844388,28.333333333333332,
49,2020,8,11,7.288181818181818,31.0,41.0,8.410645161290324,-0.8660254037844384,-0.5000000000000004,27.666666666666668,
49,2020,9,2,6.71,11.0,31.0,7.288181818181818,-1.0,-1.8369701987210294e-16,14.666666666666666,
49,2020,10,91,9.028241758241755,2.0,11.0,6.71,-0.8660254037844386,0.5000000000000001,34.666666666666664,
49,2020,11,102,8.759803921568627,91.0,2.0,9.028241758241755,-0.5000000000000004,0.8660254037844384,65.0,
50,2015,3,18,2.937777777777778,10.0,17.0,5.7829999999999995,1.0,6.123233995736766e-17,15.0,0
50,2015,4,6,2.14,18.0,10.0,2.937777777777778,0.8660254037844387,-0.4999999999999998,11.333333333333334,0
50,2015,5,1,8.9,6.0,18.0,2.14,0.4999999999999999,-0.8660254037844387,8.333333333333334,0
50,2015,7,3,2.8033333333333332,1.0,6.0,8.9,-0.4999999999999998,-0.8660254037844388,3.3333333333333335,0
50,2015,9,2,6.07,3.0,1.0,2.8033333333333332,-1.0,-1.8369701987210294e-16,2.0,0
50,2015,11,9,3.562222222222222,2.0,3.0,6.07,-0.5000000000000004,0.8660254037844384,4.666666666666667,0
50,2015,12,2,1.84,9.0,2.0,3.562222222222222,-2.4492935982947064e-16,1.0,4.333333333333333,0
50,2016,2,5,3.418,2.0,9.0,1.84,0.8660254037844386,0.5000000000000001,5.333333333333333,0
50,2016,3,7,2.3314285714285714,5.0,2.0,3.418,1.0,6.123233995736766e-17,4.666666666666667,0
50,2016,4,1,6.93,7.0,5.0,2.3314285714285714,0.8660254037844387,-0.4999999999999998,4.333333333333333,0
50,2016,5,5,2.568,1.0,7.0,6.93,0.4999999999999999,-0.8660254037844387,4.333333333333333,0
50,2016,6,21,20.357142857142858,5.0,1.0,2.568,1.2246467991473532e-16,-1.0,9.0,0
50,2016,7,1,5.93,21.0,5.0,20.357142857142858,-0.4999999999999998,-0.8660254037844388,9.0,0
50,2016,8,2,4.1850000000000005,1.0,21.0,5.93,-0.8660254037844384,-0.5000000000000004,8.0,0
50,2016,9,2,0.655,2.0,1.0,4.1850000000000005,-1.0,-1.8369701987210294e-16,1.6666666666666667,0
50,2016,10,12,9.59,2.0,2.0,0.655,-0.8660254037844386,0.5000000000000001,5.333333333333333,0
50,2016,11,4,3.0175,12.0,2.0,9.59,-0.5000000000000004,0.8660254037844384,6.0,0
50,2016,12,7,8.484285714285715,4.0,12.0,3.0175,-2.4492935982947064e-16,1.0,7.666666666666667,0
50,2017,1,3,4.1066666666666665,7.0,4.0,8.484285714285715,0.4999999999999999,0.8660254037844387,4.666666666666667,0
50,2017,3,8,3.79,3.0,7.0,4.1066666666666665,1.0,6.123233995736766e-17,6.0,0
50,2017,4,2,2.59,8.0,3.0,3.79,0.8660254037844387,-0.4999999999999998,4.333333333333333,0
50,2017,5,7,9.317142857142857,2.0,8.0,2.59,0.4999999999999999,-0.8660254037844387,5.666666666666667,0
50,2017,6,7,8.638571428571428,7.0,2.0,9.317142857142857,1.2246467991473532e-16,-1.0,5.333333333333333,0
50,2017,7,4,13.815,7.0,7.0,8.638571428571428,-0.4999999999999998,-0.8660254037844388,6.0,0
50,2017,8,6,12.306666666666668,4.0,7.0,13.815,-0.8660254037844384,-0.5000000000000004,5.666666666666667,0
50,2017,9,17,2.958235294117647,6.0,4.0,12.306666666666668,-1.0,-1.8369701987210294e-16,9.0,0
50,2017,10,42,4.064285714285715,17.0,6.0,2.958235294117647,-0.8660254037844386,0.5000000000000001,21.666666666666668,0
50,2017,11,24,25.00375,42.0,17.0,4.064285714285715,-0.5000000000000004,0.8660254037844384,27.666666666666668,0
50,2017,12,5,3.308,24.0,42.0,25.00375,-2.4492935982947064e-16,1.0,23.666666666666668,0
50,2018,1,6,5.656666666666666,5.0,24.0,3.308,0.4999999999999999,0.8660254037844387,11.666666666666666,1
50,2018,2,51,5.847254901960784,6.0,5.0,5.656666666666666,0.8660254037844386,0.5000000000000001,20.666666666666668,0
50,2018,3,7,3.6471428571428577,51.0,6.0,5.847254901960784,1.0,6.123233995736766e-17,21.333333333333332,0
50,2018,4,10,3.652,7.0,51.0,3.6471428571428577,0.8660254037844387,-0.4999999999999998,22.666666666666668,0
50,2018,5,19,5.814210526315789,10.0,7.0,3.652,0.4999999999999999,-0.8660254037844387,12.0,1
50,2018,6,98,9.453673469387756,19.0,10.0,5.814210526315789,1.2246467991473532e-16,-1.0,42.333333333333336,0
50,2018,7,10,6.064,98.0,19.0,9.453673469387756,-0.4999999999999998,-0.8660254037844388,42.333333333333336,0
50,2018,9,9,129.74444444444444,10.0,98.0,6.064,-1.0,-1.8369701987210294e-16,39.0,1
50,2018,10,96,10.064895833333331,9.0,10.0,129.74444444444444,-0.8660254037844386,0.5000000000000001,38.333333333333336,0
50,2018,11,2,3.095,96.0,9.0,10.064895833333331,-0.5000000000000004,0.8660254037844384,35.666666666666664,0
50,2018,12,14,4.514285714285714,2.0,96.0,3.095,-2.4492935982947064e-16,1.0,37.333333333333336,0
50,2019,1,3,2.6999999999999997,14.0,2.0,4.514285714285714,0.4999999999999999,0.8660254037844387,6.333333333333333,0
50,2019,2,1,1.61,3.0,14.0,2.6999999999999997,0.8660254037844386,0.5000000000000001,6.0,0
50,2019,3,12,2.705,1.0,3.0,1.61,1.0,6.123233995736766e-17,5.333333333333333,1
50,2019,4,78,12.89653846153846,12.0,1.0,2.705,0.8660254037844387,-0.4999999999999998,30.333333333333332,1
50,2019,5,69,9.205797101449276,78.0,12.0,12.89653846153846,0.4999999999999999,-0.8660254037844387,53.0,1
50,2019,6,55,6.652909090909091,69.0,78.0,9.205797101449276,1.2246467991473532e-16,-1.0,67.33333333333333,1
50,2019,7,59,20.185593220338983,55.0,69.0,6.652909090909091,-0.4999999999999998,-0.8660254037844388,61.0,0
50,2019,8,1,2.82,59.0,55.0,20.185593220338983,-0.8660254037844384,-0.5000000000000004,38.333333333333336,1
50,2019,9,610,25.689901639344264,1.0,59.0,2.82,-1.0,-1.8369701987210294e-16,223.33333333333337,0
50,2019,10,11,3.309090909090909,610.0,1.0,25.689901639344264,-0.8660254037844386,0.5000000000000001,207.33333333333337,1
50,2019,11,143,21.18503496503497,11.0,610.0,3.309090909090909,-0.5000000000000004,0.8660254037844384,254.66666666666663,0
50,2019,12,2,8.57,143.0,11.0,21.18503496503497,-2.4492935982947064e-16,1.0,52.0,0
50,2020,1,17,3.1252941176470586,2.0,143.0,8.57,0.4999999999999999,0.8660254037844387,54.0,
50,2020,2,85,7.284588235294117,17.0,2.0,3.1252941176470586,0.8660254037844386,0.5000000000000001,34.666666666666664,
50,2020,3,24,4.148333333333333,85.0,17.0,7.284588235294117,1.0,6.123233995736766e-17,42.0,
50,2020,4,30,4.631666666666666,24.0,85.0,4.148333333333333,0.8660254037844387,-0.4999999999999998,46.333333333333336,
50,2020,5,7,11.068571428571428,30.0,24.0,4.631666666666666,0.4999999999999999,-0.8660254037844387,20.333333333333332,
50,2020,6,6,4.803333333333334,7.0,30.0,11.068571428571428,1.2246467991473532e-16,-1.0,14.333333333333334,
50,2020,7,5,6.792,6.0,7.0,4.803333333333334,-0.4999999999999998,-0.8660254037844388,6.0,
50,2020,8,6674,14.9836290080911,5.0,6.0,6.792,-0.8660254037844384,-0.5000000000000004,2228.3333333333335,
50,2020,9,9369,18.40386060411997,6674.0,5.0,14.9836290080911,-1.0,-1.8369701987210294e-16,5349.333333333333,
50,2020,10,613,6.053393148450245,9369.0,6674.0,18.40386060411997,-0.8660254037844386,0.5000000000000001,5552.0,
50,2020,11,41,7.476341463414635,613.0,9369.0,6.053393148450245,-0.5000000000000004,0.8660254037844384,3341.0,
51,2015,4,6,4.571666666666666,7.0,8.0,6.268571428571429,0.8660254037844387,-0.4999999999999998,7.0,0
51,2015,5,1,1.07,6.0,7.0,4.571666666666666,0.4999999999999999,-0.8660254037844387,4.666666666666667,1
51,2015,6,93,8.43225806451613,1.0,6.0,1.07,1.2246467991473532e-16,-1.0,33.333333333333336,1
51,2015,7,229,22.209126637554583,93.0,1.0,8.43225806451613,-0.4999999999999998,-0.8660254037844388,107.66666666666669,1
51,2015,8,12613,6.74611749781971,229.0,93.0,22.209126637554583,-0.8660254037844384,-0.5000000000000004,4311.666666666667,1
51,2015,9,615,9.904634146341465,12613.0,229.0,6.74611749781971,-1.0,-1.8369701987210294e-16,4485.666666666667,0
51,2015,10,40,3.107,615.0,12613.0,9.904634146341465,-0.8660254037844386,0.5000000000000001,4422.666666666667,0
51,2015,11,29,5.89448275862069,40.0,615.0,3.107,-0.5000000000000004,0.8660254037844384,228.0,0
51,2015,12,10,5.567,29.0,40.0,5.89448275862069,-2.4492935982947064e-16,1.0,26.333333333333332,0
51,2016,2,24,20.405833333333337,10.0,29.0,5.567,0.8660254037844386,0.5000000000000001,21.0,0
51,2016,3,1,0.79,24.0,10.0,20.405833333333337,1.0,6.123233995736766e-17,11.666666666666666,0
51,2016,4,6,5.005,1.0,24.0,0.79,0.8660254037844387,-0.4999999999999998,10.333333333333334,0
51,2016,5,4,1.8325,6.0,1.0,5.005,0.4999999999999999,-0.8660254037844387,3.6666666666666665,0
51,2016,8,2,1.38,4.0,6.0,1.8325,-0.8660254037844384,-0.5000000000000004,4.0,0
51,2016,9,1,0.65,2.0,4.0,1.38,-1.0,-1.8369701987210294e-16,2.3333333333333335,0
51,2016,10,12,5.834166666666667,1.0,2.0,0.65,-0.8660254037844386,0.5000000000000001,5.0,1
51,2016,11,56,4.121607142857143,12.0,1.0,5.834166666666667,-0.5000000000000004,0.8660254037844384,23.0,0
51,2016,12,5,2.844,56.0,12.0,4.121607142857143,-2.4492935982947064e-16,1.0,24.333333333333332,0
51,2017,1,1,1.85,5.0,56.0,2.844,0.4999999999999999,0.8660254037844387,20.666666666666668,0
51,2017,3,2,7.64,1.0,5.0,1.85,1.0,6.123233995736766e-17,2.6666666666666665,0
51,2017,4,2,2.51,2.0,1.0,7.64,0.8660254037844387,-0.4999999999999998,1.6666666666666667,0
51,2017,5,3,4.733333333333333,2.0,2.0,2.51,0.4999999999999999,-0.8660254037844387,2.3333333333333335,0
51,2017,7,1,7.51,3.0,2.0,4.733333333333333,-0.4999999999999998,-0.8660254037844388,2.0,1
51,2017,8,424,7.346627358490566,1.0,3.0,7.51,-0.8660254037844384,-0.5000000000000004,142.66666666666666,1
51,2017,9,1786,9.522026875699888,424.0,1.0,7.346627358490566,-1.0,-1.8369701987210294e-16,737.0,1
51,2017,10,542,11.12090405904059,1786.0,424.0,9.522026875699888,-0.8660254037844386,0.5000000000000001,917.3333333333334,0
51,2017,11,18,2.86,542.0,1786.0,11.12090405904059,-0.5000000000000004,0.8660254037844384,782.0,0
51,2017,12,4,6.842499999999999,18.0,542.0,2.86,-2.4492935982947064e-16,1.0,188.0,0
51,2018,1,2,5.02,4.0,18.0,6.842499999999999,0.4999999999999999,0.8660254037844387,8.0,0
51,2018,2,21,10.682380952380951,2.0,4.0,5.02,0.8660254037844386,0.5000000000000001,9.0,0
51,2018,3,2,8.405000000000001,21.0,2.0,10.682380952380951,1.0,6.123233995736766e-17,8.333333333333334,0
51,2018,4,4,4.03,2.0,21.0,8.405000000000001,0.8660254037844387,-0.4999999999999998,9.0,0
51,2018,6,2,1.7799999999999998,4.0,2.0,4.03,1.2246467991473532e-16,-1.0,2.6666666666666665,1
51,2018,7,229,12.750960698689957,2.0,4.0,1.7799999999999998,-0.4999999999999998,-0.8660254037844388,78.33333333333333,1
51,2018,8,1454,18.100178817056396,229.0,2.0,12.750960698689957,-0.8660254037844384,-0.5000000000000004,561.6666666666666,1
51,2018,9,637,9.731098901098902,1454.0,229.0,18.100178817056396,-1.0,-1.8369701987210294e-16,773.3333333333334,0
51,2018,10,4,4.772500000000001,637.0,1454.0,9.731098901098902,-0.8660254037844386,0.5000000000000001,698.3333333333334,0
51,2018,12,16,3.70875,4.0,637.0,4.772500000000001,-2.4492935982947064e-16,1.0,219.0,0
51,2019,1,16,6.4375,16.0,4.0,3.70875,0.4999999999999999,0.8660254037844387,12.0,0
51,2019,4,2,4.615,16.0,16.0,6.4375,0.8660254037844387,-0.4999999999999998,11.333333333333334,0
51,2019,5,1,1.93,2.0,16.0,4.615,0.4999999999999999,-0.8660254037844387,6.333333333333333,1
51,2019,6,102,15.942549019607842,1.0,2.0,1.93,1.2246467991473532e-16,-1.0,35.0,0
51,2019,7,2,2.97,102.0,1.0,15.942549019607842,-0.4999999999999998,-0.8660254037844388,35.0,0
51,2019,8,1,0.75,2.0,102.0,2.97,-0.8660254037844384,-0.5000000000000004,35.0,1
51,2019,9,158,23.021708860759492,1.0,2.0,0.75,-1.0,-1.8369701987210294e-16,53.666666666666664,0
51,2019,10,10,5.517,158.0,1.0,23.021708860759492,-0.8660254037844386,0.5000000000000001,56.333333333333336,0
51,2019,12,4,3.7375,10.0,158.0,5.517,-2.4492935982947064e-16,1.0,57.333333333333336,0
51,2020,1,15,2.572,4.0,10.0,3.7375,0.4999999999999999,0.8660254037844387,9.666666666666666,
51,2020,2,14,5.4,15.0,4.0,2.572,0.8660254037844386,0.5000000000000001,11.0,
51,2020,3,6,4.945,14.0,15.0,5.4,1.0,6.123233995736766e-17,11.666666666666666,
51,2020,4,16,39.276875,6.0,14.0,4.945,0.8660254037844387,-0.4999999999999998,12.0,
51,2020,5,2,0.8899999999999999,16.0,6.0,39.276875,0.4999999999999999,-0.8660254037844387,8.0,
51,2020,7,120,10.9835,2.0,16.0,0.8899999999999999,-0.4999999999999998,-0.8660254037844388,46.0,
51,2020,8,1054,8.473159392789375,120.0,2.0,10.9835,-0.8660254037844384,-0.5000000000000004,392.0,
51,2020,9,22082,20.145309754551217,1054.0,120.0,8.473159392789375,-1.0,-1.8369701987210294e-16,7752.0,
51,2020,10,5166,7.168637243515293,22082.0,1054.0,20.145309754551217,-0.8660254037844386,0.5000000000000001,9434.0,
51,2020,11,95,7.5256842105263155,5166.0,22082.0,7.168637243515293,-0.5000000000000004,0.8660254037844384,9114.333333333334,
52,2015,3,65,6.303846153846154,55.0,23.0,5.201818181818182,1.0,6.123233995736766e-17,47.666666666666664,0
52,2015,4,43,7.092790697674419,65.0,55.0,6.303846153846154,0.8660254037844387,-0.4999999999999998,54.333333333333336,0
52,2015,5,18,6.365,43.0,65.0,7.092790697674419,0.4999999999999999,-0.8660254037844387,42.0,0
52,2015,6,37,4.675945945945946,18.0,43.0,6.365,1.2246467991473532e-16,-1.0,32.666666666666664,1
52,2015,7,90,6.787222222222223,37.0,18.0,4.675945945945946,-0.4999999999999998,-0.8660254037844388,48.333333333333336,1
52,2015,8,762,10.225459317585305,90.0,37.0,6.787222222222223,-0.8660254037844384,-0.5000000000000004,296.3333333333333,1
52,2015,9,288,5.074548611111111,762.0,90.0,10.225459317585305,-1.0,-1.8369701987210294e-16,380.0,1
52,2015,10,74,8.141216216216216,288.0,762.0,5.074548611111111,-0.8660254037844386,0.5000000000000001,374.6666666666667,0
52,2015,11,33,4.40060606060606,74.0,288.0,8.141216216216216,-0.5000000000000004,0.8660254037844384,131.66666666666666,0
52,2015,12,17,7.437647058823529,33.0,74.0,4.40060606060606,-2.4492935982947064e-16,1.0,41.333333333333336,0
52,2016,1,15,3.3819999999999997,17.0,33.0,7.437647058823529,0.4999999999999999,0.8660254037844387,21.666666666666668,1
52,2016,2,73,5.583561643835616,15.0,17.0,3.3819999999999997,0.8660254037844386,0.5000000000000001,35.0,0
52,2016,3,43,6.359534883720929,73.0,15.0,5.583561643835616,1.0,6.123233995736766e-17,43.666666666666664,1
52,2016,4,46,6.983478260869566,43.0,73.0,6.359534883720929,0.8660254037844387,-0.4999999999999998,54.0,1
52,2016,5,52,5.3003846153846155,46.0,43.0,6.983478260869566,0.4999999999999999,-0.8660254037844387,47.0,1
52,2016,6,162,5.210432098765432,52.0,46.0,5.3003846153846155,1.2246467991473532e-16,-1.0,86.66666666666667,1
52,2016,7,55,4.763999999999999,162.0,52.0,5.210432098765432,-0.4999999999999998,-0.8660254037844388,89.66666666666667,1
52,2016,8,1245,24.602642570281127,55.0,162.0,4.763999999999999,-0.8660254037844384,-0.5000000000000004,487.3333333333333,1
52,2016,9,163,8.465889570552148,1245.0,55.0,24.602642570281127,-1.0,-1.8369701987210294e-16,487.6666666666667,1
52,2016,10,398,12.994221105527638,163.0,1245.0,8.465889570552148,-0.8660254037844386,0.5000000000000001,602.0,1
52,2016,11,619,12.66476575121163,398.0,163.0,12.994221105527638,-0.5000000000000004,0.8660254037844384,393.3333333333333,0
52,2016,12,23,8.572173913043478,619.0,398.0,12.66476575121163,-2.4492935982947064e-16,1.0,346.6666666666667,0
52,2017,1,11,3.0572727272727276,23.0,619.0,8.572173913043478,0.4999999999999999,0.8660254037844387,217.66666666666663,0
52,2017,2,27,4.782592592592592,11.0,23.0,3.0572727272727276,0.8660254037844386,0.5000000000000001,20.333333333333332,1
52,2017,3,68,7.766470588235294,27.0,11.0,4.782592592592592,1.0,6.123233995736766e-17,35.333333333333336,0
52,2017,4,45,7.558222222222223,68.0,27.0,7.766470588235294,0.8660254037844387,-0.4999999999999998,46.666666666666664,0
52,2017,5,41,6.482195121951219,45.0,68.0,7.558222222222223,0.4999999999999999,-0.8660254037844387,51.333333333333336,1
52,2017,6,320,18.23540625,41.0,45.0,6.482195121951219,1.2246467991473532e-16,-1.0,135.33333333333334,1
52,2017,7,1164,21.848513745704462,320.0,41.0,18.23540625,-0.4999999999999998,-0.8660254037844388,508.3333333333333,1
52,2017,8,771,24.15242542153048,1164.0,320.0,21.848513745704462,-0.8660254037844384,-0.5000000000000004,751.6666666666666,1
52,2017,9,1689,9.419911190053286,771.0,1164.0,24.15242542153048,-1.0,-1.8369701987210294e-16,1208.0,1
52,2017,10,2103,10.71752258678079,1689.0,771.0,9.419911190053286,-0.8660254037844386,0.5000000000000001,1521.0,1
52,2017,11,119,14.057899159663869,2103.0,1689.0,10.71752258678079,-0.5000000000000004,0.8660254037844384,1303.6666666666667,1
52,2017,12,53,7.82566037735849,119.0,2103.0,14.057899159663869,-2.4492935982947064e-16,1.0,758.3333333333334,0
52,2018,1,45,6.536222222222222,53.0,119.0,7.82566037735849,0.4999999999999999,0.8660254037844387,72.33333333333333,1
52,2018,2,60,8.7895,45.0,53.0,6.536222222222222,0.8660254037844386,0.5000000000000001,52.666666666666664,1
52,2018,3,53,9.64509433962264,60.0,45.0,8.7895,1.0,6.123233995736766e-17,52.666666666666664,1
52,2018,4,48,9.10625,53.0,60.0,9.64509433962264,0.8660254037844387,-0.4999999999999998,53.666666666666664,1
52,2018,5,48,6.672499999999999,48.0,53.0,9.10625,0.4999999999999999,-0.8660254037844387,49.666666666666664,1
52,2018,6,48,5.351458333333333,48.0,48.0,6.672499999999999,1.2246467991473532e-16,-1.0,48.0,0
52,2018,7,38,7.622631578947369,48.0,48.0,5.351458333333333,-0.4999999999999998,-0.8660254037844388,44.666666666666664,1
52,2018,8,58,4.555172413793104,38.0,48.0,7.622631578947369,-0.8660254037844384,-0.5000000000000004,48.0,1
52,2018,9,48,4.905208333333333,58.0,38.0,4.555172413793104,-1.0,-1.8369701987210294e-16,48.0,1
52,2018,10,347,7.631873198847262,48.0,58.0,4.905208333333333,-0.8660254037844386,0.5000000000000001,151.0,1
52,2018,11,982,7.010549898167006,347.0,48.0,7.631873198847262,-0.5000000000000004,0.8660254037844384,459.0,0
52,2018,12,12,8.900833333333333,982.0,347.0,7.010549898167006,-2.4492935982947064e-16,1.0,447.0,0
52,2019,1,13,4.5515384615384615,12.0,982.0,8.900833333333333,0.4999999999999999,0.8660254037844387,335.6666666666667,0
52,2019,2,25,4.1512,13.0,12.0,4.5515384615384615,0.8660254037844386,0.5000000000000001,16.666666666666668,1
52,2019,3,69,7.609420289855072,25.0,13.0,4.1512,1.0,6.123233995736766e-17,35.666666666666664,0
52,2019,4,32,5.5121875,69.0,25.0,7.609420289855072,0.8660254037844387,-0.4999999999999998,42.0,0
52,2019,5,32,6.9859374999999995,32.0,69.0,5.5121875,0.4999999999999999,-0.8660254037844387,44.333333333333336,1
52,2019,6,183,9.042622950819672,32.0,32.0,6.9859374999999995,1.2246467991473532e-16,-1.0,82.33333333333333,1
52,2019,7,87,4.934022988505747,183.0,32.0,9.042622950819672,-0.4999999999999998,-0.8660254037844388,100.66666666666669,1
52,2019,8,274,8.867043795620438,87.0,183.0,4.934022988505747,-0.8660254037844384,-0.5000000000000004,181.33333333333337,1
52,2019,9,399,8.450426065162906,274.0,87.0,8.867043795620438,-1.0,-1.8369701987210294e-16,253.33333333333337,1
52,2019,10,102,6.559901960784313,399.0,274.0,8.450426065162906,-0.8660254037844386,0.5000000000000001,258.3333333333333,1
52,2019,11,108,8.550370370370372,102.0,399.0,6.559901960784313,-0.5000000000000004,0.8660254037844384,203.0,0
52,2019,12,29,16.05,108.0,102.0,8.550370370370372,-2.4492935982947064e-16,1.0,79.66666666666667,0
52,2020,1,41,7.408780487804877,29.0,108.0,16.05,0.4999999999999999,0.8660254037844387,59.333333333333336,
52,2020,2,39,4.425128205128205,41.0,29.0,7.408780487804877,0.8660254037844386,0.5000000000000001,36.333333333333336,
52,2020,3,84,6.3480952380952385,39.0,41.0,4.425128205128205,1.0,6.123233995736766e-17,54.666666666666664,
52,2020,4,50,5.7341999999999995,84.0,39.0,6.3480952380952385,0.8660254037844387,-0.4999999999999998,57.666666666666664,
52,2020,5,75,5.323333333333333,50.0,84.0,5.7341999999999995,0.4999999999999999,-0.8660254037844387,69.66666666666667,
52,2020,6,74,9.605675675675675,75.0,50.0,5.323333333333333,1.2246467991473532e-16,-1.0,66.33333333333333,
52,2020,7,42,6.660714285714286,74.0,75.0,9.605675675675675,-0.4999999999999998,-0.8660254037844388,63.666666666666664,
52,2020,8,3452,30.814910196987256,42.0,74.0,6.660714285714286,-0.8660254037844384,-0.5000000000000004,1189.3333333333333,
52,2020,9,13098,22.67446251336082,3452.0,42.0,30.814910196987256,-1.0,-1.8369701987210294e-16,5530.666666666667,
52,2020,10,3368,12.85666864608076,13098.0,3452.0,22.67446251336082,-0.8660254037844386,0.5000000000000001,6639.333333333333,
52,2020,11,259,7.700463320463321,3368.0,13098.0,12.85666864608076,-0.5000000000000004,0.8660254037844384,5575.0,
53,2015,4,2,1.085,9.0,1.0,6.417777777777778,0.8660254037844387,-0.4999999999999998,4.0,0
53,2015,7,9,1.9666666666666663,2.0,9.0,1.085,-0.4999999999999998,-0.8660254037844388,6.666666666666667,0
53,2015,8,30,2.7356666666666665,9.0,2.0,1.9666666666666663,-0.8660254037844384,-0.5000000000000004,13.666666666666666,1
53,2015,9,59,12.139661016949152,30.0,9.0,2.7356666666666665,-1.0,-1.8369701987210294e-16,32.666666666666664,0
53,2015,10,20,2.633,59.0,30.0,12.139661016949152,-0.8660254037844386,0.5000000000000001,36.333333333333336,1
53,2015,11,285,11.47280701754386,20.0,59.0,2.633,-0.5000000000000004,0.8660254037844384,121.33333333333331,1
53,2015,12,104,12.942692307692308,285.0,20.0,11.47280701754386,-2.4492935982947064e-16,1.0,136.33333333333334,0
53,2016,1,7,2.85,104.0,285.0,12.942692307692308,0.4999999999999999,0.8660254037844387,132.0,0
53,2016,2,5,3.2079999999999997,7.0,104.0,2.85,0.8660254037844386,0.5000000000000001,38.666666666666664,0
53,2016,3,2,3.86,5.0,7.0,3.2079999999999997,1.0,6.123233995736766e-17,4.666666666666667,0
53,2016,6,3,2.063333333333333,2.0,5.0,3.86,1.2246467991473532e-16,-1.0,3.3333333333333335,0
53,2016,7,2,5.06,3.0,2.0,2.063333333333333,-0.4999999999999998,-0.8660254037844388,2.3333333333333335,0
53,2016,8,5,19.44,2.0,3.0,5.06,-0.8660254037844384,-0.5000000000000004,3.3333333333333335,1
53,2016,9,46,47.14804347826087,5.0,2.0,19.44,-1.0,-1.8369701987210294e-16,17.666666666666668,0
53,2016,10,2,4.125,46.0,5.0,47.14804347826087,-0.8660254037844386,0.5000000000000001,17.666666666666668,1
53,2016,11,74,4.4698648648648645,2.0,46.0,4.125,-0.5000000000000004,0.8660254037844384,40.666666666666664,0
53,2016,12,30,16.891666666666666,74.0,2.0,4.4698648648648645,-2.4492935982947064e-16,1.0,35.333333333333336,0
53,2017,1,6,26.305000000000003,30.0,74.0,16.891666666666666,0.4999999999999999,0.8660254037844387,36.666666666666664,0
53,2017,2,3,7.733333333333334,6.0,30.0,26.305000000000003,0.8660254037844386,0.5000000000000001,13.0,0
53,2017,3,37,17.324594594594593,3.0,6.0,7.733333333333334,1.0,6.123233995736766e-17,15.333333333333334,0
53,2017,4,4,1.91,37.0,3.0,17.324594594594593,0.8660254037844387,-0.4999999999999998,14.666666666666666,0
53,2017,5,5,29.22,4.0,37.0,1.91,0.4999999999999999,-0.8660254037844387,15.333333333333334,0
53,2017,6,4,0.65,5.0,4.0,29.22,1.2246467991473532e-16,-1.0,4.333333333333333,0
53,2017,7,3,1.0233333333333334,4.0,5.0,0.65,-0.4999999999999998,-0.8660254037844388,4.0,1
53,2017,8,59,4.073898305084746,3.0,4.0,1.0233333333333334,-0.8660254037844384,-0.5000000000000004,22.0,1
53,2017,9,265,10.112830188679244,59.0,3.0,4.073898305084746,-1.0,-1.8369701987210294e-16,109.0,1
53,2017,10,125,3.57056,265.0,59.0,10.112830188679244,-0.8660254037844386,0.5000000000000001,149.66666666666666,1
53,2017,11,73,12.133972602739725,125.0,265.0,3.57056,-0.5000000000000004,0.8660254037844384,154.33333333333334,1
53,2018,1,103,5.190970873786408,73.0,125.0,12.133972602739725,0.4999999999999999,0.8660254037844387,100.33333333333331,0
53,2018,2,21,10.773333333333332,103.0,73.0,5.190970873786408,0.8660254037844386,0.5000000000000001,65.66666666666667,0
53,2018,3,14,3.943571428571429,21.0,103.0,10.773333333333332,1.0,6.123233995736766e-17,46.0,0
53,2018,4,2,1.525,14.0,21.0,3.943571428571429,0.8660254037844387,-0.4999999999999998,12.333333333333334,0
53,2018,5,1,18.3,2.0,14.0,1.525,0.4999999999999999,-0.8660254037844387,5.666666666666667,0
53,2018,6,21,23.47571428571429,1.0,2.0,18.3,1.2246467991473532e-16,-1.0,8.0,0
53,2018,7,9,10.52111111111111,21.0,1.0,23.47571428571429,-0.4999999999999998,-0.8660254037844388,10.333333333333334,1
53,2018,8,2553,15.964531923227574,9.0,21.0,10.52111111111111,-0.8660254037844384,-0.5000000000000004,861.0,1
53,2018,9,96,3.1927083333333335,2553.0,9.0,15.964531923227574,-1.0,-1.8369701987210294e-16,886.0,1
53,2018,10,78,8.73102564102564,96.0,2553.0,3.1927083333333335,-0.8660254037844386,0.5000000000000001,909.0,0
53,2018,11,28,14.913571428571428,78.0,96.0,8.73102564102564,-0.5000000000000004,0.8660254037844384,67.33333333333333,0
53,2018,12,9,1.9366666666666663,28.0,78.0,14.913571428571428,-2.4492935982947064e-16,1.0,38.333333333333336,0
53,2019,1,26,7.641923076923077,9.0,28.0,1.9366666666666663,0.4999999999999999,0.8660254037844387,21.0,0
53,2019,4,5,2.774,26.0,9.0,7.641923076923077,0.8660254037844387,-0.4999999999999998,13.333333333333334,0
53,2019,5,7,4.734285714285714,5.0,26.0,2.774,0.4999999999999999,-0.8660254037844387,12.666666666666666,0
53,2019,6,2,5.68,7.0,5.0,4.734285714285714,1.2246467991473532e-16,-1.0,4.666666666666667,0
53,2019,7,6,16.686666666666664,2.0,7.0,5.68,-0.4999999999999998,-0.8660254037844388,5.0,0
53,2019,8,10,1.837,6.0,2.0,16.686666666666664,-0.8660254037844384,-0.5000000000000004,6.0,1
53,2019,9,92,6.2177173913043475,10.0,6.0,1.837,-1.0,-1.8369701987210294e-16,36.0,0
53,2019,10,31,6.59741935483871,92.0,10.0,6.2177173913043475,-0.8660254037844386,0.5000000000000001,44.333333333333336,0
53,2019,11,19,5.656315789473684,31.0,92.0,6.59741935483871,-0.5000000000000004,0.8660254037844384,47.333333333333336,0
53,2019,12,34,14.418823529411766,19.0,31.0,5.656315789473684,-2.4492935982947064e-16,1.0,28.0,1
53,2020,1,232,31.075258620689656,34.0,19.0,14.418823529411766,0.4999999999999999,0.8660254037844387,95.0,
53,2020,2,26,4.370384615384615,232.0,34.0,31.075258620689656,0.8660254037844386,0.5000000000000001,97.33333333333331,
53,2020,3,28,9.732857142857144,26.0,232.0,4.370384615384615,1.0,6.123233995736766e-17,95.33333333333331,
53,2020,5,1,2.87,28.0,26.0,9.732857142857144,0.4999999999999999,-0.8660254037844387,18.333333333333332,
53,2020,7,7,6.452857142857143,1.0,28.0,2.87,-0.4999999999999998,-0.8660254037844388,12.0,
53,2020,8,256,6.0220703125,7.0,1.0,6.452857142857143,-0.8660254037844384,-0.5000000000000004,88.0,
53,2020,9,347,2.7270028818443803,256.0,7.0,6.0220703125,-1.0,-1.8369701987210294e-16,203.33333333333337,
53,2020,10,209,3.1685645933014355,347.0,256.0,2.7270028818443803,-0.8660254037844386,0.5000000000000001,270.6666666666667,
53,2020,11,23,1.2917391304347827,209.0,347.0,3.1685645933014355,-0.5000000000000004,0.8660254037844384,193.0,
54,2015,3,40,3.8675,26.0,16.0,3.9192307692307695,1.0,6.123233995736766e-17,27.333333333333332,0
54,2015,4,20,1.4775,40.0,26.0,3.8675,0.8660254037844387,-0.4999999999999998,28.666666666666668,0
54,2015,5,7,1.2157142857142855,20.0,40.0,1.4775,0.4999999999999999,-0.8660254037844387,22.333333333333332,0
54,2015,6,27,33.93592592592592,7.0,20.0,1.2157142857142855,1.2246467991473532e-16,-1.0,18.0,0
54,2015,7,17,3.383529411764706,27.0,7.0,33.93592592592592,-0.4999999999999998,-0.8660254037844388,17.0,0
54,2015,8,30,17.564,17.0,27.0,3.383529411764706,-0.8660254037844384,-0.5000000000000004,24.666666666666668,0
54,2015,9,21,0.5528571428571428,30.0,17.0,17.564,-1.0,-1.8369701987210294e-16,22.666666666666668,0
54,2015,10,31,0.5851612903225807,21.0,30.0,0.5528571428571428,-0.8660254037844386,0.5000000000000001,27.333333333333332,0
54,2015,11,28,1.9542857142857144,31.0,21.0,0.5851612903225807,-0.5000000000000004,0.8660254037844384,26.666666666666668,1
54,2015,12,46,32.62282608695652,28.0,31.0,1.9542857142857144,-2.4492935982947064e-16,1.0,35.0,0
54,2016,1,11,2.022727272727273,46.0,28.0,32.62282608695652,0.4999999999999999,0.8660254037844387,28.333333333333332,0
54,2016,2,28,1.952142857142857,11.0,46.0,2.022727272727273,0.8660254037844386,0.5000000000000001,28.333333333333332,0
54,2016,3,11,1.6481818181818182,28.0,11.0,1.952142857142857,1.0,6.123233995736766e-17,16.666666666666668,0
54,2016,4,19,3.848947368421052,11.0,28.0,1.6481818181818182,0.8660254037844387,-0.4999999999999998,19.333333333333332,0
54,2016,5,10,13.028,19.0,11.0,3.848947368421052,0.4999999999999999,-0.8660254037844387,13.333333333333334,0
54,2016,6,21,9.142857142857142,10.0,19.0,13.028,1.2246467991473532e-16,-1.0,16.666666666666668,1
54,2016,7,299,10.567023411371236,21.0,10.0,9.142857142857142,-0.4999999999999998,-0.8660254037844388,110.0,0
54,2016,8,26,0.4526923076923076,299.0,21.0,10.567023411371236,-0.8660254037844384,-0.5000000000000004,115.33333333333331,0
54,2016,9,13,0.5853846153846154,26.0,299.0,0.4526923076923076,-1.0,-1.8369701987210294e-16,112.66666666666669,0
54,2016,10,16,0.655625,13.0,26.0,0.5853846153846154,-0.8660254037844386,0.5000000000000001,18.333333333333332,0
54,2016,11,14,0.4907142857142857,16.0,13.0,0.655625,-0.5000000000000004,0.8660254037844384,14.333333333333334,0
54,2016,12,6,0.6583333333333333,14.0,16.0,0.4907142857142857,-2.4492935982947064e-16,1.0,12.0,0
54,2017,1,20,6.5585,6.0,14.0,0.6583333333333333,0.4999999999999999,0.8660254037844387,13.333333333333334,0
54,2017,2,19,7.503157894736842,20.0,6.0,6.5585,0.8660254037844386,0.5000000000000001,15.0,0
54,2017,3,28,3.226785714285714,19.0,20.0,7.503157894736842,1.0,6.123233995736766e-17,22.333333333333332,0
54,2017,4,22,4.6068181818181815,28.0,19.0,3.226785714285714,0.8660254037844387,-0.4999999999999998,23.0,0
54,2017,5,17,11.464117647058824,22.0,28.0,4.6068181818181815,0.4999999999999999,-0.8660254037844387,22.333333333333332,0
54,2017,6,18,1.5033333333333334,17.0,22.0,11.464117647058824,1.2246467991473532e-16,-1.0,19.0,0
54,2017,7,25,2.5156,18.0,17.0,1.5033333333333334,-0.4999999999999998,-0.8660254037844388,20.0,0
54,2017,8,13,0.4876923076923077,25.0,18.0,2.5156,-0.8660254037844384,-0.5000000000000004,18.666666666666668,0
54,2017,9,13,0.7023076923076922,13.0,25.0,0.4876923076923077,-1.0,-1.8369701987210294e-16,17.0,0
54,2017,10,23,5.80304347826087,13.0,13.0,0.7023076923076922,-0.8660254037844386,0.5000000000000001,16.333333333333332,0
54,2017,11,7,0.66,23.0,13.0,5.80304347826087,-0.5000000000000004,0.8660254037844384,14.333333333333334,1
54,2017,12,7646,31.008412241695005,7.0,23.0,0.66,-2.4492935982947064e-16,1.0,2558.6666666666665,0
54,2018,1,22,2.514090909090909,7646.0,7.0,31.008412241695005,0.4999999999999999,0.8660254037844387,2558.3333333333335,0
54,2018,2,23,2.8278260869565215,22.0,7646.0,2.514090909090909,0.8660254037844386,0.5000000000000001,2563.6666666666665,0
54,2018,3,9,1.0566666666666666,23.0,22.0,2.8278260869565215,1.0,6.123233995736766e-17,18.0,0
54,2018,4,26,1.705769230769231,9.0,23.0,1.0566666666666666,0.8660254037844387,-0.4999999999999998,19.333333333333332,0
54,2018,5,14,15.924285714285714,26.0,9.0,1.705769230769231,0.4999999999999999,-0.8660254037844387,16.333333333333332,0
54,2018,6,19,3.4478947368421053,14.0,26.0,15.924285714285714,1.2246467991473532e-16,-1.0,19.666666666666668,0
54,2018,7,11,1.708181818181818,19.0,14.0,3.4478947368421053,-0.4999999999999998,-0.8660254037844388,14.666666666666666,0
54,2018,8,14,0.5742857142857142,11.0,19.0,1.708181818181818,-0.8660254037844384,-0.5000000000000004,14.666666666666666,0
54,2018,9,16,5.3549999999999995,14.0,11.0,0.5742857142857142,-1.0,-1.8369701987210294e-16,13.666666666666666,0
54,2018,10,17,1.371764705882353,16.0,14.0,5.3549999999999995,-0.8660254037844386,0.5000000000000001,15.666666666666666,1
54,2018,11,766,23.561409921671014,17.0,16.0,1.371764705882353,-0.5000000000000004,0.8660254037844384,266.3333333333333,0
54,2018,12,34,4.330588235294118,766.0,17.0,23.561409921671014,-2.4492935982947064e-16,1.0,272.3333333333333,0
54,2019,1,36,4.0025,34.0,766.0,4.330588235294118,0.4999999999999999,0.8660254037844387,278.6666666666667,0
54,2019,2,9,2.9244444444444446,36.0,34.0,4.0025,0.8660254037844386,0.5000000000000001,26.333333333333332,0
54,2019,3,16,2.425,9.0,36.0,2.9244444444444446,1.0,6.123233995736766e-17,20.333333333333332,0
54,2019,4,16,1.134375,16.0,9.0,2.425,0.8660254037844387,-0.4999999999999998,13.666666666666666,0
54,2019,5,18,20.46277777777778,16.0,16.0,1.134375,0.4999999999999999,-0.8660254037844387,16.666666666666668,0
54,2019,6,8,0.4325,18.0,16.0,20.46277777777778,1.2246467991473532e-16,-1.0,14.0,0
54,2019,7,30,4.698999999999999,8.0,18.0,0.4325,-0.4999999999999998,-0.8660254037844388,18.666666666666668,0
54,2019,8,31,1.3612903225806452,30.0,8.0,4.698999999999999,-0.8660254037844384,-0.5000000000000004,23.0,0
54,2019,9,23,1.1143478260869564,31.0,30.0,1.3612903225806452,-1.0,-1.8369701987210294e-16,28.0,1
54,2019,10,47,4.567021276595745,23.0,31.0,1.1143478260869564,-0.8660254037844386,0.5000000000000001,33.666666666666664,1
54,2019,11,157,9.526433121019108,47.0,23.0,4.567021276595745,-0.5000000000000004,0.8660254037844384,75.66666666666667,0
54,2019,12,14,4.298571428571429,157.0,47.0,9.526433121019108,-2.4492935982947064e-16,1.0,72.66666666666667,0
54,2020,1,31,4.188709677419355,14.0,157.0,4.298571428571429,0.4999999999999999,0.8660254037844387,67.33333333333333,
54,2020,2,27,4.583333333333333,31.0,14.0,4.188709677419355,0.8660254037844386,0.5000000000000001,24.0,
54,2020,3,17,2.0811764705882356,27.0,31.0,4.583333333333333,1.0,6.123233995736766e-17,25.0,
54,2020,4,14,2.3792857142857144,17.0,27.0,2.0811764705882356,0.8660254037844387,-0.4999999999999998,19.333333333333332,
54,2020,5,37,5.081621621621621,14.0,17.0,2.3792857142857144,0.4999999999999999,-0.8660254037844387,22.666666666666668,
54,2020,6,36,2.318888888888889,37.0,14.0,5.081621621621621,1.2246467991473532e-16,-1.0,29.0,
54,2020,7,38,3.1276315789473688,36.0,37.0,2.318888888888889,-0.4999999999999998,-0.8660254037844388,37.0,
54,2020,8,43,3.127441860465116,38.0,36.0,3.1276315789473688,-0.8660254037844384,-0.5000000000000004,39.0,
54,2020,9,34,0.7020588235294118,43.0,38.0,3.127441860465116,-1.0,-1.8369701987210294e-16,38.333333333333336,
54,2020,10,24,1.025,34.0,43.0,0.7020588235294118,-0.8660254037844386,0.5000000000000001,33.666666666666664,
54,2020,11,43,2.701395348837209,24.0,34.0,1.025,-0.5000000000000004,0.8660254037844384,33.666666666666664,
55,2015,3,17,7.562941176470588,16.0,16.0,4.050625,1.0,6.123233995736766e-17,16.333333333333332,0
55,2015,4,1,3.97,17.0,16.0,7.562941176470588,0.8660254037844387,-0.4999999999999998,11.333333333333334,0
55,2015,5,2,3.99,1.0,17.0,3.97,0.4999999999999999,-0.8660254037844387,6.666666666666667,0
55,2015,6,4,8.5625,2.0,1.0,3.99,1.2246467991473532e-16,-1.0,2.3333333333333335,1
55,2015,7,94,20.242978723404253,4.0,2.0,8.5625,-0.4999999999999998,-0.8660254037844388,33.333333333333336,1
55,2015,8,150,28.3888,94.0,4.0,20.242978723404253,-0.8660254037844384,-0.5000000000000004,82.66666666666667,0
55,2015,9,6,5.59,150.0,94.0,28.3888,-1.0,-1.8369701987210294e-16,83.33333333333333,0
55,2015,10,23,4.008260869565217,6.0,150.0,5.59,-0.8660254037844386,0.5000000000000001,59.666666666666664,0
55,2015,11,24,3.20375,23.0,6.0,4.008260869565217,-0.5000000000000004,0.8660254037844384,17.666666666666668,0
55,2015,12,12,3.456666666666667,24.0,23.0,3.20375,-2.4492935982947064e-16,1.0,19.666666666666668,0
55,2016,1,1,0.69,12.0,24.0,3.456666666666667,0.4999999999999999,0.8660254037844387,12.333333333333334,0
55,2016,2,18,4.536111111111111,1.0,12.0,0.69,0.8660254037844386,0.5000000000000001,10.333333333333334,0
55,2016,3,11,9.47090909090909,18.0,1.0,4.536111111111111,1.0,6.123233995736766e-17,10.0,0
55,2016,4,3,6.45,11.0,18.0,9.47090909090909,0.8660254037844387,-0.4999999999999998,10.666666666666666,0
55,2016,5,4,3.9225,3.0,11.0,6.45,0.4999999999999999,-0.8660254037844387,6.0,0
55,2016,6,4,6.1850000000000005,4.0,3.0,3.9225,1.2246467991473532e-16,-1.0,3.6666666666666665,0
55,2016,7,9,5.732222222222223,4.0,4.0,6.1850000000000005,-0.4999999999999998,-0.8660254037844388,5.666666666666667,1
55,2016,8,129,5.384496124031008,9.0,4.0,5.732222222222223,-0.8660254037844384,-0.5000000000000004,47.333333333333336,0
55,2016,9,19,4.846842105263158,129.0,9.0,5.384496124031008,-1.0,-1.8369701987210294e-16,52.333333333333336,0
55,2016,10,24,5.38,19.0,129.0,4.846842105263158,-0.8660254037844386,0.5000000000000001,57.333333333333336,0
55,2016,11,16,8.880625,24.0,19.0,5.38,-0.5000000000000004,0.8660254037844384,19.666666666666668,0
55,2016,12,4,3.8575,16.0,24.0,8.880625,-2.4492935982947064e-16,1.0,14.666666666666666,0
55,2017,2,1,5.41,4.0,16.0,3.8575,0.8660254037844386,0.5000000000000001,7.0,0
55,2017,3,13,7.351538461538462,1.0,4.0,5.41,1.0,6.123233995736766e-17,6.0,0
55,2017,4,5,1.7719999999999998,13.0,1.0,7.351538461538462,0.8660254037844387,-0.4999999999999998,6.333333333333333,0
55,2017,5,13,5.274615384615386,5.0,13.0,1.7719999999999998,0.4999999999999999,-0.8660254037844387,10.333333333333334,0
55,2017,6,13,7.851538461538461,13.0,5.0,5.274615384615386,1.2246467991473532e-16,-1.0,10.333333333333334,1
55,2017,7,51,6.354509803921569,13.0,13.0,7.851538461538461,-0.4999999999999998,-0.8660254037844388,25.666666666666668,0
55,2017,8,38,6.959736842105264,51.0,13.0,6.354509803921569,-0.8660254037844384,-0.5000000000000004,34.0,0
55,2017,9,20,7.135,38.0,51.0,6.959736842105264,-1.0,-1.8369701987210294e-16,36.333333333333336,0
55,2017,10,30,7.518,20.0,38.0,7.135,-0.8660254037844386,0.5000000000000001,29.333333333333332,0
55,2017,11,26,4.869230769230769,30.0,20.0,7.518,-0.5000000000000004,0.8660254037844384,25.333333333333332,0
55,2017,12,10,2.622,26.0,30.0,4.869230769230769,-2.4492935982947064e-16,1.0,22.0,0
55,2018,1,9,6.045555555555556,10.0,26.0,2.622,0.4999999999999999,0.8660254037844387,15.0,0
55,2018,2,30,3.292333333333333,9.0,10.0,6.045555555555556,0.8660254037844386,0.5000000000000001,16.333333333333332,0
55,2018,3,13,3.835384615384615,30.0,9.0,3.292333333333333,1.0,6.123233995736766e-17,17.333333333333332,0
55,2018,4,15,3.8513333333333337,13.0,30.0,3.835384615384615,0.8660254037844387,-0.4999999999999998,19.333333333333332,0
55,2018,5,4,2.9025,15.0,13.0,3.8513333333333337,0.4999999999999999,-0.8660254037844387,10.666666666666666,0
55,2018,6,7,6.942857142857143,4.0,15.0,2.9025,1.2246467991473532e-16,-1.0,8.666666666666666,1
55,2018,7,1446,19.40765560165975,7.0,4.0,6.942857142857143,-0.4999999999999998,-0.8660254037844388,485.6666666666667,0
55,2018,8,6,5.1883333333333335,1446.0,7.0,19.40765560165975,-0.8660254037844384,-0.5000000000000004,486.3333333333333,0
55,2018,9,37,9.662432432432432,6.0,1446.0,5.1883333333333335,-1.0,-1.8369701987210294e-16,496.3333333333333,0
55,2018,10,42,8.427380952380952,37.0,6.0,9.662432432432432,-0.8660254037844386,0.5000000000000001,28.333333333333332,0
55,2018,11,8,10.6225,42.0,37.0,8.427380952380952,-0.5000000000000004,0.8660254037844384,29.0,0
55,2018,12,14,4.481428571428571,8.0,42.0,10.6225,-2.4492935982947064e-16,1.0,21.333333333333332,0
55,2019,1,5,4.686,14.0,8.0,4.481428571428571,0.4999999999999999,0.8660254037844387,9.0,0
55,2019,2,8,4.78375,5.0,14.0,4.686,0.8660254037844386,0.5000000000000001,9.0,0
55,2019,3,6,3.581666666666667,8.0,5.0,4.78375,1.0,6.123233995736766e-17,6.333333333333333,0
55,2019,4,31,6.674838709677419,6.0,8.0,3.581666666666667,0.8660254037844387,-0.4999999999999998,15.0,0
55,2019,5,13,3.5615384615384613,31.0,6.0,6.674838709677419,0.4999999999999999,-0.8660254037844387,16.666666666666668,0
55,2019,6,40,7.29825,13.0,31.0,3.5615384615384613,1.2246467991473532e-16,-1.0,28.0,0
55,2019,7,16,7.235,40.0,13.0,7.29825,-0.4999999999999998,-0.8660254037844388,23.0,0
55,2019,8,5,3.656,16.0,40.0,7.235,-0.8660254037844384,-0.5000000000000004,20.333333333333332,0
55,2019,9,12,6.232499999999999,5.0,16.0,3.656,-1.0,-1.8369701987210294e-16,11.0,0
55,2019,10,19,5.091578947368421,12.0,5.0,6.232499999999999,-0.8660254037844386,0.5000000000000001,12.0,1
55,2019,11,57,10.151754385964912,19.0,12.0,5.091578947368421,-0.5000000000000004,0.8660254037844384,29.333333333333332,0
55,2019,12,2,2.77,57.0,19.0,10.151754385964912,-2.4492935982947064e-16,1.0,26.0,0
55,2020,1,14,4.345714285714286,2.0,57.0,2.77,0.4999999999999999,0.8660254037844387,24.333333333333332,
55,2020,2,71,4.942112676056338,14.0,2.0,4.345714285714286,0.8660254037844386,0.5000000000000001,29.0,
55,2020,3,37,3.5256756756756755,71.0,14.0,4.942112676056338,1.0,6.123233995736766e-17,40.666666666666664,
55,2020,4,24,4.6554166666666665,37.0,71.0,3.5256756756756755,0.8660254037844387,-0.4999999999999998,44.0,
55,2020,5,6,5.838333333333334,24.0,37.0,4.6554166666666665,0.4999999999999999,-0.8660254037844387,22.333333333333332,
55,2020,6,10,10.02,6.0,24.0,5.838333333333334,1.2246467991473532e-16,-1.0,13.333333333333334,
55,2020,7,33,8.341212121212122,10.0,6.0,10.02,-0.4999999999999998,-0.8660254037844388,16.333333333333332,
55,2020,8,1683,17.705531788472964,33.0,10.0,8.341212121212122,-0.8660254037844384,-0.5000000000000004,575.3333333333334,
55,2020,10,15,17.86,1683.0,33.0,17.705531788472964,-0.8660254037844386,0.5000000000000001,577.0,
55,2020,11,85,6.341176470588235,15.0,1683.0,17.86,-0.5000000000000004,0.8660254037844384,594.3333333333334,
56,2015,3,18,4.827222222222222,4.0,6.0,4.2524999999999995,1.0,6.123233995736766e-17,9.333333333333334,0
56,2015,4,5,6.35,18.0,4.0,4.827222222222222,0.8660254037844387,-0.4999999999999998,9.0,0
56,2015,5,4,5.3075,5.0,18.0,6.35,0.4999999999999999,-0.8660254037844387,9.0,0
56,2015,6,15,35.768,4.0,5.0,5.3075,1.2246467991473532e-16,-1.0,8.0,0
56,2015,7,6,1.6333333333333335,15.0,4.0,35.768,-0.4999999999999998,-0.8660254037844388,8.333333333333334,0
56,2015,8,13,27.553846153846152,6.0,15.0,1.6333333333333335,-0.8660254037844384,-0.5000000000000004,11.333333333333334,0
56,2015,9,24,5.887083333333333,13.0,6.0,27.553846153846152,-1.0,-1.8369701987210294e-16,14.333333333333334,0
56,2015,10,34,9.221764705882354,24.0,13.0,5.887083333333333,-0.8660254037844386,0.5000000000000001,23.666666666666668,0
56,2015,11,23,9.503913043478262,34.0,24.0,9.221764705882354,-0.5000000000000004,0.8660254037844384,27.0,0
56,2015,12,3,2.6233333333333335,23.0,34.0,9.503913043478262,-2.4492935982947064e-16,1.0,20.0,0
56,2016,1,7,1.7714285714285716,3.0,23.0,2.6233333333333335,0.4999999999999999,0.8660254037844387,11.0,0
56,2016,2,1,2.32,7.0,3.0,1.7714285714285716,0.8660254037844386,0.5000000000000001,3.6666666666666665,0
56,2016,3,8,6.1775,1.0,7.0,2.32,1.0,6.123233995736766e-17,5.333333333333333,0
56,2016,4,9,8.405555555555557,8.0,1.0,6.1775,0.8660254037844387,-0.4999999999999998,6.0,0
56,2016,5,15,6.227333333333333,9.0,8.0,8.405555555555557,0.4999999999999999,-0.8660254037844387,10.666666666666666,0
56,2016,6,2,3.21,15.0,9.0,6.227333333333333,1.2246467991473532e-16,-1.0,8.666666666666666,0
56,2016,7,4,8.035,2.0,15.0,3.21,-0.4999999999999998,-0.8660254037844388,7.0,0
56,2016,8,8,4.29,4.0,2.0,8.035,-0.8660254037844384,-0.5000000000000004,4.666666666666667,0
56,2016,9,32,10.6421875,8.0,4.0,4.29,-1.0,-1.8369701987210294e-16,14.666666666666666,0
56,2016,10,30,7.932333333333333,32.0,8.0,10.6421875,-0.8660254037844386,0.5000000000000001,23.333333333333332,0
56,2016,11,26,5.1911538461538465,30.0,32.0,7.932333333333333,-0.5000000000000004,0.8660254037844384,29.333333333333332,0
56,2016,12,1,5.26,26.0,30.0,5.1911538461538465,-2.4492935982947064e-16,1.0,19.0,0
56,2017,2,1,2.15,1.0,26.0,5.26,0.8660254037844386,0.5000000000000001,9.333333333333334,0
56,2017,3,5,2.854,1.0,1.0,2.15,1.0,6.123233995736766e-17,2.3333333333333335,0
56,2017,4,1,1.58,5.0,1.0,2.854,0.8660254037844387,-0.4999999999999998,2.3333333333333335,0
56,2017,5,12,8.714166666666666,1.0,5.0,1.58,0.4999999999999999,-0.8660254037844387,6.0,0
56,2017,6,4,2.705,12.0,1.0,8.714166666666666,1.2246467991473532e-16,-1.0,5.666666666666667,0
56,2017,7,16,4.45,4.0,12.0,2.705,-0.4999999999999998,-0.8660254037844388,10.666666666666666,0
56,2017,8,21,11.567619047619049,16.0,4.0,4.45,-0.8660254037844384,-0.5000000000000004,13.666666666666666,0
56,2017,9,21,7.2004761904761905,21.0,16.0,11.567619047619049,-1.0,-1.8369701987210294e-16,19.333333333333332,1
56,2017,10,364,14.370384615384614,21.0,21.0,7.2004761904761905,-0.8660254037844386,0.5000000000000001,135.33333333333334,0
56,2017,11,19,5.688421052631579,364.0,21.0,14.370384615384614,-0.5000000000000004,0.8660254037844384,134.66666666666666,0
56,2017,12,7,5.724285714285714,19.0,364.0,5.688421052631579,-2.4492935982947064e-16,1.0,130.0,0
56,2018,1,5,3.276,7.0,19.0,5.724285714285714,0.4999999999999999,0.8660254037844387,10.333333333333334,0
56,2018,2,8,2.10875,5.0,7.0,3.276,0.8660254037844386,0.5000000000000001,6.666666666666667,0
56,2018,3,6,3.078333333333333,8.0,5.0,2.10875,1.0,6.123233995736766e-17,6.333333333333333,0
56,2018,4,33,7.0148484848484856,6.0,8.0,3.078333333333333,0.8660254037844387,-0.4999999999999998,15.666666666666666,0
56,2018,5,4,3.25,33.0,6.0,7.0148484848484856,0.4999999999999999,-0.8660254037844387,14.333333333333334,0
56,2018,6,13,4.280769230769231,4.0,33.0,3.25,1.2246467991473532e-16,-1.0,16.666666666666668,0
56,2018,7,6,4.873333333333334,13.0,4.0,4.280769230769231,-0.4999999999999998,-0.8660254037844388,7.666666666666667,0
56,2018,8,12,7.206666666666666,6.0,13.0,4.873333333333334,-0.8660254037844384,-0.5000000000000004,10.333333333333334,1
56,2018,9,51,11.300196078431371,12.0,6.0,7.206666666666666,-1.0,-1.8369701987210294e-16,23.0,1
56,2018,10,50,6.4914,51.0,12.0,11.300196078431371,-0.8660254037844386,0.5000000000000001,37.666666666666664,0
56,2018,11,8,4.9775,50.0,51.0,6.4914,-0.5000000000000004,0.8660254037844384,36.333333333333336,0
56,2018,12,10,4.215999999999999,8.0,50.0,4.9775,-2.4492935982947064e-16,1.0,22.666666666666668,0
56,2019,1,2,1.525,10.0,8.0,4.215999999999999,0.4999999999999999,0.8660254037844387,6.666666666666667,0
56,2019,2,1,4.68,2.0,10.0,1.525,0.8660254037844386,0.5000000000000001,4.333333333333333,0
56,2019,3,21,6.292380952380953,1.0,2.0,4.68,1.0,6.123233995736766e-17,8.0,1
56,2019,4,46,4.092391304347826,21.0,1.0,6.292380952380953,0.8660254037844387,-0.4999999999999998,22.666666666666668,0
56,2019,5,12,4.161666666666666,46.0,21.0,4.092391304347826,0.4999999999999999,-0.8660254037844387,26.333333333333332,0
56,2019,6,10,20.05,12.0,46.0,4.161666666666666,1.2246467991473532e-16,-1.0,22.666666666666668,0
56,2019,7,1,2.53,10.0,12.0,20.05,-0.4999999999999998,-0.8660254037844388,7.666666666666667,0
56,2019,8,16,8.065625,1.0,10.0,2.53,-0.8660254037844384,-0.5000000000000004,9.0,0
56,2019,9,18,6.318333333333333,16.0,1.0,8.065625,-1.0,-1.8369701987210294e-16,11.666666666666666,0
56,2019,10,41,5.078048780487805,18.0,16.0,6.318333333333333,-0.8660254037844386,0.5000000000000001,25.0,0
56,2019,11,30,6.957666666666666,41.0,18.0,5.078048780487805,-0.5000000000000004,0.8660254037844384,29.666666666666668,0
56,2019,12,13,4.883846153846154,30.0,41.0,6.957666666666666,-2.4492935982947064e-16,1.0,28.0,0
56,2020,1,3,4.57,13.0,30.0,4.883846153846154,0.4999999999999999,0.8660254037844387,15.333333333333334,
56,2020,2,35,5.376571428571428,3.0,13.0,4.57,0.8660254037844386,0.5000000000000001,17.0,
56,2020,3,49,6.307346938775511,35.0,3.0,5.376571428571428,1.0,6.123233995736766e-17,29.0,
56,2020,4,34,6.882941176470588,49.0,35.0,6.307346938775511,0.8660254037844387,-0.4999999999999998,39.333333333333336,
56,2020,5,28,9.55642857142857,34.0,49.0,6.882941176470588,0.4999999999999999,-0.8660254037844387,37.0,
56,2020,6,15,8.426,28.0,34.0,9.55642857142857,1.2246467991473532e-16,-1.0,25.666666666666668,
56,2020,7,12,5.645833333333333,15.0,28.0,8.426,-0.4999999999999998,-0.8660254037844388,18.333333333333332,
56,2020,8,5,4.192,12.0,15.0,5.645833333333333,-0.8660254037844384,-0.5000000000000004,10.666666666666666,
56,2020,9,56,11.696071428571427,5.0,12.0,4.192,-1.0,-1.8369701987210294e-16,24.333333333333332,
56,2020,10,44,9.207045454545456,56.0,5.0,11.696071428571427,-0.8660254037844386,0.5000000000000001,35.0,
56,2020,11,52,9.647884615384616,44.0,56.0,9.207045454545456,-0.5000000000000004,0.8660254037844384,50.666666666666664,
